time,joint0_force,joint1_force,joint2_force,joint3_force
0,-230.9779052734375,-1260.1953125,332.7615966796875,14.633430480957031
0,-230.9779052734375,-1260.1953125,332.7615966796875,14.633430480957031
1,-213.181884765625,-1291.590087890625,321.3187255859375,13.513008117675781
2,-209.0289306640625,-1315.5274658203125,315.586669921875,13.016910552978516
3,-202.12158203125,-1296.7314453125,310.2330322265625,12.79681396484375
4,-227.02301025390625,-1278.089111328125,343.7099609375,14.56478500366211
5,-216.14251708984375,-1301.2064208984375,329.8453369140625,13.727470397949219
6,-228.51348876953125,-1303.8074951171875,346.111572265625,14.8302001953125
7,-176.35693359375,-1326.5457763671875,282.06201171875,10.433330535888672
8,-229.01605224609375,-1286.6246337890625,351.0799560546875,15.074554443359375
9,-210.25164794921875,-1331.2113037109375,325.835205078125,13.373722076416016
10,-210.075927734375,-1290.16162109375,330.619873046875,13.338336944580078
11,-167.15179443359375,-1312.375244140625,277.7274169921875,10.165889739990234
12,-223.30511474609375,-1315.3968505859375,347.353515625,15.043243408203125
13,-196.55084228515625,-1316.7745361328125,316.2113037109375,12.163284301757812
14,-225.11993408203125,-1318.78662109375,352.211181640625,15.162899017333984
15,-191.16119384765625,-1319.6876220703125,312.242919921875,11.917316436767578
16,-189.9765625,-1321.24365234375,312.0751953125,11.997173309326172
17,-221.642578125,-1323.134765625,352.0181884765625,14.758277893066406
18,-180.8077392578125,-1323.6455078125,303.5552978515625,11.326297760009766
19,-218.11871337890625,-1325.5787353515625,350.4127197265625,14.561450958251953
20,-179.07421875,-1303.91162109375,305.848388671875,11.521484375
21,-182.5452880859375,-1348.90283203125,307.8978271484375,11.860157012939453
22,-191.30816650390625,-1328.537109375,321.7908935546875,12.221977233886719
23,-176.7469482421875,-1306.5106201171875,307.0677490234375,11.464725494384766
24,-167.0411376953125,-1351.4720458984375,293.041259765625,10.80255126953125
25,-183.563232421875,-1330.5419921875,316.3165283203125,12.346023559570312
26,-151.155517578125,-1330.485107421875,278.2130126953125,9.139274597167969
27,-205.1219482421875,-1331.8221435546875,345.513916015625,14.131061553955078
28,-148.07421875,-1353.8280029296875,275.45703125,9.107559204101562
29,-201.7830810546875,-1310.0645751953125,345.959716796875,13.952434539794922
30,-169.21868896484375,-1331.9097900390625,305.9156494140625,10.890312194824219
31,-141.5245361328125,-1331.988037109375,273.3465576171875,8.785266876220703
32,-206.3570556640625,-1332.79052734375,354.1568603515625,14.397720336914062
33,-150.0189208984375,-1309.2088623046875,288.32958984375,9.414176940917969
34,-166.19384765625,-1331.62109375,307.8516845703125,11.088611602783203
35,-178.78009033203125,-1354.75341796875,323.0125732421875,12.190567016601562
36,-176.02178955078125,-1308.6815185546875,324.4752197265625,11.752735137939453
37,-111.38031005859375,-1306.7989501953125,246.6319580078125,6.526924133300781
38,-183.28387451171875,-1375.9117431640625,331.203369140625,13.118537902832031
39,-147.7320556640625,-1329.7225341796875,292.434326171875,9.518692016601562
40,-180.76751708984375,-1305.687255859375,336.0772705078125,12.489105224609375
41,-150.11090087890625,-1327.1182861328125,298.297607421875,9.970039367675781
42,-137.38763427734375,-1326.28515625,284.1217041015625,8.915382385253906
43,-143.53717041015625,-1348.2547607421875,291.49365234375,9.673053741455078
44,-134.60772705078125,-1324.064208984375,283.552001953125,9.061431884765625
45,-140.67755126953125,-1299.1309814453125,294.1251220703125,9.511474609375
46,-148.4505615234375,-1297.3428955078125,305.14501953125,10.324993133544922
47,-151.91668701171875,-1342.5484619140625,307.8494873046875,10.1845703125
48,-104.68231201171875,-1294.0283203125,254.27099609375,6.584918975830078
49,-131.6778564453125,-1315.2518310546875,287.3126220703125,9.375469207763672
50,-133.95233154296875,-1337.17919921875,290.1669921875,9.051368713378906
51,-140.8646240234375,-1335.6669921875,300.180908203125,9.514659881591797
52,-121.6014404296875,-1285.9249267578125,280.951904296875,8.30810546875
53,-162.7467041015625,-1283.5462646484375,333.1982421875,11.489971160888672
54,-115.680419921875,-1327.8245849609375,273.7314453125,7.540718078613281
55,-158.771728515625,-1278.938232421875,331.164306640625,11.611522674560547
56,-99.70623779296875,-1322.6802978515625,257.07177734375,6.181587219238281
57,-115.3023681640625,-1272.8323974609375,280.5625,8.200592041015625
58,-138.45208740234375,-1293.583984375,309.2352294921875,9.753494262695312
59,-127.2579345703125,-1290.719482421875,296.9049072265625,8.913105010986328
60,-95.5994873046875,-1311.1578369140625,257.8994140625,6.360530853271484
61,-115.4295654296875,-1236.3970947265625,288.1116943359375,8.336185455322266
62,-120.74359130859375,-1304.2607421875,291.9368896484375,8.571170806884766
63,-118.66607666015625,-1277.563720703125,292.2855224609375,8.313282012939453
64,-96.43804931640625,-1249.3568115234375,267.7794189453125,6.522392272949219
65,-114.85125732421875,-1269.5623779296875,290.5889892578125,8.099796295166016
66,-110.14111328125,-1265.899169921875,286.1998291015625,7.934051513671875
67,-88.53717041015625,-1286.0789794921875,259.659912109375,5.97930908203125
68,-137.51898193359375,-1233.9388427734375,324.32568359375,10.378032684326172
69,-88.461181640625,-1228.748779296875,265.3502197265625,5.8988189697265625
70,-97.60443115234375,-1273.2421875,275.283203125,7.056179046630859
71,-117.3551025390625,-1269.5849609375,301.144775390625,8.689620971679688
72,-67.4476318359375,-1215.5970458984375,243.7054443359375,4.36004638671875
73,-86.7576904296875,-1259.488037109375,266.2603759765625,6.453113555908203
74,-131.4847412109375,-1206.4691162109375,325.681884765625,10.08614730834961
75,-70.0394287109375,-1225.06005859375,250.0206298828125,4.444496154785156
76,-122.2125244140625,-1220.599365234375,315.782958984375,9.56976318359375
77,-87.39697265625,-1190.6263427734375,275.657958984375,5.972469329833984
78,-81.2261962890625,-1234.317626953125,266.74658203125,6.0681304931640625
79,-115.24609375,-1180.247314453125,312.859130859375,8.758369445800781
80,-69.98876953125,-1198.7078857421875,257.1629638671875,4.536388397216797
81,-91.5074462890625,-1193.373046875,284.992919921875,7.195686340332031
82,-81.377197265625,-1187.547607421875,273.9578857421875,6.061607360839844
83,-82.7607421875,-1156.7965087890625,278.3228759765625,6.219047546386719
84,-73.822021484375,-1200.457275390625,266.2576904296875,5.2654876708984375
85,-72.804931640625,-1169.8626708984375,267.48193359375,5.6905975341796875
86,-106.08868408203125,-1138.541015625,311.4036865234375,8.192394256591797
87,-50.09210205078125,-1181.8701171875,241.03173828125,3.506786346435547
88,-75.2535400390625,-1125.904541015625,275.910400390625,5.793128967285156
89,-46.72900390625,-1169.0279541015625,239.5675048828125,3.4897613525390625
90,-100.27557373046875,-1112.8753662109375,309.5628662109375,8.188796997070312
91,-60.00274658203125,-1130.54541015625,260.0147705078125,4.262615203857422
92,-44.1864013671875,-1124.0294189453125,241.7352294921875,2.9684791564941406
93,-94.93206787109375,-1091.94140625,306.94964599609375,7.9163665771484375
94,-104.32427978515625,-1135.3936767578125,317.767578125,8.286544799804688
95,-59.17999267578125,-1103.3740234375,264.2967529296875,4.243522644042969
96,-60.45916748046875,-1095.92919921875,267.0679931640625,4.883213043212891
97,-51.25714111328125,-1062.971923828125,258.0325927734375,4.272579193115234
98,-76.61126708984375,-1081.0081787109375,289.7607421875,6.064544677734375
99,-75.582763671875,-1073.8079833984375,289.7974853515625,5.833309173583984
100,-42.5498046875,-1040.47802734375,251.033203125,3.5923118591308594
101,-77.175048828125,-1083.88525390625,293.13330078125,6.445644378662109
102,-59.24774169921875,-1051.208740234375,273.3076171875,4.457225799560547
103,-37.1011962890625,-1042.882080078125,246.8902587890625,3.322589874267578
104,-53.48394775390625,-1035.1861572265625,268.4879150390625,4.544536590576172
105,-62.81182861328125,-1001.4526977539062,282.38037109375,5.0975799560546875
106,-28.36358642578125,-1044.51953125,238.7288818359375,2.39996337890625
107,-51.85394287109375,-985.540283203125,271.0694580078125,4.473899841308594
108,-99.8419189453125,-976.9086303710938,331.95599365234375,8.127204895019531
109,-31.5072021484375,-1020.1726684570312,246.254638671875,2.461139678955078
110,-50.77728271484375,-986.6124877929688,272.22705078125,4.418548583984375
111,-62.97991943359375,-952.1188354492188,289.4866943359375,5.547576904296875
112,8.659423828125,-994.8079223632812,199.75390625,-0.6277847290039062
113,-59.00189208984375,-961.3557739257812,285.71923828125,5.601993560791016
114,-60.579833984375,-926.5107421875,289.9267578125,5.0516815185546875
115,-60.2579345703125,-943.5256958007812,289.7001953125,5.006816864013672
116,-59.44512939453125,-909.1834716796875,290.68145751953125,4.961097717285156
117,-25.90142822265625,-952.1052856445312,248.181640625,2.3634986877441406
118,-49.06781005859375,-918.084716796875,278.88677978515625,4.437183380126953
119,-32.8548583984375,-882.6066284179688,260.672119140625,3.1529541015625
120,-29.1275634765625,-925.7615966796875,255.2503662109375,3.011493682861328
121,-35.85662841796875,-865.2055053710938,266.482177734375,3.1731300354003906
122,-53.062744140625,-881.8131713867188,287.9471435546875,4.916065216064453
123,-38.96405029296875,-873.1428833007812,271.45269775390625,3.5274810791015625
124,-3.2607421875,-864.0023803710938,227.9393310546875,0.8834571838378906
125,-31.5230712890625,-881.4911499023438,263.2056884765625,3.2496337890625
126,-17.7784423828125,-793.5942993164062,249.614990234375,1.88592529296875
127,-48.48455810546875,-836.2953491210938,287.06298828125,4.649097442626953
128,-28.2135009765625,-854.1427001953125,261.9881591796875,2.7642784118652344
129,-8.7122802734375,-818.9049072265625,239.4163818359375,1.2173423767089844
130,-38.8665771484375,-783.091064453125,278.56689453125,3.9854660034179688
131,-19.4268798828125,-799.9585571289062,254.520751953125,2.1984710693359375
132,-32.5538330078125,-791.0109252929688,271.68017578125,3.434497833251953
133,-49.637939453125,-781.9749755859375,293.85986328125,4.610626220703125
134,-18.9495849609375,-772.6151733398438,256.58087158203125,1.7901649475097656
135,-46.755126953125,-736.9046020507812,292.57830810546875,4.813438415527344
136,-26.22247314453125,-753.812744140625,267.2109375,2.6751136779785156
137,-16.57183837890625,-771.4132080078125,255.2760009765625,1.8067436218261719
138,-21.16827392578125,-736.0311889648438,262.33740234375,2.8151702880859375
139,-21.42266845703125,-699.830810546875,264.3131103515625,2.2292327880859375
140,-31.84466552734375,-690.1209716796875,277.9300537109375,3.5582847595214844
141,-35.6593017578125,-707.6240844726562,282.82635498046875,3.4773216247558594
142,-19.49908447265625,-725.28662109375,262.68487548828125,2.351318359375
143,-23.65771484375,-689.8510131835938,269.23870849609375,2.7750320434570312
144,10.5736083984375,-653.4191284179688,228.0372314453125,-0.223419189453125
145,-37.3458251953125,-670.6786499023438,287.5938720703125,4.3370361328125
146,-18.32806396484375,-661.8604125976562,264.78076171875,2.0015296936035156
147,-48.4295654296875,-652.71435546875,302.87200927734375,4.766895294189453
148,-21.421630859375,-670.3794555664062,269.264892578125,2.4574661254882812
149,-9.12615966796875,-581.135009765625,256.472412109375,1.4533309936523438
150,-32.8856201171875,-624.560791015625,285.391845703125,3.7140960693359375
151,-2.06341552734375,-643.0525512695312,247.05029296875,0.889251708984375
152,-30.53643798828125,-607.5222778320312,283.63543701171875,3.6136398315429688
153,-18.2490234375,-571.270263671875,269.603759765625,2.2858200073242188
154,21.1343994140625,-588.7444458007812,220.51123046875,-0.9410781860351562
155,-23.3818359375,-580.1635131835938,276.417236328125,3.204906463623047
156,-12.2811279296875,-571.2670288085938,263.23876953125,1.9089088439941406
157,-16.9384765625,-562.4302978515625,269.591796875,2.2648048400878906
158,-21.77020263671875,-553.5777587890625,276.08758544921875,2.8733291625976562
159,-0.95220947265625,-544.7125244140625,250.7506103515625,0.8163604736328125
160,-7.09393310546875,-482.0914001464844,259.9093017578125,1.6301612854003906
161,-33.84228515625,-553.6231079101562,292.17376708984375,3.7298622131347656
162,-21.14276123046875,-572.9863891601562,276.32318115234375,2.5551605224609375
163,30.0184326171875,-456.64373779296875,215.0042724609375,-1.3096160888671875
164,-32.45648193359375,-500.7912902832031,292.34326171875,3.8151283264160156
165,1.38775634765625,-492.89044189453125,250.6171875,0.9201736450195312
166,-20.10491943359375,-484.5072021484375,277.88525390625,2.5583419799804688
167,3.53594970703125,-503.0986022949219,248.2908935546875,0.8342323303222656
168,-16.97607421875,-413.91497802734375,275.76849365234375,2.370342254638672
169,1.21893310546875,-431.6385498046875,253.0609130859375,0.7162628173828125
170,-20.77691650390625,-477.9269104003906,279.82525634765625,2.938091278076172
171,-41.12677001953125,-443.41705322265625,306.145263671875,4.226295471191406
172,-21.35614013671875,-462.0142517089844,281.3748779296875,2.775562286376953
173,29.23272705078125,-400.0401306152344,219.5771484375,-1.4836578369140625
174,-7.69366455078125,-391.3995361328125,265.896484375,1.8836593627929688
175,-33.8548583984375,-464.8987731933594,297.62158203125,3.818286895751953
176,13.88018798828125,-376.6700744628906,239.7257080078125,-0.18817138671875
177,-0.5225830078125,-367.8110046386719,257.934814453125,1.3343429565429688
178,-21.880859375,-414.42999267578125,284.06768798828125,3.0556259155273438
179,4.46685791015625,-380.31829833984375,252.01654052734375,0.530364990234375
180,-33.279052734375,-372.46173095703125,299.34295654296875,3.8439369201660156
181,7.863037109375,-337.70941162109375,248.76995849609375,0.2627677917480469
182,-20.645751953125,-357.1440734863281,284.1199951171875,2.9887351989746094
183,-2.23272705078125,-322.9519958496094,261.93048095703125,1.0118560791015625
184,-8.5030517578125,-342.5212097167969,269.56195068359375,1.8279190063476562
185,-13.410888671875,-362.9071960449219,275.51165771484375,2.4434738159179688
186,-0.73162841796875,-328.9370422363281,260.43524169921875,0.9452362060546875
187,8.65582275390625,-294.3121337890625,249.2823486328125,0.355194091796875
188,-10.81024169921875,-341.4720153808594,272.989501953125,2.351238250732422
189,-20.2886962890625,-280.82525634765625,285.87164306640625,2.6092453002929688
190,25.00384521484375,-327.7709655761719,228.84417724609375,-0.8486709594726562
191,31.460205078125,-267.2475891113281,221.6224365234375,-1.1991920471191406
192,-11.15185546875,-314.44122314453125,274.36834716796875,2.1692352294921875
193,-16.80267333984375,-226.8799285888672,282.5799560546875,2.659282684326172
194,-0.67962646484375,-301.1173095703125,261.824951171875,0.8965377807617188
195,-15.82452392578125,-268.586181640625,281.083740234375,2.6186256408691406
196,15.7396240234375,-261.9100036621094,241.95611572265625,-0.21689987182617188
197,-42.1842041015625,-228.5052947998047,314.7171630859375,4.475315093994141
198,4.042236328125,-276.5726013183594,256.59649658203125,0.7542304992675781
199,1.0809326171875,-244.0043487548828,260.7027587890625,1.1525459289550781
200,-7.280517578125,-237.67276000976562,271.332763671875,1.7054786682128906
201,22.28411865234375,-231.80670166015625,234.581787109375,-0.6627273559570312
202,-14.73870849609375,-198.806884765625,281.1290283203125,2.6365432739257812
203,-1.0765380859375,-220.0570068359375,264.0345458984375,1.1992683410644531
204,-15.7332763671875,-214.9075927734375,282.494873046875,2.249736785888672
205,-14.2554931640625,-209.38597106933594,280.76055908203125,2.209228515625
206,-17.224365234375,-204.02993774414062,284.54705810546875,2.6148109436035156
207,14.88189697265625,-226.03834533691406,244.3212890625,0.09173965454101562
208,3.29998779296875,-139.26004028320312,259.72900390625,0.7344551086425781
209,-2.6688232421875,-215.01385498046875,266.415771484375,1.7105255126953125
210,7.45611572265625,-183.74903869628906,254.26605224609375,0.3677520751953125
211,-12.22760009765625,-178.55177307128906,278.826416015625,2.3782730102539062
212,8.614501953125,-201.0063018798828,252.79656982421875,0.24924468994140625
213,-3.75054931640625,-114.64139556884766,268.86865234375,1.8160781860351562
214,-16.7119140625,-190.9712371826172,284.5985107421875,2.3307647705078125
215,13.892333984375,-132.79592895507812,246.8428955078125,0.18310546875
216,-10.330322265625,-154.9972686767578,276.9837646484375,1.9862594604492188
217,-7.24578857421875,-151.05630493164062,273.232177734375,1.6579627990722656
218,11.32598876953125,-174.1019287109375,249.84674072265625,0.4075927734375
219,20.17694091796875,-143.01670837402344,239.11114501953125,-0.4119720458984375
220,-13.70172119140625,-111.26431274414062,281.61529541015625,2.562793731689453
221,-19.40191650390625,-134.29156494140625,288.7413330078125,2.4750289916992188
222,-16.410888671875,-130.79774475097656,284.98193359375,2.557018280029297
223,21.09033203125,-154.41159057617188,238.0699462890625,-0.6029205322265625
224,21.36114501953125,-96.37432098388672,238.1339111328125,-0.4518775939941406
225,-17.2261962890625,-92.13462829589844,286.31781005859375,2.815143585205078
226,-5.42645263671875,-170.75564575195312,271.1663818359375,1.5091400146484375
227,-18.13037109375,-59.03155517578125,287.84674072265625,2.433094024658203
228,-7.78759765625,-136.43222045898438,274.3326416015625,1.9842185974121094
229,36.79779052734375,-79.5680160522461,219.1693115234375,-1.9412345886230469
230,-19.21380615234375,-103.2078857421875,288.83465576171875,3.0237998962402344
231,12.64404296875,-155.34034729003906,248.800537109375,0.273468017578125
232,-15.62603759765625,-43.72745132446289,284.8800048828125,2.3561477661132812
233,-7.164306640625,-121.64400482177734,273.85357666015625,1.6339340209960938
234,-18.37933349609375,-65.32146453857422,288.163818359375,2.7600975036621094
235,-3.21551513671875,-89.3930892944336,269.1492919921875,1.3623390197753906
236,6.66790771484375,-114.70061492919922,256.62225341796875,0.7591361999511719
237,3.95953369140625,-57.940704345703125,260.35498046875,0.9965629577636719
238,-8.60662841796875,-82.34051513671875,275.9583740234375,1.8309974670410156
239,6.10357666015625,-107.91718292236328,257.42364501953125,0.7740478515625
240,-4.181884765625,-78.8770751953125,270.46185302734375,1.5450210571289062
241,31.4171142578125,-76.53742218017578,226.109619140625,-1.5582351684570312
242,4.90283203125,-74.68274688720703,259.10455322265625,1.0452919006347656
243,-8.7138671875,-18.151386260986328,276.4271240234375,2.1604347229003906
244,4.591552734375,-97.9410400390625,259.518798828125,0.5671157836914062
245,-2.74334716796875,-70.08599090576172,268.67974853515625,1.7492103576660156
246,-13.072265625,-68.3006820678711,281.718017578125,2.1145782470703125
247,24.03924560546875,-94.32815551757812,235.22930908203125,-0.7845230102539062
248,-6.02349853515625,-11.28519058227539,273.1856689453125,1.7548027038574219
249,2.57684326171875,-91.21609497070312,262.0311279296875,1.0298500061035156
250,-2.58056640625,-63.8722038269043,268.62994384765625,1.4160232543945312
251,-15.51043701171875,-62.580528259277344,284.7476806640625,2.5894622802734375
252,21.8062744140625,-61.73454284667969,238.2314453125,-0.6418571472167969
253,-26.71783447265625,-60.99648666381836,298.76251220703125,3.4657630920410156
254,-2.06378173828125,-60.36616516113281,268.05517578125,1.242034912109375
255,17.3701171875,-87.22708892822266,243.64306640625,-0.277679443359375
256,11.56842041015625,-32.37218475341797,251.1715087890625,0.20670700073242188
257,2.58831787109375,-58.701194763183594,262.197265625,1.1082305908203125
258,-4.7490234375,-58.830772399902344,271.3079833984375,1.883453369140625
259,-17.652587890625,-58.70929718017578,287.4700927734375,2.7294769287109375
260,13.4189453125,-58.688255310058594,248.7647705078125,-0.08498382568359375
261,-9.3070068359375,-58.761329650878906,277.08648681640625,1.9252395629882812
262,0.10107421875,-58.94098663330078,265.33624267578125,1.1795539855957031
263,15.45770263671875,-86.61872863769531,246.0416259765625,-0.14411544799804688
264,-17.315673828125,-59.964698791503906,287.01177978515625,2.7996444702148438
265,-6.929931640625,-5.296163082122803,274.42474365234375,1.6205902099609375
266,10.40338134765625,-87.32836151123047,252.2784423828125,0.4877128601074219
267,0.44549560546875,-34.31743621826172,264.99835205078125,1.2497901916503906
268,-31.3426513671875,-89.16082763671875,304.422119140625,3.677356719970703
269,21.8763427734375,-90.79444122314453,238.00042724609375,-0.7235336303710938
270,22.18914794921875,-37.008323669433594,237.82537841796875,-0.49341583251953125
271,-12.55450439453125,-64.74095916748047,280.989501953125,2.5053482055664062
272,-22.7445068359375,-66.29692840576172,293.77410888671875,3.0355491638183594
273,-15.70550537109375,-67.58631896972656,285.047607421875,2.190296173095703
274,3.01025390625,-69.0,261.59808349609375,0.939697265625
275,-6.5045166015625,-70.48603820800781,273.4642333984375,1.6885566711425781
276,-17.88848876953125,-99.45699310302734,287.5556640625,2.4114341735839844
277,-7.51812744140625,-19.373865127563477,274.9486083984375,1.96783447265625
278,10.51507568359375,-129.6344451904297,251.8905029296875,0.1597747802734375
279,-20.03955078125,-50.81730270385742,290.38555908203125,2.9617919921875
280,9.078369140625,-106.508056640625,253.809814453125,0.20228958129882812
281,-12.48577880859375,-81.95203399658203,280.72857666015625,2.4277381896972656
282,13.84619140625,-56.41652297973633,248.014892578125,0.2363433837890625
283,-11.33319091796875,-113.11852264404297,279.1436767578125,2.0682029724121094
284,-2.4560546875,-88.85368347167969,268.19671630859375,1.3395004272460938
285,10.60833740234375,-36.246055603027344,252.14288330078125,0.49108123779296875
286,8.84521484375,-120.28743743896484,253.8714599609375,0.3713569641113281
287,14.1717529296875,-124.06661987304688,247.07757568359375,0.3090667724609375
288,-13.404541015625,-99.48624420166016,281.72509765625,2.210704803466797
289,19.82867431640625,-74.69085693359375,240.38714599609375,-0.49452972412109375
290,-11.0400390625,-132.04066467285156,278.411865234375,2.3930091857910156
291,-0.33685302734375,-135.89561462402344,265.0863037109375,1.2040977478027344
292,-29.73541259765625,-56.96018600463867,302.29791259765625,3.5678329467773438
293,-4.6826171875,-113.92020416259766,270.64453125,1.4118080139160156
294,37.364990234375,-145.46307373046875,217.90020751953125,-1.9551658630371094
295,11.18109130859375,-94.57743072509766,250.784912109375,0.6417083740234375
296,-24.0745849609375,-124.78579711914062,294.609375,3.2500839233398438
297,-18.11895751953125,-183.58328247070312,286.8204345703125,2.3560142517089844
298,-3.54180908203125,-106.0528793334961,269.1075439453125,1.38525390625
299,-18.13262939453125,-136.1811981201172,287.00250244140625,2.7672348022460938
300,0.71502685546875,-140.58958435058594,263.44085693359375,1.1076087951660156
301,11.1578369140625,-117.31049346923828,250.57427978515625,0.1674041748046875
302,-20.31475830078125,-148.45745849609375,289.49420166015625,2.9931907653808594
303,8.8709716796875,-207.83424377441406,252.6475830078125,0.23315048217773438
304,3.674560546875,-130.90577697753906,259.61083984375,1.0316352844238281
305,-8.9296875,-161.6238555908203,275.08905029296875,1.869720458984375
306,24.23150634765625,-166.61903381347656,233.589599609375,-0.7539749145507812
307,-8.6866455078125,-198.56747436523438,274.247314453125,2.272296905517578
308,-18.46734619140625,-176.37062072753906,286.7510986328125,2.4658966064453125
309,12.7066650390625,-153.57025146484375,247.97735595703125,-0.01882171630859375
310,6.23663330078125,-185.5100860595703,255.6004638671875,0.8915367126464844
311,-8.62548828125,-190.8948974609375,274.09423828125,1.8758888244628906
312,-20.72308349609375,-196.03274536132812,289.0518798828125,2.9492721557617188
313,-11.91558837890625,-228.5988311767578,277.748291015625,1.9745063781738281
314,-2.94879150390625,-206.97930908203125,266.64794921875,1.4051322937011719
315,45.7130126953125,-212.11837768554688,205.8160400390625,-2.630451202392578
316,-20.3994140625,-190.2157745361328,288.33984375,3.191204071044922
317,8.22344970703125,-277.4512634277344,251.8057861328125,0.2877845764160156
318,2.82904052734375,-202.36602783203125,259.124755859375,1.0937538146972656
319,-16.23321533203125,-234.2761993408203,282.4783935546875,2.6838645935058594
320,-0.18170166015625,-240.62396240234375,262.3385009765625,1.1870765686035156
321,-19.0211181640625,-246.5032501220703,285.73907470703125,2.5229263305664062
322,-5.4671630859375,-252.60885620117188,268.63519287109375,1.5036163330078125
323,0.22125244140625,-286.0292053222656,261.0147705078125,1.1863479614257812
324,-7.7945556640625,-265.33453369140625,271.1690673828125,1.7372322082519531
325,-28.9202880859375,-216.72901916503906,297.982177734375,3.4708786010742188
326,33.07000732421875,-331.6170349121094,219.22686767578125,-1.8265762329101562
327,-2.77606201171875,-284.9261779785156,264.18109130859375,1.8570022583007812
328,7.52392578125,-263.61236572265625,251.64593505859375,0.35578155517578125
329,-48.0714111328125,-296.9490661621094,320.37249755859375,5.240272521972656
330,13.648681640625,-331.4986572265625,242.92724609375,-0.28728485107421875
331,6.1090087890625,-311.4481506347656,252.31640625,0.8199920654296875
332,13.90460205078125,-317.9637451171875,242.42230224609375,-0.04290771484375
333,-20.324951171875,-352.2101135253906,284.46533203125,2.944683074951172
334,-2.3779296875,-305.1592102050781,262.6212158203125,1.2406654357910156
335,-16.80084228515625,-365.96258544921875,279.56494140625,2.617717742919922
336,12.7154541015625,-346.80517578125,242.91595458984375,-0.06101226806640625
337,1.07196044921875,-353.7160339355469,257.09906005859375,1.1607551574707031
338,-20.2109375,-333.8599548339844,283.84918212890625,2.5713768005371094
339,-11.9114990234375,-368.25335693359375,272.73291015625,2.1942367553710938
340,6.59735107421875,-376.04583740234375,249.42376708984375,0.3801155090332031
341,-0.38922119140625,-410.88995361328125,257.3392333984375,1.2297019958496094
342,-27.36376953125,-364.4688415527344,291.51458740234375,3.3747482299804688
343,-20.92230224609375,-425.90460205078125,282.3284912109375,2.7963218688964844
344,-1.32977294921875,-434.40850830078125,257.623291015625,0.8793182373046875
345,-20.035888671875,-415.09844970703125,280.9185791015625,2.871368408203125
346,-14.21697998046875,-395.6239318847656,273.8463134765625,2.071044921875
347,-13.41815185546875,-457.4531555175781,271.57720947265625,2.0526351928710938
348,12.92431640625,-412.115478515625,239.23895263671875,-0.04462432861328125
349,-10.4515380859375,-446.5833435058594,267.5244140625,1.9896049499511719
350,-7.72930908203125,-482.2823181152344,263.18634033203125,2.0118064880371094
351,11.752197265625,-463.7959289550781,239.1334228515625,-0.232421875
352,-33.71722412109375,-471.6451416015625,295.31591796875,3.8901023864746094
353,9.92877197265625,-480.2043762207031,240.52520751953125,0.09088516235351562
354,-35.93829345703125,-515.5643920898438,296.6312255859375,4.380649566650391
355,-16.866455078125,-470.3232727050781,273.657470703125,1.91436767578125
356,-15.2723388671875,-505.205078125,270.59796142578125,2.2069053649902344
357,-27.254150390625,-514.1095581054688,285.0113525390625,3.3673477172851562
358,-15.91217041015625,-549.7865600585938,269.947998046875,2.0890464782714844
359,-3.7430419921875,-531.8828735351562,254.8057861328125,1.1133651733398438
360,-6.69830322265625,-540.2324829101562,257.90216064453125,1.6945571899414062
361,-11.80950927734375,-522.02197265625,264.341552734375,2.017627716064453
362,-17.14654541015625,-611.3460693359375,268.815185546875,2.336406707763672
363,-26.31787109375,-567.3031005859375,280.85894775390625,2.932689666748047
364,-11.8516845703125,-548.570068359375,262.8321533203125,1.8996086120605469
365,-11.04937744140625,-611.011474609375,260.08837890625,1.8886260986328125
366,-19.59326171875,-593.7723999023438,270.76666259765625,2.468921661376953
367,11.9281005859375,-629.360107421875,230.270263671875,-0.0196533203125
368,-9.89764404296875,-558.1316528320312,258.6575927734375,1.9087638854980469
369,1.6107177734375,-646.72509765625,241.9453125,0.706268310546875
370,-33.06207275390625,-603.0790405273438,285.7081298828125,3.7207107543945312
371,-19.31036376953125,-692.0490112304688,266.1171875,2.2967376708984375
372,-8.24261474609375,-621.8328857421875,253.60418701171875,1.2822265625
373,-21.76568603515625,-656.7013549804688,269.03070068359375,2.8936843872070312
374,-10.32110595703125,-666.2150268554688,254.15350341796875,1.7017250061035156
375,-39.11602783203125,-702.0849609375,288.7061767578125,3.8946990966796875
376,-19.29522705078125,-658.26708984375,264.6624755859375,2.2353057861328125
377,-35.26025390625,-720.1798095703125,282.4215087890625,3.7499237060546875
378,-31.002685546875,-730.0330200195312,276.44586181640625,3.0815773010253906
379,-4.74322509765625,-659.4100952148438,244.9979248046875,1.327911376953125
380,-25.6365966796875,-800.663818359375,266.7708740234375,2.8856430053710938
381,-18.0626220703125,-705.261474609375,259.466552734375,1.9764175415039062
382,-42.603515625,-712.99169921875,289.20489501953125,4.310234069824219
383,-46.73980712890625,-748.9412231445312,292.850341796875,4.525871276855469
384,-19.3203125,-785.0718383789062,257.210205078125,1.9939346313476562
385,-23.8463134765625,-741.5450439453125,263.493896484375,2.4704132080078125
386,-49.63067626953125,-776.536376953125,293.9473876953125,4.836212158203125
387,-11.5081787109375,-812.6612548828125,244.89208984375,1.5288467407226562
388,-48.44482421875,-795.7550048828125,290.78106689453125,4.5184783935546875
389,-38.19378662109375,-830.9761962890625,276.3702392578125,3.616069793701172
390,-38.22625732421875,-787.6234741210938,277.1009521484375,3.644092559814453
391,-22.07464599609375,-848.982421875,254.5078125,2.2418670654296875
392,-22.8310546875,-806.0187377929688,256.0616455078125,2.6226463317871094
393,-35.165771484375,-893.4645385742188,268.0494384765625,3.466014862060547
394,-16.9798583984375,-798.2490234375,247.822265625,1.8649673461914062
395,-49.72747802734375,-911.1500854492188,284.2061767578125,4.735210418701172
396,-12.84625244140625,-842.7811279296875,239.9267578125,1.47796630859375
397,-50.41058349609375,-850.619873046875,285.7308349609375,4.493686676025391
398,-17.42413330078125,-938.4010009765625,241.0721435546875,1.7331199645996094
399,-44.40606689453125,-895.807373046875,275.25006103515625,4.305877685546875
400,-48.64520263671875,-904.047607421875,279.5433349609375,4.534515380859375
401,-14.4361572265625,-886.748291015625,237.012451171875,1.17864990234375
402,-26.48583984375,-921.31787109375,249.8853759765625,2.762737274169922
403,-49.31317138671875,-982.5453491210938,275.35235595703125,4.551326751708984
404,-40.4183349609375,-939.8167724609375,265.1158447265625,3.535480499267578
405,-50.06109619140625,-947.6326293945312,275.97308349609375,4.563873291015625
406,-46.66357421875,-930.2784423828125,271.6865234375,3.9359664916992188
407,-65.0137939453125,-990.4010620117188,291.45941162109375,5.4474029541015625
408,-74.2310791015625,-947.634765625,303.7305908203125,6.068672180175781
409,-37.14276123046875,-1007.2781982421875,254.59326171875,2.8767776489257812
410,-61.65948486328125,-990.25244140625,284.73321533203125,5.377048492431641
411,-43.944091796875,-1024.2685546875,260.5872802734375,3.7808761596679688
412,-25.209228515625,-1006.67529296875,237.1781005859375,2.0799293518066406
413,-63.595458984375,-988.8062744140625,284.59619140625,5.620780944824219
414,-51.90478515625,-1022.365478515625,267.9564208984375,4.273078918457031
415,-87.14794921875,-1056.399169921875,309.4737548828125,7.066352844238281
416,-60.81597900390625,-1038.8319091796875,276.6156005859375,4.757843017578125
417,-42.64361572265625,-1046.398681640625,252.809814453125,3.3115921020507812
418,-61.6907958984375,-1079.726806640625,274.01220703125,5.338294982910156
419,-35.3526611328125,-1062.109130859375,241.28271484375,2.5359344482421875
420,-91.68255615234375,-1018.2735595703125,311.9786376953125,7.715019226074219
421,-51.28302001953125,-1101.7933349609375,257.3868408203125,4.031108856201172
422,-45.64581298828125,-1110.185791015625,249.041748046875,3.5819854736328125
423,-67.51177978515625,-1066.506591796875,277.1070556640625,5.372840881347656
424,-95.13726806640625,-1123.9554443359375,307.8826904296875,7.46868896484375
425,-50.588623046875,-1106.4180908203125,252.427734375,3.6815452575683594
426,-82.7978515625,-1113.0673828125,290.9569091796875,6.725154876708984
427,-80.9368896484375,-1145.36962890625,286.1883544921875,6.389747619628906
428,-48.4423828125,-1127.23974609375,245.682373046875,3.7463531494140625
429,-77.4970703125,-1133.5941162109375,280.385986328125,6.049793243408203
430,-94.23175048828125,-1140.2698974609375,299.772216796875,7.371639251708984
431,-84.2266845703125,-1121.6558837890625,287.33203125,6.001903533935547
432,-92.75701904296875,-1178.2235107421875,293.9703369140625,7.250602722167969
433,-85.724365234375,-1159.9664306640625,285.100830078125,6.452861785888672
434,-28.31890869140625,-1140.7305908203125,213.8857421875,1.5049705505371094
435,-103.068359375,-1171.7017822265625,303.68798828125,8.3138427734375
436,-84.70166015625,-1203.08447265625,278.4012451171875,6.228370666503906
437,-84.308837890625,-1184.347900390625,277.7069091796875,6.259456634521484
438,-85.692138671875,-1214.5911865234375,276.7535400390625,6.340671539306641
439,-62.833740234375,-1195.6773681640625,248.2713623046875,4.460735321044922
440,-99.0533447265625,-1176.25537109375,292.9149169921875,7.623714447021484
441,-66.1441650390625,-1206.2791748046875,249.6158447265625,4.313899993896484
442,-115.2352294921875,-1236.52880859375,307.44189453125,8.959556579589844
443,-83.566162109375,-1217.417236328125,268.24951171875,5.705116271972656
444,-85.22015380859375,-1246.9254150390625,267.408447265625,6.2788238525390625
445,-103.7657470703125,-1227.3870849609375,290.1966552734375,7.8146514892578125
446,-85.29534912109375,-1182.9542236328125,268.6783447265625,5.902355194091797
447,-98.563720703125,-1260.8397216796875,279.5650634765625,7.108692169189453
448,-134.2445068359375,-1241.8994140625,323.481201171875,10.100654602050781
449,-118.03204345703125,-1270.5908203125,300.731689453125,8.22568130493164
450,-109.4786376953125,-1226.3585205078125,291.357177734375,7.734600067138672
451,-80.836181640625,-1303.2208251953125,250.304931640625,5.5093536376953125
452,-127.17364501953125,-1235.1871337890625,310.165283203125,9.445865631103516
453,-87.505859375,-1262.65380859375,258.455322265625,5.638275146484375
454,-105.152587890625,-1291.1634521484375,277.1748046875,7.630771636962891
455,-129.93817138671875,-1222.818115234375,310.5653076171875,9.518989562988281
456,-111.71875,-1297.997802734375,282.399169921875,7.744541168212891
457,-111.1103515625,-1278.417236328125,281.498291015625,7.785678863525391
458,-118.533447265625,-1305.53515625,287.771240234375,8.19454574584961
459,-121.88165283203125,-1261.1075439453125,293.243408203125,8.676628112792969
460,-120.9393310546875,-1311.7420654296875,287.7247314453125,8.361862182617188
461,-124.0946044921875,-1267.533447265625,293.0565185546875,8.50738525390625
462,-118.58941650390625,-1317.7386474609375,281.81103515625,8.0716552734375
463,-109.432861328125,-1273.354736328125,271.91552734375,7.559726715087891
464,-129.51416015625,-1299.518798828125,293.6639404296875,9.292289733886719
465,-133.49993896484375,-1349.7989501953125,294.1466064453125,9.106578826904297
466,-122.76519775390625,-1257.973876953125,285.5037841796875,8.084186553955078
467,-155.56146240234375,-1330.411865234375,319.8211669921875,10.964862823486328
468,-106.13946533203125,-1309.619873046875,258.934814453125,6.904502868652344
469,-134.21148681640625,-1288.0576171875,293.5313720703125,9.354110717773438
470,-163.8228759765625,-1360.534912109375,323.8829345703125,11.503646850585938
471,-153.867431640625,-1316.290771484375,313.324462890625,10.149154663085938
472,-89.83489990234375,-1293.5433349609375,234.51220703125,5.5308685302734375
473,-179.08740234375,-1318.9453125,341.1905517578125,13.05691146850586
474,-124.04742431640625,-1320.6435546875,272.1793212890625,7.701629638671875
475,-184.50341796875,-1345.4658203125,343.3128662109375,13.14029312133789
476,-146.95001220703125,-1300.5643310546875,298.99951171875,9.416454315185547
477,-157.53118896484375,-1347.6068115234375,307.1754150390625,10.878364562988281
478,-134.2762451171875,-1325.8426513671875,278.78466796875,8.676040649414062
479,-136.25244140625,-1349.6683349609375,278.052734375,9.098880767822266
480,-182.30670166015625,-1281.998046875,338.132568359375,12.544002532958984
481,-115.36688232421875,-1350.7135009765625,249.6173095703125,6.844356536865234
482,-150.9273681640625,-1352.2445068359375,291.6619873046875,10.13677978515625
483,-193.12554931640625,-1284.421142578125,346.9744873046875,13.646400451660156
484,-163.0614013671875,-1352.5279541015625,303.8831787109375,10.253719329833984
485,-133.54620361328125,-1330.621826171875,267.6370849609375,8.694740295410156
486,-171.65966796875,-1330.8504638671875,313.015625,11.570960998535156
487,-201.3475341796875,-1308.5704345703125,349.76708984375,13.58224868774414
488,-143.40753173828125,-1376.097900390625,272.1590576171875,8.943641662597656
489,-208.0406494140625,-1331.7781982421875,353.2877197265625,14.338184356689453
490,-172.5614013671875,-1330.9608154296875,308.5247802734375,10.991737365722656
491,-135.22802734375,-1330.09375,261.3336181640625,8.233909606933594
492,-185.06787109375,-1330.3153076171875,320.834228515625,12.731647491455078
493,-209.8948974609375,-1307.8138427734375,351.705078125,14.117080688476562
494,-184.39764404296875,-1329.1646728515625,317.4476318359375,11.679126739501953
495,-186.2086181640625,-1351.15771484375,316.3297119140625,12.423114776611328
496,-139.7137451171875,-1305.5496826171875,261.7244873046875,8.127204895019531
497,-173.65789794921875,-1371.2822265625,296.3687744140625,11.681777954101562
498,-172.40887451171875,-1304.474609375,298.924072265625,10.912704467773438
499,-228.51708984375,-1325.5748291015625,364.3621826171875,15.56793212890625
500,-180.0540771484375,-1346.330322265625,302.096435546875,11.04207992553711
501,-176.10430908203125,-1279.1463623046875,301.1790771484375,11.334949493408203
502,-176.86456298828125,-1343.3609619140625,295.45263671875,11.051673889160156
503,-207.534423828125,-1320.9814453125,333.27490234375,13.731624603271484
504,-170.4249267578125,-1319.0069580078125,286.71533203125,10.499298095703125
505,-245.2249755859375,-1318.341552734375,376.5909423828125,16.801403045654297
506,-200.29498291015625,-1316.43359375,320.626708984375,12.388294219970703
507,-198.481689453125,-1314.5682373046875,317.005859375,12.708709716796875
508,-204.4959716796875,-1312.8924560546875,323.0982666015625,12.92230224609375
509,-207.18975830078125,-1311.193603515625,325.019775390625,13.371402740478516
510,-244.451171875,-1309.902587890625,369.1866455078125,16.046733856201172
511,-192.1278076171875,-1307.1866455078125,304.1951904296875,11.761161804199219
512,-228.8468017578125,-1327.2646484375,345.7281494140625,14.735340118408203
513,-198.9935302734375,-1260.2535400390625,313.7545166015625,12.546882629394531
514,-259.31671142578125,-1301.434326171875,382.1612548828125,17.289878845214844
515,-214.9288330078125,-1320.5128173828125,325.1090087890625,13.046100616455078
516,-206.8009033203125,-1296.7685546875,315.736572265625,13.042362213134766
517,-179.42999267578125,-1315.080810546875,279.327880859375,10.876781463623047
518,-246.81719970703125,-1292.5926513671875,361.9315185546875,16.16046905517578
519,-211.06036376953125,-1246.8408203125,321.1983642578125,13.163101196289062
520,-207.7393798828125,-1328.7720947265625,308.2545166015625,12.743606567382812
521,-238.5267333984375,-1263.9034423828125,350.1910400390625,15.276512145996094
522,-237.831298828125,-1281.8272705078125,346.263671875,15.139106750488281
523,-248.21380615234375,-1279.5784912109375,357.72216796875,15.622917175292969
524,-235.21240234375,-1297.5640869140625,338.7872314453125,14.653778076171875
525,-214.00994873046875,-1252.5926513671875,315.7557373046875,13.344718933105469
526,-216.72589111328125,-1270.2342529296875,316.026123046875,13.280471801757812
527,-263.517822265625,-1268.3599853515625,371.5428466796875,17.022552490234375
528,-218.8087158203125,-1264.6142578125,316.322509765625,13.102645874023438
529,-248.09368896484375,-1262.17919921875,350.5372314453125,15.887069702148438
530,-222.86871337890625,-1279.3233642578125,316.9759521484375,13.451461791992188
531,-248.96649169921875,-1235.4654541015625,351.442626953125,15.516067504882812
532,-280.656494140625,-1253.1536865234375,386.6434326171875,18.195396423339844
533,-216.2862548828125,-1269.59716796875,305.8031005859375,12.431098937988281
534,-277.235107421875,-1226.40478515625,382.2591552734375,18.032676696777344
535,-258.23638916015625,-1222.511474609375,358.37060546875,15.943328857421875
536,-247.23907470703125,-1259.9591064453125,339.900146484375,15.179550170898438
537,-244.4527587890625,-1256.853515625,335.46240234375,14.815483093261719
538,-271.15673828125,-1192.6431884765625,372.7354736328125,17.234481811523438
539,-263.8126220703125,-1270.162109375,354.714111328125,16.22203826904297
540,-249.259521484375,-1205.915771484375,342.1744384765625,15.42376708984375
541,-265.774169921875,-1242.8211669921875,357.07763671875,16.2041015625
542,-276.80419921875,-1199.276123046875,373.359130859375,17.541122436523438
543,-259.30694580078125,-1215.370849609375,349.345458984375,15.473960876464844
544,-268.89288330078125,-1211.969970703125,359.7239990234375,16.91185760498047
545,-267.35546875,-1228.53125,354.8450927734375,16.404052734375
546,-252.08709716796875,-1184.32373046875,339.7041015625,15.083106994628906
547,-292.41015625,-1201.3408203125,385.1353759765625,18.30248260498047
548,-271.7408447265625,-1177.2938232421875,361.4647216796875,16.34062957763672
549,-258.650634765625,-1232.956298828125,338.3466796875,15.670494079589844
550,-264.31182861328125,-1189.760009765625,348.4117431640625,16.04035186767578
551,-251.587158203125,-1165.31689453125,334.30615234375,15.268280029296875
552,-299.68695068359375,-1182.4930419921875,389.0587158203125,18.68560028076172
553,-286.4716796875,-1178.4224853515625,372.2930908203125,17.399093627929688
554,-276.31732177734375,-1194.164306640625,357.0050048828125,16.668006896972656
555,-280.03302001953125,-1170.618408203125,362.7169189453125,16.80706024169922
556,-312.93914794921875,-1127.93310546875,405.472412109375,19.857688903808594
557,-279.2900390625,-1162.2811279296875,360.0880126953125,16.542015075683594
558,-321.5355224609375,-1179.318115234375,407.52197265625,20.1204833984375
559,-287.10003662109375,-1155.0401611328125,367.63232421875,16.98210906982422
560,-290.17138671875,-1131.245361328125,372.5546875,17.595840454101562
561,-265.277099609375,-1165.3563232421875,337.565185546875,15.641876220703125
562,-329.29693603515625,-1163.3349609375,413.215087890625,20.62749481201172
563,-280.3319091796875,-1099.7232666015625,360.4498291015625,16.480316162109375
564,-293.23553466796875,-1134.2528076171875,370.66015625,17.630943298339844
565,-280.25592041015625,-1130.09521484375,354.2325439453125,16.8424072265625
566,-268.743408203125,-1144.9219970703125,337.501708984375,15.741157531738281
567,-329.2606201171875,-1104.177978515625,413.3104248046875,20.325469970703125
568,-299.05804443359375,-1137.3538818359375,372.0675048828125,17.920982360839844
569,-294.44525146484375,-1114.18798828125,367.94287109375,17.50482177734375
570,-297.539306640625,-1090.62255859375,373.075927734375,17.798843383789062
571,-299.46551513671875,-1124.7156982421875,370.1383056640625,17.85680389404297
572,-316.86187744140625,-1102.3897705078125,392.2791748046875,19.007293701171875
573,-323.4649658203125,-1079.0692138671875,401.5738525390625,19.712844848632812
574,-309.09942626953125,-1093.3828125,381.5423583984375,18.217018127441406
575,-324.45721435546875,-1108.7542724609375,396.6865234375,19.780380249023438
576,-335.984375,-1048.2847900390625,416.415283203125,20.309722900390625
577,-330.0850830078125,-1100.1661376953125,401.8922119140625,19.989639282226562
578,-289.4769287109375,-1095.0433349609375,352.925537109375,16.502174377441406
579,-337.8968505859375,-1054.6446533203125,414.123779296875,20.595115661621094
580,-313.4813232421875,-1067.9873046875,382.229736328125,18.506973266601562
581,-328.51617431640625,-1064.5008544921875,399.312255859375,19.57965087890625
582,-343.91290283203125,-1042.0894775390625,419.0853271484375,20.842979431152344
583,-317.7081298828125,-1074.2320556640625,382.78076171875,18.688125610351562
584,-297.31591796875,-1032.0968017578125,362.4459228515625,17.231857299804688
585,-319.278564453125,-1065.5184326171875,383.2059326171875,18.939422607421875
586,-317.378173828125,-1043.05029296875,382.528076171875,18.613601684570312
587,-313.45367431640625,-1019.7888793945312,379.4815673828125,18.552291870117188
588,-338.41802978515625,-1034.9063720703125,406.102294921875,20.023788452148438
589,-313.5491943359375,-1029.9139404296875,375.9749755859375,18.2666015625
590,-327.2344970703125,-1026.1314697265625,391.4713134765625,19.3023681640625
591,-344.77496337890625,-1059.2735595703125,406.8671875,20.73278045654297
592,-318.7041015625,-1017.7072143554688,380.09033203125,18.315269470214844
593,-365.368408203125,-977.91796875,439.1298828125,22.187049865722656
594,-320.876220703125,-1045.167724609375,376.8280029296875,18.230209350585938
595,-334.0704345703125,-968.6187133789062,400.892822265625,19.79509735107422
596,-369.549072265625,-1038.396484375,432.7840576171875,22.31151580810547
597,-320.3323974609375,-959.8661499023438,383.5447998046875,18.181716918945312
598,-347.1083984375,-992.3181762695312,409.7552490234375,20.66400909423828
599,-353.92730712890625,-988.8125610351562,417.143798828125,20.86656951904297
600,-351.68841552734375,-984.5443115234375,413.9119873046875,20.50067901611328
601,-348.5577392578125,-980.052490234375,409.591552734375,20.44403076171875
602,-348.443359375,-975.718017578125,408.8177490234375,20.62470245361328
603,-342.512451171875,-935.2615356445312,406.049072265625,19.70885467529297
604,-353.9896240234375,-967.2810668945312,414.1453857421875,20.975181579589844
605,-338.27947998046875,-998.78564453125,390.429443359375,19.254806518554688
606,-355.970458984375,-959.3965454101562,415.2310791015625,21.066085815429688
607,-315.9920654296875,-953.3732299804688,367.8707275390625,17.77617645263672
608,-355.97283935546875,-914.8515625,418.8857421875,20.974090576171875
609,-347.94171142578125,-1017.5169067382812,394.6630859375,20.047767639160156
610,-362.2740478515625,-907.5218505859375,425.091552734375,21.172119140625
611,-348.31988525390625,-937.5445556640625,403.5560302734375,19.998512268066406
612,-404.92181396484375,-936.0745239257812,469.0616455078125,24.570220947265625
613,-334.44427490234375,-893.4959716796875,391.0181884765625,18.732872009277344
614,-377.55194091796875,-961.7706909179688,431.236572265625,22.074737548828125
615,-350.2965087890625,-921.55078125,403.5845947265625,20.122711181640625
616,-362.23663330078125,-882.148681640625,421.8353271484375,21.130111694335938
617,-376.4385986328125,-913.820556640625,433.1199951171875,21.80640411376953
618,-343.7762451171875,-943.7993774414062,389.574951171875,19.652809143066406
619,-389.27398681640625,-906.5629272460938,446.90234375,22.98357391357422
620,-334.01422119140625,-899.7351684570312,382.089599609375,18.651222229003906
621,-383.2869873046875,-897.8118896484375,438.896484375,22.53571319580078
622,-362.54840087890625,-857.849609375,419.1385498046875,20.754837036132812
623,-361.37835693359375,-923.4025268554688,407.595458984375,20.513343811035156
624,-378.94927978515625,-885.630615234375,432.2618408203125,22.15312957763672
625,-341.52728271484375,-844.6643676757812,393.257568359375,19.119232177734375
626,-378.933349609375,-877.0082397460938,431.3427734375,21.853370666503906
627,-407.8673095703125,-874.5134887695312,464.3421630859375,24.245094299316406
628,-356.1055908203125,-903.0487060546875,399.020263671875,19.473785400390625
629,-396.0941162109375,-831.357666015625,454.549072265625,23.516380310058594
630,-382.41802978515625,-861.12109375,433.4678955078125,21.67858123779297
631,-371.3560791015625,-891.2230224609375,415.1453857421875,21.380348205566406
632,-374.72100830078125,-818.5177001953125,428.4427490234375,21.37981414794922
633,-378.61822509765625,-883.3018798828125,422.673828125,21.592002868652344
634,-359.1070556640625,-809.9334716796875,409.4920654296875,20.02312469482422
635,-369.84222412109375,-840.2014770507812,416.5430908203125,21.103225708007812
636,-413.73602294921875,-804.5121459960938,471.701904296875,24.21819305419922
637,-355.79449462890625,-831.8239135742188,399.4522705078125,19.631881713867188
638,-376.22119140625,-863.2288818359375,417.5482177734375,21.430633544921875
639,-401.8955078125,-826.5850830078125,451.66357421875,23.271835327148438
640,-399.98016357421875,-822.3384399414062,449.041748046875,23.0750732421875
641,-379.7967529296875,-817.55712890625,425.3712158203125,21.264022827148438
642,-365.1336669921875,-846.8526000976562,403.066650390625,20.21422576904297
643,-391.1630859375,-776.3743896484375,442.533447265625,22.423179626464844
644,-390.2791748046875,-805.9810791015625,436.1650390625,22.223876953125
645,-414.093994140625,-803.6729125976562,463.0645751953125,23.975296020507812
646,-397.0999755859375,-765.1097412109375,448.12841796875,22.613075256347656
647,-368.04205322265625,-827.1493530273438,404.3699951171875,20.187477111816406
648,-400.78729248046875,-791.601318359375,446.427001953125,23.17565155029297
649,-365.2369384765625,-785.792724609375,405.3310546875,20.00733184814453
650,-384.57720947265625,-749.138671875,432.109130859375,21.846054077148438
651,-430.59521484375,-814.8880004882812,474.4329833984375,24.90009307861328
652,-360.0789794921875,-740.9596557617188,403.2840576171875,19.290321350097656
653,-389.90985107421875,-804.9840087890625,426.97216796875,22.10053253173828
654,-406.25469970703125,-769.176513671875,450.26416015625,23.210044860839844
655,-411.8824462890625,-765.5628662109375,456.392578125,23.190223693847656
656,-386.7247314453125,-760.3724365234375,427.2054443359375,21.593826293945312
657,-401.620849609375,-757.473876953125,443.8443603515625,22.629783630371094
658,-405.9971923828125,-753.8408203125,448.455078125,23.06861114501953
659,-407.11688232421875,-717.1912841796875,454.41748046875,22.981101989746094
660,-406.4375,-746.34326171875,448.244384765625,22.774002075195312
661,-434.90106201171875,-744.5948486328125,480.2376708984375,24.959922790527344
662,-415.2218017578125,-706.8641967773438,462.569580078125,23.044700622558594
663,-403.0458984375,-768.3103637695312,438.115478515625,22.514076232910156
664,-365.9852294921875,-729.9154052734375,400.6082763671875,19.831214904785156
665,-418.57391357421875,-728.9165649414062,460.0955810546875,23.92194366455078
666,-406.31268310546875,-691.75927734375,450.910888671875,22.84821319580078
667,-404.379638671875,-753.7332153320312,438.19677734375,22.243331909179688
668,-432.31494140625,-752.0480346679688,469.463623046875,24.578895568847656
669,-390.3306884765625,-680.3839111328125,431.705322265625,21.485145568847656
670,-379.320068359375,-708.4959716796875,413.80419921875,20.690292358398438
671,-372.91845703125,-704.785400390625,406.177490234375,20.201507568359375
672,-448.45458984375,-705.5371704101562,491.4149169921875,26.018783569335938
673,-408.93701171875,-667.2656860351562,451.5028076171875,22.46399688720703
674,-384.8619384765625,-727.3287963867188,413.614990234375,20.817604064941406
675,-420.1331787109375,-726.13134765625,453.0853271484375,23.82123565673828
676,-374.0526123046875,-654.8966674804688,411.023193359375,19.976303100585938
677,-424.760009765625,-686.3857421875,462.885009765625,23.97582244873047
678,-428.1138916015625,-683.484130859375,466.3162841796875,23.90557098388672
679,-413.1590576171875,-711.714111328125,443.952880859375,22.359100341796875
680,-431.7462158203125,-644.3803100585938,474.8717041015625,24.526290893554688
681,-453.449951171875,-642.1123046875,499.0869140625,25.722251892089844
682,-384.3699951171875,-667.0551147460938,415.719482421875,20.224929809570312
683,-423.16717529296875,-665.8634643554688,459.0498046875,23.63500213623047
684,-419.328369140625,-694.564453125,449.207763671875,23.18242645263672
685,-454.25823974609375,-629.0557861328125,498.568603515625,25.755088806152344
686,-372.8770751953125,-652.4927368164062,401.586181640625,19.62908172607422
687,-416.4547119140625,-683.9580078125,445.012451171875,23.11566925048828
688,-428.802490234375,-617.6121215820312,468.984619140625,23.66277313232422
689,-421.2528076171875,-677.45751953125,449.82470703125,23.081336975097656
690,-404.1588134765625,-641.3018188476562,435.4842529296875,22.044143676757812
691,-427.1512451171875,-639.1495361328125,461.0098876953125,23.748390197753906
692,-405.3165283203125,-602.7245483398438,441.481689453125,21.779159545898438
693,-427.8135986328125,-632.38232421875,461.16162109375,23.774520874023438
694,-409.0430908203125,-660.2022705078125,434.5899658203125,21.97198486328125
695,-439.4927978515625,-595.1651611328125,478.8065185546875,24.591171264648438
696,-371.5599365234375,-651.0007934570312,392.1343994140625,19.090713500976562
697,-465.0283203125,-590.170166015625,506.73876953125,26.685691833496094
698,-422.1671142578125,-615.8665161132812,453.3701171875,22.991233825683594
699,-479.55706787109375,-616.5323486328125,517.14111328125,27.006431579589844
700,-439.0087890625,-610.8976440429688,471.58154296875,23.72986602783203
701,-396.114013671875,-604.791748046875,423.4293212890625,20.8790283203125
702,-440.8153076171875,-635.806396484375,467.7032470703125,24.550682067871094
703,-422.1131591796875,-568.6297607421875,457.111328125,22.86113739013672
704,-409.623046875,-595.6200561523438,437.705322265625,22.195640563964844
705,-430.062255859375,-594.1334228515625,460.144775390625,23.508567810058594
706,-404.3848876953125,-589.3421020507812,431.3287353515625,21.413284301757812
707,-452.787109375,-557.7717895507812,490.146240234375,25.241615295410156
708,-439.798583984375,-616.7214965820312,464.8931884765625,23.7061767578125
709,-414.4417724609375,-580.8794555664062,441.6624755859375,22.14636993408203
710,-418.9779052734375,-546.18359375,451.76513671875,22.953567504882812
711,-440.533935546875,-607.2095336914062,464.8468017578125,24.048110961914062
712,-397.2152099609375,-570.5044555664062,421.810302734375,20.577228546142578
713,-445.990478515625,-570.0299682617188,475.613037109375,24.874671936035156
714,-438.9661865234375,-535.7058715820312,472.9033203125,23.589340209960938
715,-432.20361328125,-625.530517578125,449.223388671875,23.148277282714844
716,-428.0384521484375,-529.15234375,460.2103271484375,23.162628173828125
717,-463.3743896484375,-590.2313842773438,488.4686279296875,25.571128845214844
718,-443.420166015625,-524.085693359375,476.745361328125,24.01941680908203
719,-436.6497802734375,-520.225830078125,469.0936279296875,23.3646240234375
720,-409.0098876953125,-546.358154296875,432.9615478515625,21.678691864013672
721,-494.3455810546875,-580.3452758789062,521.4854736328125,27.77936553955078
722,-399.3349609375,-509.39447021484375,427.1148681640625,20.497623443603516
723,-431.6370849609375,-538.7743530273438,457.181884765625,23.525733947753906
724,-420.340087890625,-566.4522094726562,439.138427734375,22.059844970703125
725,-444.3087158203125,-503.4007263183594,475.947509765625,24.021202087402344
726,-422.9898681640625,-529.5035400390625,446.9302978515625,22.659595489501953
727,-438.7083740234375,-527.9166870117188,463.960693359375,23.514419555664062
728,-440.371826171875,-556.00439453125,460.179443359375,23.51313018798828
729,-412.98486328125,-520.4833984375,435.208740234375,21.580551147460938
730,-432.2806396484375,-487.7505187988281,461.5311279296875,23.560199737548828
731,-471.0257568359375,-549.1220092773438,493.105224609375,25.712867736816406
732,-429.01708984375,-482.4645080566406,457.4886474609375,22.32766342163086
733,-428.997802734375,-540.345458984375,446.5357666015625,22.736446380615234
734,-443.1893310546875,-477.4940185546875,472.529296875,23.970016479492188
735,-457.9976806640625,-506.00396728515625,483.19873046875,24.76862335205078
736,-456.95068359375,-503.5285339355469,481.7635498046875,24.41149139404297
737,-441.9254150390625,-499.4583435058594,465.0999755859375,23.564559936523438
738,-404.3560791015625,-524.5880126953125,418.439208984375,20.65105438232422
739,-450.9986572265625,-494.4730529785156,474.510498046875,24.586448669433594
740,-473.593505859375,-462.8744201660156,504.3824462890625,25.641868591308594
741,-463.69970703125,-520.2510375976562,482.5794677734375,24.67571258544922
742,-413.9100341796875,-453.2454833984375,438.795654296875,21.441017150878906
743,-464.7926025390625,-484.0559387207031,488.689453125,25.218994140625
744,-456.9451904296875,-450.6764831542969,485.2843017578125,24.413650512695312
745,-413.9678955078125,-505.3754577636719,427.4864501953125,21.35110092163086
746,-449.0142822265625,-475.1756896972656,470.756103515625,23.842514038085938
747,-431.924560546875,-440.59765625,457.4027099609375,22.8294677734375
748,-477.099853515625,-471.3145751953125,500.8837890625,25.973716735839844
749,-412.3111572265625,-464.26287841796875,430.2635498046875,21.009422302246094
750,-452.9046630859375,-494.64654541015625,468.7001953125,24.035377502441406
751,-440.5003662109375,-461.0607604980469,460.4134521484375,23.130111694335938
752,-466.1463623046875,-429.7894287109375,493.4698486328125,25.079383850097656
753,-444.0078125,-485.81842041015625,458.4283447265625,23.15768051147461
754,-463.6654052734375,-454.713134765625,484.864990234375,24.807106018066406
755,-435.5030517578125,-449.9339294433594,454.205078125,22.493000030517578
756,-443.409423828125,-447.5858154296875,462.558349609375,23.500370025634766
757,-457.7769775390625,-446.2506408691406,477.8758544921875,24.15447998046875
758,-461.2655029296875,-413.602783203125,486.8792724609375,24.769023895263672
759,-422.402587890625,-498.2049255371094,428.4091796875,21.427608489990234
760,-472.2935791015625,-409.6580810546875,498.2900390625,25.500823974609375
761,-448.904052734375,-405.0130920410156,472.9498291015625,23.307933807373047
762,-401.2730712890625,-428.52899169921875,415.956787109375,20.341495513916016
763,-457.2645263671875,-460.2154541015625,470.6151123046875,24.39037322998047
764,-459.004638671875,-398.3747253417969,483.1527099609375,24.178607940673828
765,-458.4468994140625,-455.27252197265625,471.494873046875,23.914230346679688
766,-450.828125,-392.643310546875,473.9498291015625,23.64920425415039
767,-453.361083984375,-419.67193603515625,471.0909423828125,23.826946258544922
768,-468.015625,-418.7113342285156,486.5841064453125,24.480224609375
769,-468.4110107421875,-415.9658508300781,486.7994384765625,24.984130859375
770,-441.78466796875,-411.54095458984375,458.0322265625,22.709369659423828
771,-433.7537841796875,-408.3216552734375,449.2247314453125,22.356670379638672
772,-453.21142578125,-407.2428283691406,469.90283203125,23.780906677246094
773,-473.484130859375,-406.35107421875,491.429443359375,25.063201904296875
774,-477.0025634765625,-404.4368896484375,494.9642333984375,24.97777557373047
775,-439.0911865234375,-428.5487976074219,448.7413330078125,22.241294860839844
776,-412.3944091796875,-364.4805603027344,430.9371337890625,21.2132568359375
777,-451.5830078125,-394.41973876953125,467.245361328125,23.70262908935547
778,-465.9202880859375,-393.54827880859375,482.3304443359375,24.19791030883789
779,-446.2391357421875,-389.4269714355469,461.122802734375,23.081172943115234
780,-482.98681640625,-419.5587463378906,494.662353515625,25.34302520751953
781,-451.7117919921875,-355.58648681640625,472.051025390625,23.565113067626953
782,-431.8570556640625,-380.9157409667969,445.2882080078125,21.729690551757812
783,-471.6456298828125,-381.6035461425781,487.46728515625,24.943683624267578
784,-429.891845703125,-346.4167175292969,448.3140869140625,22.051250457763672
785,-484.368408203125,-377.7135009765625,500.65087890625,25.54499053955078
786,-436.8619384765625,-430.8162536621094,438.887939453125,21.90219497680664
787,-471.2149658203125,-313.4869384765625,497.171142578125,24.980792999267578
788,-452.7637939453125,-397.49542236328125,461.00048828125,22.948238372802734
789,-472.2327880859375,-338.0295715332031,492.4229736328125,24.952144622802734
790,-464.5604248046875,-393.7642822265625,473.12939453125,23.857772827148438
791,-447.3912353515625,-331.51788330078125,465.688720703125,23.047229766845703
792,-480.20654296875,-360.885009765625,494.852783203125,25.05878448486328
793,-434.614990234375,-384.42755126953125,440.829345703125,21.67327117919922
794,-454.57861328125,-324.89794921875,472.8037109375,23.846439361572266
795,-436.8765869140625,-350.3578796386719,448.452392578125,21.903091430664062
796,-469.346435546875,-350.6881103515625,482.583251953125,24.613685607910156
797,-468.0172119140625,-406.98516845703125,469.97021484375,23.830554962158203
798,-441.8031005859375,-285.840087890625,464.100341796875,22.578704833984375
799,-459.701416015625,-371.80120849609375,466.434326171875,23.666366577148438
800,-409.714599609375,-336.9436340332031,418.9189453125,20.095890045166016
801,-479.10595703125,-310.5635986328125,497.5391845703125,25.490589141845703
802,-444.1876220703125,-334.81658935546875,455.02880859375,22.508445739746094
803,-451.7373046875,-362.48138427734375,457.2757568359375,22.78919219970703
804,-487.5633544921875,-305.0611267089844,505.8382568359375,25.483333587646484
805,-458.826171875,-329.2513732910156,469.957763671875,23.302711486816406
806,-500.8646240234375,-301.5103454589844,519.4842529296875,26.430984497070312
807,-457.99853515625,-382.9707336425781,457.6844482421875,22.85179901123047
808,-432.8065185546875,-291.70391845703125,447.5723876953125,21.74277114868164
809,-502.7713623046875,-323.72698974609375,515.44580078125,26.55931854248047
810,-435.216064453125,-316.42041015625,444.3121337890625,21.409141540527344
811,-479.3514404296875,-317.3721923828125,490.4862060546875,25.191123962402344
812,-461.796142578125,-314.2151794433594,471.8726806640625,23.137420654296875
813,-468.85400390625,-312.2560729980469,479.1336669921875,24.108341217041016
814,-433.9803466796875,-336.1972351074219,436.91650390625,21.461307525634766
815,-450.4815673828125,-277.45947265625,465.0963134765625,23.060100555419922
816,-468.748046875,-305.57989501953125,478.554931640625,23.910167694091797
817,-464.2265625,-274.3111877441406,479.165283203125,23.682594299316406
818,-454.3563232421875,-328.8094787597656,457.66748046875,22.867778778076172
819,-450.5245361328125,-326.6434326171875,453.439208984375,22.773353576660156
820,-445.81884765625,-237.48077392578125,465.011474609375,22.621013641357422
821,-452.94921875,-322.0555114746094,455.7633056640625,22.643383026123047
822,-477.0545654296875,-264.70391845703125,491.7235107421875,24.740436553955078
823,-452.2359619140625,-289.01617431640625,460.2308349609375,22.651138305664062
824,-468.1363525390625,-346.1310119628906,465.4951171875,23.397018432617188
825,-464.667724609375,-286.3997802734375,472.765380859375,23.3953857421875
826,-453.0328369140625,-225.2537841796875,471.6826171875,23.059783935546875
827,-439.3870849609375,-307.7532043457031,440.7957763671875,21.948272705078125
828,-468.192138671875,-280.0424499511719,476.0086669921875,23.7669677734375
829,-442.7884521484375,-246.82225036621094,455.0623779296875,22.258331298828125
830,-522.8798828125,-280.2725524902344,532.499755859375,27.273109436035156
831,-433.067138671875,-299.6669616699219,433.553466796875,20.617053985595703
832,-495.2828369140625,-245.16802978515625,509.036376953125,25.86200714111328
833,-469.0601806640625,-298.194580078125,470.62255859375,23.370101928710938
834,-471.429931640625,-267.7265930175781,478.447265625,23.946704864501953
835,-429.803466796875,-233.3018035888672,440.805419921875,21.08096694946289
836,-492.05615234375,-264.97967529296875,499.5443115234375,25.365467071533203
837,-460.2340087890625,-289.04339599609375,460.8896484375,22.96713638305664
838,-454.559814453125,-258.04937744140625,460.40771484375,22.706214904785156
839,-442.0653076171875,-226.17617797851562,452.9613037109375,21.802425384521484
840,-461.156005859375,-253.9091033935547,467.032470703125,23.48922348022461
841,-468.342529296875,-281.58685302734375,468.6710205078125,23.260528564453125
842,-440.8060302734375,-248.73939514160156,445.6705322265625,21.536094665527344
843,-478.5478515625,-249.6778106689453,484.4737548828125,24.326099395751953
844,-489.7723388671875,-220.1788787841797,501.4310302734375,25.110084533691406
845,-451.21826171875,-243.1559600830078,456.0733642578125,22.230445861816406
846,-430.9686279296875,-239.48858642578125,435.083740234375,20.945770263671875
847,-471.169921875,-240.91299438476562,476.2982177734375,23.79273223876953
848,-455.263916015625,-266.0056457519531,454.2471923828125,22.56576919555664
849,-459.8841552734375,-236.17401123046875,464.38232421875,22.858688354492188
850,-465.89306640625,-206.00869750976562,476.017822265625,23.533985137939453
851,-502.3665771484375,-235.7215576171875,507.72998046875,25.584415435791016
852,-462.86865234375,-230.60302734375,467.025390625,22.571468353271484
853,-435.222412109375,-225.62857055664062,438.63623046875,21.460689544677734
854,-493.686767578125,-229.1051788330078,498.3482666015625,25.027557373046875
855,-484.0186767578125,-226.3311309814453,488.2928466796875,24.317367553710938
856,-471.00634765625,-223.36253356933594,474.81640625,23.194480895996094
857,-441.1009521484375,-218.552001953125,444.1322021484375,21.377582550048828
858,-435.471923828125,-215.60597229003906,438.3233642578125,21.738121032714844
859,-476.1334228515625,-189.34695434570312,485.2440185546875,23.974224090576172
860,-414.4713134765625,-238.4342041015625,411.0626220703125,19.397804260253906
861,-515.2647705078125,-188.93264770507812,524.8818359375,26.942794799804688
862,-474.648681640625,-240.2472686767578,472.1597900390625,22.992591857910156
863,-436.7939453125,-206.4093017578125,439.0255126953125,21.380897521972656
864,-446.9647216796875,-205.39840698242188,449.2796630859375,21.749778747558594
865,-499.7432861328125,-207.9873046875,502.9141845703125,25.6898193359375
866,-420.923583984375,-171.15121459960938,428.081298828125,19.893932342529297
867,-473.2822265625,-229.88018798828125,470.1768798828125,23.5555419921875
868,-535.075439453125,-205.92196655273438,538.2991943359375,27.57561492919922
869,-408.4124755859375,-192.5312957763672,409.4920654296875,18.883209228515625
870,-450.1033935546875,-165.7665557861328,457.352294921875,22.290420532226562
871,-507.0164794921875,-225.42764282226562,503.8536376953125,25.55951690673828
872,-462.1578369140625,-163.50035095214844,469.2650146484375,22.86453628540039
873,-474.5987548828125,-190.68955993652344,476.2388916015625,23.23635482788086
874,-479.279296875,-217.2832794189453,475.2872314453125,23.933212280273438
875,-400.02001953125,-180.40274047851562,400.41650390625,18.30176544189453
876,-482.3857421875,-157.21560668945312,489.34814453125,24.72824478149414
877,-475.4412841796875,-211.33157348632812,471.0146484375,23.15271759033203
878,-487.02392578125,-154.63235473632812,493.65234375,24.31537628173828
879,-448.2264404296875,-176.99630737304688,448.8250732421875,21.440689086914062
880,-436.5994873046875,-173.90908813476562,436.987548828125,21.174118041992188
881,-472.599853515625,-203.3449249267578,467.66357421875,23.536701202392578
882,-458.9219970703125,-144.68212890625,464.7685546875,22.341644287109375
883,-466.5614013671875,-199.11428833007812,461.3287353515625,22.724029541015625
884,-427.152587890625,-137.7449188232422,432.5775146484375,20.647045135498047
885,-493.9796142578125,-169.8067626953125,494.275634765625,24.823352813720703
886,-426.5057373046875,-162.1307373046875,426.157470703125,20.069110870361328
887,-477.8643798828125,-192.69131469726562,472.225830078125,23.73776626586914
888,-477.66162109375,-163.35513305664062,477.3653564453125,23.447288513183594
889,-462.952880859375,-132.09881591796875,468.0372314453125,22.502819061279297
890,-482.9896240234375,-159.7825469970703,482.5478515625,23.865161895751953
891,-471.472412109375,-157.17623901367188,470.8076171875,22.94094467163086
892,-456.6829833984375,-153.9764862060547,455.851318359375,21.957584381103516
893,-455.8009033203125,-151.9068603515625,454.8856201171875,22.094135284423828
894,-469.185302734375,-151.20639038085938,468.2122802734375,23.195728302001953
895,-496.3946533203125,-152.31736755371094,495.288818359375,24.41118621826172
896,-473.7144775390625,-120.4928970336914,478.00146484375,23.14688491821289
897,-449.9844970703125,-171.76666259765625,443.1240234375,21.70468521118164
898,-474.070068359375,-116.88844299316406,478.126220703125,23.45394515991211
899,-407.258056640625,-164.40060424804688,400.16455078125,18.467037200927734
900,-469.6923828125,-140.4932403564453,468.019775390625,23.279346466064453
901,-426.12890625,-134.59202575683594,424.413330078125,20.212081909179688
902,-485.8070068359375,-166.3938751220703,478.3109130859375,23.881484985351562
903,-471.7742919921875,-107.8517837524414,475.241943359375,23.182395935058594
904,-478.5467529296875,-106.54996490478516,481.9180908203125,23.30820083618164
905,-482.6341552734375,-132.91897583007812,480.3389892578125,23.502765655517578
906,-417.3026123046875,-152.7369384765625,409.6134033203125,19.421920776367188
907,-450.95263671875,-126.55103302001953,448.5313720703125,21.640525817871094
908,-461.4111328125,-125.3692855834961,458.9111328125,22.684593200683594
909,-502.731689453125,-100.21662139892578,505.350341796875,24.916858673095703
910,-459.4083251953125,-149.86302185058594,451.091552734375,21.574844360351562
911,-462.2332763671875,-120.62496948242188,459.325927734375,22.334857940673828
912,-494.173583984375,-121.683837890625,490.97607421875,24.47386932373047
913,-460.6190185546875,-117.10592651367188,457.4920654296875,21.779071807861328
914,-456.4619140625,-114.60530853271484,453.3311767578125,22.011852264404297
915,-440.0870361328125,-111.0872802734375,437.0380859375,21.155872344970703
916,-472.97900390625,-85.07393646240234,475.01318359375,23.035293579101562
917,-505.4346923828125,-114.06839752197266,501.525390625,24.980487823486328
918,-428.525634765625,-105.37566375732422,425.2052001953125,19.560081481933594
919,-470.11767578125,-107.0625228881836,466.369140625,23.055419921875
920,-429.069580078125,-129.3520050048828,420.0966796875,19.823177337646484
921,-477.859375,-104.42330169677734,473.7939453125,23.680747985839844
922,-448.5186767578125,-100.07360076904297,444.6712646484375,21.25232696533203
923,-455.3892822265625,-99.02556610107422,451.357177734375,21.7020263671875
924,-444.8223876953125,-68.43663787841797,446.4005126953125,21.361446380615234
925,-457.8070068359375,-95.72034454345703,453.569580078125,21.73214340209961
926,-427.21337890625,-118.50923919677734,417.826904296875,20.04587173461914
927,-513.658203125,-70.32927703857422,513.868408203125,25.55602264404297
928,-461.1007080078125,-90.94769287109375,456.51416015625,21.93645477294922
929,-446.506103515625,-88.04987335205078,442.01025390625,20.78365707397461
930,-480.5216064453125,-116.82327270507812,469.941650390625,23.580806732177734
931,-465.2156982421875,-86.63558197021484,460.1895751953125,21.971691131591797
932,-477.40478515625,-58.17964172363281,477.655517578125,23.26046371459961
933,-465.4959716796875,-82.97681427001953,460.3267822265625,21.957275390625
934,-463.94189453125,-80.89984893798828,458.7491455078125,22.40549087524414
935,-493.1239013671875,-109.92357635498047,481.7100830078125,23.77112579345703
936,-423.2332763671875,-46.525875091552734,424.041748046875,19.439090728759766
937,-506.37841796875,-79.9003677368164,500.0697021484375,25.058441162109375
938,-415.107421875,-69.6159896850586,410.478515625,18.873424530029297
939,-471.5794677734375,-73.25115966796875,465.7423095703125,22.82135009765625
940,-452.0576171875,-69.66252136230469,446.5390625,21.59255599975586
941,-508.7410888671875,-46.452392578125,507.3114013671875,24.77932357788086
942,-409.7611083984375,-89.6612319946289,399.5111083984375,18.495849609375
943,-427.5948486328125,-89.76211547851562,416.8662109375,19.996315002441406
944,-465.4888916015625,-9.295622825622559,470.303466796875,22.89828109741211
945,-475.92919921875,-118.57661437988281,458.4169921875,22.40951919555664
946,-432.866455078125,-3.3754663467407227,438.1595458984375,20.227481842041016
947,-481.3951416015625,-88.03013610839844,469.104248046875,23.206947326660156
948,-455.4891357421875,-57.05715560913086,449.1019287109375,21.392532348632812
949,-496.3468017578125,-59.27333068847656,488.8505859375,24.034461975097656
950,-444.7955322265625,-52.57935333251953,438.53515625,20.651321411132812
951,-458.038818359375,-51.89137268066406,451.4139404296875,21.898609161376953
952,-427.2379150390625,-47.40814971923828,421.3182373046875,19.600540161132812
953,-466.5401611328125,-49.48588562011719,459.4930419921875,22.370967864990234
954,-480.3614501953125,-49.398929595947266,472.79296875,22.985015869140625
955,-456.6805419921875,-45.4046630859375,449.6939697265625,21.492843627929688
956,-484.2977294921875,-19.1920223236084,481.8763427734375,23.24765396118164
957,-473.2764892578125,-43.58212661743164,465.6651611328125,22.631633758544922
958,-450.14990234375,-39.96715545654297,443.0740966796875,20.82007598876953
959,-449.00146484375,-65.2848129272461,436.4759521484375,21.066871643066406
960,-445.7550048828125,-8.714418411254883,444.157470703125,21.088134765625
961,-4055.393310546875,46390.39453125,-5129.26318359375,5.504890441894531
962,-4606.6259765625,42778.80078125,-4079.02734375,22.278900146484375
963,-4261.25927734375,39389.4453125,-3743.66064453125,15.982231140136719
964,-3896.63818359375,36101.02734375,-3420.449951171875,15.565971374511719
965,-3452.43798828125,33058.265625,-3252.345703125,8.46200180053711
966,-3194.24853515625,30247.185546875,-2921.9150390625,12.176643371582031
967,-2849.63623046875,27650.638671875,-2726.44921875,7.432765960693359
968,-2523.44921875,25253.56640625,-2574.1728515625,2.807140350341797
969,-2347.124755859375,23040.27734375,-2306.0,5.8887481689453125
970,-2054.8330078125,20998.404296875,-2192.024169921875,0.23120880126953125
971,-1900.13427734375,19116.078125,-1936.256591796875,3.4934539794921875
972,-1685.8463134765625,17379.18359375,-1818.895751953125,0.05370330810546875
973,-1535.8924560546875,15779.001953125,-1646.65380859375,0.5558700561523438
974,-1378.1361083984375,14305.2314453125,-1495.57421875,0.3314399719238281
975,-1219.1279296875,12947.6103515625,-1389.934814453125,-1.6352386474609375
976,-1149.5716552734375,11697.9970703125,-1210.4578857421875,1.5951690673828125
977,-1026.0081787109375,10548.5068359375,-1090.8983154296875,1.0457992553710938
978,-923.3431396484375,9491.6376953125,-980.4276123046875,0.6447982788085938
979,-837.8723754882812,8520.416015625,-881.19921875,1.1667671203613281
980,-715.608642578125,7628.09814453125,-832.4244384765625,-1.1755218505859375
981,-642.7054443359375,6809.99462890625,-719.4451904296875,-0.5332794189453125
982,-584.468505859375,6059.44091796875,-626.7899169921875,0.5772857666015625
983,-507.82275390625,5370.828125,-585.5191650390625,-0.5821266174316406
984,-462.90753173828125,4740.875,-483.1326904296875,0.772857666015625
985,-379.03424072265625,4163.6220703125,-459.537841796875,-1.2116165161132812
986,-399.5828857421875,3636.26025390625,-336.6705322265625,3.1998291015625
987,-280.2674560546875,3154.924560546875,-344.423828125,-1.6179962158203125
988,-241.2100830078125,2714.77978515625,-315.9600830078125,-1.0939216613769531
989,-251.266357421875,2314.334716796875,-206.726806640625,1.9967422485351562
990,-160.3748779296875,1949.09765625,-231.4163818359375,-1.6922836303710938
991,-188.1873779296875,1617.4459228515625,-139.9786376953125,2.3181228637695312
992,-104.909423828125,1315.8489990234375,-159.654296875,-1.4903907775878906
993,-119.0859375,1042.195556640625,-92.3658447265625,1.3060035705566406
994,-101.6337890625,795.0047607421875,-49.6748046875,1.62701416015625
995,-69.558837890625,570.951171875,-46.6146240234375,0.6510963439941406
996,6.0404052734375,369.3605041503906,-78.4832763671875,-2.2946701049804688
997,-58.5264892578125,187.38465881347656,7.607421875,2.3795089721679688
998,24.7625732421875,24.320697784423828,-28.7667236328125,-2.1758956909179688
999,-61.6458740234375,58.068973541259766,68.8887939453125,4.503265380859375
1000,24.1875,-15.71144962310791,-30.4483642578125,-2.1877403259277344
1001,-21.017333984375,6.923585891723633,18.7213134765625,1.4214630126953125
1002,6.6832275390625,9.639361381530762,-8.0052490234375,-0.4577751159667969
1003,-16.91455078125,7.097010612487793,14.821044921875,1.0091400146484375
1004,17.8291015625,10.470501899719238,-18.723876953125,-1.1798744201660156
1005,23.966796875,11.100244522094727,-24.595703125,-1.3901786804199219
1006,14.7738037109375,10.041650772094727,-15.68212890625,-0.7909965515136719
1007,-26.105712890625,5.613987922668457,23.822265625,1.609130859375
1008,-15.7080078125,6.336125373840332,13.760986328125,0.74200439453125
1009,-16.1510009765625,33.33658981323242,19.6416015625,0.63665771484375
1010,-14.685302734375,-20.776094436645508,7.458251953125,0.917816162109375
1011,1.67138671875,7.328339576721191,-3.0255126953125,-0.6053390502929688
1012,-24.539794921875,-22.232091903686523,17.00732421875,1.52978515625
1013,-1.8050537109375,61.625526428222656,11.362548828125,0.15424728393554688
1014,11.7972412109375,-18.686567306518555,-18.04150390625,-1.0271797180175781
1015,-17.3677978515625,5.081562042236328,15.5496826171875,0.9389190673828125
1016,-43.57275390625,2.28067684173584,40.9144287109375,2.3841285705566406
1017,2.117919921875,-20.47501564025879,-8.6759033203125,-0.41068267822265625
1018,-9.597900390625,32.81911849975586,13.5887451171875,0.58941650390625
1019,4.4571533203125,6.940174102783203,-5.4014892578125,-0.575347900390625
1020,17.191650390625,35.64155578613281,-12.182861328125,-0.7789421081542969
1021,-39.7950439453125,-24.9536075592041,32.0450439453125,2.4183502197265625
1022,18.256103515625,7.434765815734863,-18.763671875,-1.5968894958496094
1023,-34.1490478515625,-24.848247528076172,26.6070556640625,2.0574951171875
1024,-1.248779296875,32.54804611206055,5.6259765625,-0.23717117309570312
1025,-37.573974609375,1.9512470960617065,35.4560546875,2.2655868530273438
1026,28.9451904296875,8.317532539367676,-28.920654296875,-1.9761238098144531
1027,10.0609130859375,6.559123516082764,-10.5579833984375,-0.4414405822753906
1028,-1.5911865234375,-22.5332088470459,-4.8074951171875,-0.34066009521484375
1029,-34.5159912109375,56.102027893066406,43.483154296875,2.311260223388672
1030,-1.3685302734375,-22.423633575439453,-4.8914794921875,-0.2556648254394531
1031,-16.876220703125,2.826931953430176,15.53125,0.93707275390625
1032,23.358642578125,6.898396015167236,-23.35498046875,-1.6152763366699219
1033,-25.284912109375,2.143014907836914,23.8238525390625,1.851898193359375
1034,-16.656005859375,2.2123987674713135,15.3572998046875,0.4367179870605469
1035,3.7630615234375,4.653349876403809,-4.268798828125,-0.1387939453125
1036,-35.29443359375,0.3801548480987549,33.5333251953125,2.0553512573242188
1037,9.4947509765625,4.6252946853637695,-9.8321533203125,-0.9168853759765625
1038,19.755126953125,5.6823272705078125,-19.7047119140625,-1.3783607482910156
1039,-53.85498046875,-1.722233533859253,51.64013671875,3.509227752685547
1040,4.5601806640625,3.5909531116485596,-4.9940185546875,-0.7318229675292969
1041,20.28662109375,5.49845027923584,-20.0975341796875,-1.1384086608886719
1042,-16.2943115234375,1.4254072904586792,15.3079833984375,0.8429183959960938
1043,-5.1644287109375,2.4950342178344727,4.5762939453125,0.2917366027832031
1044,-40.417236328125,25.934795379638672,44.16943359375,2.299224853515625
1045,15.4453125,-23.045516967773438,-20.7935791015625,-1.2522926330566406
1046,-36.0137939453125,-1.152040958404541,34.527099609375,2.3219642639160156
1047,46.552001953125,6.8631978034973145,-45.4744873046875,-3.3231658935546875
1048,-27.97119140625,-0.3704517185688019,26.847412109375,1.9077720642089844
1049,-30.5458984375,-1.0803693532943726,29.306396484375,1.7199783325195312
1050,32.9111328125,5.235128879547119,-32.141845703125,-2.2161483764648438
1051,-18.1624755859375,0.11901519447565079,17.4161376953125,1.2139091491699219
1052,-21.4290771484375,-0.5490886569023132,20.569580078125,1.2038764953613281
1053,-13.6121826171875,0.03643389418721199,13.0098876953125,0.6313323974609375
1054,-5.66015625,0.7052729725837708,5.333740234375,0.13906097412109375
1055,-1.96142578125,28.400859832763672,7.264892578125,0.11608505249023438
1056,-17.9482421875,-28.020177841186523,11.868408203125,0.8304367065429688
1057,-14.8709716796875,-0.8786913156509399,14.3023681640625,0.6570816040039062
1058,3.2987060546875,-26.1713924407959,-8.67041015625,-0.2590904235839844
1059,-6.809326171875,27.136873245239258,12.037841796875,0.3785285949707031
1060,-27.5836181640625,25.429893493652344,32.3177490234375,1.964385986328125
1061,22.224365234375,-24.784648895263672,-26.960205078125,-1.8032722473144531
1062,11.539306640625,28.654117584228516,-5.6488037109375,-0.6564559936523438
1063,-6.193115234375,-55.0843505859375,-4.7686767578125,0.20900726318359375
1064,-11.85888671875,25.87079429626465,17.0721435546875,0.8997268676757812
1065,-22.1070556640625,-2.475405693054199,21.6080322265625,1.054107666015625
1066,6.12109375,0.27016982436180115,-5.73046875,-0.42626190185546875
1067,-48.1314697265625,-5.346550941467285,46.92138671875,2.989917755126953
1068,-37.99755859375,-4.893296241760254,37.0311279296875,1.7960700988769531
1069,68.7568359375,6.091700077056885,-66.423828125,-4.429065704345703
1070,-14.5238037109375,25.335718154907227,19.9525146484375,1.3612136840820312
1071,1.6368408203125,-55.595970153808594,-12.170654296875,-0.44249725341796875
1072,-37.8939208984375,22.000356674194336,42.5439453125,2.4232940673828125
1073,-22.52001953125,-31.13442039489746,16.7552490234375,0.9328842163085938
1074,-3.4117431640625,25.274349212646484,9.1595458984375,0.15353775024414062
1075,4.0626220703125,26.34707260131836,2.0283203125,-0.16586685180664062
1076,3.2938232421875,-28.74371337890625,-8.1629638671875,-0.42388153076171875
1077,48.54541015625,-24.649343490600586,-52.119384765625,-3.247711181640625
1078,-63.13671875,19.081104278564453,67.3297119140625,4.424465179443359
1079,-17.2724609375,23.282556533813477,22.7784423828125,0.7711448669433594
1080,12.7135009765625,-28.525815963745117,-17.2281494140625,-1.1912307739257812
1081,-17.0302734375,-4.224038600921631,17.1640625,1.2861175537109375
1082,56.2489013671875,2.850301742553711,-53.989013671875,-3.762500762939453
1083,-36.81689453125,-6.206868648529053,36.494873046875,2.677845001220703
1084,-20.1702880859375,-5.292689800262451,20.2303466796875,0.857452392578125
1085,-25.7882080078125,-5.747830390930176,25.76904296875,1.5523147583007812
1086,1.3194580078125,-3.4161179065704346,-0.579833984375,-0.491363525390625
1087,23.2618408203125,-28.379901885986328,-27.2589111328125,-1.4872169494628906
1088,-23.2740478515625,21.49559211730957,28.89892578125,1.7145233154296875
1089,-29.02587890625,-6.595539093017578,29.0419921875,1.6181907653808594
1090,-6.15869140625,-4.737411022186279,6.7982177734375,-0.00548553466796875
1091,-33.114990234375,20.031414031982422,38.5367431640625,2.0848922729492188
1092,40.2308349609375,-54.893524169921875,-49.109130859375,-2.9584274291992188
1093,-14.944580078125,49.1400260925293,26.4595947265625,1.6820030212402344
1094,7.3265380859375,-31.059059143066406,-11.6068115234375,-0.9973182678222656
1095,-27.6363525390625,-7.366157054901123,27.86572265625,1.9208145141601562
1096,-2.861328125,-5.120600700378418,3.7978515625,0.0121612548828125
1097,-14.4609375,-6.421809673309326,15.1002197265625,0.7417449951171875
1098,-18.2357177734375,-7.0108466148376465,18.7840576171875,0.9037971496582031
1099,22.0762939453125,-3.058518171310425,-20.3568115234375,-1.5727386474609375
1100,-1.6568603515625,-5.2169389724731445,2.8162841796875,0.3982429504394531
1101,-40.3419189453125,-9.624032974243164,40.368408203125,2.3458099365234375
1102,18.361572265625,-3.998836040496826,-16.693115234375,-1.4942550659179688
1103,-7.9632568359375,-6.371163845062256,9.0135498046875,0.6931877136230469
1104,-5.7137451171875,-6.417582988739014,6.8284912109375,0.4015159606933594
1105,8.2437744140625,-5.320422172546387,-6.74755859375,-0.7124862670898438
1106,-10.47314453125,-7.147063732147217,11.5211181640625,0.745758056640625
1107,-4.22509765625,-6.718356609344482,5.4630126953125,0.2890968322753906
1108,-15.50048828125,-8.218202590942383,16.408935546875,0.6833534240722656
1109,-27.218994140625,-9.44225025177002,27.8551025390625,1.5872154235839844
1110,-44.2025146484375,-11.344496726989746,44.391357421875,2.5970458984375
1111,65.8743896484375,-0.5691118240356445,-62.66943359375,-4.529949188232422
1112,-18.131591796875,-8.394155502319336,19.2244873046875,1.72613525390625
1113,5.2723388671875,-6.709585189819336,-3.6212158203125,-0.3998222351074219
1114,-38.8470458984375,-38.78099822998047,33.8284912109375,2.1831893920898438
1115,12.8436279296875,20.903587341308594,-5.5062255859375,-0.9114341735839844
1116,2.3642578125,-7.163728713989258,-0.653076171875,-0.09373855590820312
1117,-39.2529296875,-11.813738822937012,39.8006591796875,2.3286476135253906
1118,-11.82275390625,-9.339640617370605,13.1123046875,0.4496307373046875
1119,10.9169921875,-7.085268020629883,-8.962646484375,-0.8447608947753906
1120,-0.7445068359375,-35.6089973449707,-3.0234375,0.08430099487304688
1121,-2.9954833984375,18.572288513183594,10.0997314453125,0.2354583740234375
1122,-46.56396484375,14.545268058776855,52.6317138671875,3.1965713500976562
1123,8.8702392578125,-35.425010681152344,-12.37158203125,-1.1827850341796875
1124,-13.916259765625,17.24325942993164,20.857421875,1.2056961059570312
1125,30.9522705078125,-33.28109359741211,-33.7666015625,-2.299457550048828
1126,-13.957763671875,-10.504565238952637,15.466552734375,1.0677986145019531
1127,18.6737060546875,-7.297989845275879,-16.2586669921875,-1.0834388732910156
1128,-48.660400390625,-41.68427658081055,43.8310546875,2.9662704467773438
1129,21.9759521484375,47.10563278198242,-8.554443359375,-1.5392379760742188
1130,-29.7340087890625,-39.692298889160156,25.540283203125,1.8364067077636719
1131,1.6868896484375,-9.930622100830078,0.320068359375,-0.23806381225585938
1132,12.30419921875,-8.673832893371582,-9.9232177734375,-0.7058448791503906
1133,-3.689208984375,-10.435251235961914,5.6781005859375,0.2810516357421875
1134,-3.962158203125,-38.152103424072266,0.4644775390625,0.07047653198242188
1135,-58.7889404296875,10.903042793273926,64.83251953125,3.697284698486328
1136,46.1829833984375,-6.002736568450928,-42.8466796875,-3.2111740112304688
1137,-16.06396484375,-12.137725830078125,17.8709716796875,1.1936149597167969
1138,-13.1527099609375,-12.299150466918945,14.9998779296875,0.6441650390625
1139,2.27392578125,-10.660931587219238,0.048095703125,-0.000408172607421875
1140,3.8077392578125,-10.777388572692871,-1.4444580078125,-0.28342437744140625
1141,-13.2156982421875,-12.669742584228516,15.1624755859375,0.7268791198730469
1142,-32.34912109375,-14.684679985046387,33.8463134765625,2.0315208435058594
1143,-1.90478515625,15.49840259552002,9.6602783203125,-0.025905609130859375
1144,-12.341796875,-40.4296760559082,8.9151611328125,0.40886688232421875
1145,4.8101806640625,-11.491711616516113,-2.2991943359375,-0.21737289428710938
1146,0.7242431640625,-39.29792785644531,-3.738037109375,-0.022182464599609375
1147,9.4647216796875,16.19228172302246,-1.280029296875,-0.34404754638671875
1148,-49.807373046875,-44.77640914916992,45.5501708984375,2.747051239013672
1149,-11.6470947265625,13.523435592651367,19.302001953125,0.6732368469238281
1150,29.3560791015625,-9.441433906555176,-26.02783203125,-1.7937583923339844
1151,0.387451171875,14.96781063079834,7.73388671875,0.3351173400878906
1152,-23.586669921875,-15.045737266540527,25.64453125,1.5217971801757812
1153,-6.402099609375,-68.99397277832031,-2.188720703125,-0.34117889404296875
1154,14.6968994140625,-11.865469932556152,-11.701416015625,-0.6659774780273438
1155,-5.931396484375,13.675941467285156,13.992431640625,0.6328010559082031
1156,-1.45458984375,-13.516286849975586,4.155029296875,-0.005817413330078125
1157,-29.7696533203125,-16.627866744995117,31.7744140625,1.8145484924316406
1158,19.12158203125,-12.018184661865234,-15.913818359375,-1.4174957275390625
1159,-62.643310546875,-20.198543548583984,63.903564453125,3.8935699462890625
1160,33.6229248046875,-10.962607383728027,-30.0283203125,-2.4544754028320312
1161,3.945556640625,-13.50550365447998,-0.9312744140625,0.130035400390625
1162,-19.8201904296875,-16.40973472595215,22.2052001953125,1.1145133972167969
1163,2.6187744140625,13.310202598571777,5.8646240234375,0.050266265869140625
1164,-46.92333984375,-46.79827117919922,43.233154296875,2.610301971435547
1165,5.991943359375,-41.94791793823242,-8.4320068359375,-0.6172752380371094
1166,19.826171875,-12.94059944152832,-16.3505859375,-1.01953125
1167,3.10595703125,12.707488059997559,5.48583984375,-0.13071441650390625
1168,-32.3616943359375,9.272561073303223,40.1827392578125,2.2543678283691406
1169,-5.8966064453125,-43.375099182128906,3.35107421875,0.12094497680664062
1170,-34.4476318359375,-19.306610107421875,36.6617431640625,1.9134712219238281
1171,42.5325927734375,16.052379608154297,-32.894287109375,-2.5859832763671875
1172,-25.538818359375,-45.50101852416992,22.6676025390625,1.6747474670410156
1173,1.54443359375,-16.00677490234375,1.6402587890625,-0.14459991455078125
1174,51.4964599609375,-10.872014999389648,-47.0460205078125,-3.1571922302246094
1175,-24.4293212890625,-18.45978546142578,27.1456298828125,1.7866401672363281
1176,-24.2088623046875,-18.91292381286621,26.8919677734375,1.37664794921875
1177,-6.053466796875,10.447779655456543,14.7305908203125,0.6451454162597656
1178,-26.68212890625,-74.23662567138672,18.40966796875,1.3200454711914062
1179,-10.8902587890625,36.57569885253906,24.889892578125,0.7124443054199219
1180,3.9547119140625,-43.751564025878906,-5.9127197265625,-0.41181182861328125
1181,-17.696533203125,8.379725456237793,26.150634765625,1.1271133422851562
1182,49.7890625,-66.99734497070312,-56.13671875,-3.222919464111328
1183,-48.4508056640625,5.009830474853516,56.2518310546875,3.242687225341797
1184,1.56982421875,-45.01917266845703,-3.5631103515625,-0.6074638366699219
1185,-41.7423095703125,5.555932521820068,49.79248046875,2.864398956298828
1186,7.49560546875,-16.898637771606445,-3.7325439453125,-0.426544189453125
1187,25.9251708984375,-15.498784065246582,-21.7734375,-1.8053741455078125
1188,5.60302734375,-17.27547264099121,-1.8067626953125,0.018505096435546875
1189,-52.50390625,-23.453445434570312,54.9595947265625,3.3637619018554688
1190,51.1895751953125,-13.629634857177734,-46.43017578125,-3.641082763671875
1191,-32.5498046875,-21.30030632019043,35.6103515625,2.7031288146972656
1192,-7.0908203125,-19.718734741210938,10.58935546875,0.03467559814453125
1193,-0.79296875,-18.906517028808594,4.5283203125,0.07070159912109375
1194,2.4205322265625,8.83083438873291,6.9273681640625,0.056488037109375
1195,0.888916015625,-73.90626525878906,-8.03564453125,-0.31854248046875
1196,-10.9603271484375,6.8145833015441895,19.9864501953125,0.8271102905273438
1197,-28.7689208984375,-22.19379425048828,32.0096435546875,1.7213554382324219
1198,20.1556396484375,-17.685253143310547,-15.8453369140625,-1.4323081970214844
1199,-12.2767333984375,-20.609827041625977,15.98828125,1.2148628234863281
1200,-35.0716552734375,4.027014255523682,43.718505859375,2.1506271362304688
1201,23.2366943359375,-45.19552230834961,-24.2552490234375,-1.7949142456054688
1202,-11.61181640625,-21.416805267333984,15.3349609375,0.786407470703125
1203,11.283447265625,-19.028213500976562,-6.980224609375,-0.5062522888183594
1204,-23.7818603515625,4.704379558563232,32.8206787109375,1.5862464904785156
1205,8.1807861328125,-47.07925033569336,-9.3818359375,-0.5758514404296875
1206,-8.796875,-21.810482025146484,12.675537109375,0.4822654724121094
1207,15.0225830078125,-19.295886993408203,-10.54248046875,-0.8313636779785156
1208,-33.1376953125,-24.144927978515625,36.6239013671875,2.3072357177734375
1209,16.2381591796875,-19.786441802978516,-11.743408203125,-1.3514366149902344
1210,-11.5091552734375,-22.271162033081055,15.5206298828125,0.9532089233398438
1211,13.4635009765625,-47.77661895751953,-14.459228515625,-1.1836624145507812
1212,-16.743408203125,4.178627014160156,26.15185546875,1.2784805297851562
1213,-24.4661865234375,-23.99942970275879,28.28564453125,1.5541763305664062
1214,-11.5281982421875,-23.110797882080078,15.6004638671875,0.6265220642089844
1215,-0.077392578125,5.486338138580322,9.9407958984375,0.112091064453125
1216,3.2452392578125,-49.12139129638672,-4.2427978515625,-0.22762680053710938
1217,17.5704345703125,-20.68341827392578,-12.8074951171875,-1.0512886047363281
1218,-43.5390625,-54.05873107910156,41.6160888671875,2.9676055908203125
1219,5.9017333984375,-22.330461502075195,-1.3695068359375,-0.556488037109375
1220,19.176513671875,6.744044780731201,-8.759765625,-1.0305976867675781
1221,21.3155517578125,-20.471799850463867,-16.2847900390625,-1.2112884521484375
1222,-41.05224609375,-27.058185577392578,44.767822265625,2.6360816955566406
1223,29.5218505859375,-20.435461044311523,-24.3671875,-2.1180496215820312
1224,16.736572265625,-48.86495590209961,-17.2218017578125,-0.7550926208496094
1225,-43.1241455078125,-0.1490856409072876,52.3968505859375,3.146709442138672
1226,-3.3681640625,-24.022891998291016,7.94921875,-0.11740875244140625
1227,-8.3546142578125,-24.663902282714844,12.861572265625,0.3948326110839844
1228,9.112060546875,-22.9014835357666,-4.186767578125,-0.4594383239746094
1229,-25.3192138671875,-26.555522918701172,29.553955078125,1.5696640014648438
1230,-24.1173095703125,-26.627397537231445,28.39599609375,1.4680290222167969
1231,-4.2503662109375,-24.72188377380371,8.9747314453125,0.31383514404296875
1232,32.068603515625,-21.378007888793945,-26.60888671875,-2.1742286682128906
1233,1.9224853515625,3.382366418838501,8.537353515625,0.31558990478515625
1234,-0.9224853515625,-52.13754653930664,0.3338623046875,0.025653839111328125
1235,-35.125,-28.506900787353516,39.31494140625,2.2710342407226562
1236,-0.395751953125,-25.174922943115234,5.3123779296875,-0.0951080322265625
1237,-52.407958984375,-2.770339012145996,61.8623046875,3.5076942443847656
1238,26.2076416015625,-77.8509292602539,-31.71533203125,-2.151378631591797
1239,1.119140625,2.017524242401123,9.40478515625,0.25109100341796875
1240,-0.833984375,-53.048702239990234,0.4012451171875,-0.058746337890625
1241,-11.773193359375,0.6920509338378906,22.1470947265625,1.18231201171875
1242,24.31982421875,-23.288818359375,-18.6954345703125,-1.5167236328125
1243,-9.162353515625,-26.864334106445312,14.1380615234375,0.6593017578125
1244,-42.9324951171875,-30.508142471313477,47.2498779296875,2.599262237548828
1245,14.5057373046875,-25.06662368774414,-9.068115234375,-1.1448860168457031
1246,-15.694091796875,-27.78745460510254,20.658447265625,1.2929916381835938
1247,11.5181884765625,-53.10504913330078,-11.5758056640625,-0.9734039306640625
1248,10.904541015625,1.9348981380462646,0.10107421875,-0.2791900634765625
1249,25.359375,-23.964914321899414,-19.4879150390625,-1.29083251953125
1250,-50.39453125,-32.01546859741211,54.7677001953125,3.162677764892578
1251,29.0528564453125,-51.90150833129883,-28.6622314453125,-1.9905166625976562
1252,-5.2547607421875,-0.4122202396392822,16.027099609375,0.4647254943847656
1253,6.8956298828125,-26.463693618774414,-1.28857421875,-0.24584197998046875
1254,-54.186767578125,-32.906795501708984,58.6207275390625,3.493793487548828
1255,7.1466064453125,-27.325904846191406,-1.600341796875,-0.8268928527832031
1256,0.874755859375,-27.714998245239258,4.655517578125,0.042766571044921875
1257,10.5623779296875,-26.840198516845703,-4.8123779296875,-0.4882774353027344
1258,-13.5738525390625,-1.5907174348831177,24.457275390625,1.4682083129882812
1259,19.3631591796875,-53.980533599853516,-18.94091796875,-1.6319503784179688
1260,-46.8753662109375,-33.15240478515625,51.6048583984375,3.0941390991210938
1261,1.69775390625,-28.582111358642578,3.937744140625,-0.2998809814453125
1262,19.330810546875,-26.77350425720215,-13.3035888671875,-1.1653518676757812
1263,-6.562255859375,-29.186676025390625,12.1995849609375,0.8578605651855469
1264,-39.122314453125,-5.322657585144043,49.6396484375,2.5750579833984375
1265,11.220458984375,-55.61664962768555,-10.7838134765625,-1.0453033447265625
1266,23.1864013671875,-54.70103454589844,-22.53173828125,-1.5459327697753906
1267,-10.752685546875,-2.7671124935150146,21.9051513671875,1.2440299987792969
1268,-1.9559326171875,-29.613189697265625,7.78125,0.10280609130859375
1269,-30.5482177734375,-60.19914245605469,30.3646240234375,1.9650840759277344
1270,8.590576171875,-29.300949096679688,-2.6107177734375,-0.6924324035644531
1271,-5.9075927734375,-3.0670151710510254,17.217041015625,0.3996429443359375
1272,-2.395751953125,-30.055683135986328,8.3560791015625,0.36116790771484375
1273,27.1602783203125,-55.18911361694336,-26.230712890625,-1.8748321533203125
1274,-35.797119140625,-6.338262557983398,46.6824951171875,2.670398712158203
1275,-25.02490234375,-32.88446044921875,30.636474609375,1.5762443542480469
1276,6.1051025390625,-2.4627559185028076,5.5775146484375,-0.17415618896484375
1277,0.513916015625,-58.321022033691406,0.0670166015625,-0.3331565856933594
1278,7.6697998046875,-57.885154724121094,-6.9638671875,-0.4785957336425781
1279,-10.1461181640625,23.043336868286133,27.13330078125,1.1191864013671875
1280,35.456787109375,-54.89205551147461,-34.1103515625,-2.2094955444335938
1281,-49.328125,-36.28505325317383,54.661865234375,3.310985565185547
1282,18.510986328125,-57.43586730957031,-17.5220947265625,-1.4421119689941406
1283,-27.522705078125,-34.470462799072266,33.278564453125,1.869720458984375
1284,21.2679443359375,25.44115447998047,-3.6051025390625,-1.0972671508789062
1285,-27.7152099609375,-34.18852233886719,33.6416015625,1.9578971862792969
1286,17.9852294921875,-57.98737716674805,-16.8876953125,-1.3511581420898438
1287,-4.6953125,-32.559078216552734,10.9951171875,0.7376556396484375
1288,-8.9835205078125,-33.25975799560547,15.21240234375,0.5794677734375
1289,-25.70703125,-35.15093231201172,31.6634521484375,1.5045280456542969
1290,24.6099853515625,-30.274194717407227,-17.77392578125,-1.6010856628417969
1291,-2.0704345703125,-32.71416091918945,8.5531005859375,0.5175971984863281
1292,-23.7391357421875,-35.30462646484375,29.82861328125,1.463470458984375
1293,-12.9271240234375,-34.4782600402832,19.2042236328125,0.6635704040527344
1294,-0.8997802734375,-33.178138732910156,7.452392578125,0.2500152587890625
1295,-21.2730712890625,-62.898651123046875,22.0050048828125,1.4451179504394531
1296,16.094970703125,-4.589010715484619,-3.77099609375,-1.0441055297851562
1297,-27.1922607421875,-35.97547912597656,33.4405517578125,1.9486656188964844
1298,48.0645751953125,-29.187585830688477,-40.6614990234375,-3.2454376220703125
1299,-42.2188720703125,-37.75656509399414,48.2764892578125,3.083087921142578
1300,26.5849609375,-31.422739028930664,-19.44873046875,-1.6394996643066406
1301,-29.2379150390625,-36.83848190307617,35.5467529296875,2.155242919921875
1302,24.406982421875,-59.762508392333984,-22.8204345703125,-1.980865478515625
1303,-33.203125,-9.898082733154297,45.0260009765625,2.78717041015625
1304,30.7847900390625,-59.22361755371094,-29.0076904296875,-2.359832763671875
1305,-25.0552978515625,18.032304763793945,42.545654296875,2.089527130126953
1306,8.8621826171875,-61.26908493041992,-7.30322265625,-0.6645393371582031
1307,17.527587890625,-5.505379676818848,-4.801025390625,-0.4955902099609375
1308,-47.5694580078125,-39.58975601196289,53.7987060546875,3.1138954162597656
1309,31.77197265625,-60.08369064331055,-29.9046630859375,-2.5441627502441406
1310,-12.0478515625,-36.3963737487793,18.8812255859375,1.3041305541992188
1311,-8.494384765625,-36.44856643676758,15.360595703125,0.48845672607421875
1312,-13.757080078125,-37.09202194213867,20.572021484375,0.8457832336425781
1313,-4.35009765625,-8.684820175170898,16.859619140625,0.3729705810546875
1314,0.3428955078125,-63.17204666137695,1.305419921875,0.17267608642578125
1315,32.490478515625,-33.06200408935547,-24.9080810546875,-2.016185760498047
1316,-22.5841064453125,-38.10773849487305,29.4544677734375,1.9353599548339844
1317,-12.8731689453125,-37.78144836425781,19.82373046875,0.6631202697753906
1318,13.632080078125,-35.27287292480469,-6.2462158203125,-0.9618873596191406
1319,7.7900390625,-63.241783142089844,-5.917724609375,-0.23130035400390625
1320,-1.89990234375,-36.94231033325195,9.130126953125,0.4338531494140625
1321,-49.5928955078125,-14.30556583404541,61.6319580078125,3.1278610229492188
1322,20.09765625,-35.184654235839844,-12.5093994140625,-1.587890625
1323,1.924560546875,-36.80141830444336,5.4788818359375,0.18894577026367188
1324,15.17236328125,-63.2813720703125,-13.0733642578125,-0.797882080078125
1325,-15.960205078125,16.248401641845703,34.16650390625,1.5724830627441406
1326,-49.0352783203125,-69.71946716308594,50.27783203125,3.0162124633789062
1327,3.8006591796875,-37.89957046508789,3.5943603515625,-0.6717567443847656
1328,3.3741455078125,-37.42635726928711,4.168212890625,-0.005329132080078125
1329,-10.0169677734375,-11.22773551940918,22.9202880859375,0.9851570129394531
1330,35.5400390625,-62.088314056396484,-32.987548828125,-2.2949905395507812
1331,8.2291259765625,-37.19344711303711,-0.5064697265625,0.1396331787109375
1332,-15.102294921875,-40.040138244628906,22.43896484375,0.7882270812988281
1333,-7.4344482421875,-39.094482421875,14.970947265625,0.8010749816894531
1334,11.3675537109375,-37.51057052612305,-3.5618896484375,-0.5844192504882812
1335,-34.028564453125,-69.7650375366211,35.69091796875,2.122814178466797
1336,-0.2618408203125,-39.288150787353516,7.8853759765625,-0.09168243408203125
1337,13.4888916015625,-10.117256164550781,-0.0584716796875,-0.6599960327148438
1338,4.3736572265625,-10.886062622070312,9.0072021484375,0.023693084716796875
1339,25.68359375,-64.28453063964844,-23.0445556640625,-1.67889404296875
1340,-52.27685546875,-44.48423385620117,59.37548828125,3.794422149658203
1341,10.3155517578125,-38.85634994506836,-2.39697265625,-0.8889045715332031
1342,11.0888671875,-38.45143508911133,-3.0445556640625,-0.33156585693359375
1343,-41.046630859375,-43.92572784423828,48.362548828125,2.651531219482422
1344,-5.937744140625,-13.21859359741211,19.2384033203125,0.24369049072265625
1345,25.740478515625,-64.93190002441406,-22.91845703125,-1.42864990234375
1346,7.399658203125,-39.51085662841797,0.6678466796875,-0.09198379516601562
1347,-13.7366943359375,-41.780975341796875,21.536376953125,0.9269866943359375
1348,5.061767578125,-39.98379135131836,3.033447265625,-0.12105560302734375
1349,-16.5771484375,-42.4199333190918,24.37646484375,0.9859237670898438
1350,-5.622314453125,-41.33415222167969,13.6220703125,0.5148429870605469
1351,24.7196044921875,-38.4501953125,-16.2838134765625,-1.358123779296875
1352,-18.4920654296875,-42.70604705810547,26.4068603515625,1.521728515625
1353,24.0582275390625,-66.75253295898438,-21.16748046875,-1.8918342590332031
1354,-26.79638671875,-16.146499633789062,40.18115234375,2.408935546875
1355,-22.6829833984375,-43.788726806640625,30.576416015625,1.1995010375976562
1356,25.8453369140625,-39.09990310668945,-17.285888671875,-1.5439224243164062
1357,-5.936279296875,-14.514301300048828,19.6732177734375,0.8153343200683594
1358,-3.3089599609375,-69.64790344238281,6.0638427734375,0.24810791015625
1359,-17.7723388671875,-71.63811492919922,20.28271484375,1.0438957214355469
1360,33.6788330078125,-11.370787620544434,-19.4239501953125,-1.9054718017578125
1361,-26.025146484375,-44.291954040527344,34.161865234375,2.2574501037597656
1362,10.560302734375,-41.44685363769531,-2.0513916015625,-0.6489906311035156
1363,-51.1683349609375,-47.61152267456055,58.931884765625,3.2767677307128906
1364,23.0577392578125,-40.83102035522461,-14.40625,-1.8990287780761719
1365,-4.5155029296875,-42.945648193359375,12.9862060546875,0.819427490234375
1366,33.7178955078125,-39.64833450317383,-24.8070068359375,-2.042736053466797
1367,-17.400390625,-44.44496154785156,25.77099609375,1.6645927429199219
1368,-11.6041259765625,-44.50368881225586,19.979736328125,0.637115478515625
1369,-13.1654052734375,-44.71772384643555,21.5623779296875,0.8356399536132812
1370,0.1202392578125,-43.386600494384766,8.49609375,0.22963714599609375
1371,-19.3465576171875,-17.913114547729492,33.2530517578125,1.3440399169921875
1372,4.2265625,-98.41931915283203,-6.5328369140625,-0.2879371643066406
1373,4.24853515625,-16.202829360961914,9.9283447265625,-0.13994598388671875
1374,18.6639404296875,-41.82535171508789,-9.66748046875,-0.8192367553710938
1375,-4.0869140625,-16.59028434753418,18.3515625,0.8607711791992188
1376,5.3922119140625,-71.34530639648438,-2.085205078125,-0.5132904052734375
1377,-29.3035888671875,-47.36317443847656,37.7232666015625,2.079540252685547
1378,18.1031494140625,-42.96012878417969,-9.1181640625,-1.3028602600097656
1379,40.8538818359375,-68.13392639160156,-37.03173828125,-2.3265953063964844
1380,-32.0281982421875,-20.169353485107422,46.0634765625,2.5967559814453125
1381,-6.711669921875,-45.42544937133789,15.554931640625,0.5379981994628906
1382,-10.2672119140625,-46.28694534301758,19.0223388671875,0.44271087646484375
1383,-9.8790283203125,-46.14137268066406,18.7100830078125,0.767974853515625
1384,34.31494140625,-69.58950805664062,-30.4771728515625,-2.1063613891601562
1385,-20.9296875,-19.58075714111328,35.259521484375,2.120044708251953
1386,2.5787353515625,-17.660829544067383,12.0008544921875,-0.1856689453125
1387,-1.9622802734375,-45.703857421875,11.026123046875,0.2703437805175781
1388,37.25146484375,-69.79193878173828,-33.277099609375,-2.2515716552734375
1389,-30.2496337890625,-48.915260314941406,39.012939453125,2.2607040405273438
1390,9.8753662109375,-45.24176788330078,-0.6614990234375,-0.6351852416992188
1391,6.07958984375,-45.37154769897461,3.1875,0.1031341552734375
1392,-2.2943115234375,-74.20166778564453,5.927978515625,0.22422409057617188
1393,-3.3009033203125,-47.00565719604492,12.4298095703125,0.2972297668457031
1394,-53.52294921875,-24.22356414794922,67.692138671875,3.5465660095214844
1395,23.3638916015625,-16.772891998291016,-8.322509765625,-1.4406661987304688
1396,26.6405029296875,-99.41741180419922,-28.090087890625,-1.7543373107910156
1397,-51.9764404296875,-24.456483840942383,66.2447509765625,3.9244384765625
1398,24.8310546875,-44.78856658935547,-15.2467041015625,-1.7718315124511719
1399,-2.3167724609375,-47.409019470214844,11.6669921875,0.3574981689453125
1400,9.507568359375,-18.576839447021484,5.5460205078125,-0.08266830444335938
1401,-3.6865234375,-75.37640380859375,7.5667724609375,0.2528800964355469
1402,-7.4088134765625,-48.40278625488281,16.7611083984375,0.7975921630859375
1403,-2.5240478515625,-48.14802932739258,11.9381103515625,0.1157684326171875
1404,18.1832275390625,-73.91339111328125,-14.0555419921875,-1.2771453857421875
1405,20.6541748046875,-18.25417709350586,-5.3851318359375,-0.7309455871582031
1406,-26.7486572265625,-50.38533020019531,36.0919189453125,2.108001708984375
1407,14.7603759765625,-46.812442779541016,-5.037353515625,-0.7374114990234375
1408,-17.337890625,-50.13829040527344,26.750732421875,1.16680908203125
1409,-18.7164306640625,-50.348819732666016,28.1513671875,1.3654937744140625
1410,26.363037109375,-46.29402160644531,-16.492431640625,-1.8086891174316406
1411,-17.76025390625,-22.56907081604004,32.8360595703125,1.7235221862792969
1412,-25.6094970703125,-78.97090148925781,29.5511474609375,1.622833251953125
1413,2.777587890625,-76.70440673828125,1.3946533203125,-0.208526611328125
1414,7.5687255859375,-21.0136775970459,7.7322998046875,-0.3756561279296875
1415,12.3311767578125,-47.77872848510742,-2.37548828125,-0.4424781799316406
1416,2.308837890625,-49.12691116333008,7.5274658203125,0.09569168090820312
1417,-14.4300537109375,-50.865631103515625,24.1351318359375,1.1906356811523438
1418,5.240234375,-49.19547653198242,4.656005859375,-0.21024322509765625
1419,19.715087890625,-75.5301284790039,-15.17333984375,-1.1451301574707031
1420,-0.7779541015625,-22.300962448120117,16.204345703125,0.5421485900878906
1421,-37.9100341796875,-25.834354400634766,53.0584716796875,2.724040985107422
1422,-40.1351318359375,-81.81535339355469,44.1817626953125,2.3416671752929688
1423,1.2308349609375,-50.52763366699219,8.69482421875,-0.12432098388671875
1424,1.625,-50.28873825073242,8.3927001953125,0.02880859375
1425,57.2781982421875,-44.725486755371094,-46.676025390625,-3.117168426513672
1426,-0.7916259765625,-50.46541976928711,10.89599609375,0.5679168701171875
1427,3.1983642578125,-50.527889251708984,6.9071044921875,-0.08797454833984375
1428,34.3460693359375,-75.27930450439453,-29.4593505859375,-2.112323760986328
1429,-46.7158203125,-55.66409683227539,56.4183349609375,3.266223907470703
1430,-14.891845703125,2.801593065261841,35.9873046875,1.3910903930664062
1431,8.298828125,-77.99651336669922,-3.5299072265625,-0.6573295593261719
1432,12.1280517578125,-50.41718292236328,-1.844970703125,-0.6064949035644531
1433,-5.7828369140625,-52.125083923339844,15.9664306640625,0.5120620727539062
1434,25.763916015625,-49.00484848022461,-15.249267578125,-1.2191963195800781
1435,-27.3299560546875,-54.40743637084961,37.3905029296875,1.9523277282714844
1436,-7.249267578125,-52.596923828125,17.5045166015625,0.7129707336425781
1437,10.32080078125,-78.89796447753906,-5.455078125,-0.7840423583984375
1438,-24.16845703125,0.9581053853034973,45.400634765625,2.239307403564453
1439,13.1773681640625,-78.55809783935547,-8.175537109375,-1.0071258544921875
1440,39.546875,-48.57163619995117,-28.805908203125,-2.0890960693359375
1441,-51.9239501953125,-57.522701263427734,61.9439697265625,3.5391616821289062
1442,40.4215087890625,-48.855735778808594,-29.6470947265625,-2.5139007568359375
1443,-3.29443359375,-80.7774658203125,8.2313232421875,0.321990966796875
1444,-26.7545166015625,-27.845882415771484,42.5718994140625,2.1604461669921875
1445,5.9083251953125,-52.327964782714844,4.705078125,-0.2242279052734375
1446,-31.217041015625,-56.279502868652344,41.513916015625,2.035236358642578
1447,2.2542724609375,-25.411266326904297,13.873779296875,0.06872940063476562
1448,10.1529541015625,-79.82633972167969,-4.93310546875,-0.3672828674316406
1449,-14.16259765625,-55.2337532043457,24.6265869140625,0.8499374389648438
1450,39.086669921875,-77.56584167480469,-33.64990234375,-2.376331329345703
1451,25.150634765625,4.268293380737305,-3.1724853515625,-0.781097412109375
1452,-45.42333984375,-85.57184600830078,50.341064453125,3.1065101623535156
1453,9.07958984375,-53.43996047973633,1.6693115234375,-0.5377540588378906
1454,19.365966796875,-79.91934967041016,-13.9781494140625,-1.0577888488769531
1455,10.4825439453125,-25.489248275756836,5.9217529296875,-0.1098175048828125
1456,-6.064208984375,-54.711082458496094,16.8819580078125,0.6818084716796875
1457,-23.7694091796875,-57.030487060546875,34.389892578125,1.3838424682617188
1458,8.9000244140625,-53.830440521240234,2.015625,-0.45395660400390625
1459,-13.29248046875,-55.77293014526367,24.129638671875,1.4137039184570312
1460,8.55419921875,-26.52094078063965,7.9168701171875,-0.5647315979003906
1461,4.2269287109375,-81.89493560791016,1.2833251953125,0.16919326782226562
1462,15.817626953125,-53.71316146850586,-4.770263671875,-0.7688636779785156
1463,-35.559326171875,-58.60834503173828,46.303955078125,2.5386619567871094
1464,-15.8319091796875,-84.82788848876953,21.1563720703125,0.8395233154296875
1465,52.0604248046875,-22.886171340942383,-35.161376953125,-3.0447425842285156
1466,-40.58740234375,-31.367631912231445,56.9796142578125,3.1869049072265625
1467,17.445068359375,-81.77182006835938,-11.7747802734375,-1.2620849609375
1468,-4.783935546875,-56.412174224853516,15.8355712890625,0.5705947875976562
1469,-4.6964111328125,-84.00382995605469,10.2869873046875,0.6041145324707031
1470,22.9710693359375,-26.305198669433594,-6.1600341796875,-1.1980857849121094
1471,-5.599609375,-84.22654724121094,11.25634765625,0.5356216430664062
1472,25.1671142578125,-26.37664794921875,-8.302734375,-1.4097023010253906
1473,-26.564697265625,-58.55494689941406,37.7042236328125,2.267314910888672
1474,4.9478759765625,-56.19895553588867,6.3172607421875,-0.2904777526855469
1475,-13.966796875,-58.075382232666016,25.1461181640625,1.0112838745117188
1476,3.574462890625,-56.3245849609375,7.7740478515625,0.1516876220703125
1477,-23.574462890625,-31.466388702392578,40.28466796875,1.7595481872558594
1478,42.9808349609375,-108.15540313720703,-42.3880615234375,-2.6766395568847656
1479,-36.125,-33.10315704345703,52.7666015625,2.761810302734375
1480,19.2265625,-55.23075866699219,-7.6702880859375,-1.0013198852539062
1481,30.9752197265625,-82.1241455078125,-24.8919677734375,-1.8847541809082031
1482,5.941162109375,-56.836814880371094,5.557861328125,0.17848587036132812
1483,-45.398681640625,-6.524324893951416,67.6666259765625,3.2585906982421875
1484,51.1019287109375,-52.70655059814453,-39.27099609375,-3.4057350158691406
1485,-22.6505126953125,-87.47219848632812,28.5574951171875,1.9650917053222656
1486,-51.2052001953125,-35.34900665283203,67.947265625,3.581188201904297
1487,-5.6746826171875,-58.75568389892578,17.1932373046875,0.18201065063476562
1488,29.0980224609375,-110.87847137451172,-28.404052734375,-1.8103713989257812
1489,37.9979248046875,-27.143613815307617,-20.6717529296875,-2.015979766845703
1490,-42.771728515625,-62.14406967163086,54.248046875,3.2655715942382812
1491,0.98193359375,-58.55534744262695,10.672607421875,0.04138946533203125
1492,26.571044921875,-55.991764068603516,-14.70947265625,-1.3266563415527344
1493,4.7464599609375,-58.32797622680664,6.9957275390625,-0.12981414794921875
1494,-26.024658203125,-61.31790542602539,37.635986328125,2.0082969665527344
1495,8.398193359375,-58.191795349121094,3.4132080078125,-0.2811622619628906
1496,12.386474609375,-85.85292053222656,-6.09765625,-0.9178657531738281
1497,9.6617431640625,-30.57855224609375,7.7315673828125,-0.0964508056640625
1498,-7.7529296875,-59.8140869140625,19.6029052734375,0.8796577453613281
1499,21.2674560546875,-57.359283447265625,-9.283935546875,-1.0500679016113281
1500,-34.98193359375,-62.850624084472656,46.7012939453125,2.6068191528320312
1501,10.0899658203125,-58.793739318847656,1.8577880859375,-0.4825439453125
1502,8.4329833984375,-59.14609909057617,3.5164794921875,-0.5370407104492188
1503,-3.43115234375,-32.403709411621094,20.9237060546875,0.6739387512207031
1504,13.8778076171875,-86.26319122314453,-7.3262939453125,-0.6989326477050781
1505,-20.0408935546875,-62.17238998413086,31.9246826171875,1.6320610046386719
1506,-1.8223876953125,-60.524539947509766,13.82568359375,0.26158905029296875
1507,-17.7247314453125,-62.05686950683594,29.6942138671875,1.4197578430175781
1508,1.6435546875,-60.430362701416016,10.4217529296875,0.023120880126953125
1509,37.265380859375,-56.946998596191406,-24.9754638671875,-2.0499191284179688
1510,1.9912109375,-60.35359573364258,10.1715087890625,0.33942413330078125
1511,-22.5794677734375,-63.01154708862305,34.6177978515625,1.6862373352050781
1512,26.30615234375,-58.52006912231445,-14.0340576171875,-1.569793701171875
1513,-7.1148681640625,-61.61526107788086,19.2972412109375,0.8625831604003906
1514,2.2943115234375,-60.96497344970703,9.92919921875,0.089752197265625
1515,8.427734375,-60.47050094604492,3.849853515625,-0.2879791259765625
1516,-8.4222412109375,-62.19236373901367,20.6497802734375,0.8089218139648438
1517,-0.90673828125,-61.65153884887695,13.1788330078125,0.23921585083007812
1518,2.4598388671875,-61.168495178222656,9.898193359375,0.4177398681640625
1519,29.9866943359375,-58.83328628540039,-17.5216064453125,-1.651458740234375
1520,-7.220703125,-62.421409606933594,19.56689453125,0.8636589050292969
1521,3.9267578125,-61.663795471191406,8.4537353515625,-0.11083984375
1522,-35.01953125,-65.47586822509766,47.2686767578125,2.4419898986816406
1523,-15.555419921875,-63.845054626464844,27.8861083984375,1.0458946228027344
1524,20.3636474609375,-60.44854736328125,-7.8524169921875,-1.1998176574707031
1525,-3.667724609375,-62.54816436767578,16.1610107421875,0.7906379699707031
1526,21.5550537109375,-88.26737213134766,-14.5220947265625,-1.277099609375
1527,12.919677734375,-61.47563934326172,-0.3714599609375,-0.4691352844238281
1528,12.3985595703125,-5.917359828948975,11.281005859375,-0.27355194091796875
1529,-50.15966796875,-94.93878936767578,57.0887451171875,3.6192398071289062
1530,31.9010009765625,-60.313724517822266,-19.2723388671875,-2.1014404296875
1531,-20.916015625,-65.03353118896484,33.455078125,1.6462326049804688
1532,4.81298828125,-62.84126663208008,7.814697265625,-0.21173858642578125
1533,10.3515625,-62.13246536254883,2.36962890625,-0.16495513916015625
1534,17.6812744140625,-61.712955474853516,-4.9417724609375,-0.89984130859375
1535,-3.92822265625,-63.6281852722168,16.6600341796875,0.8777961730957031
1536,5.3375244140625,-63.20877456665039,7.3863525390625,-0.2264404296875
1537,-5.375,-64.26033782958984,18.099609375,0.5776596069335938
1538,18.7967529296875,-61.910728454589844,-5.942626953125,-0.7551383972167969
1539,-30.169189453125,-66.8531265258789,42.857177734375,2.171051025390625
1540,19.97607421875,-90.15486907958984,-12.67626953125,-1.408172607421875
1541,7.586181640625,-63.41572189331055,5.2744140625,0.05585479736328125
1542,-13.75537109375,-37.80562210083008,32.109619140625,1.2164192199707031
1543,11.054443359375,-35.26532745361328,7.452880859375,-0.210662841796875
1544,-16.9490966796875,-93.84227752685547,24.2755126953125,1.0987167358398438
1545,-6.78466796875,-65.32877349853516,19.67138671875,0.8582916259765625
1546,30.6138916015625,-61.86396789550781,-17.5882568359375,-1.8332901000976562
1547,20.013427734375,-62.82831573486328,-6.97021484375,-0.9529228210449219
1548,-26.119140625,-95.09674072265625,33.5169677734375,2.0359344482421875
1549,-19.278076171875,-39.2263298034668,37.7486572265625,1.667083740234375
1550,22.8463134765625,-62.935035705566406,-9.736572265625,-1.4205665588378906
1551,-6.977783203125,-37.915794372558594,25.594482421875,1.0724830627441406
1552,12.034423828125,-91.93048858642578,-4.4432373046875,-0.7496604919433594
1553,5.9974365234375,-64.91558074951172,7.1138916015625,0.08821868896484375
1554,16.598876953125,-64.02398681640625,-3.435791015625,-0.8797111511230469
1555,-33.9267578125,-68.7699966430664,47.01318359375,2.6643753051757812
1556,-10.341064453125,-67.01873016357422,23.4415283203125,0.600494384765625
1557,-19.24267578125,-67.66304016113281,32.3983154296875,1.614349365234375
1558,44.728271484375,-61.90009689331055,-31.4354248046875,-2.8751144409179688
1559,-4.9775390625,-66.2806396484375,18.2540283203125,0.9763755798339844
1560,16.509521484375,-64.51082611083984,-3.1915283203125,-0.6283416748046875
1561,5.132568359375,-38.022705078125,13.7005615234375,-0.0115509033203125
1562,11.7989501953125,-120.70620727539062,-9.51416015625,-0.6313133239746094
1563,29.15869140625,-36.02559280395508,-10.2532958984375,-1.1775779724121094
1564,19.6153564453125,-64.51958465576172,-6.1805419921875,-0.9472160339355469
1565,-54.3643798828125,-71.8198471069336,67.634521484375,3.919261932373047
1566,33.8433837890625,-63.902259826660156,-20.434814453125,-2.312602996826172
1567,-11.9678955078125,-67.8963394165039,25.3876953125,1.2890205383300781
1568,-40.3133544921875,-70.90030670166016,53.66455078125,2.882457733154297
1569,51.307373046875,-34.624488830566406,-32.2423095703125,-3.2110252380371094
1570,-4.855224609375,-95.08979797363281,12.862060546875,0.8389511108398438
1571,7.3277587890625,-94.61451721191406,0.6126708984375,-0.23956298828125
1572,-29.7547607421875,-42.53644943237305,48.7489013671875,2.4600677490234375
1573,13.125,-66.36151123046875,0.435546875,-0.8877334594726562
1574,-25.724609375,-70.01872253417969,39.2608642578125,2.0765419006347656
1575,8.834716796875,-67.16763305664062,4.722900390625,-0.6332244873046875
1576,36.2818603515625,-92.12033081054688,-28.1396484375,-2.008136749267578
1577,2.02978515625,-39.835044860839844,17.1614990234375,0.6293182373046875
1578,-38.98095703125,-71.58267974853516,52.610595703125,2.8523101806640625
1579,15.4296875,-66.97991943359375,-1.7830810546875,-1.102081298828125
1580,7.9453125,-39.524009704589844,11.3319091796875,0.09393692016601562
1581,-0.4189453125,-95.98246002197266,8.6390380859375,0.3347053527832031
1582,20.652099609375,-38.7686767578125,-1.364013671875,-0.8347091674804688
1583,-3.1016845703125,-96.40428924560547,11.3673095703125,0.5547561645507812
1584,-14.5615234375,-70.39132690429688,28.2606201171875,1.0134162902832031
1585,2.987548828125,-68.46607208251953,10.8204345703125,0.15081787109375
1586,14.9263916015625,-67.40272521972656,-1.0780029296875,-0.6000099182128906
1587,-2.387451171875,-69.09833526611328,16.2459716796875,0.5901870727539062
1588,11.08642578125,-96.00563049316406,-2.7803955078125,-0.7355003356933594
1589,21.1436767578125,-39.347347259521484,-1.6995849609375,-0.7643203735351562
1590,0.424560546875,-68.92739868164062,13.5400390625,0.44722747802734375
1591,18.2032470703125,-67.5526123046875,-4.2425537109375,-0.7526016235351562
1592,19.691162109375,-67.45954132080078,-5.6998291015625,-0.7855796813964844
1593,-28.7064208984375,-72.42581939697266,42.6298828125,1.9685401916503906
1594,0.7183837890625,-97.53058624267578,7.7125244140625,0.06591796875
1595,13.8468017578125,-40.69567108154297,5.701416015625,-0.362701416015625
1596,-29.1290283203125,-44.51088333129883,48.73828125,2.4439048767089844
1597,47.111572265625,-93.43238067626953,-38.58251953125,-3.2298622131347656
1598,-18.998046875,-71.81352233886719,33.0650634765625,1.8452262878417969
1599,17.713134765625,-40.606414794921875,1.9429931640625,-0.6908416748046875
1600,-9.8502197265625,-98.80064392089844,18.4613037109375,0.94354248046875
1601,-26.8505859375,-100.99410247802734,35.380859375,1.88348388671875
1602,7.608154296875,-14.475083351135254,17.5638427734375,-0.3456001281738281
1603,31.339111328125,-94.95826721191406,-22.60302734375,-1.659881591796875
1604,35.1204833984375,-95.15454864501953,-26.4561767578125,-1.8265800476074219
1605,-28.3167724609375,-45.57190704345703,48.0687255859375,2.505359649658203
1606,0.3656005859375,-42.839534759521484,19.4447021484375,0.3368110656738281
1607,8.9256591796875,-125.64889526367188,-5.7247314453125,-0.49396514892578125
1608,-9.4210205078125,-44.533607482910156,29.1575927734375,0.8680305480957031
1609,-4.9393310546875,-71.43303680419922,19.272705078125,0.6443710327148438
1610,7.1744384765625,-70.52703094482422,7.1513671875,-0.10834503173828125
1611,-9.1136474609375,-44.26690673828125,29.011962890625,1.1108016967773438
1612,12.791015625,-97.8897476196289,-3.9398193359375,-0.607635498046875
1613,-29.655029296875,-74.46002960205078,44.0086669921875,2.3198089599609375
1614,41.154296875,-67.97721099853516,-26.7984619140625,-2.726055145263672
1615,-1.4619140625,-71.61016082763672,15.925048828125,0.7297554016113281
1616,-24.28515625,-102.0119400024414,33.1751708984375,1.7439041137695312
1617,2.87890625,-43.985260009765625,17.0865478515625,0.19893646240234375
1618,23.416259765625,-69.53779602050781,-8.8927001953125,-1.1142921447753906
1619,2.2037353515625,-44.0493278503418,17.840087890625,0.20598602294921875
1620,-0.29052734375,-99.84082794189453,9.3109130859375,0.328094482421875
1621,42.6986083984375,-68.33331298828125,-28.1917724609375,-2.3492660522460938
1622,-21.00244140625,-74.15167999267578,35.60791015625,1.9675788879394531
1623,29.136474609375,-69.71270751953125,-14.5672607421875,-1.5649757385253906
1624,-2.144775390625,-72.61241912841797,16.7734375,0.6611442565917969
1625,15.8009033203125,-71.10494232177734,-1.177978515625,-0.6238174438476562
1626,-27.9019775390625,-75.51457977294922,42.5364990234375,1.9489631652832031
1627,-1.0699462890625,-73.02082061767578,15.71728515625,0.31369781494140625
1628,7.341552734375,-100.10888671875,1.787109375,-0.24784088134765625
1629,-6.65380859375,-45.881473541259766,26.8839111328125,0.9736137390136719
1630,-1.9635009765625,-45.43859100341797,22.2364501953125,0.2960624694824219
1631,-4.73193359375,-101.32032012939453,13.9677734375,0.5862541198730469
1632,12.244140625,-100.22262573242188,-3.0823974609375,-0.6003265380859375
1633,20.7669677734375,-43.55953598022461,-0.4632568359375,-0.6814002990722656
1634,-31.8961181640625,-76.2400131225586,46.7703857421875,2.5291976928710938
1635,47.321044921875,-69.3533935546875,-32.5877685546875,-3.1082191467285156
1636,19.0712890625,-71.57662200927734,-4.20263671875,-0.5343170166015625
1637,-24.9559326171875,-76.05323028564453,39.8468017578125,2.050975799560547
1638,10.5535888671875,-72.85865783691406,4.3095703125,-0.3467864990234375
1639,12.7969970703125,-72.6588363647461,2.0966796875,-0.3988456726074219
1640,9.3880615234375,-100.90074157714844,-0.011474609375,-0.21181488037109375
1641,-19.12548828125,-48.35914993286133,39.5703125,1.4815750122070312
1642,16.2232666015625,-72.50931549072266,-1.2562255859375,-0.7154998779296875
1643,-0.1905517578125,-74.18118286132812,15.1854248046875,0.53631591796875
1644,-22.6922607421875,-104.65235137939453,32.122802734375,1.3747215270996094
1645,20.604736328125,-44.85748291015625,-0.114013671875,-0.924102783203125
1646,4.5772705078125,-45.888553619384766,16.0604248046875,0.40251922607421875
1647,12.242431640625,-73.21354675292969,2.8427734375,-0.3051109313964844
1648,31.9771728515625,-99.49170684814453,-22.483154296875,-1.6828842163085938
1649,-20.6051025390625,-76.98135375976562,35.68115234375,1.6245346069335938
1650,7.77587890625,-74.23294067382812,7.30908203125,-0.20758819580078125
1651,12.476806640625,-73.71978759765625,2.6466064453125,-0.3106498718261719
1652,-12.3363037109375,-48.48282241821289,33.0279541015625,1.0886802673339844
1653,-25.46630859375,-105.35518646240234,35.144287109375,1.8495712280273438
1654,-5.2841796875,-75.9995346069336,20.427734375,0.6464653015136719
1655,55.2808837890625,-98.17826843261719,-45.7471923828125,-3.5810470581054688
1656,-23.876953125,-21.556346893310547,50.287109375,2.868389129638672
1657,-14.6895751953125,-104.75348663330078,24.4219970703125,0.7933082580566406
1658,44.5301513671875,-99.68519592285156,-34.97216796875,-2.940265655517578
1659,-17.98486328125,-49.226844787597656,38.8807373046875,2.2812728881835938
1660,12.5196533203125,-46.70124816894531,8.3056640625,-0.59210205078125
1661,19.2357177734375,-101.66108703613281,-9.455810546875,-0.8360176086425781
1662,1.4884033203125,-103.96985626220703,8.240234375,0.0322723388671875
1663,-0.096923828125,-48.26038360595703,20.9703369140625,0.5827522277832031
1664,8.2333984375,-75.1003646850586,7.1632080078125,-0.05649566650390625
1665,13.84814453125,-74.99365997314453,1.4935302734375,-0.6740798950195312
1666,4.6080322265625,-75.72216796875,10.8082275390625,0.2661552429199219
1667,-8.4854736328125,-77.32990264892578,23.8990478515625,0.7079620361328125
1668,12.5816650390625,-75.25212097167969,2.83447265625,-0.3962554931640625
1669,27.3077392578125,-73.77230072021484,-11.8760986328125,-1.1236000061035156
1670,-52.7337646484375,-81.72721862792969,68.304931640625,3.6253509521484375
1671,-2.029296875,-49.146263122558594,23.052001953125,0.46363067626953125
1672,69.3094482421875,-125.99221801757812,-65.035888671875,-4.509876251220703
1673,-56.3896484375,-54.34284973144531,77.580078125,4.575206756591797
1674,12.6622314453125,-75.98965454101562,2.8240966796875,-0.9738197326660156
1675,30.2269287109375,-74.0309066772461,-14.7056884765625,-1.3515510559082031
1676,-15.7877197265625,-78.42398834228516,31.441650390625,1.6866111755371094
1677,9.1353759765625,-76.54856872558594,6.4102783203125,-0.4910430908203125
1678,-6.5657958984375,-77.79285430908203,22.2208251953125,0.998046875
1679,23.94677734375,-75.26307678222656,-8.3944091796875,-1.3841133117675781
1680,-20.00732421875,-107.10205078125,30.1876220703125,1.8092117309570312
1681,38.837158203125,-46.28131103515625,-17.7738037109375,-2.227203369140625
1682,-1.8958740234375,-77.40617370605469,17.6619873046875,0.8124465942382812
1683,-3.6077880859375,-106.10513305664062,13.749267578125,0.3054656982421875
1684,4.537353515625,-49.493797302246094,16.710693359375,0.4001731872558594
1685,-15.90869140625,-51.41959762573242,37.2557373046875,1.3260879516601562
1686,12.515625,-104.46228790283203,-2.2999267578125,-0.4460906982421875
1687,-9.5867919921875,-79.19227600097656,25.341064453125,0.8928756713867188
1688,33.001220703125,-75.10263061523438,-17.3184814453125,-1.9074821472167969
1689,-5.7674560546875,-78.52448272705078,21.629638671875,1.0591964721679688
1690,7.523193359375,-77.70063018798828,8.259765625,-0.2944183349609375
1691,35.489990234375,-74.80557250976562,-19.7161865234375,-1.6304473876953125
1692,-26.13671875,-80.84109497070312,42.08544921875,2.149883270263672
1693,15.1351318359375,-77.12150573730469,0.69189453125,-0.6177291870117188
1694,-3.0589599609375,-50.93546676635742,24.51904296875,0.7214088439941406
1695,23.441162109375,-132.27256774902344,-18.691162109375,-1.5588874816894531
1696,-6.92626953125,-51.8139762878418,28.361572265625,0.9671630859375
1697,-7.4505615234375,-79.2732925415039,23.46826171875,1.015869140625
1698,23.908203125,-76.75119018554688,-8.03662109375,-1.3037185668945312
1699,7.27685546875,-78.2632064819336,8.6864013671875,-0.04555511474609375
1700,-1.452880859375,-51.10346603393555,23.0338134765625,0.8538360595703125
1701,-10.9923095703125,-135.96218872070312,15.955810546875,0.7404823303222656
1702,-3.1156005859375,-52.05223846435547,24.617919921875,0.5584487915039062
1703,-16.060791015625,-108.69581604003906,26.621826171875,1.1464157104492188
1704,17.1063232421875,-49.91110610961914,4.431640625,-0.44652557373046875
1705,0.5709228515625,-79.22554779052734,15.541259765625,0.34462738037109375
1706,43.634033203125,-103.37376403808594,-33.2432861328125,-2.6001319885253906
1707,0.447509765625,-51.670310974121094,21.2037353515625,0.6419258117675781
1708,-2.377197265625,-79.54811096191406,18.5789794921875,0.8235244750976562
1709,-1.1973876953125,-79.93695068359375,17.3359375,0.38370513916015625
1710,3.1341552734375,-79.58585357666016,13.00830078125,0.12620162963867188
1711,10.9117431640625,-50.96897506713867,10.7755126953125,-0.23701858520507812
1712,-10.5963134765625,-108.75797271728516,21.30908203125,0.9449539184570312
1713,11.8050537109375,-107.15340423583984,-1.240966796875,-0.602874755859375
1714,-12.61083984375,-53.55939483642578,34.4012451171875,1.3348579406738281
1715,37.7711181640625,-48.551116943359375,-16.0836181640625,-1.9621391296386719
1716,17.6790771484375,-106.26760864257812,-6.9844970703125,-0.7329139709472656
1717,-13.70947265625,-81.5899429321289,30.0394287109375,1.6386642456054688
1718,10.122802734375,-79.7159423828125,6.0902099609375,-0.6015701293945312
1719,3.896484375,-107.89909362792969,6.8717041015625,0.3078651428222656
1720,19.9755859375,-51.079139709472656,1.763427734375,-1.0110969543457031
1721,-42.35595703125,-84.24542999267578,58.93017578125,3.486652374267578
1722,2.9652099609375,-80.85787200927734,13.309326171875,-0.36493682861328125
1723,9.920654296875,-79.82909393310547,6.4154052734375,-0.18397140502929688
1724,7.6151123046875,-80.18073272705078,8.7357177734375,-0.13727188110351562
1725,15.220458984375,-79.42627716064453,1.1331787109375,-0.4632530212402344
1726,16.5076904296875,-79.3891372680664,-0.1458740234375,-0.5745124816894531
1727,-18.387939453125,-82.78218841552734,34.9014892578125,1.6534042358398438
1728,10.6317138671875,-80.22528839111328,5.7611083984375,-0.36370849609375
1729,19.19189453125,-79.33377838134766,-2.7933349609375,-0.7137107849121094
1730,-4.3643798828125,-81.65034484863281,20.871826171875,0.7759857177734375
1731,1.5423583984375,-81.2249984741211,14.945556640625,0.3234062194824219
1732,11.193115234375,-80.54297637939453,5.244140625,-0.5451469421386719
1733,-1.2593994140625,-81.5938949584961,17.796142578125,0.546112060546875
1734,42.173828125,-77.51901245117188,-25.79931640625,-2.192577362060547
1735,-15.3822021484375,-82.91236877441406,32.035888671875,1.6686515808105469
1736,-5.7711181640625,-82.48770141601562,22.330810546875,0.4774627685546875
1737,13.5338134765625,-52.53416442871094,8.5511474609375,-0.29483795166015625
1738,-7.822509765625,-110.32402038574219,18.9482421875,0.8829116821289062
1739,-8.9088134765625,-83.14981079101562,25.49609375,0.708099365234375
1740,12.2630615234375,-80.8731689453125,4.30810546875,-0.40076446533203125
1741,31.9454345703125,-106.84808349609375,-20.9691162109375,-1.53167724609375
1742,22.61181640625,-52.24617385864258,-0.5369873046875,-0.9906806945800781
1743,22.271728515625,-79.75389099121094,-5.6329345703125,-0.7822036743164062
1744,-59.866455078125,-59.85553741455078,82.4010009765625,4.564876556396484
1745,41.5472412109375,-134.54742431640625,-36.1680908203125,-3.0189666748046875
1746,-9.7840576171875,-55.47614288330078,32.0736083984375,1.5159492492675781
1747,27.0772705078125,-79.89637756347656,-10.4576416015625,-1.5438613891601562
1748,-12.7685546875,-111.5782470703125,24.0447998046875,1.3157005310058594
1749,2.9239501953125,-54.73439407348633,19.3148193359375,0.09308242797851562
1750,1.525634765625,-82.25291442871094,15.2972412109375,0.48639678955078125
1751,21.8551025390625,-80.75723266601562,-5.1781005859375,-1.1042861938476562
1752,10.193359375,-81.65052032470703,6.597412109375,0.051876068115234375
1753,16.5367431640625,-81.3792724609375,0.1954345703125,-0.7448043823242188
1754,-32.4112548828125,-85.88431549072266,49.422607421875,2.6920623779296875
1755,10.619873046875,-82.2131576538086,6.1444091796875,-0.5314865112304688
1756,32.123291015625,-80.097412109375,-15.424560546875,-1.7370338439941406
1757,-9.4569091796875,-83.79193878173828,26.421142578125,1.3763427734375
1758,2.0765380859375,-83.11748504638672,14.7879638671875,0.14293289184570312
1759,21.7772216796875,-81.2996826171875,-4.992431640625,-1.1034889221191406
1760,-1.891357421875,-83.5022201538086,18.8236083984375,0.5540275573730469
1761,12.4281005859375,-54.10670852661133,10.0224609375,-0.02721405029296875
1762,-1.116455078125,-111.39763641357422,12.5455322265625,0.3230628967285156
1763,-18.9578857421875,-85.60513305664062,35.9627685546875,1.4972686767578125
1764,39.89404296875,-79.95246887207031,-23.1422119140625,-2.313091278076172
1765,1.731201171875,-83.1989974975586,15.2974853515625,0.7237434387207031
1766,3.150634765625,-83.43925476074219,13.8336181640625,0.2001953125
1767,-7.7899169921875,-84.57764434814453,24.8372802734375,0.8460121154785156
1768,3.325439453125,-83.60688018798828,13.67529296875,0.11520004272460938
1769,-11.6571044921875,-85.07196807861328,28.751708984375,1.0930366516113281
1770,46.909912109375,-79.5699691772461,-30.1033935546875,-2.6287612915039062
1771,5.995849609375,-83.3244857788086,11.0675048828125,0.21692657470703125
1772,13.202392578125,-110.83415222167969,-1.744140625,-0.5602340698242188
1773,-35.4271240234375,-59.664947509765625,58.2393798828125,2.8865890502929688
1774,0.2449951171875,-84.20021057128906,16.8697509765625,0.18308639526367188
1775,49.336669921875,-79.57536315917969,-32.47021484375,-2.6822128295898438
1776,-28.5640869140625,-86.900146484375,45.8790283203125,2.4378509521484375
1777,41.216796875,-108.59466552734375,-29.8626708984375,-2.4742584228515625
1778,-9.7645263671875,-57.39519500732422,32.5323486328125,1.4281654357910156
1779,-24.6343994140625,-86.7305908203125,41.9716796875,1.9478836059570312
1780,45.672119140625,-80.34584045410156,-28.7462158203125,-2.602466583251953
1781,-17.29833984375,-58.1020393371582,40.183837890625,1.9180755615234375
1782,17.99755859375,-111.02252960205078,-6.4364013671875,-1.1572914123535156
1783,14.50537109375,-83.47725677490234,2.6220703125,-0.3749809265136719
1784,1.565673828125,-84.56873321533203,15.68408203125,0.4786109924316406
1785,-19.7646484375,-86.71385955810547,37.135009765625,1.760162353515625
1786,12.4666748046875,-84.02388763427734,4.6873779296875,-0.7426490783691406
1787,-14.2413330078125,-86.25617980957031,31.615478515625,1.4766464233398438
1788,52.598388671875,-80.29400634765625,-35.6390380859375,-3.249622344970703
1789,-18.90380859375,-114.64031219482422,30.8013916015625,1.8515396118164062
1790,11.15771484375,-56.325775146484375,11.6124267578125,-0.16856765747070312
1791,-9.8031005859375,-114.03176879882812,21.65869140625,0.8352127075195312
1792,50.8326416015625,-24.653596878051758,-22.7041015625,-2.5336875915527344
1793,-2.198486328125,-112.8980484008789,14.12744140625,0.8350563049316406
1794,-19.33544921875,-87.52184295654297,36.7613525390625,1.5009841918945312
1795,-14.375,-86.86210632324219,31.830078125,1.3165817260742188
1796,57.02734375,-108.26280212402344,-45.551025390625,-3.5592880249023438
1797,-6.2366943359375,-58.21592712402344,29.219482421875,1.1003799438476562
1798,1.9739990234375,-57.15786361694336,21.0386962890625,0.6037940979003906
1799,25.4459228515625,-111.19622039794922,-13.7069091796875,-1.48504638671875
1800,-7.3424072265625,-86.37068176269531,24.828857421875,1.2443122863769531
1801,-40.2579345703125,-61.7689323425293,63.48046875,2.904876708984375
1802,22.73876953125,-139.72581481933594,-16.524658203125,-1.5544395446777344
1803,7.3837890625,-57.56104278564453,15.533447265625,0.06998443603515625
1804,-13.9586181640625,-114.95242309570312,26.03173828125,1.4197311401367188
1805,40.7730712890625,-54.44537353515625,-18.0186767578125,-2.2065773010253906
1806,2.9600830078125,-85.50493621826172,14.5849609375,0.36045074462890625
1807,-21.1336669921875,-115.9561996459961,33.2540283203125,1.9029998779296875
1808,17.9134521484375,-28.761377334594727,10.5711669921875,-0.5958595275878906
1809,35.35498046875,-110.50750732421875,-23.5101318359375,-1.9461593627929688
1810,17.4058837890625,-84.68215942382812,0.029296875,-0.5256004333496094
1811,-54.826416015625,-91.482177734375,72.7410888671875,3.9884262084960938
1812,36.4415283203125,-83.20329284667969,-19.132568359375,-2.242584228515625
1813,-0.57373046875,-86.3280258178711,18.19482421875,0.6836318969726562
1814,16.2867431640625,-84.98389434814453,1.207763671875,-0.6636619567871094
1815,24.16357421875,-84.22486114501953,-6.6968994140625,-1.0809097290039062
1816,-0.216796875,-86.50045013427734,17.861328125,0.5942230224609375
1817,-14.78857421875,-60.02265930175781,38.077392578125,1.5350685119628906
1818,21.3636474609375,-140.79837036132812,-14.9776611328125,-1.614288330078125
1819,7.7445068359375,-58.24624252319336,15.3692626953125,0.22670364379882812
1820,19.17919921875,-84.75408172607422,-1.5894775390625,-0.7262382507324219
1821,-11.0682373046875,-87.76227569580078,28.840576171875,1.3211402893066406
1822,-4.9124755859375,-115.41366577148438,17.0703125,0.5651664733886719
1823,4.94482421875,-58.630619049072266,18.2493896484375,0.2887420654296875
1824,32.9674072265625,-111.65545654296875,-20.982177734375,-1.7302665710449219
1825,-24.6280517578125,-61.571163177490234,48.030029296875,2.0690383911132812
1826,11.14453125,-57.88762664794922,12.10302734375,-0.17124176025390625
1827,12.2313232421875,-113.6917495727539,-0.068359375,-0.29821014404296875
1828,34.635986328125,-84.20849609375,-17.1612548828125,-1.9673233032226562
1829,15.7734375,-85.50933837890625,1.9268798828125,-0.24402618408203125
1830,-13.7637939453125,-88.64862060546875,31.6224365234375,1.2114944458007812
1831,-6.7838134765625,-87.96983337402344,24.6162109375,0.9024734497070312
1832,13.5167236328125,-86.2292251586914,4.1707763671875,-0.6062049865722656
1833,5.5418701171875,-58.73820114135742,17.8109130859375,0.4388008117675781
1834,27.2489013671875,-112.8482437133789,-15.15283203125,-1.6112480163574219
1835,17.621826171875,-113.81843566894531,-5.4676513671875,-0.4979515075683594
1836,-16.1895751953125,-61.28649139404297,39.6561279296875,1.5597076416015625
1837,49.7611083984375,-110.89412689208984,-37.7943115234375,-3.0794754028320312
1838,-18.43310546875,-61.250450134277344,41.989990234375,2.184032440185547
1839,13.1268310546875,-86.43083190917969,4.665283203125,-0.5973739624023438
1840,-54.6717529296875,-120.74110412597656,67.396484375,4.100532531738281
1841,68.5457763671875,-82.0101547241211,-51.2430419921875,-4.667491912841797
1842,-6.9949951171875,-32.0412712097168,36.126220703125,1.7405586242675781
1843,3.2427978515625,-115.27494049072266,9.1512451171875,0.058208465576171875
1844,-16.74462890625,-89.7422866821289,34.7353515625,1.44085693359375
1845,18.069580078125,-114.40380859375,-5.8431396484375,-1.0003623962402344
1846,-12.94140625,-61.393898010253906,36.492919921875,1.4075660705566406
1847,-15.9371337890625,-89.26398468017578,34.0501708984375,1.6752128601074219
1848,48.3677978515625,-83.83523559570312,-30.795166015625,-3.085796356201172
1849,9.4041748046875,-86.87544250488281,8.55859375,0.3847694396972656
1850,10.9400634765625,-87.35430145263672,6.92919921875,-0.5566520690917969
1851,-10.997314453125,-88.99481964111328,29.1043701171875,1.5675430297851562
1852,17.282470703125,-58.86920928955078,6.10986328125,-0.887542724609375
1853,21.591064453125,-142.09201049804688,-14.81103515625,-1.1292457580566406
1854,7.5047607421875,-59.89167022705078,15.9586181640625,0.22721099853515625
1855,-19.968505859375,-62.01488494873047,43.73828125,1.9714851379394531
1856,-1.8712158203125,-116.55045318603516,14.3802490234375,0.3327293395996094
1857,17.8507080078125,-87.15248107910156,0.000244140625,-0.9499588012695312
1858,25.6060791015625,-85.99714660644531,-7.72119140625,-1.0333595275878906
1859,1.97216796875,-88.22276306152344,16.0985107421875,0.5429916381835938
1860,-6.843017578125,-89.1958999633789,24.9693603515625,0.9811477661132812
1861,-18.4825439453125,-90.56118774414062,36.66650390625,1.3943824768066406
1862,17.6346435546875,-87.05136108398438,0.318603515625,-0.6943893432617188
1863,36.5113525390625,-57.32762908935547,-13.134033203125,-1.8792686462402344
1864,-22.5550537109375,-118.51071166992188,35.3369140625,2.089324951171875
1865,22.26611328125,-87.109619140625,-4.3876953125,-1.2908744812011719
1866,22.535888671875,-86.53046417236328,-4.5496826171875,-0.7209625244140625
1867,3.8865966796875,-88.52811431884766,14.2132568359375,0.17023468017578125
1868,-11.2491455078125,-117.9169692993164,23.9261474609375,1.1904563903808594
1869,23.6982421875,-59.0023078918457,-0.2235107421875,-1.1076927185058594
1870,14.308837890625,-87.46141052246094,3.7777099609375,-0.46468353271484375
1871,-25.9815673828125,-91.31216430664062,44.3641357421875,2.3790550231933594
1872,37.0494384765625,-85.77376556396484,-19.1834716796875,-2.1842422485351562
1873,-6.3660888671875,-89.62525939941406,24.607177734375,0.9658546447753906
1874,26.26953125,-86.5592269897461,-8.260009765625,-1.0461578369140625
1875,-29.26904296875,-91.91413116455078,47.6888427734375,2.363292694091797
1876,41.6236572265625,-85.47223663330078,-23.759033203125,-2.446392059326172
1877,-36.858642578125,-92.58235931396484,55.3712158203125,3.0199546813964844
1878,36.765380859375,-114.06840515136719,-24.41357421875,-2.3092727661132812
1879,21.5020751953125,-59.341983795166016,2.1048583984375,-0.6533470153808594
1880,-2.9561767578125,-89.40267181396484,21.260009765625,0.7289581298828125
1881,-0.216552734375,-89.45818328857422,18.4559326171875,0.4253387451171875
1882,12.998779296875,-88.19873046875,5.15576171875,-0.3522300720214844
1883,-39.4654541015625,-65.156005859375,63.5826416015625,3.1274147033691406
1884,26.579833984375,-86.93975067138672,-8.4993896484375,-1.3807563781738281
1885,41.3087158203125,-141.5904083251953,-34.4464111328125,-2.2974014282226562
1886,-12.7657470703125,-62.92540740966797,36.6607666015625,1.6455802917480469
1887,15.780029296875,-88.18993377685547,2.3846435546875,-0.9077186584472656
1888,5.4111328125,-89.05501556396484,12.8563232421875,0.2205810546875
1889,-28.4107666015625,-92.31465911865234,46.9383544921875,2.347198486328125
1890,63.489990234375,-83.9915771484375,-45.709228515625,-3.988872528076172
1891,-18.5650634765625,-90.97399139404297,37.1085205078125,2.3804244995117188
1892,-8.0799560546875,-90.75162506103516,26.433837890625,0.6749267578125
1893,21.5731201171875,-87.96508026123047,-3.4373779296875,-1.1969757080078125
1894,-13.9105224609375,-91.01872253417969,32.378662109375,1.5406303405761719
1895,12.411865234375,-88.66162109375,5.8441162109375,-0.2563133239746094
1896,-5.1424560546875,-62.41327667236328,29.0850830078125,0.8240776062011719
1897,-20.5001220703125,-119.68431854248047,33.5028076171875,1.7172698974609375
1898,58.6400146484375,-112.83724975585938,-46.352783203125,-3.6887779235839844
1899,2.5712890625,-61.76862716674805,21.3270263671875,0.5716552734375
1900,-0.5701904296875,-89.78510284423828,19.00927734375,0.6795539855957031
1901,53.7213134765625,-85.08627319335938,-35.768798828125,-3.123504638671875
1902,-23.3231201171875,-91.90931701660156,41.9600830078125,2.4812698364257812
1903,22.5325927734375,-60.12739181518555,1.2222900390625,-1.0846138000488281
1904,10.1031494140625,-145.0439910888672,-2.8489990234375,-0.3939323425292969
1905,-5.1015625,-91.0218505859375,23.4835205078125,0.7734527587890625
1906,3.7135009765625,-61.91489791870117,20.2200927734375,0.22377395629882812
1907,-3.7425537109375,-62.178924560546875,27.822265625,1.1274375915527344
1908,-4.9935302734375,-118.87867736816406,17.8984375,0.2260589599609375
1909,44.9261474609375,-86.09284973144531,-26.8570556640625,-2.190105438232422
1910,9.809814453125,-117.27359008789062,3.025146484375,-0.093994140625
1911,-18.0772705078125,-64.12875366210938,42.2054443359375,1.8434677124023438
1912,37.4859619140625,-58.91740417480469,-13.7794189453125,-2.2314796447753906
1913,-15.8052978515625,-91.5711441040039,34.4532470703125,1.6604766845703125
1914,-11.1673583984375,-147.6479034423828,18.594970703125,0.8067855834960938
1915,3.7542724609375,-62.46595764160156,20.1708984375,0.3058662414550781
1916,36.7918701171875,-86.7559585571289,-18.5576171875,-1.7711524963378906
1917,3.894775390625,-89.98766326904297,14.5858154296875,0.4129981994628906
1918,20.384765625,-88.56095123291016,-2.047607421875,-0.7610244750976562
1919,-5.2694091796875,-91.11885833740234,23.801025390625,0.6919822692871094
1920,19.71337890625,-116.74244689941406,-6.9228515625,-0.8775177001953125
1921,-13.144775390625,-36.013946533203125,42.8321533203125,1.4545478820800781
1922,3.486572265625,-117.9928207397461,9.5120849609375,0.13100051879882812
1923,21.04736328125,-60.74247360229492,2.83740234375,-0.6431350708007812
1924,29.5172119140625,-143.81686401367188,-22.312744140625,-1.7187995910644531
1925,-41.037109375,-66.70703887939453,65.418212890625,3.4874229431152344
1926,57.7633056640625,-57.351810455322266,-34.146484375,-3.4881858825683594
1927,-1.28076171875,-118.39916229248047,14.3646240234375,0.8854789733886719
1928,-11.2977294921875,-92.10557556152344,29.8885498046875,1.0702323913574219
1929,-4.1617431640625,-119.40347290039062,17.1632080078125,0.37454986572265625
1930,-17.1026611328125,-64.71690368652344,41.3001708984375,1.4921913146972656
1931,45.0103759765625,-86.3517074584961,-26.768798828125,-2.2749176025390625
1932,-0.4385986328125,-90.76983642578125,19.032958984375,0.6685714721679688
1933,-8.1170654296875,-91.7631607055664,26.7392578125,0.8371696472167969
1934,37.9669189453125,-87.39945220947266,-19.710693359375,-2.0446853637695312
1935,-23.12060546875,-92.8031234741211,41.941650390625,2.3941383361816406
1936,34.078125,-60.044883728027344,-10.2662353515625,-2.0780563354492188
1937,4.385986328125,-118.10904693603516,8.6968994140625,0.5196685791015625
1938,20.71630859375,-89.22106170654297,-2.3253173828125,-0.8529205322265625
1939,1.373291015625,-90.8267593383789,17.2264404296875,0.467437744140625
1940,-33.7269287109375,-122.49297332763672,47.0159912109375,2.1589393615722656
1941,39.1513671875,-59.66107177734375,-15.3671875,-2.1004981994628906
1942,16.8023681640625,-89.134033203125,1.73779296875,-0.35904693603515625
1943,-21.3275146484375,-93.03221130371094,40.134765625,1.9434547424316406
1944,12.6806640625,-90.00154876708984,5.8243408203125,-0.4303321838378906
1945,17.149169921875,-89.45368957519531,1.3463134765625,-0.5291900634765625
1946,7.8516845703125,-90.33488464355469,10.7274169921875,0.08153533935546875
1947,-3.7508544921875,-91.6712417602539,22.3953857421875,0.49430084228515625
1948,15.5955810546875,-117.75836181640625,-2.6429443359375,-0.6261863708496094
1949,3.5318603515625,-62.88920211791992,20.6243896484375,0.5539703369140625
1950,5.646728515625,-90.61725616455078,12.973876953125,-0.036037445068359375
1951,-18.0670166015625,-92.84451293945312,36.8851318359375,1.793304443359375
1952,13.83837890625,-90.22335815429688,4.6600341796875,-0.7874412536621094
1953,42.6092529296875,-59.03216552734375,-18.7183837890625,-1.8486366271972656
1954,8.3280029296875,-118.3257827758789,4.75146484375,-0.14761734008789062
1955,34.6602783203125,-88.10470581054688,-16.30029296875,-1.5635795593261719
1956,-6.9541015625,-119.9813461303711,20.1322021484375,0.8404998779296875
1957,3.5867919921875,-63.24974060058594,20.5625,0.22356033325195312
1958,4.3338623046875,-90.64120483398438,14.36279296875,0.4067573547363281
1959,8.6734619140625,-90.6277084350586,9.923828125,-0.18377685546875
1960,-11.4859619140625,-92.51128387451172,30.2606201171875,1.1552543640136719
1961,-8.81982421875,-92.37712097167969,27.5592041015625,0.852569580078125
1962,-6.5997314453125,-92.11675262451172,25.3338623046875,0.8054466247558594
1963,50.88818359375,-114.77722930908203,-38.195556640625,-3.0329055786132812
1964,-18.7349853515625,-64.96219635009766,43.173583984375,2.347381591796875
1965,21.836181640625,-89.3204345703125,-3.2998046875,-1.0403480529785156
1966,10.3759765625,-62.40814208984375,13.8055419921875,-0.00708770751953125
1967,19.361328125,-117.68463897705078,-6.36474609375,-1.1236038208007812
1968,-0.7435302734375,-91.7000503540039,19.4317626953125,0.5942955017089844
1969,14.6527099609375,-90.1526107788086,3.932373046875,-0.47574615478515625
1970,-25.9862060546875,-93.93179321289062,44.927978515625,2.2076187133789062
1971,46.3035888671875,-115.29383850097656,-33.5479736328125,-2.6847190856933594
1972,-7.10595703125,-64.13658142089844,31.4442138671875,1.3547897338867188
1973,-40.799560546875,-95.28771209716797,59.894287109375,3.0217857360839844
1974,37.8765869140625,-88.3203353881836,-19.52197265625,-2.372356414794922
1975,-23.2427978515625,-93.5878677368164,42.1981201171875,2.229534149169922
1976,21.7845458984375,-89.81139373779297,-3.2808837890625,-1.2878456115722656
1977,61.6651611328125,-85.62313079833984,-43.4283447265625,-3.2159194946289062
1978,-53.8016357421875,-96.36399841308594,73.046142578125,4.365756988525391
1979,16.5728759765625,-62.39448547363281,7.5230712890625,-0.9586563110351562
1980,29.881591796875,-116.54878997802734,-16.896240234375,-1.3467674255371094
1981,35.6082763671875,-88.4264144897461,-17.1964111328125,-1.7539863586425781
1982,2.66650390625,-119.24903106689453,10.529296875,0.4700927734375
1983,12.86962890625,-62.649967193603516,11.2802734375,-0.3073081970214844
1984,-26.9794921875,-122.13291931152344,40.4278564453125,2.0138397216796875
1985,-4.1971435546875,-36.397064208984375,34.0277099609375,0.68829345703125
1986,27.12890625,-116.72071075439453,-14.079345703125,-1.2029075622558594
1987,3.864990234375,-91.49519348144531,14.8248291015625,0.24571990966796875
1988,29.7666015625,-88.93373107910156,-11.26904296875,-1.4605255126953125
1989,8.845458984375,-90.83190155029297,9.8453369140625,-0.025600433349609375
1990,16.344970703125,-89.98835754394531,2.3052978515625,-0.26448822021484375
1991,-48.3702392578125,-96.22234344482422,67.555419921875,3.675983428955078
1992,3.7972412109375,-91.84648895263672,14.8594970703125,-0.4061088562011719
1993,5.474609375,-91.2923355102539,13.2327880859375,0.049976348876953125
1994,51.5330810546875,-86.85576629638672,-33.2021484375,-2.7511978149414062
1995,31.5916748046875,-116.61811065673828,-18.6195068359375,-1.3891105651855469
1996,-34.3499755859375,-67.0385513305664,58.9503173828125,2.9281883239746094
1997,-0.2578125,-91.75041198730469,19.0428466796875,0.3418121337890625
1998,23.2239990234375,-89.58480834960938,-4.65185546875,-0.98956298828125
1999,13.4195556640625,-90.393798828125,5.2568359375,-0.2046051025390625
2000,-12.8079833984375,-65.07259368896484,37.2296142578125,1.2303199768066406
2001,11.7403564453125,-146.61231994628906,-4.150634765625,-0.510772705078125
2002,29.9622802734375,-61.18613052368164,-5.94189453125,-1.1683578491210938
2003,-14.67578125,-93.01583099365234,33.6114501953125,1.3846359252929688
2004,2.21923828125,-91.64618682861328,16.52978515625,0.2865257263183594
2005,40.5938720703125,-88.08757019042969,-22.18115234375,-2.2706069946289062
2006,-18.4136962890625,-93.32876586914062,37.3841552734375,1.96038818359375
2007,-6.0595703125,-92.56282806396484,24.8621826171875,0.6278076171875
2008,34.8800048828125,-60.42250442504883,-10.8328857421875,-1.518310546875
2009,-3.4771728515625,-119.92974090576172,16.7783203125,0.683013916015625
2010,1.117919921875,-63.97269821166992,23.1561279296875,0.35687255859375
2011,14.8243408203125,-146.2603302001953,-7.239013671875,-0.5780792236328125
2012,42.146728515625,-60.15880584716797,-18.2386474609375,-2.090740203857422
2013,-28.6339111328125,-122.30679321289062,42.153076171875,2.293231964111328
2014,-1.9510498046875,-36.26336669921875,31.803955078125,0.6402435302734375
2015,25.3541259765625,-117.0198974609375,-12.260009765625,-1.0831298828125
2016,-28.8841552734375,-94.65211486816406,47.8917236328125,2.432292938232422
2017,40.0615234375,-88.46861267089844,-21.6878662109375,-2.6701698303222656
2018,42.620361328125,-115.51346588134766,-29.70751953125,-1.8691978454589844
2019,-22.3076171875,-37.84117889404297,52.390869140625,2.388500213623047
2020,7.82861328125,-119.12217712402344,5.34619140625,-0.6270332336425781
2021,-35.3402099609375,-95.12791442871094,54.4229736328125,3.0700912475585938
2022,50.7508544921875,-87.37986755371094,-32.45703125,-3.227649688720703
2023,17.7635498046875,-89.94945526123047,0.89892578125,-0.38300323486328125
2024,7.67041015625,-91.03672790527344,11.05615234375,0.08337020874023438
2025,-24.3529052734375,-94.09001159667969,43.3480224609375,2.0902481079101562
2026,19.07421875,-118.15277862548828,-6.0284423828125,-0.9478073120117188
2027,21.190185546875,-62.049076080322266,2.9171142578125,-0.900604248046875
2028,-6.677001953125,-92.11570739746094,25.5738525390625,1.1341171264648438
2029,10.263671875,-90.83220672607422,8.4300537109375,-0.13402557373046875
2030,-2.5782470703125,-92.17424774169922,21.3609619140625,0.4674720764160156
2031,13.546630859375,-90.47840118408203,5.1234130859375,-0.2866172790527344
2032,-11.3697509765625,-92.96994018554688,30.230712890625,1.0677604675292969
2033,20.62109375,-89.82923889160156,-2.01708984375,-0.7670478820800781
2034,45.64208984375,-87.50592041015625,-27.25830078125,-2.4631271362304688
2035,-0.9083251953125,-63.768558502197266,25.26025390625,0.7253036499023438
2036,-9.777587890625,-120.47643280029297,23.1282958984375,1.1535377502441406
2037,-3.0311279296875,-120.44503021240234,16.2130126953125,0.3474540710449219
2038,-15.2257080078125,-37.39384841918945,45.194091796875,1.5820236206054688
2039,47.0731201171875,-114.9689712524414,-34.184326171875,-2.5365867614746094
2040,-0.564208984375,-91.87610626220703,19.32373046875,0.66845703125
2041,6.0286865234375,-91.24309539794922,12.680419921875,0.0378570556640625
2042,2.4752197265625,-91.55848693847656,16.2652587890625,0.27831268310546875
2043,-2.6585693359375,-92.07380676269531,21.435546875,0.553314208984375
2044,31.28369140625,-88.84251403808594,-12.794189453125,-1.57470703125
2045,0.3076171875,-119.45906066894531,12.940673828125,0.7696685791015625
2046,23.031005859375,-61.90822219848633,1.022705078125,-1.1862411499023438
2047,-9.7972412109375,-92.40310668945312,28.6864013671875,1.2002296447753906
2048,4.1839599609375,-91.37006378173828,14.5302734375,0.16136550903320312
2049,8.6729736328125,-62.808860778808594,15.5726318359375,0.11365890502929688
2050,14.091552734375,-118.22108459472656,-0.977294921875,-0.5144996643066406
2051,18.0650634765625,-90.0841064453125,0.5111083984375,-0.5507011413574219
2052,14.5986328125,-118.4809799194336,-1.5499267578125,-0.7758827209472656
2053,6.6446533203125,-91.13922119140625,12.0255126953125,0.189178466796875
2054,-13.6240234375,-64.83985137939453,38.0545654296875,1.5808258056640625
2055,1.8580322265625,-91.47364807128906,16.879150390625,0.12825775146484375
2056,-0.4735107421875,-91.70143127441406,19.2183837890625,0.5077857971191406
2057,31.279296875,-88.62337493896484,-12.7950439453125,-1.4087715148925781
2058,-10.77001953125,-92.65105438232422,29.5987548828125,1.1360664367675781
2059,18.910400390625,-89.7957992553711,-0.329833984375,-0.6476173400878906
2060,-1.332275390625,-119.80537414550781,14.5147705078125,0.3912811279296875
2061,27.484130859375,-33.23345947265625,2.072509765625,-1.2302131652832031
2062,-6.4603271484375,-119.66670989990234,19.789794921875,1.080413818359375
2063,-1.09033203125,-63.94133377075195,25.3275146484375,0.48734283447265625
2064,-5.466552734375,-120.04642486572266,18.697021484375,0.5651283264160156
2065,2.8218994140625,-91.38204956054688,15.851318359375,0.4390678405761719
2066,26.9989013671875,-89.04488372802734,-8.517578125,-1.3186187744140625
2067,19.488525390625,-117.65960693359375,-6.484375,-0.7968559265136719
2068,19.463623046875,-89.83802795410156,-0.947998046875,-0.74664306640625
2069,-37.0416259765625,-66.77031707763672,61.6495361328125,3.2367820739746094
2070,45.33984375,-87.40869903564453,-27.0391845703125,-2.9457359313964844
2071,5.7392578125,-118.62501525878906,7.4132080078125,0.4880409240722656
2072,-42.673828125,-39.55498504638672,72.8173828125,3.4891929626464844
2073,59.40771484375,-85.90684509277344,-41.2056884765625,-3.9057693481445312
2074,16.433349609375,-117.69987487792969,-3.39892578125,-0.4039764404296875
2075,-0.1632080078125,-91.54550170898438,18.83056640625,0.5819587707519531
2076,-14.5858154296875,-92.80135345458984,33.39208984375,1.38775634765625
2077,37.2723388671875,-87.91815185546875,-18.9083251953125,-1.9477767944335938
2078,-25.4805908203125,-93.59143829345703,44.404296875,2.360157012939453
2079,2.1334228515625,-91.43086242675781,16.4827880859375,-0.041301727294921875
2080,44.643798828125,-87.12187194824219,-26.342041015625,-2.35430908203125
2081,-6.276611328125,-91.67896270751953,25.0374755859375,1.2060279846191406
2082,16.703125,-89.6951675415039,1.8297119140625,-0.5181007385253906
2083,-1.9176025390625,-91.5647201538086,20.5828857421875,0.45377349853515625
2084,5.2557373046875,-90.73562622070312,13.366455078125,0.22205734252929688
2085,36.548583984375,-87.91739654541016,-18.2138671875,-2.0179176330566406
2086,-13.33056640625,-92.24537658691406,32.1331787109375,1.6886711120605469
2087,-6.6903076171875,-63.99473190307617,30.9232177734375,0.7738380432128906
2088,-11.108642578125,-120.26778411865234,24.298583984375,0.8521842956542969
2089,39.5660400390625,-87.61172485351562,-21.286865234375,-1.9962806701660156
2090,-8.319580078125,-119.93140411376953,21.4771728515625,0.9522018432617188
2091,31.9696044921875,-60.400794982910156,-8.100341796875,-1.6211357116699219
2092,-13.6002197265625,-91.93840026855469,32.4224853515625,1.7785606384277344
2093,4.092041015625,-62.83439636230469,20.0321044921875,0.13104629516601562
2094,4.1082763671875,-118.61076354980469,8.9473876953125,0.031085968017578125
2095,21.549560546875,-89.25682830810547,-3.1536865234375,-0.9531135559082031
2096,13.975341796875,-89.70460510253906,4.5250244140625,-0.380279541015625
2097,9.5404052734375,-117.94783020019531,3.464111328125,0.08044815063476562
2098,1.86572265625,-63.17509078979492,22.212158203125,0.17496871948242188
2099,15.3128662109375,-89.20256805419922,3.2191162109375,-0.23903274536132812
2100,-29.3387451171875,-93.88990783691406,48.148681640625,2.1132850646972656
2101,52.3018798828125,-86.19004821777344,-34.1710205078125,-3.092021942138672
2102,8.5361328125,-117.9434585571289,4.4542236328125,0.09696197509765625
2103,16.2294921875,-33.42974090576172,13.3035888671875,-0.24525070190429688
2104,-23.0421142578125,-120.66573333740234,36.3282470703125,1.9319267272949219
2105,-26.712158203125,-93.66178894042969,45.446533203125,2.063304901123047
2106,0.99609375,-90.8362045288086,17.5440673828125,0.3166236877441406
2107,54.6287841796875,-113.9044418334961,-42.1046142578125,-3.4432716369628906
2108,-7.78662109375,-63.40644454956055,31.9677734375,1.4530448913574219
2109,24.288330078125,-88.26476287841797,-5.896728515625,-1.0086898803710938
2110,-3.566162109375,-91.15877532958984,22.126953125,0.5719757080078125
2111,-5.689208984375,-91.19496154785156,24.282958984375,0.9530525207519531
2112,14.932861328125,-89.46306610107422,3.45166015625,-0.7280960083007812
2113,25.13818359375,-88.17716979980469,-6.79443359375,-0.9460411071777344
2114,-16.7559814453125,-92.24176788330078,35.411865234375,1.5147895812988281
2115,-34.885498046875,-93.9180908203125,53.681884765625,2.7341270446777344
2116,10.83642578125,-89.82957458496094,7.5467529296875,-0.553985595703125
2117,62.37646484375,-84.5537338256836,-44.3514404296875,-3.309173583984375
2118,15.29736328125,-88.95360565185547,3.10498046875,-0.3299140930175781
2119,-12.9876708984375,-91.7681655883789,31.5831298828125,1.2707557678222656
2120,-12.7982177734375,-91.62782287597656,31.4002685546875,1.4369621276855469
2121,25.608154296875,-88.20268249511719,-7.35400390625,-1.3669662475585938
2122,10.3419189453125,-89.4256591796875,8.0594482421875,-0.1362762451171875
2123,9.7869873046875,-89.529052734375,8.600341796875,-0.20562362670898438
2124,45.965087890625,-114.03678131103516,-33.416015625,-2.513134002685547
2125,-38.2545166015625,-94.04450988769531,56.9996337890625,3.0456924438476562
2126,-5.04736328125,-62.98241424560547,29.0645751953125,0.6618881225585938
2127,44.564697265625,-85.9710922241211,-26.4434814453125,-2.4316482543945312
2128,-13.7213134765625,-91.42945861816406,32.2938232421875,1.5320091247558594
2129,18.9969482421875,-88.52120971679688,-0.7232666015625,-0.8115119934082031
2130,-19.7637939453125,-63.98286056518555,43.9166259765625,1.9615974426269531
2131,23.0089111328125,-115.99645233154297,-10.310546875,-1.2762069702148438
2132,12.9931640625,-117.03616333007812,-0.2552490234375,-0.32357025146484375
2133,9.4803466796875,-61.31428527832031,14.387451171875,0.09897994995117188
2134,34.09912109375,-86.87565612792969,-15.9547119140625,-1.9635963439941406
2135,-16.345947265625,-91.44694519042969,34.896728515625,1.7556495666503906
2136,-1.148193359375,-90.1827621459961,19.540771484375,0.5279350280761719
2137,13.8021240234375,-116.7311782836914,-1.0836181640625,-0.5027847290039062
2138,-43.158935546875,-38.268035888671875,72.935791015625,3.3360061645507812
2139,58.2730712890625,-112.25048065185547,-45.8648681640625,-3.511219024658203
2140,30.61669921875,-87.11727142333984,-12.51171875,-1.3980751037597656
2141,-36.905517578125,-93.18350982666016,55.5762939453125,3.1035423278808594
2142,26.7559814453125,-87.62474822998047,-8.661376953125,-1.6353645324707031
2143,-22.9808349609375,-91.79780578613281,41.5303955078125,2.2296142578125
2144,27.2655029296875,-87.43535614013672,-9.1759033203125,-1.5649528503417969
2145,-9.7281494140625,-90.48961639404297,28.159912109375,1.3684196472167969
2146,-9.002197265625,-90.7155532836914,27.369140625,0.8597412109375
2147,27.42919921875,-87.25462341308594,-9.3505859375,-1.4866065979003906
2148,0.3916015625,-89.42166900634766,17.94287109375,0.7399063110351562
2149,-12.9249267578125,-62.89498519897461,36.8671875,1.3224754333496094
2150,33.4931640625,-114.42963409423828,-21.0035400390625,-1.9949569702148438
2151,13.3084716796875,-88.4031753540039,4.8509521484375,-0.2809867858886719
2152,2.134765625,-89.3531723022461,16.1204833984375,0.2899742126464844
2153,42.525634765625,-113.33256530761719,-30.1107177734375,-2.104907989501953
2154,-27.9710693359375,-64.12135314941406,51.986083984375,2.5476951599121094
2155,-7.25927734375,-62.05290603637695,31.135009765625,0.87554931640625
2156,51.4619140625,-112.44882202148438,-39.13818359375,-3.0388450622558594
2157,12.16845703125,-88.21142578125,5.9697265625,-0.09302520751953125
2158,5.4193115234375,-88.79454803466797,12.771240234375,0.1381988525390625
2159,-28.355224609375,-91.97601318359375,46.7860107421875,2.263782501220703
2160,20.294189453125,-87.6336898803711,-2.281005859375,-1.2492561340332031
2161,-10.9873046875,-90.2035140991211,29.2813720703125,1.2315826416015625
2162,9.48583984375,-88.3265151977539,8.6324462890625,-0.19305801391601562
2163,34.745361328125,-85.78023529052734,-16.802490234375,-1.64239501953125
2164,-19.8983154296875,-90.79159545898438,38.25634765625,1.9983558654785156
2165,43.2161865234375,-113.09353637695312,-30.9349365234375,-2.5305709838867188
2166,-8.265380859375,-61.76309585571289,32.04443359375,1.3857688903808594
2167,6.5255126953125,-88.37680053710938,11.588623046875,-0.21343231201171875
2168,-17.3909912109375,-90.51363372802734,35.677978515625,1.701019287109375
2169,29.63134765625,-86.35858917236328,-11.74853515625,-1.7791290283203125
2170,-2.635986328125,-88.9410629272461,20.814453125,0.8885993957519531
2171,11.892822265625,-87.84697723388672,6.1207275390625,-0.4936943054199219
2172,-22.7601318359375,-90.84917449951172,41.0538330078125,2.0632705688476562
2173,-0.9085693359375,-89.07784271240234,18.981689453125,0.19476699829101562
2174,6.6748046875,-87.98661041259766,11.3878173828125,0.19857025146484375
2175,36.6092529296875,-85.30585479736328,-18.80029296875,-2.0123367309570312
2176,-10.83203125,-89.42972564697266,29.02490234375,1.4757347106933594
2177,10.2127685546875,-87.76469421386719,7.7615966796875,-0.3733863830566406
2178,17.6346435546875,-86.96345520019531,0.2879638671875,-0.7813148498535156
2179,16.139892578125,-86.7738037109375,1.8299560546875,-0.2528495788574219
2180,-12.3902587890625,-117.70948791503906,24.9566650390625,1.0471687316894531
2181,-3.40185546875,-61.045658111572266,26.9598388671875,0.6282844543457031
2182,37.6986083984375,-84.4927978515625,-19.8824462890625,-1.7005157470703125
2183,1.829833984375,-60.05178451538086,21.7470703125,0.5937004089355469
2184,6.4530029296875,-115.60478210449219,5.97412109375,-0.17781829833984375
2185,-13.3358154296875,-89.72337341308594,31.387451171875,1.2844886779785156
2186,29.231689453125,-85.59982299804688,-11.4727783203125,-1.6031913757324219
2187,25.0845947265625,-85.71363067626953,-7.2674560546875,-1.0233726501464844
2188,-25.1572265625,-90.41797637939453,43.316650390625,2.1959571838378906
2189,0.7740478515625,-116.17212677001953,11.5994873046875,0.11212921142578125
2190,4.17333984375,-59.83296585083008,19.265625,0.30146026611328125
2191,41.0089111328125,-111.98592376708984,-28.878662109375,-2.3177947998046875
2192,16.07958984375,-58.420745849609375,7.2908935546875,-0.20449447631835938
2193,-21.5360107421875,-89.68991088867188,39.6531982421875,1.9551239013671875
2194,17.6695556640625,-86.50707244873047,0.0706787109375,-1.10845947265625
2195,21.39697265625,-85.7115707397461,-3.62841796875,-0.7766838073730469
2196,-32.2138671875,-90.76656341552734,50.3343505859375,2.5950584411621094
2197,48.5477294921875,-83.24203491210938,-31.0137939453125,-2.75433349609375
2198,-17.09521484375,-89.0760498046875,35.1195068359375,1.857330322265625
2199,-26.06005859375,-90.33663177490234,44.0606689453125,1.8065910339355469
2200,12.4093017578125,-86.50153350830078,5.344482421875,-0.4144554138183594
2201,-9.58349609375,-88.5844955444336,27.4688720703125,0.87420654296875
2202,22.9364013671875,-85.32097625732422,-5.258056640625,-0.9708290100097656
2203,14.850341796875,-85.91909790039062,2.8919677734375,-0.3069725036621094
2204,24.9122314453125,-85.13330841064453,-7.28076171875,-1.2651710510253906
2205,-12.2574462890625,-88.33495330810547,30.1683349609375,1.5103187561035156
2206,26.5335693359375,-85.01823425292969,-8.9541015625,-1.5446357727050781
2207,-8.7979736328125,-87.86868286132812,26.6715087890625,1.3546524047851562
2208,25.6590576171875,-84.9720458984375,-8.08837890625,-1.443359375
2209,4.2430419921875,-86.55253601074219,13.5213623046875,0.4986381530761719
2210,29.689453125,-56.413875579833984,-6.5968017578125,-1.4805831909179688
2211,-10.5054931640625,-115.65753173828125,22.8272705078125,1.3416328430175781
2212,-8.8477783203125,-88.21150207519531,26.568115234375,0.7792320251464844
2213,-3.2061767578125,-59.39279556274414,26.4791259765625,0.62725830078125
2214,20.3548583984375,-140.89453125,-13.87060546875,-1.180023193359375
2215,-29.610595703125,-33.82524108886719,58.5689697265625,2.8892745971679688
2216,70.082763671875,-108.26204681396484,-58.403564453125,-4.749858856201172
2217,-1.927734375,-86.73301696777344,19.6416015625,1.1220626831054688
2218,-37.5516357421875,-90.3252944946289,55.4437255859375,2.7952919006347656
2219,47.8382568359375,-82.3757553100586,-30.5301513671875,-2.9013748168945312
2220,-26.2626953125,-88.75052642822266,44.1248779296875,2.6344261169433594
2221,40.6875,-83.08699035644531,-23.3758544921875,-2.6693649291992188
2222,-3.487548828125,-114.52054595947266,15.621826171875,1.0271873474121094
2223,12.847412109375,-57.47056579589844,10.1910400390625,-0.2928733825683594
2224,-35.3341064453125,-61.55232620239258,58.7445068359375,2.880382537841797
2225,4.8465576171875,-142.136962890625,1.5614013671875,-0.6814460754394531
2226,8.018798828125,-57.91741180419922,14.986328125,0.057971954345703125
2227,4.3582763671875,-85.62145233154297,13.216552734375,0.251708984375
2228,50.3482666015625,-81.45486450195312,-33.11279296875,-2.793071746826172
2229,-4.521484375,-86.31822967529297,22.1278076171875,1.0973548889160156
2230,1.067138671875,-114.04999542236328,10.8853759765625,0.19024658203125
2231,-25.346923828125,-32.64420700073242,54.0885009765625,2.3058547973632812
2232,44.87255859375,-109.47024536132812,-33.14404296875,-2.6386642456054688
2233,-20.613037109375,-88.04235076904297,38.1961669921875,1.7696647644042969
2234,20.4688720703125,-84.00325775146484,-3.124755859375,-0.913421630859375
2235,5.8443603515625,-85.1729507446289,11.6025390625,0.21929168701171875
2236,9.767333984375,-84.97225189208984,7.608154296875,-0.3592681884765625
2237,41.36376953125,-109.74205017089844,-29.7156982421875,-2.237163543701172
2238,-12.7169189453125,-58.853309631347656,35.7750244140625,1.653350830078125
2239,-25.7330322265625,-60.07733917236328,48.8607177734375,1.9356651306152344
2240,11.864501953125,-112.27462005615234,-0.0557861328125,-0.4471588134765625
2241,24.4739990234375,-83.49737548828125,-7.28173828125,-1.3338851928710938
2242,-11.043212890625,-86.31139373779297,28.516357421875,1.4061431884765625
2243,33.3848876953125,-82.17716217041016,-16.20361328125,-1.6012840270996094
2244,-6.70751953125,-85.98441314697266,24.099609375,0.8153953552246094
2245,21.004150390625,-83.2021255493164,-3.7691650390625,-0.7589645385742188
2246,-22.3896484375,-59.37454605102539,45.4005126953125,1.9439353942871094
2247,1.220947265625,-113.07213592529297,10.533935546875,-0.056499481201171875
2248,15.390625,-83.7269287109375,1.8070068359375,-0.3926353454589844
2249,33.0826416015625,-81.9630126953125,-15.98486328125,-1.763458251953125
2250,3.6605224609375,-112.5756607055664,8.052001953125,0.13345718383789062
2251,-8.6553955078125,-57.804954528808594,31.5130615234375,1.3255882263183594
2252,19.805908203125,-82.92633819580078,-2.6444091796875,-0.9818191528320312
2253,-2.84130859375,-85.10459899902344,20.095458984375,0.5710639953613281
2254,-30.2615966796875,-87.50435638427734,47.67578125,2.563201904296875
2255,38.79541015625,-81.42528533935547,-21.8587646484375,-2.6236839294433594
2256,6.4814453125,-83.71309661865234,10.7357177734375,0.4558677673339844
2257,-4.9063720703125,-85.06971740722656,22.1181640625,0.6993255615234375
2258,18.1864013671875,-82.88949584960938,-1.1241455078125,-0.8640365600585938
2259,3.9754638671875,-83.85140228271484,13.2032470703125,0.511566162109375
2260,19.9735107421875,-82.5411605834961,-2.9365234375,-0.9034309387207031
2261,-30.6287841796875,-59.180904388427734,53.49755859375,2.6179275512695312
2262,38.8511962890625,-108.74791717529297,-27.5115966796875,-2.6727142333984375
2263,-45.744140625,-88.4163818359375,63.11181640625,3.798175811767578
2264,5.2275390625,-56.101112365722656,17.3282470703125,-0.3699493408203125
2265,40.8790283203125,-108.01712036132812,-29.52978515625,-2.304180145263672
2266,1.0228271484375,-83.72844696044922,16.06884765625,0.9030227661132812
2267,17.505126953125,-82.35755920410156,-0.547119140625,-0.7671089172363281
2268,5.9595947265625,-111.42250061035156,5.4808349609375,-0.24250030517578125
2269,18.966796875,-54.24853515625,3.4849853515625,-0.6654205322265625
2270,-21.84521484375,-85.56684112548828,39.025390625,1.9698600769042969
2271,-4.8153076171875,-112.3045883178711,16.26123046875,0.4047813415527344
2272,14.16357421875,-54.49260330200195,8.2763671875,-0.3133201599121094
2273,8.97705078125,-82.46294403076172,8.00390625,-0.006458282470703125
2274,-5.677490234375,-83.99803924560547,22.677490234375,0.8838958740234375
2275,-2.5811767578125,-83.94559478759766,19.502685546875,0.23952865600585938
2276,13.9161376953125,-82.06993103027344,2.94921875,-0.4394950866699219
2277,8.8079833984375,-82.40235137939453,8.0836181640625,-0.002521514892578125
2278,-12.25927734375,-84.386962890625,29.231689453125,1.2718696594238281
2279,37.73193359375,-107.79884338378906,-26.6119384765625,-2.4002685546875
2280,16.7711181640625,-53.576881408691406,5.5740966796875,-0.2897377014160156
2281,-10.8463134765625,-83.7799072265625,27.8204345703125,1.3246536254882812
2282,-10.4326171875,-56.21110534667969,32.8563232421875,0.9540023803710938
2283,21.0263671875,-108.75288391113281,-9.8140869140625,-1.0516281127929688
2284,16.531005859375,-81.32881164550781,0.2015380859375,-0.414215087890625
2285,-20.45556640625,-84.82290649414062,37.3458251953125,1.6101455688476562
2286,47.762939453125,-78.23320770263672,-31.1981201171875,-2.6426734924316406
2287,9.7705078125,-81.6578598022461,6.97705078125,-0.10892105102539062
2288,-16.04638671875,-84.027587890625,32.899658203125,1.6020317077636719
2289,-21.66162109375,-112.75296020507812,32.9228515625,1.4251213073730469
2290,29.5849609375,-51.91782760620117,-7.4732666015625,-1.3799362182617188
2291,14.812255859375,-80.8177261352539,1.87646484375,-0.5436325073242188
2292,-44.51220703125,-86.38353729248047,61.4453125,3.529205322265625
2293,31.686767578125,-79.59098815917969,-15.1925048828125,-2.0512771606445312
2294,16.7586669921875,-80.55321502685547,-0.1483154296875,-0.5842552185058594
2295,-19.3087158203125,-83.78350830078125,36.0833740234375,1.9192771911621094
2296,24.025390625,-79.98345184326172,-7.5181884765625,-1.394927978515625
2297,13.115966796875,-108.70667266845703,-2.095703125,-0.5558052062988281
2298,3.0218505859375,-53.69248580932617,19.12646484375,0.5866966247558594
2299,-7.1826171875,-82.44659423828125,23.8349609375,0.7534637451171875
2300,13.81005859375,-80.5743179321289,2.7001953125,-0.5994338989257812
2301,25.2548828125,-79.13214111328125,-8.7608642578125,-0.9258384704589844
2302,-27.13427734375,-84.20027160644531,43.8072509765625,2.1667022705078125
2303,11.10107421875,-80.71001434326172,5.361572265625,-0.5395050048828125
2304,-4.354736328125,-81.973388671875,20.888916015625,0.6112022399902344
2305,-1.41015625,-81.437255859375,17.9462890625,0.7173194885253906
2306,5.16064453125,-52.97511672973633,16.8572998046875,0.12964630126953125
2307,16.7437744140625,-107.54705047607422,-5.8624267578125,-0.8770713806152344
2308,42.9591064453125,-105.2435073852539,-32.25244140625,-2.4266090393066406
2309,-8.7947998046875,-54.08649444580078,30.8172607421875,1.2474327087402344
2310,5.6163330078125,-80.25108337402344,10.8475341796875,0.23889541625976562
2311,-31.7791748046875,-56.07479476928711,53.8739013671875,2.5668716430664062
2312,29.38427734375,-106.30493927001953,-18.6802978515625,-2.133312225341797
2313,7.9287109375,-80.02841186523438,8.43310546875,0.2683906555175781
2314,3.5478515625,-80.44132232666016,12.8099365234375,0.19712448120117188
2315,-4.838623046875,-109.14447784423828,15.65380859375,0.5740509033203125
2316,17.2679443359375,-79.22563171386719,-1.0377197265625,-0.7532920837402344
2317,-3.94287109375,-25.010723114013672,31.3939208984375,0.9509773254394531
2318,32.238037109375,-77.30023956298828,-16.0166015625,-1.9804458618164062
2319,-9.7122802734375,-108.98767852783203,20.53466796875,1.3375205993652344
2320,-14.422607421875,-109.9186782836914,25.1475830078125,1.1094932556152344
2321,20.9249267578125,-50.78776168823242,0.7320556640625,-1.1937255859375
2322,-4.605224609375,-80.17649841308594,20.945556640625,1.1159172058105469
2323,7.11669921875,-79.66646575927734,9.048828125,-0.3731422424316406
2324,24.5855712890625,-77.48332214355469,-8.4241943359375,-0.8236885070800781
2325,-25.77099609375,-54.568973541259766,47.5941162109375,2.024402618408203
2326,32.2403564453125,-104.7291259765625,-21.7137451171875,-1.9424247741699219
2327,4.789306640625,-107.37312316894531,5.7862548828125,0.11994171142578125
2328,-20.4765625,-25.9309024810791,47.7718505859375,2.048828125
2329,11.197998046875,-78.30929565429688,4.9537353515625,-0.3720741271972656
2330,5.0174560546875,-107.00252532958984,5.533935546875,0.036144256591796875
2331,48.38232421875,-103.23542785644531,-38.0662841796875,-3.1165733337402344
2332,2.9080810546875,-51.15309143066406,18.7220458984375,0.6729011535644531
2333,1.1484375,-79.0208740234375,14.9554443359375,0.4173431396484375
2334,-13.737060546875,-80.576171875,29.829833984375,1.3115272521972656
2335,-23.6688232421875,-81.51569366455078,39.7635498046875,1.8545951843261719
2336,-5.166015625,-79.92695617675781,21.14501953125,0.305419921875
2337,9.14501953125,-78.18158721923828,6.8232421875,-0.16363525390625
2338,26.986083984375,-104.267578125,-16.6290283203125,-1.3377571105957031
2339,-7.813232421875,-24.006818771362305,34.86181640625,1.0342063903808594
2340,-1.748291015625,-106.49494171142578,12.227783203125,0.5147323608398438
2341,6.285400390625,-106.27526092529297,4.033447265625,-0.15374374389648438
2342,-17.5042724609375,-52.70741271972656,38.9630126953125,1.4403533935546875
2343,17.7947998046875,-48.798973083496094,3.6339111328125,-0.6253433227539062
2344,62.82470703125,-100.16117858886719,-52.622802734375,-3.584423065185547
2345,-27.01220703125,-108.76660919189453,37.41748046875,2.44677734375
2346,28.5948486328125,-76.07685852050781,-12.9114990234375,-1.8143043518066406
2347,4.0323486328125,-49.78380584716797,17.364501953125,0.4881553649902344
2348,-9.2421875,-51.071449279785156,30.646484375,0.9363784790039062
2349,-16.6800537109375,-107.40643310546875,27.0050048828125,1.4112091064453125
2350,16.91552734375,-76.80552673339844,-1.256103515625,-0.9880599975585938
2351,23.8216552734375,-75.55915069580078,-8.1063232421875,-0.9704360961914062
2352,-12.15966796875,-106.76121520996094,22.4095458984375,1.311126708984375
2353,7.9267578125,-77.39427947998047,7.7091064453125,-0.3849029541015625
2354,4.0721435546875,-77.21829986572266,11.638671875,0.275634765625
2355,-20.9158935546875,-51.799583435058594,42.1895751953125,1.6805267333984375
2356,47.1868896484375,-45.163665771484375,-26.0799560546875,-2.8173141479492188
2357,-41.27880859375,-108.87740325927734,51.555908203125,3.249420166015625
2358,17.7967529296875,-75.9413070678711,-2.25390625,-0.8361587524414062
2359,-3.5255126953125,-49.75621032714844,24.6953125,0.6499404907226562
2360,23.4569091796875,-102.62470245361328,-13.41259765625,-1.0916366577148438
2361,1.843505859375,-105.06074523925781,8.1451416015625,0.10475921630859375
2362,-2.2325439453125,-49.644996643066406,23.2967529296875,0.45928955078125
2363,-8.2216796875,-49.56480407714844,29.38671875,1.167266845703125
2364,-7.5804443359375,-77.5506820678711,23.1385498046875,0.6899681091308594
2365,43.406494140625,-100.51676940917969,-33.5302734375,-2.4218368530273438
2366,-7.3192138671875,-77.50392150878906,22.805908203125,0.9262008666992188
2367,-3.9808349609375,-104.84185028076172,13.923828125,0.6477012634277344
2368,28.9979248046875,-46.15794372558594,-8.1024169921875,-1.5232086181640625
2369,18.1033935546875,-74.30807495117188,-2.6240234375,-0.4343757629394531
2370,-6.6094970703125,-77.02445983886719,22.0391845703125,0.74920654296875
2371,-9.842041015625,-77.35797119140625,25.240234375,0.8211402893066406
2372,-7.007568359375,-76.81057739257812,22.4136962890625,0.9284133911132812
2373,32.8092041015625,-73.11316680908203,-17.5238037109375,-1.8999099731445312
2374,23.8663330078125,-73.67151641845703,-8.546875,-1.0531349182128906
2375,-39.291748046875,-79.48235321044922,54.7242431640625,3.1787567138671875
2376,-13.8370361328125,-105.36373138427734,23.5726318359375,0.7771377563476562
2377,19.765380859375,-46.31939697265625,0.9827880859375,-0.9938621520996094
2378,20.23974609375,-73.3840560913086,-4.930908203125,-0.642425537109375
2379,3.0096435546875,-75.2771987915039,12.2470703125,0.21657943725585938
2380,-3.306640625,-75.9277572631836,18.5321044921875,0.4346885681152344
2381,-6.824462890625,-75.95161437988281,22.0736083984375,1.0082130432128906
2382,-13.7215576171875,-48.86140823364258,34.4727783203125,1.2023429870605469
2383,18.245849609375,-101.34291076660156,-8.6251220703125,-1.0597877502441406
2384,-27.9605712890625,-78.0344467163086,43.12255859375,2.1125831604003906
2385,48.0958251953125,-70.51361846923828,-33.02294921875,-2.7138328552246094
2386,-24.7899169921875,-77.21049499511719,39.9722900390625,2.1253204345703125
2387,14.763671875,-73.63851165771484,0.2979736328125,-0.7700080871582031
2388,43.0634765625,-70.51058197021484,-27.9979248046875,-2.1149826049804688
2389,-8.165771484375,-75.38148498535156,23.264892578125,1.0300102233886719
2390,-9.0372314453125,-75.59707641601562,24.0799560546875,0.8070106506347656
2391,-11.4442138671875,-75.7546615600586,26.4676513671875,0.9411964416503906
2392,26.4791259765625,-72.06427764892578,-11.5198974609375,-1.5140914916992188
2393,-25.492431640625,-104.47865295410156,34.997802734375,2.1773223876953125
2394,26.0623779296875,-44.215538024902344,-5.6253662109375,-1.370758056640625
2395,27.938232421875,-99.2001953125,-18.52001953125,-1.5158729553222656
2396,-32.570556640625,-49.239017486572266,53.093994140625,2.923095703125
2397,-13.9990234375,-75.3618392944336,28.92919921875,0.9981613159179688
2398,2.318359375,-73.85648345947266,12.5487060546875,-0.010009765625
2399,59.6602783203125,-68.12861633300781,-44.83251953125,-3.4553184509277344
2400,-31.9827880859375,-76.39459228515625,46.933349609375,2.9405670166015625
2401,-1.840087890625,-74.21892547607422,16.6124267578125,-0.08690261840820312
2402,-7.993896484375,-74.21240997314453,22.8358154296875,1.0354652404785156
2403,21.0728759765625,-71.50467681884766,-6.296875,-1.0676689147949219
2404,15.15771484375,-99.80699920654297,-5.9364013671875,-0.7474327087402344
2405,14.911865234375,-16.017318725585938,10.9454345703125,-0.01183319091796875
2406,6.70361328125,-100.0430679321289,2.560302734375,-0.15465545654296875
2407,-31.197021484375,-76.30506896972656,45.8905029296875,2.2680320739746094
2408,6.2581787109375,-72.56964111328125,8.412109375,-0.2548027038574219
2409,1.351806640625,-72.84093475341797,13.319580078125,0.17496109008789062
2410,-5.6209716796875,-73.39336395263672,20.279296875,0.6539115905761719
2411,20.1937255859375,-98.76317596435547,-11.1226806640625,-1.1805038452148438
2412,10.1324462890625,-43.74513626098633,10.0380859375,0.12189865112304688
2413,2.129638671875,-44.244102478027344,18.0633544921875,0.37453460693359375
2414,39.7489013671875,-96.36378479003906,-30.692138671875,-2.338024139404297
2415,-37.0218505859375,-75.98342895507812,51.5721435546875,2.801605224609375
2416,16.571044921875,-70.87222290039062,-2.0645751953125,-0.9669761657714844
2417,3.5272216796875,-71.59091186523438,11.0355224609375,0.4616966247558594
2418,-4.642578125,-72.57079315185547,19.13671875,0.5505218505859375
2419,17.5595703125,-70.33056640625,-3.0828857421875,-0.8250732421875
2420,-27.9495849609375,-46.66811752319336,47.9638671875,2.249866485595703
2421,28.611083984375,-96.93315124511719,-19.7125244140625,-1.8498344421386719
2422,9.2347412109375,-98.56459045410156,-0.3453369140625,0.041675567626953125
2423,1.0794677734375,-15.902913093566895,24.389892578125,0.5303077697753906
2424,4.8536376953125,-98.62366485595703,4.039306640625,-0.19345855712890625
2425,-17.7613525390625,-73.32315063476562,32.077392578125,1.4074325561523438
2426,2.946044921875,-99.03643035888672,5.8238525390625,-0.151336669921875
2427,-9.6571044921875,-44.46912384033203,29.4853515625,1.0394287109375
2428,37.4412841796875,-67.20752716064453,-23.0672607421875,-1.8205909729003906
2429,9.76904296875,-69.9779281616211,4.5345458984375,-0.16883087158203125
2430,22.13427734375,-96.67973327636719,-13.4141845703125,-1.2206306457519531
2431,-25.082763671875,-45.49382400512695,44.83251953125,2.107379913330078
2432,19.5794677734375,-96.70172882080078,-10.8905029296875,-1.2449188232421875
2433,9.495361328125,-41.76778030395508,10.2679443359375,0.2220001220703125
2434,-11.07470703125,-71.43089294433594,25.27978515625,1.0191726684570312
2435,-33.6268310546875,-73.77263641357422,47.7435302734375,2.324535369873047
2436,26.2161865234375,-68.01219940185547,-12.09326171875,-1.5810508728027344
2437,0.7906494140625,-70.10013580322266,13.338134765625,0.354705810546875
2438,2.81689453125,-69.92839813232422,11.27197265625,0.06620025634765625
2439,-2.7550048828125,-70.35709381103516,16.81982421875,0.4318351745605469
2440,34.126708984375,-66.50406646728516,-20.0145263671875,-1.5840492248535156
2441,-31.38720703125,-72.7611083984375,45.40966796875,2.4377212524414062
2442,21.805908203125,-67.85408782958984,-7.806884765625,-1.3222579956054688
2443,-13.631103515625,-70.91459655761719,27.6171875,1.2386627197265625
2444,-4.1214599609375,-70.04600524902344,18.070556640625,0.4632110595703125
2445,10.6346435546875,-68.3147201538086,3.3463134765625,-0.1785430908203125
2446,-44.8709716796875,-73.68167877197266,58.745849609375,3.1386985778808594
2447,52.90625,-64.43115997314453,-38.9818115234375,-3.381072998046875
2448,-42.1971435546875,-73.01394653320312,56.0662841796875,3.243824005126953
2449,13.5594482421875,-67.79655456542969,0.314208984375,-0.5661125183105469
2450,9.1929931640625,-40.17778015136719,10.2177734375,-0.10004425048828125
2451,28.8736572265625,-93.78096771240234,-20.52880859375,-1.689605712890625
2452,20.2864990234375,-66.89576721191406,-6.4769287109375,-0.8818893432617188
2453,6.7845458984375,-67.75507354736328,7.0479736328125,0.23191070556640625
2454,-27.8050537109375,-71.25516510009766,41.5177001953125,2.035633087158203
2455,49.65771484375,-91.70403289794922,-41.4228515625,-3.197528839111328
2456,-25.31982421875,-42.97658920288086,44.532958984375,2.1943321228027344
2457,11.363037109375,-66.95849609375,2.388427734375,-0.3548316955566406
2458,12.637939453125,-66.90946197509766,1.060546875,-0.46959686279296875
2459,4.4892578125,-67.59769439697266,9.17333984375,0.03284454345703125
2460,-1.8759765625,-68.18327331542969,15.4930419921875,0.3331794738769531
2461,-23.8077392578125,-69.99044799804688,37.3980712890625,2.0379791259765625
2462,0.550537109375,-67.85934448242188,13.0074462890625,0.037097930908203125
2463,10.4383544921875,-94.52790832519531,-2.4091796875,-0.55419921875
2464,6.413818359375,-39.28154754638672,12.6494140625,-0.040035247802734375
2465,-1.45703125,-67.21366119384766,15.04296875,0.6576042175292969
2466,8.8759765625,-66.55846405029297,4.6279296875,-0.3887138366699219
2467,-11.7103271484375,-68.3525161743164,25.165283203125,1.0372390747070312
2468,14.0869140625,-93.55286407470703,-6.13818359375,-0.6284255981445312
2469,-6.77978515625,-40.01730728149414,25.711181640625,0.8171424865722656
2470,22.0772705078125,-64.71275329589844,-8.597900390625,-1.2433433532714844
2471,-1.2000732421875,-38.822574615478516,20.18212890625,0.8663749694824219
2472,-20.3082275390625,-96.4102554321289,28.1051025390625,1.3347206115722656
2473,33.6751708984375,-63.699527740478516,-20.31298828125,-2.0646095275878906
2474,-8.9219970703125,-122.77254486083984,11.1783447265625,0.9593772888183594
2475,-0.056396484375,-11.177987098693848,24.3665771484375,0.3980674743652344
2476,-53.871826171875,-43.16035079956055,72.6605224609375,4.045932769775391
2477,9.469482421875,-121.13876342773438,-7.309814453125,-1.0727882385253906
2478,-6.626708984375,-11.407164573669434,30.869873046875,0.9491233825683594
2479,30.61279296875,-90.4088363647461,-22.7777099609375,-1.6354637145996094
2480,15.05517578125,-64.52315521240234,-1.8443603515625,-0.6030807495117188
2481,-15.886962890625,-67.11746215820312,29.04638671875,1.5400466918945312
2482,-7.4637451171875,-66.53596496582031,20.564453125,0.53814697265625
2483,36.6588134765625,-62.13320541381836,-23.450439453125,-2.209705352783203
2484,-24.2613525390625,-67.495361328125,37.3480224609375,2.210620880126953
2485,0.26708984375,-93.36279296875,7.2305908203125,-0.17031478881835938
2486,48.7171630859375,-4.922280788421631,-24.4351806640625,-2.3612937927246094
2487,-25.058349609375,-94.68955993652344,32.603271484375,2.1759719848632812
2488,24.3626708984375,-63.036598205566406,-11.3431396484375,-1.5358123779296875
2489,-8.8033447265625,-65.53713989257812,21.808349609375,1.1431961059570312
2490,4.8983154296875,-64.45791625976562,8.0650634765625,-0.21816253662109375
2491,6.09130859375,-64.19437408447266,6.86083984375,-0.2438507080078125
2492,9.8338623046875,-91.33680725097656,-2.40087890625,-0.2891426086425781
2493,-22.017578125,-66.65830993652344,34.8358154296875,1.835723876953125
2494,-10.8387451171875,-9.96109390258789,34.7420654296875,0.9601860046386719
2495,11.10986328125,-63.0145149230957,1.82421875,-0.6772651672363281
2496,-13.2117919921875,-120.92951202392578,14.935791015625,1.0546684265136719
2497,18.185302734375,-34.78409194946289,0.1717529296875,-0.6926803588867188
2498,5.80126953125,-63.23063659667969,7.0390625,-0.15586090087890625
2499,-10.799560546875,-64.7666244506836,23.547119140625,1.1052436828613281
2500,-12.955078125,-64.93506622314453,25.659423828125,1.1527481079101562
2501,3.6051025390625,-63.426849365234375,9.1005859375,-0.18887710571289062
2502,19.7301025390625,-61.5064697265625,-6.9434814453125,-0.8586616516113281
2503,27.768310546875,-88.36741638183594,-20.506591796875,-1.4112434387207031
2504,4.8123779296875,-35.16436767578125,13.3721923828125,0.07982254028320312
2505,-13.94775390625,-64.26773071289062,26.5738525390625,1.2553291320800781
2506,0.21875,-63.01915740966797,12.39306640625,0.2974815368652344
2507,-17.615234375,-64.79886627197266,30.10595703125,1.1657676696777344
2508,6.6312255859375,-62.21975326538086,5.9530029296875,-0.16669464111328125
2509,-29.757568359375,-65.53369903564453,42.1904296875,2.2486801147460938
2510,11.978515625,-61.72936248779297,0.5380859375,-0.858428955078125
2511,15.52197265625,-88.6756362915039,-8.4857177734375,-0.6545562744140625
2512,11.256591796875,-5.7795820236206055,12.3299560546875,-0.08449935913085938
2513,13.4139404296875,-60.495426177978516,-0.8162841796875,-0.3946685791015625
2514,-9.1072998046875,-90.75413513183594,15.9666748046875,0.8547515869140625
2515,-6.1461181640625,-63.04273986816406,18.447998046875,0.3474617004394531
2516,38.4517822265625,-86.03191375732422,-31.451904296875,-2.2920455932617188
2517,-34.301025390625,-37.33327865600586,52.0494384765625,2.8048934936523438
2518,12.269287109375,-32.64800262451172,5.6790771484375,-0.4799957275390625
2519,-28.897705078125,-91.93123626708984,35.5855712890625,2.097747802734375
2520,36.8001708984375,-58.44696807861328,-24.443359375,-2.5364341735839844
2521,-23.3531494140625,-91.0594253540039,30.03271484375,2.1453590393066406
2522,-5.297607421875,-6.663333892822266,28.5107421875,0.432586669921875
2523,28.246337890625,-113.68132781982422,-26.9189453125,-1.7959480285644531
2524,16.8013916015625,-31.83266258239746,0.96826171875,-0.49941253662109375
2525,19.6434326171875,-58.53330993652344,-7.2896728515625,-0.5237388610839844
2526,-80.8333740234375,-68.790771484375,92.564453125,5.1381072998046875
2527,31.970458984375,-57.947059631347656,-19.7548828125,-2.178131103515625
2528,42.529541015625,-84.118896484375,-35.7396240234375,-2.379985809326172
2529,3.71435546875,-32.11061477661133,13.956298828125,0.68475341796875
2530,-13.88623046875,-61.73295974731445,25.8671875,0.8409690856933594
2531,-27.3603515625,-62.75847244262695,39.274169921875,2.2032508850097656
2532,13.5355224609375,-59.15256881713867,-1.5216064453125,-1.0540809631347656
2533,-36.3719482421875,-91.10930633544922,42.66162109375,2.752613067626953
2534,9.837158203125,-31.71397590637207,7.6114501953125,-0.7599296569824219
2535,6.0362548828125,-31.03082847595215,11.54345703125,0.3114585876464844
2536,22.6619873046875,-85.07603454589844,-16.1380615234375,-1.2982826232910156
2537,5.781494140625,-59.1298713684082,6.108154296875,-0.0688934326171875
2538,-1.3914794921875,-59.58237838745117,13.2452392578125,0.3327293395996094
2539,-14.754150390625,-60.812252044677734,26.5023193359375,1.1097679138183594
2540,13.28369140625,-57.801429748535156,-1.375,-0.3853721618652344
2541,-21.29150390625,-33.37905502319336,38.5062255859375,1.7088508605957031
2542,42.1656494140625,-82.61681365966797,-35.69189453125,-2.6951370239257812
2543,-49.1856689453125,-35.92254638671875,66.17724609375,3.614025115966797
2544,58.3458251953125,-80.7553482055664,-51.813720703125,-3.6090431213378906
2545,-36.005859375,-62.13774490356445,47.4886474609375,2.7061843872070312
2546,18.190673828125,-56.946170806884766,-6.4500732421875,-1.1475334167480469
2547,16.234130859375,-56.58539581298828,-4.4498291015625,-0.4497795104980469
2548,-2.585693359375,-86.33950805664062,8.6463623046875,0.22288894653320312
2549,6.8353271484375,-30.000852584838867,10.292724609375,-0.201507568359375
2550,-19.0091552734375,-87.32756805419922,24.9930419921875,1.5637321472167969
2551,7.3768310546875,-29.765777587890625,9.6976318359375,-0.2942848205566406
2552,-25.8651123046875,-32.4599609375,42.7950439453125,1.8895301818847656
2553,34.7108154296875,-81.91328430175781,-28.500244140625,-2.0398483276367188
2554,-20.3975830078125,-87.46685028076172,26.1807861328125,1.4218902587890625
2555,12.09423828125,-28.654695510864258,4.947265625,-0.3077125549316406
2556,-9.62451171875,-30.21514320373535,26.5908203125,1.1360664367675781
2557,15.7044677734375,-111.1983413696289,-15.27099609375,-1.1991539001464844
2558,-24.3251953125,-31.910741806030273,41.047119140625,2.105449676513672
2559,11.858642578125,-55.85736083984375,-0.42626953125,-0.7674903869628906
2560,-16.581787109375,-58.34333038330078,27.8311767578125,1.4797592163085938
2561,23.920654296875,-54.60469055175781,-12.488037109375,-1.5170097351074219
2562,1.463134765625,-84.09745788574219,4.3182373046875,0.22307205200195312
2563,-15.8800048828125,-2.8262064456939697,38.057861328125,1.3176078796386719
2564,5.1014404296875,-83.35377502441406,0.6890869140625,-0.26169586181640625
2565,13.5858154296875,-55.02779769897461,-2.3004150390625,-0.47420501708984375
2566,18.088134765625,-54.271270751953125,-6.75634765625,-0.7347602844238281
2567,-31.7470703125,-59.188297271728516,42.6793212890625,2.1261367797851562
2568,-34.9281005859375,-59.39297103881836,45.8087158203125,2.3656044006347656
2569,12.7523193359375,-54.669281005859375,-1.572265625,-0.7002105712890625
2570,-4.2039794921875,-56.2055549621582,15.2408447265625,0.3100395202636719
2571,33.558349609375,-80.0520248413086,-27.798583984375,-2.0165863037109375
2572,18.16796875,2.0452330112457275,4.11279296875,-0.13914871215820312
2573,-12.52978515625,-84.01353454589844,17.9713134765625,0.7638359069824219
2574,-14.142333984375,-56.77455139160156,24.9893798828125,1.1008262634277344
2575,1.0069580078125,-27.264795303344727,15.49658203125,0.25655364990234375
2576,15.77978515625,-80.99700927734375,-10.2291259765625,-0.9002838134765625
2577,-41.8529052734375,-58.986534118652344,52.4420166015625,3.001312255859375
2578,0.5445556640625,-82.59308624267578,4.777099609375,-0.16344833374023438
2579,9.55029296875,-53.902130126953125,1.33984375,-0.4718475341796875
2580,15.4853515625,2.5951244831085205,6.5606689453125,-0.4111824035644531
2581,12.3677978515625,-80.46089172363281,-6.912353515625,-0.5816993713378906
2582,-20.822509765625,-56.40022659301758,31.42529296875,1.5684471130371094
2583,36.8087158203125,-50.59947204589844,-25.774658203125,-2.196319580078125
2584,-12.8916015625,-54.91412353515625,23.5924072265625,1.4849052429199219
2585,-2.4765625,-54.402889251708984,13.1190185546875,-0.053928375244140625
2586,-6.021728515625,-54.16429138183594,16.695068359375,0.8496170043945312
2587,3.489013671875,-53.34590530395508,7.1922607421875,-0.09528350830078125
2588,1.9530029296875,-53.35056686401367,8.6956787109375,0.019115447998046875
2589,-23.2626953125,-55.687652587890625,33.6844482421875,1.6214561462402344
2590,13.5382080078125,-51.83426284790039,-2.82080078125,-0.4665985107421875
2591,-6.44189453125,-53.75743865966797,16.955810546875,0.6068496704101562
2592,6.9539794921875,-52.462162017822266,3.618896484375,-0.415618896484375
2593,4.88037109375,-52.42489242553711,5.67236328125,-0.124725341796875
2594,-1.76806640625,-52.74565505981445,12.278076171875,0.5945968627929688
2595,-20.4635009765625,-82.49995422363281,25.1971435546875,1.1809883117675781
2596,-35.3580322265625,-56.143314361572266,45.46630859375,2.456897735595703
2597,23.25830078125,5.106045246124268,-1.6171875,-1.312103271484375
2598,10.5087890625,-78.58014678955078,-5.4892578125,-0.5424003601074219
2599,-1.603759765625,-24.59678077697754,17.4833984375,0.6406173706054688
2600,19.6917724609375,-77.52693176269531,-14.6627197265625,-0.978912353515625
2601,3.2779541015625,-51.797576904296875,7.02099609375,-0.09368515014648438
2602,25.227294921875,-49.18704605102539,-14.6973876953125,-1.2096099853515625
2603,-24.0992431640625,-53.98761749267578,34.154296875,1.7196540832519531
2604,-11.25390625,-52.660888671875,21.385498046875,0.8784828186035156
2605,-19.806640625,-53.32857894897461,29.844482421875,1.4692459106445312
2606,13.8961181640625,-50.13431930541992,-3.6256103515625,-0.9718971252441406
2607,3.381103515625,-50.693946838378906,6.8338623046875,0.155914306640625
2608,-14.4051513671875,-24.645763397216797,29.958984375,1.3229217529296875
2609,18.502685546875,-76.8355941772461,-13.76171875,-1.3669166564941406
2610,3.47119140625,-50.47537612915039,6.635498046875,0.15344619750976562
2611,-2.97607421875,-50.88875198364258,13.017822265625,0.45412445068359375
2612,-39.5902099609375,-54.381832122802734,49.261474609375,2.708515167236328
2613,-2.5670166015625,-78.5042495727539,6.99072265625,0.06933212280273438
2614,29.8662109375,-19.769943237304688,-14.096923828125,-1.5024490356445312
2615,-4.558349609375,-50.510223388671875,14.4913330078125,0.3179359436035156
2616,29.2060546875,-46.923160552978516,-18.9542236328125,-1.2893714904785156
2617,5.0516357421875,-49.260311126708984,4.9288330078125,0.036090850830078125
2618,-6.3765869140625,-50.37773895263672,16.1990966796875,0.6076202392578125
2619,7.8458251953125,-76.79967498779297,-3.4893798828125,-0.7314987182617188
2620,5.1968994140625,-21.22722625732422,10.227294921875,0.33624267578125
2621,-46.48388671875,-26.05044937133789,61.40625,3.2331390380859375
2622,15.955810546875,-47.747867584228516,-6.0286865234375,-1.0918922424316406
2623,-8.0140380859375,-77.6005630493164,12.158935546875,0.590484619140625
2624,-0.469482421875,-77.04261016845703,4.602783203125,-0.060710906982421875
2625,31.89453125,-18.236589431762695,-16.379638671875,-1.7101554870605469
2626,-12.34765625,-49.46826934814453,21.9940185546875,1.3934211730957031
2627,-52.356201171875,-81.59275817871094,55.9215087890625,3.1718063354492188
2628,71.61669921875,-14.212011337280273,-55.81982421875,-4.516857147216797
2629,-21.27294921875,-49.85009002685547,30.7703857421875,2.0715065002441406
2630,-46.804443359375,-52.967002868652344,55.873291015625,2.942852020263672
2631,49.2379150390625,-43.57048797607422,-39.2391357421875,-3.2749366760253906
2632,-15.850830078125,-21.495901107788086,30.8052978515625,1.7638816833496094
2633,-7.40966796875,-76.24771118164062,11.3033447265625,0.3329658508300781
2634,-12.3372802734375,-21.335384368896484,27.1904296875,1.2002029418945312
2635,-13.6380615234375,-104.31523132324219,11.8779296875,0.5770683288574219
2636,26.134521484375,-17.744356155395508,-11.0133056640625,-1.5878524780273438
2637,39.1439208984375,-70.81723022460938,-34.7972412109375,-2.1284828186035156
2638,-62.7308349609375,-25.602205276489258,76.97216796875,4.559970855712891
2639,-16.0098876953125,-21.1940860748291,30.6689453125,0.7851982116699219
2640,21.627197265625,-72.33401489257812,-17.5755615234375,-1.2618675231933594
2641,-20.4534912109375,-48.86675262451172,29.511474609375,1.645263671875
2642,22.4998779296875,-44.503807067871094,-12.9970703125,-1.2297477722167969
2643,-7.25390625,-47.3271598815918,16.4013671875,0.5416259765625
2644,1.21826171875,-18.616086959838867,13.5386962890625,0.2564048767089844
2645,-18.74560546875,-75.65787506103516,22.226318359375,1.2304649353027344
2646,12.465087890625,-72.83721160888672,-8.7403564453125,-0.7413330078125
2647,-13.0384521484375,-19.744544982910156,27.5345458984375,1.2118568420410156
2648,23.6153564453125,-43.455650329589844,-14.217041015625,-1.3362922668457031
2649,-16.118896484375,-47.2739372253418,25.0350341796875,1.3067665100097656
2650,38.4991455078125,-42.16035461425781,-29.0645751953125,-2.6399612426757812
2651,-45.80419921875,-49.64205551147461,54.3829345703125,3.5793914794921875
2652,-15.4232177734375,-47.11629104614258,24.2091064453125,0.8859214782714844
2653,-8.1839599609375,-46.16849899291992,17.0455322265625,0.5671272277832031
2654,20.5384521484375,-43.177085876464844,-11.364990234375,-1.1902542114257812
2655,-8.071533203125,-45.749305725097656,16.9093017578125,0.7256622314453125
2656,0.13916015625,-44.938385009765625,8.7431640625,0.061733245849609375
2657,23.0013427734375,-42.51861572265625,-13.8702392578125,-1.3247451782226562
2658,1.849609375,-44.15436553955078,7.067138671875,0.4380645751953125
2659,-7.000732421875,-17.535200119018555,21.2569580078125,0.6731834411621094
2660,-12.0111083984375,-73.11922454833984,15.1473388671875,0.677398681640625
2661,4.635986328125,-43.88451385498047,4.158203125,-0.029888153076171875
2662,31.26611328125,-41.03511428833008,-22.1585693359375,-1.8280220031738281
2663,0.8448486328125,-71.52102661132812,2.3515625,-0.009456634521484375
2664,-24.600830078125,-18.609411239624023,38.509033203125,2.0338172912597656
2665,-53.110595703125,-48.99886703491211,61.1107177734375,3.1561546325683594
2666,11.891845703125,-42.49531173706055,-3.135009765625,-0.6724662780761719
2667,9.740966796875,-70.21272277832031,-6.559326171875,-0.6882514953613281
2668,16.9156494140625,13.680719375610352,2.9232177734375,-0.43372344970703125
2669,-20.99951171875,-72.42335510253906,23.85693359375,1.5235481262207031
2670,15.1265869140625,-69.60247802734375,-12.017822265625,-1.2102165222167969
2671,13.8994140625,-13.920309066772461,0.2900390625,-0.4229736328125
2672,-17.4097900390625,-44.18718338012695,25.7222900390625,1.4177742004394531
2673,17.833984375,-41.12233352661133,-9.2091064453125,-1.2987518310546875
2674,-1.5955810546875,-42.53388214111328,10.0194091796875,0.4274024963378906
2675,3.4974365234375,-14.32860279083252,10.47509765625,0.12531280517578125
2676,-33.9931640625,-45.37370681762695,41.9683837890625,2.3428916931152344
2677,2.9913330078125,-69.58456420898438,-0.1629638671875,-0.29305267333984375
2678,-7.5467529296875,-42.88786697387695,15.728515625,0.6344223022460938
2679,20.1771240234375,-39.84773635864258,-11.6292724609375,-1.0982627868652344
2680,-13.047119140625,-42.90633773803711,21.1539306640625,1.0772819519042969
2681,-18.213623046875,-71.1136474609375,20.6649169921875,1.0547523498535156
2682,0.8258056640625,-41.64023971557617,7.3359375,-0.033847808837890625
2683,3.681640625,-13.293493270874023,10.072998046875,0.038639068603515625
2684,-9.35888671875,-41.96717834472656,17.41455078125,0.6716957092285156
2685,45.4595947265625,-36.61811828613281,-36.7421875,-2.78143310546875
2686,-62.2867431640625,-46.65391540527344,69.632080078125,4.580448150634766
2687,11.462646484375,-39.977725982666016,-3.3009033203125,-0.9950675964355469
2688,-3.2490234375,-40.986141204833984,11.246337890625,0.2965660095214844
2689,-22.7698974609375,-15.189935684204102,35.9915771484375,1.5815963745117188
2690,24.126953125,-65.41210174560547,-21.28955078125,-1.3943214416503906
2691,21.0682373046875,-38.334739685058594,-12.8514404296875,-1.2042579650878906
2692,-16.2337646484375,-41.4678840637207,23.995849609375,1.4750938415527344
2693,-19.5980224609375,-42.08102798461914,27.2066650390625,1.1340484619140625
2694,4.2054443359375,-39.59306716918945,3.703857421875,-0.351470947265625
2695,-45.9395751953125,-16.538156509399414,58.69775390625,3.2198753356933594
2696,45.8740234375,-90.22453308105469,-48.4373779296875,-3.0521583557128906
2697,-25.9351806640625,-14.660441398620605,38.8409423828125,1.8878860473632812
2698,7.7032470703125,-66.0267333984375,-5.3138427734375,-0.4743080139160156
2699,12.8267822265625,17.32166862487793,6.140380859375,-0.2650032043457031
2700,7.36328125,-65.4766845703125,-4.969970703125,-0.3060188293457031
2701,-18.1124267578125,-68.60721588134766,19.9703369140625,0.9654159545898438
2702,23.83056640625,-8.987325668334961,-10.3416748046875,-1.2865715026855469
2703,-28.7247314453125,-41.12403106689453,36.0223388671875,2.1471099853515625
2704,7.33837890625,-37.890377044677734,0.357177734375,-0.4985466003417969
2705,-8.302490234375,-39.11231994628906,15.7823486328125,0.7324638366699219
2706,9.0692138671875,-37.33369445800781,-1.3797607421875,-0.4537353515625
2707,-1.8271484375,-65.87528228759766,3.8143310546875,0.132171630859375
2708,-2.5313720703125,-10.736968994140625,15.4906005859375,0.41652679443359375
2709,2.3775634765625,-37.42884063720703,5.16650390625,-0.06771469116210938
2710,-20.4849853515625,-39.70514678955078,27.635498046875,1.3985061645507812
2711,-2.023681640625,-9.985294342041016,14.9664306640625,0.5749282836914062
2712,-7.0662841796875,-65.63066101074219,8.8570556640625,0.3242645263671875
2713,26.8153076171875,-7.220057010650635,-13.568603515625,-1.5152511596679688
2714,-14.849609375,-93.62894439697266,10.97021484375,0.8448410034179688
2715,-47.383056640625,-14.500786781311035,59.4251708984375,3.0844955444335938
2716,16.5010986328125,-62.785552978515625,-14.47265625,-1.1506118774414062
2717,17.2728271484375,20.091516494750977,1.26708984375,-0.6894416809082031
2718,34.2874755859375,-60.24546813964844,-31.9429931640625,-1.8572578430175781
2719,-54.781494140625,-42.03403091430664,61.1240234375,3.510578155517578
2720,6.5875244140625,-35.76988983154297,0.6724853515625,-0.396728515625
2721,-13.5703125,-37.59426498413086,20.5015869140625,0.8402214050292969
2722,-13.7293701171875,-37.37576675415039,20.6488037109375,1.0121803283691406
2723,19.21240234375,-34.16972351074219,-11.8494873046875,-1.3259468078613281
2724,4.9326171875,-35.097713470458984,2.2503662109375,0.0425262451171875
2725,-8.2860107421875,-36.371925354003906,15.216796875,0.7316055297851562
2726,-43.781494140625,-39.80500030517578,50.11962890625,2.874347686767578
2727,51.6314697265625,-58.20017623901367,-49.4208984375,-3.7008743286132812
2728,4.99169921875,-7.008189678192139,7.58935546875,0.2547416687011719
2729,-34.992431640625,-38.317848205566406,41.4210205078125,2.3591766357421875
2730,-11.0927734375,-36.18635940551758,17.7969970703125,0.6286544799804688
2731,-5.982177734375,-63.04190444946289,7.24072265625,0.30243682861328125
2732,-2.83544921875,20.114160537719727,20.653076171875,0.5572891235351562
2733,-11.0670166015625,-35.2802734375,17.7850341796875,0.7899322509765625
2734,31.3438720703125,-58.93521499633789,-29.5699462890625,-2.0427207946777344
2735,-9.02734375,-35.0095100402832,15.679443359375,1.0754852294921875
2736,2.752685546875,-61.51164627075195,-1.49609375,-0.29274749755859375
2737,19.341552734375,-4.653597831726074,-6.8304443359375,-1.0314369201660156
2738,-36.90625,-37.258148193359375,43.0416259765625,2.479694366455078
2739,-24.232177734375,-36.33611297607422,30.4522705078125,1.3124198913574219
2740,6.628173828125,-32.863521575927734,0.123291015625,-0.23540496826171875
2741,35.5328369140625,-29.91128158569336,-28.3424072265625,-2.162433624267578
2742,-44.587890625,-37.62261199951172,50.4471435546875,2.9665908813476562
2743,11.1788330078125,-4.501122951507568,1.0655517578125,-0.5247650146484375
2744,11.9625244140625,-86.92021179199219,-16.255615234375,-1.0344352722167969
2745,-53.5421142578125,16.841642379760742,70.14697265625,3.920848846435547
2746,11.7158203125,-59.16735076904297,-10.5667724609375,-1.2190628051757812
2747,-0.491455078125,-60.26577377319336,1.401123046875,0.18630599975585938
2748,-1.7423095703125,22.46048927307129,19.14306640625,0.5333442687988281
2749,9.88525390625,-58.48941421508789,-8.7608642578125,-0.5237236022949219
2750,-32.5745849609375,-63.27223587036133,32.8095703125,1.840911865234375
2751,32.98486328125,-1.4474118947982788,-20.6270751953125,-1.9708480834960938
2752,-22.9400634765625,-33.79551696777344,28.927490234375,1.7742538452148438
2753,-14.1661376953125,-33.253292083740234,20.182861328125,0.8539581298828125
2754,13.142578125,-30.300336837768555,-6.66357421875,-0.7039108276367188
2755,-9.7987060546875,-32.39024353027344,15.86376953125,0.7599906921386719
2756,19.987060546875,-1.7668277025222778,-7.9283447265625,-1.0419845581054688
2757,-16.3187255859375,-60.13615417480469,16.739501953125,1.0900306701660156
2758,-54.664794921875,-36.77771759033203,59.7926025390625,3.343597412109375
2759,37.4757080078125,-27.47252655029297,-30.7608642578125,-2.6089820861816406
2760,-17.50146484375,-32.38031005859375,23.3057861328125,1.329498291015625
2761,26.9935302734375,-28.053245544433594,-20.4788818359375,-1.7353057861328125
2762,-11.0157470703125,-31.272554397583008,16.9139404296875,1.1980819702148438
2763,-19.4691162109375,-32.41474151611328,25.1019287109375,1.1256561279296875
2764,2.92578125,-57.67964172363281,-2.447998046875,-0.461883544921875
2765,-12.7596435546875,23.79806900024414,29.5062255859375,1.3392791748046875
2766,6.02685546875,-56.70649337768555,-5.4716796875,-0.610137939453125
2767,-26.3856201171875,-32.44148635864258,31.7982177734375,1.9309425354003906
2768,21.796142578125,-27.683364868164062,-15.5762939453125,-1.5451889038085938
2769,21.7987060546875,-27.1628360748291,-15.5301513671875,-1.0520362854003906
2770,-9.0792236328125,-30.06879425048828,14.7652587890625,0.9085617065429688
2771,-45.3692626953125,-33.93086624145508,50.2874755859375,2.6525306701660156
2772,-9.254150390625,-57.726383209228516,9.2972412109375,0.37131500244140625
2773,-0.8720703125,-1.8422605991363525,12.0223388671875,-0.034847259521484375
2774,42.1181640625,-24.37850570678711,-35.595458984375,-2.4625205993652344
2775,-39.5157470703125,-59.74855422973633,39.02783203125,2.9724273681640625
2776,3.0748291015625,-1.1637994050979614,8.0384521484375,-0.44498443603515625
2777,-10.06640625,-29.170902252197266,15.539306640625,0.7654457092285156
2778,4.521484375,-0.2695583701133728,6.6566162109375,-0.14531326293945312
2779,23.895263671875,-53.06549072265625,-23.35498046875,-1.4772987365722656
2780,-0.7113037109375,-28.099369049072266,6.21826171875,0.23709869384765625
2781,-37.3597412109375,-31.363384246826172,42.1976318359375,2.6532936096191406
2782,-12.2471923828125,-29.290319442749023,17.416748046875,0.315032958984375
2783,14.2744140625,-25.997386932373047,-8.5299072265625,-0.6445159912109375
2784,29.1961669921875,-24.435457229614258,-23.2080078125,-1.7030868530273438
2785,-47.6607666015625,-59.56276321411133,46.6356201171875,2.8897552490234375
2786,10.1395263671875,28.836103439331055,6.409423828125,-0.28745269775390625
2787,-16.4683837890625,-55.85477828979492,16.0439453125,0.9260482788085938
2788,1.190673828125,-54.59586715698242,-1.4322509765625,-0.3462638854980469
2789,-19.311279296875,-1.1525551080703735,29.71484375,1.5022811889648438
2790,21.54345703125,-24.36710548400879,-15.86328125,-1.4583778381347656
2791,1.2587890625,-26.10700225830078,4.0286865234375,0.1973419189453125
2792,-7.96484375,-54.5056037902832,7.5208740234375,0.5852165222167969
2793,-33.0496826171875,25.37134552001953,48.5345458984375,2.1677818298339844
2794,3.1968994140625,-52.97605514526367,-3.4517822265625,-0.3844757080078125
2795,-28.4364013671875,-28.749065399169922,32.979736328125,1.9688835144042969
2796,34.0255126953125,-22.592618942260742,-28.3231201171875,-2.4606895446777344
2797,-41.8006591796875,-29.534711837768555,46.073486328125,2.9027099609375
2798,-14.881591796875,0.4903694987297058,25.0977783203125,0.9183540344238281
2799,29.41796875,-49.72726821899414,-29.3050537109375,-1.9207572937011719
2800,-12.0321044921875,-26.362552642822266,16.763427734375,0.9650917053222656
2801,46.5159912109375,-20.373117446899414,-40.640625,-2.884449005126953
2802,-3.7830810546875,-25.00375747680664,8.673095703125,0.5446968078613281
2803,-6.6722412109375,-52.94122314453125,5.917724609375,0.3090019226074219
2804,13.27783203125,31.86680793762207,2.87744140625,-0.27489471435546875
2805,-78.6463623046875,-87.06027221679688,70.93408203125,4.632816314697266
2806,9.5833740234375,3.4902000427246094,0.783935546875,-0.9068069458007812
2807,2.9610595703125,3.9274115562438965,7.4351806640625,0.048274993896484375
2808,9.6728515625,-50.45069122314453,-10.20556640625,-0.7728767395019531
2809,-11.582275390625,-25.0335693359375,16.06640625,0.9573631286621094
2810,-8.530029296875,-52.23356246948242,7.5185546875,0.26407623291015625
2811,-2.644287109375,3.6493923664093018,12.7564697265625,0.496429443359375
2812,13.9974365234375,-49.48978805541992,-14.5584716796875,-1.1115264892578125
2813,11.57958984375,32.984317779541016,4.297119140625,-0.16060256958007812
2814,-44.060546875,-54.61380386352539,42.3172607421875,2.8142051696777344
2815,-5.5732421875,3.474295139312744,15.4208984375,0.061664581298828125
2816,25.8720703125,-75.09918212890625,-31.766845703125,-1.7364959716796875
2817,-10.8302001953125,3.5878524780273438,20.58251953125,1.0732231140136719
2818,-27.285888671875,2.444169282913208,36.7352294921875,1.9128608703613281
2819,-13.55126953125,-51.47795104980469,12.17236328125,0.284942626953125
2820,-8.18701171875,-23.270814895629883,12.3988037109375,0.557586669921875
2821,2.9691162109375,-21.848825454711914,1.4833984375,-0.1693115234375
2822,1.74560546875,-21.799161911010742,2.658935546875,-0.0627899169921875
2823,-1.5679931640625,-21.97344398498535,5.8770751953125,0.17041015625
2824,-58.24609375,-27.591846466064453,61.296142578125,3.5698814392089844
2825,45.278564453125,-17.284637451171875,-40.07861328125,-3.103015899658203
2826,-34.68505859375,-24.518272399902344,38.2659912109375,2.6681365966796875
2827,15.734375,-19.8132266998291,-11.19384765625,-1.0918731689453125
2828,26.81396484375,-45.97368621826172,-27.5430908203125,-1.79193115234375
2829,-3.493408203125,6.312367916107178,13.116455078125,0.7563247680664062
2830,-19.130859375,4.872653961181641,28.3812255859375,1.2450485229492188
2831,-24.074462890625,-23.11132049560547,27.6611328125,1.296356201171875
2832,1.7464599609375,-47.899410247802734,-3.12744140625,-0.1951141357421875
2833,-31.72314453125,-23.85741424560547,35.030029296875,1.8633651733398438
2834,-4.8719482421875,-20.778705596923828,8.7889404296875,0.3240814208984375
2835,51.615966796875,-15.099984169006348,-46.5069580078125,-3.4067726135253906
2836,-40.956787109375,-23.771488189697266,44.0872802734375,2.9591903686523438
2837,0.586181640625,-19.875484466552734,3.3516845703125,-0.118927001953125
2838,9.626708984375,-18.6464900970459,-5.479248046875,-0.4741363525390625
2839,-17.9241943359375,-21.255325317382812,21.431640625,1.2478523254394531
2840,-11.2384033203125,-20.729530334472656,14.8076171875,0.45075225830078125
2841,44.4466552734375,-42.38811492919922,-45.1346435546875,-2.9789695739746094
2842,-9.535400390625,7.518235206604004,18.6446533203125,1.0410041809082031
2843,-44.3092041015625,-23.244760513305664,47.1219482421875,2.78515625
2844,0.5682373046875,-18.982126235961914,3.1505126953125,-0.2853050231933594
2845,-18.739501953125,-20.614465713500977,22.0252685546875,1.0995292663574219
2846,33.7679443359375,-42.52906036376953,-34.78271484375,-2.013427734375
2847,3.77197265625,9.491016387939453,5.48095703125,0.10576248168945312
2848,-17.28466796875,7.699093341827393,26.0635986328125,1.2033500671386719
2849,-25.6036376953125,-75.68177795410156,17.624755859375,1.1368026733398438
2850,-16.9429931640625,7.550633907318115,25.5775146484375,1.2833595275878906
2851,15.897216796875,-16.19586181640625,-11.9737548828125,-1.1830902099609375
2852,-9.835693359375,-18.672731399536133,13.1312255859375,0.5824470520019531
2853,6.900634765625,-16.72679901123047,-3.2218017578125,-0.25384521484375
2854,-2.1685791015625,-17.680545806884766,5.571044921875,0.011592864990234375
2855,-44.573486328125,-21.596134185791016,47.002197265625,2.9525489807128906
2856,-13.755126953125,8.696581840515137,22.2802734375,0.555755615234375
2857,-3.3157958984375,-44.63319778442383,1.1533203125,0.06851577758789062
2858,38.79541015625,-40.51200485229492,-40.049072265625,-2.451122283935547
2859,-28.837646484375,35.542198181152344,42.5096435546875,2.3974380493164062
2860,18.5921630859375,-69.62042236328125,-25.8486328125,-1.8402290344238281
2861,-4.1912841796875,10.705777168273926,12.866455078125,0.8500480651855469
2862,-1.52880859375,-16.39583396911621,4.7332763671875,-0.16779327392578125
2863,-31.7713623046875,-19.242311477661133,34.24072265625,2.0264549255371094
2864,-51.943603515625,6.175111293792725,59.36181640625,3.156147003173828
2865,-17.4381103515625,-17.646852493286133,20.1610107421875,0.7442626953125
2866,51.7322998046875,-37.97252655029297,-52.86669921875,-3.378124237060547
2867,-11.3614501953125,-16.37545394897461,14.25,1.2703170776367188
2868,-8.3697509765625,-16.293357849121094,11.2257080078125,0.3864288330078125
2869,0.591796875,-15.21573543548584,2.458251953125,-0.12791824340820312
2870,-9.4434814453125,-43.34070587158203,6.7730712890625,0.6872062683105469
2871,8.720703125,13.167015075683594,-0.075439453125,-0.5743026733398438
2872,-14.1717529296875,-16.05435562133789,16.82177734375,0.8341026306152344
2873,-7.829833984375,-15.381103515625,10.5838623046875,0.5415153503417969
2874,0.8892822265625,-14.508820533752441,2.01806640625,-0.21881484985351562
2875,-19.4598388671875,-16.186960220336914,21.887939453125,1.3575439453125
2876,24.927734375,-11.914633750915527,-21.5106201171875,-1.8692779541015625
2877,-40.344970703125,-17.89830207824707,42.2220458984375,2.7762680053710938
2878,16.809814453125,-12.283798217773438,-13.6131591796875,-1.1198196411132812
2879,-12.17041015625,12.432296752929688,20.1209716796875,0.7597808837890625
2880,6.7740478515625,-40.244197845458984,-9.3270263671875,-0.5559959411621094
2881,0.8427734375,14.008459091186523,7.3692626953125,0.163787841796875
2882,-35.4049072265625,-44.15487289428711,31.7568359375,2.1262168884277344
2883,22.090576171875,-11.269327163696289,-18.9466552734375,-1.5609245300292969
2884,22.5313720703125,-10.623888969421387,-19.3101806640625,-1.244873046875
2885,-31.38037109375,-43.46017837524414,27.7138671875,1.8739547729492188
2886,-17.8514404296875,12.618267059326172,25.4056396484375,1.0457801818847656
2887,-3.633544921875,-12.869389533996582,6.10498046875,0.12220001220703125
2888,10.55517578125,-11.436164855957031,-7.7818603515625,-0.7492485046386719
2889,-58.6292724609375,-45.495059967041016,54.1807861328125,3.757648468017578
2890,48.036376953125,-7.763604640960693,-44.44775390625,-3.332427978515625
2891,-25.6488037109375,13.016034126281738,32.952392578125,1.85736083984375
2892,-9.97021484375,-12.6690034866333,12.16259765625,0.6660194396972656
2893,2.20458984375,-11.633716583251953,0.2012939453125,-0.33101654052734375
2894,-17.7562255859375,14.042489051818848,25.1307373046875,1.1207923889160156
2895,-34.8218994140625,-14.770161628723145,36.283935546875,2.166240692138672
2896,27.618896484375,-36.24489212036133,-30.164794921875,-2.2261428833007812
2897,21.3446044921875,-8.93250560760498,-18.51611328125,-1.0572700500488281
2898,-22.0794677734375,-13.049641609191895,23.7816162109375,1.5684165954589844
2899,10.9891357421875,-9.729987144470215,-8.492919921875,-0.6755561828613281
2900,-46.5609130859375,-15.37376594543457,47.5386962890625,2.8967857360839844
2901,10.3658447265625,-9.834774017333984,-8.0101318359375,-1.0752487182617188
2902,-9.80029296875,-11.33554744720459,11.6832275390625,0.6561203002929688
2903,-4.4244384765625,-38.215511322021484,0.9066162109375,0.0813446044921875
2904,-35.8338623046875,13.544015884399414,42.418701171875,2.3168869018554688
2905,11.220703125,-36.30994415283203,-14.3778076171875,-1.0639686584472656
2906,-43.56982421875,40.59221649169922,55.39697265625,3.021739959716797
2907,26.2518310546875,-34.35035705566406,-29.0369873046875,-2.0320701599121094
2908,0.4276123046875,-9.350198745727539,1.57275390625,0.36162567138671875
2909,20.7918701171875,-7.328716278076172,-18.31884765625,-1.3774490356445312
2910,-20.7880859375,-11.306320190429688,22.145263671875,1.2905693054199219
2911,-30.4266357421875,-12.331788063049316,31.4569091796875,1.6569328308105469
2912,-21.5382080078125,-11.154909133911133,22.803955078125,1.3119163513183594
2913,5.7203369140625,-8.375009536743164,-3.780029296875,-0.5717086791992188
2914,5.7657470703125,-7.967558860778809,-3.7978515625,-0.24340057373046875
2915,1.3511962890625,19.00123405456543,5.9202880859375,-0.10226058959960938
2916,-26.33349609375,-65.6830825805664,16.4327392578125,1.4654502868652344
2917,21.7113037109375,20.878856658935547,-14.0413818359375,-1.5087051391601562
2918,-15.7275390625,-9.308328628540039,17.0538330078125,1.1860885620117188
2919,3.7255859375,-35.034664154052734,-7.4681396484375,-0.4192924499511719
2920,-2.8477783203125,19.297283172607422,9.8656005859375,0.3971595764160156
2921,8.21826171875,-6.810324192047119,-6.402099609375,-0.7919921875
2922,-39.9222412109375,15.974502563476562,45.8983154296875,2.6434707641601562
2923,4.4775390625,-34.3120002746582,-8.2984619140625,-0.5983619689941406
2924,-17.9581298828125,-9.19786262512207,18.9405517578125,1.065673828125
2925,24.947265625,-4.575104713439941,-22.7877197265625,-1.6281776428222656
2926,-43.2166748046875,-11.202207565307617,43.4981689453125,2.7363548278808594
2927,7.6121826171875,-6.212109088897705,-6.0208740234375,-0.7758026123046875
2928,-0.22802734375,-6.468891620635986,1.6572265625,0.2073211669921875
2929,-17.89794921875,-8.292533874511719,18.7711181640625,1.0626640319824219
2930,22.49169921875,-31.614479064941406,-26.0350341796875,-1.7147712707519531
2931,-45.9677734375,16.43870735168457,51.4549560546875,2.9259986877441406
2932,-16.407470703125,-35.02338409423828,11.7742919921875,0.8212051391601562
2933,-23.53564453125,46.26970672607422,35.03759765625,1.4492568969726562
2934,23.1685791015625,-30.659576416015625,-26.739013671875,-1.8114204406738281
2935,17.635986328125,-3.739640474319458,-15.9200439453125,-0.822998046875
2936,-22.67138671875,19.856414794921875,28.7286376953125,1.7066764831542969
2937,-44.786376953125,-9.900829315185547,44.6568603515625,2.4386367797851562
2938,13.4959716796875,-58.83903121948242,-22.999267578125,-1.3340187072753906
2939,-4.59765625,21.727975845336914,10.9989013671875,0.5096435546875
2940,1.3299560546875,-4.707159996032715,-0.2244873046875,-0.32498931884765625
2941,-1.9542236328125,22.58128547668457,8.4324951171875,0.2918853759765625
2942,-2.8101806640625,-32.096473693847656,-1.704833984375,0.038578033447265625
2943,-47.28955078125,-9.450089454650879,46.8734130859375,2.816722869873047
2944,8.94189453125,-3.5561153888702393,-7.7706298828125,-0.8062057495117188
2945,46.164794921875,0.6232394576072693,-43.89892578125,-2.8131637573242188
2946,-7.253173828125,-4.561274528503418,7.976806640625,0.588531494140625
2947,-1.4390869140625,-3.9798219203948975,2.2694091796875,0.061641693115234375
2948,-52.407470703125,-9.098897933959961,51.71826171875,3.085540771484375
2949,-27.1573486328125,-6.622302055358887,27.119140625,1.252197265625
2950,0.5760498046875,-3.296334981918335,0.238037109375,0.023395538330078125
2951,9.7109375,25.092220306396484,-3.2017822265625,-0.6109657287597656
2952,19.3721923828125,-28.416200637817383,-23.527587890625,-1.4112739562988281
2953,-68.0751953125,-9.878414154052734,66.7940673828125,4.394866943359375
2954,1.588623046875,-3.0741922855377197,-0.9549560546875,-0.6582984924316406
2955,18.1456298828125,-0.7079411745071411,-16.940185546875,-1.0006675720214844
2956,-22.078369140625,-32.25693130493164,16.555908203125,1.0847282409667969
2957,14.6292724609375,-1.059842586517334,-13.639404296875,-0.9275054931640625
2958,-1.9825439453125,80.02471160888672,18.97021484375,0.7240562438964844
2959,8.5633544921875,-83.14875030517578,-24.1484375,-1.2149734497070312
2960,-48.7916259765625,20.044979095458984,53.24169921875,3.141857147216797
2961,24.5078125,0.7220860719680786,-23.295166015625,-1.7054786682128906
2962,-38.0689697265625,22.026418685913086,42.8973388671875,2.5909805297851562
2963,12.3233642578125,-27.878252029418945,-17.0556640625,-1.4318008422851562
2964,-10.7803955078125,24.831100463867188,16.309814453125,0.7949104309082031
2965,20.968017578125,-53.79253005981445,-30.9039306640625,-1.6627235412597656
2966,-4.197021484375,25.88410186767578,9.888671875,0.7432174682617188
2967,-29.1439208984375,-3.7608962059020996,28.6082763671875,1.6952705383300781
2968,-22.8201904296875,-3.26550555229187,22.385009765625,1.1558418273925781
2969,13.51611328125,0.590334415435791,-12.8822021484375,-1.0740776062011719
2970,-2.4556884765625,-0.7383732795715332,2.6121826171875,0.07416915893554688
2971,23.805419921875,2.0147533416748047,-22.8958740234375,-1.6176910400390625
2972,11.08251953125,1.2193721532821655,-10.5093994140625,-0.3664131164550781
2973,-35.2696533203125,-3.673311710357666,34.3385009765625,2.063251495361328
2974,-17.802978515625,25.615598678588867,22.841552734375,1.106536865234375
2975,-18.9295654296875,-1.6739157438278198,18.44482421875,0.9081230163574219
2976,29.4317626953125,-24.233671188354492,-33.9881591796875,-2.2808609008789062
2977,-60.205810546875,-5.586848258972168,58.40380859375,3.8931846618652344
2978,14.267822265625,1.9252004623413086,-13.8643798828125,-1.1702041625976562
2979,-4.568359375,0.2877213954925537,4.394287109375,0.11375045776367188
2980,-37.9759521484375,-30.315467834472656,31.282470703125,2.1490745544433594
2981,19.3182373046875,2.807562828063965,-18.85205078125,-1.3596115112304688
2982,17.992431640625,30.6335391998291,-12.033447265625,-0.8714103698730469
2983,-16.9666748046875,-0.04557995870709419,16.368896484375,1.1105422973632812
2984,-15.4588623046875,-0.07729852199554443,14.8109130859375,0.833892822265625
2985,-24.2421875,-1.0898923873901367,23.23583984375,1.0103263854980469
2986,20.2757568359375,3.7853870391845703,-19.88232421875,-1.4633140563964844
2987,-43.8397216796875,-2.2251627445220947,42.2862548828125,2.978900909423828
2988,30.3785400390625,5.042659282684326,-29.735595703125,-2.164997100830078
2989,-54.352294921875,-3.20005464553833,52.3671875,3.355663299560547
2990,5.143310546875,2.649686098098755,-5.3680419921875,-0.7414779663085938
2991,23.8770751953125,5.006778240203857,-23.4754638671875,-1.5415763854980469
2992,7.76513671875,-23.882627487182617,-13.3692626953125,-0.6915550231933594
2993,-25.0394287109375,27.688867568969727,29.3154296875,1.8214454650878906
2994,-10.1900634765625,-25.464523315429688,3.9527587890625,0.17467117309570312
2995,-3.8350830078125,30.048320770263672,8.7049560546875,0.3990364074707031
2996,-36.643310546875,-0.41772523522377014,34.9942626953125,2.0034751892089844
2997,-24.1829833984375,0.8898723721504211,22.88037109375,1.3416366577148438
2998,11.671875,4.517569065093994,-11.8988037109375,-1.1280899047851562
2999,-433.7220458984375,5743.3662109375,-700.8846435546875,-2.502918243408203
3000,-562.0679931640625,5268.6962890625,-504.6275634765625,3.069438934326172
3001,-475.95361328125,4831.7177734375,-500.7520751953125,-0.3244514465332031
3002,-476.910400390625,4427.95947265625,-431.0389404296875,1.9821662902832031
3003,-411.61419677734375,4056.468017578125,-409.053955078125,0.8037338256835938
3004,-351.1397705078125,3713.868896484375,-387.9466552734375,-0.5030937194824219
3005,-342.23651123046875,3396.6708984375,-344.51171875,0.6281471252441406
3006,-298.305908203125,3103.20849609375,-349.9739990234375,-0.5762405395507812
3007,-256.743408203125,2835.68212890625,-293.846435546875,-0.4139289855957031
3008,-266.8740234375,2585.27490234375,-277.4879150390625,0.5032806396484375
3009,-213.34808349609375,2356.870849609375,-251.5128173828125,-0.6566810607910156
3010,-185.6832275390625,2145.566162109375,-235.58154296875,-0.7303619384765625
3011,-234.8203125,1950.0106201171875,-161.2315673828125,3.2512283325195312
3012,-164.12548828125,1769.7181396484375,-203.949951171875,-1.1593208312988281
3013,-122.198974609375,1604.1796875,-200.2220458984375,-1.7520942687988281
3014,-154.8695068359375,1451.016357421875,-149.6513671875,1.0739974975585938
3015,-100.0528564453125,1311.70068359375,-142.130615234375,-1.0184860229492188
3016,-143.28515625,1181.6097412109375,-96.5833740234375,2.0389938354492188
3017,-75.8643798828125,1062.5660400390625,-148.27880859375,-2.1726455688476562
3018,-90.2398681640625,952.97314453125,-102.3055419921875,-0.003612518310546875
3019,-84.2708740234375,853.0607299804688,-77.3314208984375,0.67327880859375
3020,-106.6507568359375,760.5069580078125,-48.5872802734375,2.1046409606933594
3021,-55.4388427734375,675.6666259765625,-80.71875,-0.9972190856933594
3022,-49.408447265625,598.4542846679688,-71.0289306640625,-0.31060028076171875
3023,-18.6265869140625,526.3153076171875,-107.5511474609375,-2.3262367248535156
3024,-92.1993408203125,462.97747802734375,17.447509765625,3.493579864501953
3025,-17.1346435546875,402.3729553222656,-73.587890625,-1.5927238464355469
3026,-30.380615234375,349.3894958496094,-18.634521484375,0.4017181396484375
3027,-41.415771484375,298.7806701660156,-30.1412353515625,0.49309539794921875
3028,7.2645263671875,254.28125,-57.1971435546875,-2.034832000732422
3029,-10.3060302734375,212.53961181640625,-42.78271484375,-0.4673423767089844
3030,-44.567138671875,176.49794006347656,28.875,2.3418540954589844
3031,-9.9991455078125,141.6925811767578,-29.0445556640625,-0.6633377075195312
3032,-13.464599609375,111.61820983886719,1.379150390625,0.4954681396484375
3033,-15.8798828125,82.39704132080078,-22.7376708984375,-0.37694549560546875
3034,-30.9188232421875,58.879966735839844,28.13623046875,1.7743911743164062
3035,-2.2362060546875,35.937530517578125,-4.9207763671875,-0.18281173706054688
3036,-5.20703125,15.696828842163086,1.8001708984375,0.24301528930664062
3037,15.3670654296875,33.198638916015625,-10.2432861328125,-0.7595138549804688
3038,-2.3931884765625,-23.082910537719727,-3.926025390625,0.15425872802734375
3039,1.1068115234375,-23.228151321411133,-7.4088134765625,-0.24682998657226562
3040,49.2069091796875,36.5217170715332,-42.9998779296875,-2.8539390563964844
3041,-20.9185791015625,29.94384765625,24.99462890625,1.791961669921875
3042,-22.21630859375,-25.374168395996094,15.2301025390625,1.1392402648925781
3043,39.3642578125,7.761722087860107,-39.0028076171875,-2.7890892028808594
3044,-1.2786865234375,4.196017265319824,0.46240234375,0.265167236328125
3045,-30.81396484375,-26.361398696899414,23.5517578125,1.8084297180175781
3046,8.840576171875,32.14141845703125,-3.94677734375,-0.5416984558105469
3047,7.1287841796875,5.048344612121582,-7.657470703125,-0.3987159729003906
3048,-1.8995361328125,3.9685468673706055,1.0565185546875,0.19842147827148438
3049,7.615966796875,4.663348197937012,-8.2059326171875,-0.7399940490722656
3050,-13.497802734375,2.7590649127960205,12.2906494140625,0.9307518005371094
3051,-2.3455810546875,3.7842352390289307,1.479736328125,0.12705230712890625
3052,1.55224609375,-23.22612190246582,-7.7603759765625,-0.2549629211425781
3053,-6.3941650390625,57.78181457519531,16.27587890625,0.3953056335449219
3054,19.74609375,-21.05868911743164,-25.2943115234375,-1.3675727844238281
3055,-0.7235107421875,3.8423526287078857,-0.08251953125,0.17319869995117188
3056,5.452880859375,-22.838945388793945,-11.509765625,-0.4167289733886719
3057,-21.982421875,28.980478286743164,25.961669921875,1.5699653625488281
3058,1.2171630859375,4.1172661781311035,-1.92822265625,-0.19236373901367188
3059,-2.30126953125,3.7217838764190674,1.479248046875,0.20792007446289062
3060,-16.7242431640625,1.9742435216903687,15.38720703125,0.7476158142089844
3061,39.0164794921875,35.209938049316406,-33.054931640625,-2.3131980895996094
3062,-52.329345703125,-1.1316627264022827,49.9774169921875,3.453655242919922
3063,-17.42431640625,-25.596153259277344,10.5933837890625,0.63214111328125
3064,35.70361328125,-20.120738983154297,-40.811767578125,-2.3523330688476562
3065,22.106689453125,33.248870849609375,-16.7078857421875,-1.3156661987304688
3066,-29.44287109375,-26.30280113220215,22.358154296875,1.8623580932617188
3067,-24.7156982421875,55.69928741455078,34.06640625,1.599517822265625
3068,40.5360107421875,-19.22607421875,-45.383056640625,-2.6972885131835938
3069,-14.2760009765625,2.299684524536133,13.1019287109375,1.1086921691894531
3070,11.7607421875,4.898033142089844,-12.109619140625,-0.7379493713378906
3071,19.5089111328125,5.560526371002197,-19.631103515625,-1.3957252502441406
3072,17.95166015625,5.642640590667725,-18.064453125,-0.9494361877441406
3073,-33.267578125,27.75062370300293,36.9832763671875,2.2948265075683594
3074,1.127685546875,-23.57438087463379,-7.2608642578125,-0.32457733154296875
3075,-43.3709716796875,-1.0189998149871826,41.2359619140625,2.6136093139648438
3076,5.0205078125,3.76229190826416,-5.638916015625,-0.764190673828125
3077,-2.8570556640625,3.33298659324646,2.0748291015625,0.21955108642578125
3078,43.05126953125,-19.39514923095703,-47.835693359375,-2.75115966796875
3079,-11.254150390625,29.861116409301758,15.6905517578125,1.1006736755371094
3080,-1.2801513671875,3.531338930130005,0.5755615234375,0.0232086181640625
3081,9.2607421875,4.503515243530273,-9.6414794921875,-0.5224647521972656
3082,4.4580078125,4.037349700927734,-4.9796142578125,-0.17784881591796875
3083,-24.392822265625,0.8038942217826843,22.8955078125,1.234283447265625
3084,42.182861328125,7.7059245109558105,-41.52587890625,-2.677417755126953
3085,-42.7528076171875,-0.7348865866661072,40.757080078125,2.8459129333496094
3086,-37.711669921875,-0.620073139667511,35.798828125,2.0902481079101562
3087,33.4361572265625,6.728264331817627,-33.05517578125,-2.167224884033203
3088,-17.1275634765625,29.210546493530273,21.428955078125,1.3870964050292969
3089,9.525634765625,-23.13960838317871,-15.3743896484375,-1.0772743225097656
3090,14.589599609375,4.763691425323486,-14.79443359375,-0.7967758178710938
3091,-1.2200927734375,3.3114664554595947,0.551025390625,0.18529129028320312
3092,11.3707275390625,-22.869056701660156,-17.1187744140625,-0.7838172912597656
3093,5.94189453125,31.208784103393555,-0.943359375,-0.15482711791992188
3094,-9.94384765625,29.667573928833008,14.455810546875,0.4981536865234375
3095,-4.15478515625,-24.390966415405273,-2.054443359375,0.11228179931640625
3096,0.6077880859375,3.162848472595215,-1.2518310546875,-0.015087127685546875
3097,-30.00048828125,0.17188893258571625,28.4163818359375,1.8470993041992188
3098,35.5750732421875,6.762840270996094,-35.0887451171875,-2.294361114501953
3099,-2.5706787109375,3.123875141143799,1.906005859375,0.376495361328125
3100,-16.97314453125,1.2401692867279053,15.76904296875,0.7538795471191406
3101,0.1431884765625,30.5106143951416,4.7039794921875,0.0493621826171875
3102,11.9749755859375,-22.796794891357422,-17.6322021484375,-0.7952842712402344
3103,-33.259521484375,-0.3462905287742615,31.5794677734375,2.160564422607422
3104,32.943115234375,6.36553430557251,-32.52587890625,-2.157817840576172
3105,-27.9398193359375,0.3834047317504883,26.48095703125,1.8850898742675781
3106,31.6214599609375,5.979093551635742,-31.286376953125,-2.381591796875
3107,-17.3978271484375,1.438915729522705,16.2843017578125,1.2578163146972656
3108,-1.3133544921875,-24.541093826293945,-4.802978515625,-0.1102447509765625
3109,25.9661865234375,32.96363067626953,-20.2781982421875,-1.3865928649902344
3110,6.03564453125,3.9302146434783936,-6.3651123046875,-0.21068572998046875
3111,0.0274658203125,-24.341829299926758,-6.0660400390625,-0.057132720947265625
3112,-18.7017822265625,28.08854866027832,22.9268798828125,1.0078506469726562
3113,-35.6793212890625,26.813589096069336,39.467529296875,2.2674102783203125
3114,28.252197265625,-48.94211959838867,-38.86767578125,-2.168121337890625
3115,-3.7879638671875,29.73240089416504,8.5367431640625,0.5381355285644531
3116,-3.2066650390625,30.162792205810547,8.0533447265625,0.3646965026855469
3117,-13.10009765625,-25.659740447998047,6.69189453125,0.7076606750488281
3118,14.849609375,3.9276206493377686,-15.0306396484375,-1.2973976135253906
3119,-2.84521484375,2.6555826663970947,2.2242431640625,0.3026924133300781
3120,4.2379150390625,30.66699981689453,0.8214111328125,-0.1177215576171875
3121,35.998779296875,-48.08110046386719,-46.3043212890625,-2.412139892578125
3122,-34.657958984375,26.495513916015625,38.4637451171875,2.4882850646972656
3123,8.775146484375,3.7208402156829834,-9.02783203125,-0.6731452941894531
3124,-5.1795654296875,2.076580762863159,4.4478759765625,0.1007843017578125
3125,17.967529296875,4.568085193634033,-17.932373046875,-1.1110153198242188
3126,-19.0372314453125,0.8758423328399658,17.9285888671875,1.2929039001464844
3127,-7.15869140625,1.9245680570602417,6.39794921875,0.39366912841796875
3128,-21.9971923828125,0.43265941739082336,20.780029296875,1.3560028076171875
3129,35.2000732421875,5.922172546386719,-34.678955078125,-2.619770050048828
3130,-24.9134521484375,0.5167145729064941,23.701416015625,2.0747337341308594
3131,9.463623046875,-24.074220657348633,-15.20703125,-1.0740585327148438
3132,-4.146240234375,29.479015350341797,8.960205078125,0.46588897705078125
3133,14.282958984375,4.228060722351074,-14.300537109375,-0.8705520629882812
3134,-24.7061767578125,27.563425064086914,28.9234619140625,1.79315185546875
3135,24.5128173828125,-22.46976661682129,-29.740478515625,-2.041088104248047
3136,-25.4183349609375,0.1054806187748909,24.1610107421875,2.0031776428222656
3137,12.040771484375,3.4381606578826904,-12.21826171875,-1.1558265686035156
3138,35.212890625,6.202189922332764,-34.5672607421875,-2.0414772033691406
3139,-10.6358642578125,1.5836337804794312,9.8572998046875,0.8724784851074219
3140,-27.3095703125,-0.3666146993637085,25.9605712890625,1.6297187805175781
3141,-19.8653564453125,27.749914169311523,24.22216796875,1.2861175537109375
3142,15.7918701171875,-23.44701385498047,-21.2620849609375,-1.4504508972167969
3143,1.572998046875,2.4601571559906006,-2.0140380859375,-0.03521728515625
3144,2.09228515625,-24.72965431213379,-7.95166015625,-0.17988967895507812
3145,-1.946044921875,2.010877847671509,1.389892578125,0.12013626098632812
3146,24.84619140625,32.322715759277344,-19.04345703125,-1.3627510070800781
3147,-76.8455810546875,-5.2231526374816895,74.031982421875,4.8672027587890625
3148,36.775146484375,5.573875904083252,-36.1778564453125,-2.892864227294922
3149,18.463623046875,4.3446526527404785,-18.2974853515625,-0.9589881896972656
3150,-8.017333984375,29.003887176513672,12.8238525390625,0.7921180725097656
3151,23.9647216796875,-22.52243995666504,-29.093017578125,-1.6159324645996094
3152,-35.1136474609375,-1.4025403261184692,33.5616455078125,2.281444549560547
3153,-7.045166015625,1.3992884159088135,6.3663330078125,0.31108856201171875
3154,-4.567626953125,1.7251970767974854,3.9898681640625,0.25811767578125
3155,26.9500732421875,4.733465671539307,-26.5762939453125,-1.9562339782714844
3156,-9.66455078125,1.337194800376892,8.969970703125,0.7720489501953125
3157,33.4901123046875,-21.784503936767578,-38.3236083984375,-2.13995361328125
3158,-2.8604736328125,29.257762908935547,7.8328857421875,0.5204544067382812
3159,2.59326171875,29.978878021240234,2.5880126953125,-5.7220458984375e-05
3160,-25.413818359375,-27.70212745666504,18.7728271484375,1.4551734924316406
3161,-15.7509765625,0.18162576854228973,14.7911376953125,0.8179130554199219
3162,18.9520263671875,3.7806906700134277,-18.80712890625,-1.4608192443847656
3163,13.3199462890625,30.92513656616211,-7.8023681640625,-0.5507316589355469
3164,16.3326416015625,-23.454500198364258,-21.638427734375,-1.0491485595703125
3165,-47.490478515625,-2.9164836406707764,45.59716796875,3.030841827392578
3166,37.438232421875,5.64998197555542,-36.6885986328125,-2.493824005126953
3167,-31.596435546875,-1.0312772989273071,30.2701416015625,2.2101058959960938
3168,10.7861328125,2.7056198120117188,-10.90478515625,-1.1284980773925781
3169,32.3076171875,5.3122639656066895,-31.6573486328125,-1.8988189697265625
3170,-32.900634765625,-1.2600980997085571,31.5360107421875,2.236766815185547
3171,14.0205078125,3.197150230407715,-13.9808349609375,-1.0268821716308594
3172,-18.1708984375,0.09541640430688858,17.2506103515625,1.1949081420898438
3173,-12.8902587890625,0.5151806473731995,12.117431640625,0.7601394653320312
3174,15.3624267578125,3.151198148727417,-15.29833984375,-1.3056373596191406
3175,-13.097412109375,0.5905647873878479,12.3536376953125,0.9266586303710938
3176,35.7696533203125,5.451108932495117,-35.0068359375,-2.2150611877441406
3177,-34.1280517578125,-28.95487403869629,27.2691650390625,2.1252517700195312
3178,-15.2696533203125,54.740726470947266,25.339111328125,1.0819664001464844
3179,-10.291259765625,-53.841304779052734,-1.269287109375,0.27007293701171875
3180,28.799560546875,31.76475715637207,-22.8270263671875,-1.6067466735839844
3181,-4.563232421875,1.6077313423156738,4.159912109375,0.5036468505859375
3182,13.6368408203125,-24.56229591369629,-19.0706787109375,-1.3249549865722656
3183,-10.2120361328125,28.23960304260254,15.0859375,1.2543678283691406
3184,-12.522216796875,0.299715131521225,11.7869873046875,0.4191436767578125
3185,11.9534912109375,2.7995333671569824,-11.9150390625,-0.8205986022949219
3186,3.45458984375,2.0940616130828857,-3.6387939453125,-0.07118988037109375
3187,-43.69677734375,24.57206916809082,47.5010986328125,2.8438873291015625
3188,33.234619140625,-22.6002140045166,-38.024169921875,-2.6279563903808594
3189,25.2501220703125,4.1602702140808105,-24.764892578125,-1.3436164855957031
3190,-21.9229736328125,-0.5406555533409119,20.9688720703125,1.5185356140136719
3191,12.3145751953125,2.7324697971343994,-12.242431640625,-0.826995849609375
3192,26.3160400390625,31.690492630004883,-20.2994384765625,-1.3927268981933594
3193,-2.3145751953125,-53.24839782714844,-8.9371337890625,0.020904541015625
3194,-15.455322265625,26.989919662475586,20.0982666015625,1.1120185852050781
3195,-21.939697265625,-0.6707897186279297,20.993408203125,1.2755012512207031
3196,6.824462890625,1.8551015853881836,-6.9541015625,-0.7992019653320312
3197,14.0074462890625,2.922030210494995,-13.834716796875,-0.7809562683105469
3198,8.470947265625,2.3586313724517822,-8.462646484375,-0.421539306640625
3199,-40.6099853515625,-2.702890157699585,39.089599609375,2.5625839233398438
3200,-8.6021728515625,0.3327457010746002,8.03466796875,0.3454170227050781
3201,16.5472412109375,3.0550293922424316,-16.2930908203125,-0.99627685546875
3202,-12.1710205078125,27.56922721862793,17.0242919921875,0.9613075256347656
3203,5.2750244140625,-25.6477108001709,-10.864990234375,-0.8219070434570312
3204,23.9129638671875,-23.777549743652344,-28.9189453125,-1.5316276550292969
3205,1.680908203125,29.056100845336914,3.6435546875,0.5150833129882812
3206,7.740478515625,2.0392379760742188,-7.7503662109375,-0.7377510070800781
3207,-29.0213623046875,-1.6809358596801758,27.888671875,1.8313446044921875
3208,-9.8656005859375,0.14715774357318878,9.3076171875,0.5358390808105469
3209,40.8177490234375,5.331603050231934,-39.794921875,-2.565441131591797
3210,-25.474365234375,26.221967697143555,29.9786376953125,1.9744911193847656
3211,-7.468994140625,-27.12668228149414,1.505859375,-0.06444931030273438
3212,14.88818359375,2.4635331630706787,-14.6920166015625,-0.9626388549804688
3213,27.2078857421875,4.015870094299316,-26.56201171875,-1.5464668273925781
3214,-29.7073974609375,-1.8269195556640625,28.5911865234375,1.9254722595214844
3215,8.814697265625,1.945412039756775,-8.7645263671875,-0.5882377624511719
3216,-16.057373046875,-0.49443474411964417,15.3663330078125,1.07135009765625
3217,-9.7467041015625,0.005535562988370657,9.227783203125,0.5319595336914062
3218,17.1265869140625,2.757303476333618,-16.8046875,-1.0905113220214844
3219,-23.5413818359375,-1.2919195890426636,22.634765625,1.5536308288574219
3220,-14.61328125,-0.8165899515151978,13.89697265625,0.4648323059082031
3221,22.0567626953125,-24.180845260620117,-27.0428466796875,-1.4907798767089844
3222,31.3099365234375,31.51524543762207,-25.0631103515625,-1.6602020263671875
3223,-28.302978515625,-1.5740406513214111,27.3211669921875,1.9804039001464844
3224,10.6260986328125,1.8996282815933228,-10.5020751953125,-0.7910804748535156
3225,-10.41796875,27.315053939819336,15.408447265625,0.84466552734375
3226,-31.0811767578125,-29.552349090576172,24.5,1.7397994995117188
3227,10.012451171875,1.4094716310501099,-9.9739990234375,-1.0277061462402344
3228,6.570556640625,29.19976043701172,-1.000244140625,0.08759307861328125
3229,15.29296875,-24.97397232055664,-20.453857421875,-1.2749214172363281
3230,11.7802734375,-25.494361877441406,-17.0712890625,-0.7893486022949219
3231,-35.2684326171875,-2.875251293182373,34.0125732421875,2.2894859313964844
3232,48.6995849609375,33.04119873046875,-41.8985595703125,-2.999950408935547
3233,14.2171630859375,2.603583574295044,-13.8455810546875,-0.623291015625
3234,-34.7332763671875,-2.684783935546875,33.544189453125,2.2785568237304688
3235,6.0242919921875,1.2031476497650146,-6.0079345703125,-0.5307998657226562
3236,7.628173828125,28.951873779296875,-2.04150390625,-0.2659912109375
3237,34.9486083984375,-23.128753662109375,-39.4788818359375,-2.5016212463378906
3238,-30.08837890625,-2.186100721359253,29.081298828125,2.3491783142089844
3239,13.052490234375,1.6408990621566772,-12.849853515625,-1.2553520202636719
3240,-22.0499267578125,-1.5464863777160645,21.2645263671875,1.4424095153808594
3241,28.31982421875,-23.96873664855957,-33.056640625,-1.9484939575195312
3242,-23.1268310546875,25.646699905395508,27.779541015625,1.7636756896972656
3243,-9.1656494140625,27.11980438232422,14.2611083984375,0.574951171875
3244,-1.92529296875,-26.87630844116211,-3.68359375,-0.010196685791015625
3245,21.45361328125,2.365823268890381,-20.9742431640625,-1.5940322875976562
3246,-10.49365234375,-27.899169921875,4.6070556640625,0.5737648010253906
3247,-37.203369140625,51.3857421875,46.8887939453125,2.604034423828125
3248,-7.63720703125,-27.553680419921875,1.8607177734375,0.108489990234375
3249,19.8868408203125,2.321159839630127,-19.401123046875,-1.2285690307617188
3250,8.021484375,-26.00897789001465,-13.3089599609375,-0.464111328125
3251,-5.0408935546875,-0.21628442406654358,4.778076171875,0.3517570495605469
3252,-6.4674072265625,27.150390625,11.6644287109375,0.5185546875
3253,3.594970703125,0.9183297753334045,-3.5281982421875,-0.23515701293945312
3254,16.124267578125,2.0892884731292725,-15.6864013671875,-0.9047355651855469
3255,-38.2039794921875,23.94124984741211,42.457275390625,2.5682830810546875
3256,26.0521240234375,-24.62596893310547,-30.842041015625,-2.232524871826172
3257,8.2515869140625,28.550466537475586,-2.585205078125,-0.19708251953125
3258,-5.2344970703125,-27.38292694091797,-0.4058837890625,0.30362701416015625
3259,12.2205810546875,1.366373062133789,-11.93212890625,-0.7420463562011719
3260,-9.3865966796875,-0.6645309925079346,9.0557861328125,0.6056594848632812
3261,-4.644287109375,-0.24994195997714996,4.45166015625,0.2637443542480469
3262,-45.6768798828125,-4.419106483459473,44.2398681640625,2.835498809814453
3263,14.1234130859375,1.4474499225616455,-13.77294921875,-1.1070098876953125
3264,1.67236328125,0.42169514298439026,-1.643310546875,-0.03252410888671875
3265,5.45556640625,0.7770419716835022,-5.309814453125,-0.2736015319824219
3266,-0.06494140625,27.625749588012695,5.5262451171875,0.22239303588867188
3267,-9.742919921875,-28.330102920532227,3.928955078125,0.14635086059570312
3268,6.420166015625,0.5494754314422607,-6.2896728515625,-0.45737457275390625
3269,20.235595703125,2.2337913513183594,-19.619140625,-1.1537437438964844
3270,17.4530029296875,2.218031406402588,-16.856689453125,-0.6007957458496094
3271,-16.15771484375,-1.6944540739059448,15.6317138671875,0.8242988586425781
3272,5.7982177734375,0.5592427253723145,-5.64306640625,-0.44396209716796875
3273,-14.9803466796875,-1.46639084815979,14.5289306640625,0.9692840576171875
3274,5.77587890625,27.9956111907959,-0.1236572265625,-0.22481536865234375
3275,-42.814453125,-31.638824462890625,36.06689453125,2.4750137329101562
3276,45.365234375,4.260483264923096,-44.042724609375,-2.9835205078125
3277,20.31494140625,2.300577163696289,-19.62451171875,-0.9105491638183594
3278,-5.328125,-0.5141932964324951,5.2021484375,0.4400367736816406
3279,-15.447265625,25.531049728393555,20.426025390625,0.7834510803222656
3280,1.9190673828125,-27.225133895874023,-7.2962646484375,-0.334930419921875
3281,-18.2698974609375,-2.1601827144622803,17.70556640625,1.11920166015625
3282,24.0596923828125,2.3021609783172607,-23.298828125,-1.47650146484375
3283,22.2767333984375,2.2567195892333984,-21.5340576171875,-1.1967506408691406
3284,-22.780517578125,-29.86382484436035,16.65869140625,1.320892333984375
3285,-1.7203369140625,26.8088321685791,7.1396484375,0.17679977416992188
3286,-2.09521484375,-0.26168033480644226,2.10986328125,0.12940597534179688
3287,3.669921875,0.13130779564380646,-3.51171875,-0.23634719848632812
3288,15.3409423828125,1.3550375699996948,-14.8131103515625,-0.8880691528320312
3289,9.661376953125,0.8344585299491882,-9.2860107421875,-0.4425697326660156
3290,-41.2427978515625,22.953550338745117,45.5343017578125,2.7148704528808594
3291,5.1611328125,-27.43597984313965,-10.4725341796875,-0.9789314270019531
3292,29.7032470703125,2.5846052169799805,-28.75732421875,-1.7588119506835938
3293,-48.6822509765625,-4.9477643966674805,47.35205078125,3.474773406982422
3294,7.7373046875,0.031148364767432213,-7.5126953125,-0.9774932861328125
3295,-7.3197021484375,-28.579681396484375,1.6895751953125,0.2644081115722656
3296,1.7586669921875,27.013626098632812,3.8177490234375,0.02203369140625
3297,15.9971923828125,28.860437393188477,-9.90185546875,-0.7644615173339844
3298,10.070068359375,-26.58213996887207,-15.1043701171875,-0.669403076171875
3299,4.30029296875,-0.1104699894785881,-4.0953369140625,-0.16744232177734375
3300,-0.4144287109375,-0.46555590629577637,0.508544921875,0.09479522705078125
3301,-19.63623046875,-2.5412802696228027,19.1307373046875,1.14788818359375
3302,11.14794921875,0.5878394842147827,-10.715087890625,-0.7165031433105469
3303,-68.5,19.959964752197266,72.022705078125,4.4284820556640625
3304,36.884033203125,-24.350751876831055,-41.1683349609375,-2.7778167724609375
3305,-4.511962890625,-28.42644691467285,-0.983154296875,0.3703346252441406
3306,1.7200927734375,26.58734130859375,3.84033203125,-0.3102989196777344
3307,8.034912109375,0.626467764377594,-7.585205078125,-0.1570281982421875
3308,57.8135986328125,5.154336452484131,-55.9658203125,-3.7394866943359375
3309,1.1248779296875,-0.0362485870718956,-0.858154296875,0.5562057495117188
3310,4.5093994140625,-0.1792137175798416,-4.2366943359375,-0.2536773681640625
3311,-12.2020263671875,25.315187454223633,17.4088134765625,0.6347732543945312
3312,12.919921875,-54.08464431762695,-23.3218994140625,-1.1074104309082031
3313,-9.1082763671875,25.470998764038086,14.394287109375,0.7374992370605469
3314,20.0845947265625,28.898542404174805,-13.81982421875,-1.0941429138183594
3315,4.1578369140625,-54.67539978027344,-14.7374267578125,-0.10390853881835938
3316,-36.85986328125,22.352874755859375,41.26953125,2.1286163330078125
3317,1.3299560546875,-28.06629180908203,-6.6119384765625,-0.4019660949707031
3318,8.0775146484375,-0.15057067573070526,-7.7061767578125,-0.49078369140625
3319,-38.393310546875,22.736412048339844,42.8907470703125,2.5759506225585938
3320,32.0965576171875,29.875829696655273,-25.4775390625,-1.997406005859375
3321,-11.01513671875,-29.12148666381836,5.4339599609375,0.6689338684082031
3322,1.8115234375,26.542320251464844,3.861328125,0.0221405029296875
3323,-20.505615234375,-30.24948501586914,14.6195068359375,1.1135482788085938
3324,3.04638671875,-28.297039031982422,-8.3060302734375,-0.43920135498046875
3325,0.328125,26.417333602905273,5.328125,0.2167816162109375
3326,0.8514404296875,-28.15018081665039,-6.0877685546875,-0.23119354248046875
3327,27.6922607421875,28.910585403442383,-21.260498046875,-1.8310661315917969
3328,-20.2998046875,-2.5216689109802246,19.998779296875,1.7412834167480469
3329,-8.343017578125,25.24238395690918,13.7042236328125,0.22784042358398438
3330,26.819091796875,-25.348072052001953,-31.2109375,-1.5007896423339844
3331,-30.1395263671875,-4.15170431137085,29.436279296875,2.0217742919921875
3332,12.548828125,-0.14770956337451935,-12.037109375,-1.24169921875
3333,12.23876953125,0.2372826635837555,-11.64013671875,-0.6583290100097656
3334,-21.27783203125,-2.9994468688964844,20.915283203125,1.6794281005859375
3335,10.9534912109375,27.134714126586914,-4.9827880859375,-0.9088363647460938
3336,13.3614501953125,-54.40086364746094,-23.648681640625,-1.0353584289550781
3337,-6.4525146484375,25.560087203979492,11.9627685546875,0.9339981079101562
3338,-3.054931640625,-1.5898494720458984,3.172119140625,-0.18207168579101562
3339,-9.8935546875,-2.1998140811920166,9.834228515625,0.6213912963867188
3340,-0.921142578125,-1.3391817808151245,1.127197265625,0.025234222412109375
3341,1.9561767578125,26.388269424438477,3.82568359375,0.018917083740234375
3342,30.505126953125,-25.37567710876465,-34.78466796875,-1.9923896789550781
3343,-24.4324951171875,-3.5600476264953613,23.9959716796875,1.9901885986328125
3344,9.108642578125,-28.118486404418945,-14.132568359375,-1.1426467895507812
3345,-14.397216796875,24.532392501831055,19.6812744140625,1.0957717895507812
3346,8.6357421875,-0.3211512565612793,-8.0911865234375,-0.5820503234863281
3347,-32.2708740234375,-4.568652153015137,31.5831298828125,2.0683326721191406
3348,30.8072509765625,1.6025632619857788,-29.653076171875,-2.1076927185058594
3349,-21.593505859375,23.99569320678711,26.73193359375,1.65374755859375
3350,-26.9552001953125,-4.070871829986572,26.4383544921875,1.5495338439941406
3351,69.3271484375,-49.293182373046875,-77.953125,-4.652595520019531
3352,-46.2369384765625,21.4537353515625,50.659423828125,3.6414642333984375
3353,35.3536376953125,1.9137401580810547,-34.0615234375,-2.696491241455078
3354,6.634521484375,26.78753662109375,-0.631591796875,-0.07925796508789062
3355,-4.288330078125,-29.119192123413086,-0.9786376953125,0.20492935180664062
3356,33.5240478515625,1.7221537828445435,-32.26171875,-2.0829391479492188
3357,-43.72265625,-33.2511100769043,37.2706298828125,2.742473602294922
3358,20.415771484375,27.594274520874023,-14.095947265625,-1.3450736999511719
3359,-38.6810302734375,-5.279017925262451,37.880615234375,2.4462127685546875
3360,21.9959716796875,0.5171234607696533,-21.0570068359375,-1.5130691528320312
3361,18.90087890625,0.42635858058929443,-17.9996337890625,-1.0428276062011719
3362,-38.9420166015625,-5.476700782775879,38.122802734375,2.5344581604003906
3363,-5.25341796875,-2.350820541381836,5.3819580078125,0.11703872680664062
3364,38.5885009765625,-25.19341468811035,-42.60107421875,-2.5693092346191406
3365,-54.7681884765625,20.185028076171875,58.9510498046875,3.7348403930664062
3366,50.52392578125,3.4279685020446777,-48.69189453125,-3.3327407836914062
3367,14.5623779296875,0.002261954126879573,-13.742431640625,-0.6261825561523438
3368,-5.492919921875,-2.2598698139190674,5.67626953125,0.36421966552734375
3369,-10.78369140625,-2.869267463684082,10.8021240234375,0.6401519775390625
3370,13.5272216796875,-0.40669670701026917,-12.7802734375,-0.8468170166015625
3371,-46.60498046875,20.9482479095459,51.0616455078125,3.075359344482422
3372,24.3890380859375,-26.766075134277344,-28.7952880859375,-1.8617668151855469
3373,6.3052978515625,26.16084098815918,-0.2945556640625,-0.15431594848632812
3374,-16.4561767578125,-58.19891357421875,5.4012451171875,0.7311592102050781
3375,18.195556640625,27.077945709228516,-11.87646484375,-0.9708175659179688
3376,7.7279052734375,-0.8535023927688599,-7.0809326171875,-0.40081787109375
3377,-46.1402587890625,-34.01046371459961,39.6634521484375,2.7120208740234375
3378,16.6837158203125,26.855390548706055,-10.4039306640625,-1.1024436950683594
3379,-19.0211181640625,-3.6552135944366455,18.8795166015625,1.2198219299316406
3380,-14.0177001953125,-3.4435293674468994,13.9710693359375,0.7907142639160156
3381,48.95166015625,30.403919219970703,-41.6387939453125,-2.9209060668945312
3382,10.5653076171875,-27.93309783935547,-15.2584228515625,-0.514556884765625
3383,-13.459716796875,-3.5156068801879883,13.427001953125,0.858184814453125
3384,12.3157958984375,-0.825389564037323,-11.564453125,-0.8216361999511719
3385,5.140380859375,-1.2323825359344482,-4.525634765625,0.06800460815429688
3386,-37.7919921875,21.354875564575195,42.522705078125,2.2337646484375
3387,4.10888671875,-29.110902786254883,-9.06640625,-0.6218070983886719
3388,56.49169921875,3.5048840045928955,-54.435546875,-3.4604759216308594
3389,-33.84912109375,-5.096980571746826,33.3607177734375,2.6773300170898438
3390,-5.90966796875,-3.1040215492248535,6.0753173828125,-0.11947250366210938
3391,23.74072265625,0.49585220217704773,-22.5657958984375,-1.135406494140625
3392,-16.7218017578125,-31.237594604492188,11.18505859375,0.9530868530273438
3393,11.7279052734375,26.008413314819336,-5.55810546875,-0.923095703125
3394,-18.4771728515625,-31.10689926147461,12.9677734375,1.3239212036132812
3395,4.0986328125,25.14808464050293,1.8424072265625,-0.5198249816894531
3396,-19.6246337890625,-4.053276062011719,19.522705078125,1.2343521118164062
3397,34.6268310546875,1.3958408832550049,-33.1307373046875,-1.9353713989257812
3398,-39.3974609375,21.30307960510254,44.1971435546875,2.7617454528808594
3399,31.1751708984375,-26.78108024597168,-35.3349609375,-2.581035614013672
3400,-0.31494140625,-29.57221794128418,-4.6751708984375,0.3733482360839844
3401,15.6839599609375,26.5147705078125,-9.3162841796875,-0.8389167785644531
3402,17.805908203125,-0.3002823293209076,-16.76953125,-1.0185661315917969
3403,-52.166259765625,-7.605314254760742,51.1077880859375,3.3016395568847656
3404,-16.47607421875,-31.712921142578125,10.9312744140625,0.6265792846679688
3405,41.4910888671875,28.752134323120117,-34.415771484375,-2.8528289794921875
3406,-40.2274169921875,21.460256576538086,45.11376953125,3.111492156982422
3407,39.25390625,-25.86231231689453,-43.0975341796875,-2.743824005126953
3408,-36.777099609375,-6.18763542175293,36.181640625,2.4899253845214844
3409,17.53857421875,-0.8445435166358948,-16.566650390625,-1.256011962890625
3410,11.9390869140625,-1.2075092792510986,-11.0814208984375,-0.6509056091308594
3411,-10.98779296875,-3.58980131149292,11.167236328125,0.7263984680175781
3412,4.895263671875,25.359071731567383,1.220458984375,-0.20320510864257812
3413,-19.015625,-31.764801025390625,13.5050048828125,1.00335693359375
3414,21.55615234375,-0.6252447366714478,-20.4678955078125,-1.4222679138183594
3415,-16.6336669921875,-31.41037368774414,11.2344970703125,1.2857551574707031
3416,-3.8311767578125,23.96465301513672,9.6142578125,-0.02706146240234375
3417,34.810302734375,1.29384446144104,-33.1937255859375,-1.8567962646484375
3418,-17.9373779296875,-4.255009651184082,17.973388671875,1.3624954223632812
3419,15.8072509765625,-1.360238790512085,-14.885986328125,-1.3897361755371094
3420,-18.84814453125,-31.79762077331543,13.3868408203125,1.3315277099609375
3421,15.1741943359375,26.077547073364258,-8.7576904296875,-0.8253631591796875
3422,-33.5517578125,-33.357582092285156,27.6575927734375,1.9606437683105469
3423,1.4859619140625,24.288490295410156,4.4591064453125,-0.4638710021972656
3424,-4.2156982421875,-2.7724926471710205,4.7164306640625,0.5926551818847656
3425,31.5125732421875,27.858549118041992,-24.5645751953125,-1.8217506408691406
3426,13.7293701171875,-28.510604858398438,-18.1981201171875,-0.8243484497070312
3427,-12.5469970703125,-4.1916823387146,12.7078857421875,0.8409690856933594
3428,9.8450927734375,-1.8879905939102173,-9.0166015625,-0.6876564025878906
3429,-19.1158447265625,-4.746457099914551,19.1209716796875,1.2238845825195312
3430,0.8123779296875,-2.8766963481903076,-0.2490234375,-0.17184066772460938
3431,18.151123046875,-0.7793281078338623,-17.0015869140625,-0.77337646484375
3432,-30.344482421875,21.278602600097656,35.468994140625,1.7509269714355469
3433,10.09375,-29.09624481201172,-14.663818359375,-0.6589012145996094
3434,26.457275390625,-0.321824848651886,-25.123291015625,-1.5245819091796875
3435,2.0687255859375,-2.6538681983947754,-1.411865234375,-0.036945343017578125
3436,-3.6807861328125,-3.3227615356445312,4.1590576171875,0.24860763549804688
3437,-1.148681640625,-30.560853958129883,-3.78759765625,-0.1035003662109375
3438,0.1864013671875,24.287029266357422,5.8582763671875,0.14041519165039062
3439,6.7264404296875,-2.1972336769104004,-5.909912109375,-0.45949554443359375
3440,-19.072265625,-4.938801288604736,19.1190185546875,1.223846435546875
3441,-22.3798828125,-32.83831024169922,16.8272705078125,1.1582489013671875
3442,15.912841796875,53.104618072509766,-3.9423828125,-0.8692474365234375
3443,-1.322021484375,-57.71025466918945,-8.99853515625,-0.15434646606445312
3444,22.7904052734375,26.329259872436523,-16.0941162109375,-1.2300453186035156
3445,-49.095458984375,-7.6644816398620605,48.370361328125,3.4074668884277344
3446,26.1124267578125,26.504926681518555,-19.3433837890625,-2.0390243530273438
3447,4.3321533203125,-29.653257369995117,-8.9632568359375,0.032581329345703125
3448,7.8790283203125,-29.973159790039062,-12.53955078125,-0.6197090148925781
3449,-29.099609375,21.139598846435547,34.334716796875,1.9776496887207031
3450,57.898193359375,2.707815647125244,-55.572998046875,-3.732452392578125
3451,-30.8953857421875,21.310447692871094,36.16552734375,2.339977264404297
3452,10.9683837890625,-29.559083938598633,-15.492919921875,-1.0091094970703125
3453,5.1231689453125,-2.8724429607391357,-4.3564453125,-0.2620391845703125
3454,-27.8271484375,-6.103570938110352,27.66455078125,1.7336959838867188
3455,-5.3468017578125,-4.020442962646484,5.803466796875,0.12062835693359375
3456,11.60400390625,-2.152618169784546,-10.615966796875,-0.7229499816894531
3457,22.9765625,-0.7230290770530701,-21.5924072265625,-1.039093017578125
3458,-29.1273193359375,-6.272607803344727,28.94873046875,1.8404045104980469
3459,6.2977294921875,-30.290136337280273,-10.9603271484375,-0.6653022766113281
3460,-14.201904296875,22.425809860229492,19.90380859375,1.0126686096191406
3461,-6.2305908203125,-3.9451045989990234,6.73828125,0.3034019470214844
3462,-2.8779296875,-3.8047327995300293,3.44970703125,0.0683135986328125
3463,14.1634521484375,25.434452056884766,-7.5908203125,-0.7221145629882812
3464,9.7001953125,-57.10637283325195,-19.655517578125,-0.7921066284179688
3465,-35.9205322265625,47.64261245727539,46.51171875,2.8329086303710938
3466,27.1380615234375,-55.664485931396484,-36.64501953125,-2.467571258544922
3467,-43.8233642578125,19.443138122558594,48.7249755859375,3.270763397216797
3468,32.933837890625,-0.24806497991085052,-31.2987060546875,-2.3123016357421875
3469,37.7679443359375,0.426453560590744,-35.9453125,-2.1699790954589844
3470,-4.1761474609375,-3.790485143661499,4.7989501953125,0.504302978515625
3471,6.2196044921875,-3.0044026374816895,-5.34521484375,-0.448272705078125
3472,-44.0860595703125,-8.081031799316406,43.516845703125,2.7275428771972656
3473,33.4541015625,-0.439034640789032,-31.8187255859375,-2.322277069091797
3474,-19.3067626953125,22.17437744140625,25.017822265625,1.7779273986816406
3475,29.8795166015625,-27.949848175048828,-33.7584228515625,-2.0568695068359375
3476,9.577392578125,-2.7410635948181152,-8.5845947265625,-0.437103271484375
3477,16.8076171875,-29.382335662841797,-21.0711669921875,-1.1317176818847656
3478,-30.906005859375,20.45859146118164,36.19873046875,2.096965789794922
3479,17.1077880859375,-1.9790995121002197,-15.8802490234375,-1.2456512451171875
3480,-46.3743896484375,19.038583755493164,51.2645263671875,3.0747413635253906
3481,19.2122802734375,-29.298789978027344,-23.413818359375,-1.5880699157714844
3482,4.0103759765625,-30.72243309020996,-8.6151123046875,-0.042919158935546875
3483,-4.231201171875,23.036239624023438,10.303955078125,0.3961524963378906
3484,1.2491455078125,-30.973241806030273,-5.9171142578125,-0.233306884765625
3485,3.3614501953125,23.75963020324707,2.934814453125,-0.08864212036132812
3486,-19.6025390625,-5.714190483093262,19.817626953125,1.1536102294921875
3487,10.2083740234375,-2.8906633853912354,-9.16650390625,-0.6920890808105469
3488,10.595458984375,24.65519905090332,-4.0369873046875,-0.4850502014160156
3489,-5.3890380859375,-31.505725860595703,0.5950927734375,0.4808998107910156
3490,3.271728515625,-31.21181869506836,-7.9285888671875,-0.3578338623046875
3491,4.547607421875,23.810531616210938,1.8109130859375,-0.11273956298828125
3492,-10.380859375,-4.844369888305664,10.8912353515625,0.6349296569824219
3493,-20.82080078125,21.260469436645508,26.4659423828125,1.3158836364746094
3494,52.8326416015625,-53.421566009521484,-61.4796142578125,-3.6522865295410156
3495,-36.607666015625,19.564239501953125,41.7962646484375,2.623462677001953
3496,-25.469482421875,-6.625217437744141,25.5216064453125,1.3606414794921875
3497,51.4217529296875,1.0370205640792847,-49.177001953125,-3.3518409729003906
3498,23.834716796875,-1.18757164478302,-22.2557373046875,-0.8928985595703125
3499,-55.79248046875,-9.660799026489258,55.0045166015625,3.5436363220214844
3500,-10.1414794921875,22.03795051574707,16.0797119140625,0.441314697265625
3501,27.2530517578125,-28.691253662109375,-31.12841796875,-1.9204788208007812
3502,-8.9681396484375,-5.098505973815918,9.510498046875,0.6866302490234375
3503,11.29345703125,-2.8422374725341797,-10.120849609375,-0.46570587158203125
3504,33.0203857421875,-28.200403213500977,-36.727294921875,-2.123676300048828
3505,-34.515380859375,19.705852508544922,39.8206787109375,2.41790771484375
3506,-19.8021240234375,21.20609474182129,25.53515625,1.132659912109375
3507,4.157958984375,-58.61680221557617,-14.1695556640625,-0.6740875244140625
3508,18.22216796875,24.727548599243164,-11.44873046875,-0.9704856872558594
3509,8.264892578125,-2.979003667831421,-7.1033935546875,-0.15829086303710938
3510,-16.1033935546875,-5.894372940063477,16.4808349609375,0.9993438720703125
3511,15.2659912109375,24.617143630981445,-8.5205078125,-0.907745361328125
3512,-4.3038330078125,-31.93914031982422,-0.410888671875,0.20969772338867188
3513,-17.64794921875,-6.329841613769531,17.945556640625,1.0325698852539062
3514,-4.7550048828125,-4.969302654266357,5.4384765625,0.10927963256835938
3515,33.6546630859375,-0.9418207406997681,-31.8359375,-2.080963134765625
3516,-7.9390869140625,-4.851741313934326,8.6385498046875,0.9148788452148438
3517,0.26611328125,23.027423858642578,6.076904296875,0.058666229248046875
3518,-33.6998291015625,-7.703978538513184,33.6231689453125,2.0217132568359375
3519,27.7413330078125,-56.62095260620117,-37.075927734375,-2.1460189819335938
3520,-17.964599609375,20.85302734375,23.741943359375,1.2536964416503906
3521,9.5372314453125,-3.158926010131836,-8.3211669921875,-0.345062255859375
3522,11.1441650390625,24.143964767456055,-4.452392578125,-0.4954681396484375
3523,-18.2811279296875,-33.611541748046875,13.1900634765625,0.991363525390625
3524,-3.2098388671875,-5.10650110244751,3.9476318359375,0.07820892333984375
3525,10.7137451171875,-3.472679376602173,-9.5263671875,-0.7032852172851562
3526,15.3189697265625,-2.7558658123016357,-13.940185546875,-0.6318893432617188
3527,-4.6455078125,-4.974187850952148,5.419921875,0.3520355224609375
3528,16.9866943359375,-2.877303123474121,-15.6080322265625,-1.0791740417480469
3529,-23.29736328125,-6.924417972564697,23.540771484375,1.4770584106445312
3530,-3.0238037109375,-32.51579284667969,-1.6754150390625,-0.14328765869140625
3531,-7.26953125,21.865549087524414,13.4130859375,0.5435028076171875
3532,41.611328125,-0.07782872766256332,-39.4407958984375,-2.323902130126953
3533,-21.609130859375,-6.692508220672607,21.941650390625,1.5225639343261719
3534,-4.643310546875,-5.296398639678955,5.3985595703125,0.10773849487304688
3535,0.4866943359375,-4.689813613891602,0.43994140625,-0.080810546875
3536,12.699951171875,-3.4554171562194824,-11.4193115234375,-0.8268394470214844
3537,-5.8570556640625,-5.06806755065918,6.6728515625,0.7102699279785156
3538,-17.5010986328125,-6.566054344177246,17.9249267578125,1.030426025390625
3539,11.6669921875,-3.7125611305236816,-10.4276123046875,-0.8867835998535156
3540,26.947265625,-29.441062927246094,-30.71630859375,-1.7504158020019531
3541,-5.6435546875,21.990875244140625,11.894287109375,0.5899810791015625
3542,-12.6702880859375,-5.769612789154053,13.3226318359375,1.0166244506835938
3543,-10.78369140625,-6.010382652282715,11.4073486328125,0.5633659362792969
3544,8.572265625,-31.520538330078125,-12.8828125,-0.7942771911621094
3545,-1.0692138671875,22.33388900756836,7.4527587890625,0.2509803771972656
3546,22.3544921875,-29.925127029418945,-26.2198486328125,-1.5727462768554688
3547,17.1353759765625,24.40450096130371,-10.17333984375,-0.5339736938476562
3548,-25.836669921875,20.1536808013916,31.6026611328125,1.8306159973144531
3549,0.46044921875,-32.32928466796875,-4.966552734375,-0.37896728515625
3550,-35.56640625,-8.833521842956543,35.470703125,2.0601844787597656
3551,33.3748779296875,-1.4928919076919556,-31.43310546875,-1.904052734375
3552,-14.9903564453125,-6.387784004211426,15.5670166015625,1.0583229064941406
3553,-3.327392578125,-5.43941593170166,4.1927490234375,0.0809783935546875
3554,18.0816650390625,-3.2333357334136963,-16.594482421875,-1.1839179992675781
3555,-8.5953369140625,-5.847278594970703,9.3514404296875,0.598876953125
3556,20.9727783203125,-2.769437789916992,-19.35400390625,-1.0754127502441406
3557,-30.3626708984375,19.359272003173828,35.9945068359375,2.0879249572753906
3558,-2.78564453125,-60.29180145263672,-7.276611328125,-0.3651008605957031
3559,-5.1873779296875,48.88220977783203,16.936279296875,0.5550575256347656
3560,36.3065185546875,-55.78087615966797,-45.1339111328125,-2.2383193969726562
3561,-11.0732421875,20.960214614868164,17.2083740234375,0.9478416442871094
3562,-1.0140380859375,22.267574310302734,7.4962158203125,0.08628463745117188
3563,-22.2838134765625,-34.7619743347168,17.2020263671875,1.1585044860839844
3564,14.927978515625,-3.9361400604248047,-13.54248046875,-1.0345840454101562
3565,7.71826171875,-4.171104431152344,-6.4273681640625,-0.14542770385742188
3566,-2.41259765625,-5.461242198944092,3.3680419921875,0.14214706420898438
3567,18.291015625,-3.421947479248047,-16.7554931640625,-1.1880912780761719
3568,-35.1044921875,-8.531755447387695,35.200439453125,2.5480422973632812
3569,39.697021484375,-1.6151502132415771,-37.619873046875,-2.946887969970703
3570,-2.2352294921875,-5.190080165863037,3.2762451171875,0.5515861511230469
3571,-14.0382080078125,-34.22023010253906,9.1844482421875,0.6589164733886719
3572,30.646728515625,24.96455955505371,-23.3070068359375,-1.8825950622558594
3573,-53.4937744140625,17.186168670654297,58.6181640625,3.885326385498047
3574,5.4716796875,-32.342525482177734,-9.7769775390625,-0.808746337890625
3575,12.165283203125,-4.286104679107666,-10.799560546875,-0.7325057983398438
3576,25.8702392578125,-2.7444262504577637,-24.0806884765625,-1.5923080444335938
3577,-26.5712890625,-35.235984802246094,21.4583740234375,1.9066963195800781
3578,14.5401611328125,50.60566711425781,-2.1658935546875,-0.8383102416992188
3579,17.1181640625,-30.74518394470215,-20.9759521484375,-1.1349945068359375
3580,9.12451171875,-4.638562202453613,-7.8209228515625,-0.5067710876464844
3581,-53.292236328125,-10.723581314086914,52.89208984375,3.4988250732421875
3582,27.2906494140625,-2.9340555667877197,-25.4921875,-1.94500732421875
3583,2.759521484375,-5.1708903312683105,-1.593505859375,-0.12940597534179688
3584,-18.5928955078125,-34.85319137573242,13.66259765625,1.000457763671875
3585,13.48193359375,23.210771560668945,-6.544189453125,-0.53729248046875
3586,14.435791015625,-31.323463439941406,-18.385986328125,-0.9981498718261719
3587,-8.6134033203125,20.835006713867188,14.9134521484375,0.6529426574707031
3588,32.154296875,-2.19626784324646,-30.1307373046875,-2.0485877990722656
3589,-42.1973876953125,-9.558823585510254,42.1737060546875,3.0226669311523438
3590,-22.8135986328125,-8.147624969482422,23.2257080078125,1.1441574096679688
3591,2.7076416015625,-5.518070220947266,-1.5621337890625,-0.3708839416503906
3592,38.58203125,-1.7603670358657837,-36.3956298828125,-2.4294586181640625
3593,5.925048828125,-4.670912265777588,-4.566162109375,0.13762283325195312
3594,1.5677490234375,-5.515615463256836,-0.4097900390625,-0.1030120849609375
3595,-43.9859619140625,17.235013961791992,49.3402099609375,2.7829055786132812
3596,-2.04150390625,-33.44835662841797,-2.402099609375,-0.324493408203125
3597,33.867919921875,-2.277195453643799,-31.7884521484375,-1.8346481323242188
3598,12.1541748046875,-4.412985324859619,-10.666748046875,-0.6528167724609375
3599,-18.44140625,-7.387984275817871,19.1033935546875,1.46484375
3600,-49.0673828125,-10.907986640930176,48.788818359375,2.8354949951171875
3601,63.6729736328125,0.4634140133857727,-60.7926025390625,-4.175987243652344
3602,-14.532470703125,-7.070542335510254,15.3070068359375,1.1300010681152344
3603,-32.8209228515625,-9.23787784576416,33.0234375,1.9250450134277344
3604,4.95458984375,-5.31943941116333,-3.6668701171875,-0.24843597412109375
3605,43.9755859375,-1.377868890762329,-41.5904541015625,-2.704833984375
3606,-20.3131103515625,-7.785966396331787,20.9249267578125,1.4153900146484375
3607,-1.78173828125,-6.004055023193359,2.8997802734375,0.21838760375976562
3608,-1.9461669921875,-6.14942741394043,3.038818359375,0.052684783935546875
3609,-1.58642578125,-6.119952201843262,2.694091796875,0.045497894287109375
3610,37.8575439453125,-1.9090213775634766,-35.59375,-2.08123779296875
3611,4.062744140625,-32.82722854614258,-8.235595703125,-0.2096710205078125
3612,-54.4547119140625,15.719334602355957,59.5379638671875,3.4098548889160156
3613,14.3646240234375,22.839061737060547,-7.321533203125,-1.0480155944824219
3614,14.3045654296875,-31.615724563598633,-18.1363525390625,-0.7448768615722656
3615,-3.935791015625,20.883718490600586,10.4617919921875,0.3925437927246094
3616,-4.753662109375,-33.86375045776367,0.3348388671875,0.05783843994140625
3617,5.68359375,-5.702107906341553,-4.3861083984375,-0.4331703186035156
3618,14.83056640625,-31.787282943725586,-18.6678466796875,-0.7547340393066406
3619,-12.8587646484375,19.88710594177246,19.141845703125,0.9053573608398438
3620,4.1566162109375,-5.376073837280273,-2.784912109375,-0.06821441650390625
3621,-32.2554931640625,-36.88334274291992,27.0537109375,1.7761039733886719
3622,29.787109375,51.48419952392578,-16.8428955078125,-1.7259712219238281
3623,42.558349609375,-28.82230567932129,-45.56103515625,-2.6479110717773438
3624,-47.1563720703125,16.694196701049805,52.57421875,3.5071563720703125
3625,16.8404541015625,-31.970428466796875,-20.6605224609375,-1.4536590576171875
3626,-33.9210205078125,-37.287078857421875,28.6580810546875,1.8916778564453125
3627,6.485107421875,21.731969833374023,0.365478515625,-0.2264862060546875
3628,36.1595458984375,-29.80694007873535,-39.37890625,-2.349506378173828
3629,-10.791748046875,47.522274017333984,22.679443359375,1.0801277160644531
3630,-11.0174560546875,-34.38313293457031,6.536865234375,0.6846809387207031
3631,-14.1998291015625,-7.9381256103515625,14.9857177734375,0.8008842468261719
3632,23.2330322265625,-4.066774368286133,-21.383056640625,-1.6173782348632812
3633,-2.104248046875,-6.193206310272217,3.3475341796875,0.5525283813476562
3634,3.317626953125,-6.045290946960449,-2.001708984375,-0.3026390075683594
3635,6.064208984375,-5.758864879608154,-4.663818359375,-0.44138336181640625
3636,-1.3621826171875,-6.509551525115967,2.5626220703125,0.040950775146484375
3637,7.5838623046875,-32.862762451171875,-11.5753173828125,-0.35750579833984375
3638,1.92236328125,21.10980224609375,4.8369140625,0.026287078857421875
3639,-23.5726318359375,-8.649094581604004,24.1959228515625,1.4049148559570312
3640,15.46044921875,-4.798381805419922,-13.76513671875,-0.8769302368164062
3641,7.76513671875,-5.620802879333496,-6.287109375,-0.4772682189941406
3642,-27.622314453125,-9.03571891784668,28.1591796875,1.9848289489746094
3643,-7.66845703125,20.042463302612305,14.1707763671875,0.3913307189941406
3644,16.396728515625,-32.12499237060547,-20.1341552734375,-1.1994132995605469
3645,7.3094482421875,-5.912175178527832,-5.868896484375,-0.468231201171875
3646,16.75341796875,22.865028381347656,-9.4808349609375,-0.6052513122558594
3647,-5.70947265625,-61.789825439453125,-4.1053466796875,0.1055908203125
3648,-9.997314453125,46.89988708496094,21.8822021484375,0.7374725341796875
3649,-13.464599609375,-34.881553649902344,8.9842529296875,0.9011650085449219
3650,30.177734375,-3.7776474952697754,-28.110107421875,-2.007354736328125
3651,-21.3897705078125,-8.4625883102417,22.144775390625,1.6901359558105469
3652,0.519775390625,-6.6430344581604,0.76513671875,-0.15978240966796875
3653,8.52490234375,-5.834435939788818,-7.012451171875,-0.6563911437988281
3654,-17.1475830078125,-8.14301872253418,18.016357421875,1.357818603515625
3655,32.92529296875,-3.3862335681915283,-30.729248046875,-2.145404815673828
3656,-18.974609375,-8.516644477844238,19.765380859375,1.2250938415527344
3657,18.8380126953125,-4.672119140625,-16.990478515625,-1.0286636352539062
3658,-15.3446044921875,-8.196830749511719,16.2384033203125,0.987213134765625
3659,-17.275634765625,-8.606681823730469,18.077392578125,0.8646469116210938
3660,8.5125732421875,-5.953531265258789,-6.982421875,-0.6535987854003906
3661,-21.372314453125,-36.19378662109375,16.6441650390625,1.3908615112304688
3662,10.3072509765625,21.470199584960938,-3.2696533203125,-0.6375083923339844
3663,22.81640625,-4.053681373596191,-20.779052734375,-1.1124458312988281
3664,-36.7218017578125,17.016504287719727,42.5341796875,2.4688796997070312
3665,52.047607421875,-56.48586654663086,-60.2684326171875,-3.7973785400390625
3666,-22.0460205078125,18.46595001220703,28.2724609375,2.0024490356445312
3667,8.44677734375,-5.898463726043701,-6.8643798828125,-0.6521263122558594
3668,19.27783203125,22.745616912841797,-11.88037109375,-0.8221244812011719
3669,-22.5098876953125,-8.89245319366455,23.27880859375,1.46490478515625
3670,20.6719970703125,-32.43730926513672,-24.288330078125,-1.6996040344238281
3671,-43.7406005859375,-38.66991424560547,38.4146728515625,2.92242431640625
3672,46.5582275390625,24.871654510498047,-38.515869140625,-3.0302047729492188
3673,2.3314208984375,-6.333627223968506,-0.8431396484375,0.0452728271484375
3674,-32.7080078125,-10.069692611694336,33.197998046875,2.2554397583007812
3675,47.303955078125,-2.347614288330078,-44.6802978515625,-3.1816635131835938
3676,-16.4202880859375,-8.23462200164795,17.410888671875,1.504852294921875
3677,26.45947265625,-4.3858771324157715,-24.3837890625,-1.7651634216308594
3678,-49.1209716796875,15.539071083068848,54.633056640625,3.2188568115234375
3679,26.91162109375,-59.05149459838867,-35.7486572265625,-1.9571456909179688
3680,13.10205078125,21.48697280883789,-5.933349609375,-0.6169357299804688
3681,-21.380615234375,-9.047955513000488,22.1978759765625,1.2770538330078125
3682,10.307861328125,-5.929290771484375,-8.62841796875,-0.5227241516113281
3683,-22.4605712890625,-9.330195426940918,23.225830078125,1.3821907043457031
3684,0.3634033203125,-7.205187797546387,0.9974365234375,-0.238433837890625
3685,-34.0321044921875,-10.410234451293945,34.510498046875,2.28314208984375
3686,46.58349609375,-2.5463149547576904,-43.943115234375,-3.0835723876953125
3687,-13.2255859375,-8.096189498901367,14.33203125,1.2742118835449219
3688,3.73095703125,-6.873480319976807,-2.255615234375,-0.3914833068847656
3689,3.8370361328125,-6.807090759277344,-2.34130859375,-0.3118896484375
3690,18.131591796875,22.327781677246094,-10.6993408203125,-0.7148590087890625
3691,5.8985595703125,-33.83555603027344,-9.779052734375,-0.49132537841796875
3692,-22.799560546875,-9.501227378845215,23.58349609375,1.63909912109375
3693,20.8914794921875,-5.239538192749023,-18.936767578125,-1.4848785400390625
3694,-31.500732421875,-37.82612991333008,26.5694580078125,1.8442535400390625
3695,-26.151123046875,17.3834171295166,32.3013916015625,1.764556884765625
3696,17.8021240234375,-5.460366725921631,-15.897216796875,-1.3381996154785156
3697,33.718505859375,-3.588836669921875,-31.31494140625,-1.7489967346191406
3698,-10.5338134765625,-8.206284523010254,11.69970703125,0.805633544921875
3699,-8.322265625,-8.257223129272461,9.497314453125,0.35131072998046875
3700,30.2161865234375,-4.109225749969482,-27.9261474609375,-1.6747474670410156
3701,25.065185546875,-4.713210105895996,-22.928466796875,-1.492950439453125
3702,-15.5556640625,-8.632122039794922,16.6251220703125,1.3243904113769531
3703,-1.705322265625,-7.627488613128662,3.0770263671875,-0.03131866455078125
3704,-13.8095703125,-8.628782272338867,14.902587890625,1.0435523986816406
3705,-3.241455078125,-7.8572235107421875,4.567138671875,-0.0001983642578125
3706,3.6788330078125,20.37558364868164,3.3470458984375,-0.17181396484375
3707,0.4215087890625,-34.49972915649414,-4.381591796875,0.037937164306640625
3708,-10.4549560546875,-36.16279602050781,6.088134765625,0.4236564636230469
3709,-28.551025390625,-10.63166332244873,29.1639404296875,1.5920333862304688
3710,57.2135009765625,25.895009994506836,-48.677734375,-3.246051788330078
3711,-4.857666015625,-7.581708908081055,6.26416015625,0.5220680236816406
3712,-27.102294921875,-10.128568649291992,27.8463134765625,1.8113288879394531
3713,3.5106201171875,-7.332251071929932,-1.9869384765625,-0.46730804443359375
3714,-26.0919189453125,17.492176055908203,32.3770751953125,2.0090866088867188
3715,54.2662353515625,-2.0180482864379883,-51.3082275390625,-3.5723190307617188
3716,-21.204345703125,-36.71013641357422,16.701904296875,1.7154083251953125
3717,17.363525390625,-6.153624534606934,-15.4840087890625,-1.3307647705078125
3718,26.2098388671875,-32.33074188232422,-29.49267578125,-1.7323799133300781
3719,-5.287109375,46.9139404296875,17.631103515625,0.9722785949707031
3720,-34.91943359375,-38.319541931152344,30.0162353515625,1.9174079895019531
3721,-7.443359375,-36.273170471191406,3.1473388671875,-0.047454833984375
3722,-23.0751953125,17.41705894470215,29.41162109375,1.700225830078125
3723,31.7713623046875,-4.366061210632324,-29.3990478515625,-2.1196556091308594
3724,-38.83447265625,-11.277547836303711,39.3363037109375,2.7926597595214844
3725,50.275634765625,-2.801744222640991,-47.4503173828125,-3.4068222045898438
3726,-2.3035888671875,-7.516692161560059,3.8270263671875,0.6383399963378906
3727,-10.4100341796875,-8.861285209655762,11.6082763671875,0.475860595703125
3728,18.1156005859375,-5.736712455749512,-16.0838623046875,-0.9304580688476562
3729,-15.36865234375,-9.229475975036621,16.470947265625,0.9895057678222656
3730,37.7403564453125,-3.8476977348327637,-35.18310546875,-2.2412338256835938
3731,-60.0518798828125,13.718618392944336,65.4395751953125,3.93817138671875
3732,64.6591796875,-28.786649703979492,-66.891845703125,-4.494667053222656
3733,-48.4898681640625,-12.463189125061035,48.7391357421875,3.4825057983398438
3734,19.8489990234375,-6.030065536499023,-17.8355712890625,-1.5430717468261719
3735,-6.129150390625,19.293874740600586,13.0340576171875,0.8555450439453125
3736,-24.4337158203125,-65.14920043945312,14.330078125,1.0713996887207031
3737,22.9501953125,-5.8152642250061035,-20.8533935546875,-1.3591384887695312
3738,-3.40478515625,19.31557273864746,10.3468017578125,0.3838958740234375
3739,28.5782470703125,-32.09255599975586,-31.6837158203125,-1.6939353942871094
3740,-18.2164306640625,17.657224655151367,24.7352294921875,1.3473701477050781
3741,4.8057861328125,-7.19647216796875,-3.090087890625,-0.24443435668945312
3742,-34.414794921875,-11.437542915344238,35.013916015625,2.041942596435547
3743,15.4625244140625,20.913728713989258,-8.0445556640625,-1.0704116821289062
3744,19.61962890625,-5.572368621826172,-17.4588623046875,-0.9637794494628906
3745,-15.8365478515625,-36.96369171142578,11.4788818359375,0.8633499145507812
3746,-13.4290771484375,-9.401235580444336,14.6046142578125,0.9552383422851562
3747,15.4150390625,-6.531014919281006,-13.46240234375,-1.124908447265625
3748,5.4246826171875,-34.637813568115234,-9.151611328125,-0.14721298217773438
3749,39.788818359375,23.28314971923828,-31.6959228515625,-2.3997955322265625
3750,-16.552978515625,-9.190507888793945,17.772705078125,1.4271736145019531
3751,21.4932861328125,-5.965107440948486,-19.3643798828125,-1.4970474243164062
3752,-32.8670654296875,-11.121902465820312,33.59814453125,2.3414955139160156
3753,8.4444580078125,-7.416409969329834,-6.6865234375,-0.8151092529296875
3754,-39.6270751953125,-11.925557136535645,40.1611328125,2.6466217041015625
3755,22.739013671875,-5.990241527557373,-20.5867919921875,-1.6851272583007812
3756,-5.8162841796875,-8.639785766601562,7.24951171875,0.3810997009277344
3757,34.9715576171875,-4.45231819152832,-32.4144287109375,-2.0200157165527344
3758,-43.5111083984375,-12.231040000915527,43.98046875,3.0536155700683594
3759,7.8673095703125,-7.578770637512207,-6.114501953125,-0.8019256591796875
3760,15.238037109375,-6.595449924468994,-13.230712890625,-0.9571304321289062
3761,-2.19580078125,-8.176165580749512,3.77490234375,0.3917579650878906
3762,37.044921875,-4.481381893157959,-34.45556640625,-2.3951377868652344
3763,-15.4439697265625,-36.906982421875,11.19970703125,1.1863784790039062
3764,-21.067138671875,17.055673599243164,27.576171875,1.5777168273925781
3765,4.9708251953125,-7.67547082901001,-3.22509765625,-0.4963226318359375
3766,-15.0308837890625,17.646780014038086,21.7083740234375,0.9546585083007812
3767,50.720947265625,-57.74609375,-58.6607666015625,-3.2728118896484375
3768,-46.27294921875,41.97910690307617,57.6160888671875,3.544445037841797
3769,-14.476318359375,-37.10322952270508,10.2259521484375,0.4298591613769531
3770,38.08349609375,-4.688805103302002,-35.4891357421875,-2.4969253540039062
3771,-17.73193359375,-9.794419288635254,18.934326171875,1.4516105651855469
3772,12.3204345703125,-7.207810401916504,-10.3956298828125,-0.9783554077148438
3773,-7.35400390625,-8.8325834274292,8.829345703125,0.7464828491210938
3774,-7.3001708984375,-9.145833015441895,8.7152099609375,0.3317604064941406
3775,11.867431640625,-7.005033493041992,-9.886962890625,-0.5545196533203125
3776,20.973388671875,-6.286942005157471,-18.784423828125,-1.4066276550292969
3777,-11.6077880859375,-9.257041931152344,12.990478515625,1.0806198120117188
3778,-1.6395263671875,-36.1536979675293,-2.2867431640625,-0.2503089904785156
3779,10.1253662109375,20.06606674194336,-2.724365234375,-0.30110931396484375
3780,-14.4046630859375,-9.675861358642578,15.697509765625,0.8891716003417969
3781,-11.5260009765625,-9.557088851928711,12.8675537109375,0.7511482238769531
3782,49.7418212890625,-3.4994101524353027,-46.7720947265625,-3.232086181640625
3783,-21.2225341796875,-10.21929931640625,22.37939453125,1.7703628540039062
3784,35.5335693359375,-32.434288024902344,-38.4349365234375,-2.4973983764648438
3785,-36.446533203125,15.395423889160156,42.6312255859375,2.714435577392578
3786,-11.421142578125,18.01052474975586,18.30029296875,0.8874473571777344
3787,47.0037841796875,-58.60944366455078,-55.0467529296875,-3.3644447326660156
3788,-42.0858154296875,14.455245018005371,48.058837890625,2.82672119140625
3789,20.0357666015625,-6.3203911781311035,-17.7947998046875,-1.2134170532226562
3790,-25.9112548828125,16.282102584838867,32.3673095703125,1.6718711853027344
3791,19.7059326171875,-61.23789596557617,-28.4364013671875,-1.39666748046875
3792,-20.953125,16.683454513549805,27.535400390625,1.7376213073730469
3793,20.203125,-6.513113498687744,-17.981689453125,-1.4693260192871094
3794,-7.3353271484375,-9.328474044799805,8.8157958984375,0.4127082824707031
3795,-3.5643310546875,-8.804788589477539,5.181396484375,0.42327880859375
3796,-21.5654296875,-10.935210227966309,22.6385498046875,1.11962890625
3797,13.97900390625,-7.134955406188965,-11.9019775390625,-0.7608299255371094
3798,-30.412353515625,-11.514456748962402,31.323974609375,2.1273536682128906
3799,67.7247314453125,-1.9614267349243164,-64.2479248046875,-4.424842834472656
3800,10.366455078125,-7.174035549163818,-8.3037109375,-0.118499755859375
3801,-48.2801513671875,13.86423397064209,54.15966796875,3.0400733947753906
3802,29.2208251953125,-33.03886413574219,-32.1978759765625,-1.9493179321289062
3803,22.2138671875,-34.025386810302734,-25.4296875,-1.4862480163574219
3804,-10.9569091796875,17.71976089477539,17.8731689453125,1.1198310852050781
3805,7.0657958984375,-7.959824562072754,-5.162841796875,-0.6227302551269531
3806,-39.319091796875,-12.546673774719238,40.0052490234375,2.6415138244628906
3807,6.1451416015625,-8.352537155151367,-4.3179931640625,-0.6835060119628906
3808,14.6246337890625,-7.1090545654296875,-12.4844970703125,-0.6942901611328125
3809,-26.9998779296875,-11.319302558898926,28.0277099609375,1.8920669555664062
3810,27.048583984375,-33.69684982299805,-30.1358642578125,-2.0749778747558594
3811,6.2813720703125,19.42083740234375,1.1231689453125,0.10585784912109375
3812,-16.988037109375,17.0478515625,23.76611328125,1.0778884887695312
3813,34.3079833984375,-32.487369537353516,-37.0882568359375,-2.0561141967773438
3814,-26.06640625,-11.594125747680664,27.0689697265625,1.620880126953125
3815,2.2655029296875,-8.595322608947754,-0.471923828125,-0.1075286865234375
3816,0.394287109375,-8.892420768737793,1.3310546875,-0.15666961669921875
3817,-30.8480224609375,-39.332523345947266,26.288818359375,1.9199600219726562
3818,7.0701904296875,18.930294036865234,0.2701416015625,-0.5678596496582031
3819,-7.37353515625,-9.29793643951416,8.9832763671875,0.6655426025390625
3820,40.863525390625,-4.830668926239014,-38.04150390625,-2.637115478515625
3821,-7.6964111328125,-9.394325256347656,9.29541015625,0.8334388732910156
3822,-7.15234375,-37.003780364990234,3.23828125,0.44358062744140625
3823,9.919189453125,-8.20164680480957,-7.96044921875,-0.7640113830566406
3824,5.013427734375,46.662715911865234,7.8895263671875,0.18648147583007812
3825,23.390869140625,-6.294327259063721,-20.9530029296875,-1.5365409851074219
3826,-3.765380859375,-36.52821731567383,-0.01123046875,0.454437255859375
3827,-38.4674072265625,-13.159337043762207,39.137451171875,2.2095489501953125
3828,34.9749755859375,-5.482123851776123,-32.28515625,-2.1807098388671875
3829,-27.5826416015625,-11.503010749816895,28.66796875,2.0680389404296875
3830,12.03955078125,-8.024658203125,-10.0003662109375,-1.0535659790039062
3831,12.616455078125,-7.522868633270264,-10.4647216796875,-0.4877662658691406
3832,-40.2049560546875,-13.144116401672363,40.8914794921875,2.4092445373535156
3833,-2.358642578125,-9.36192512512207,4.052001953125,0.0713348388671875
3834,37.18994140625,22.10561752319336,-28.94384765625,-2.2611923217773438
3835,-0.21337890625,-36.108856201171875,-3.414794921875,0.21483230590820312
3836,26.91162109375,-6.595848083496094,-24.4619140625,-1.7739715576171875
3837,-17.3167724609375,-10.613263130187988,18.683837890625,1.36273193359375
3838,6.0108642578125,-35.88805389404297,-9.542724609375,-0.4031257629394531
3839,-31.1129150390625,42.41840744018555,43.0,2.081573486328125
3840,18.698486328125,-61.79650115966797,-27.319580078125,-1.3745193481445312
3841,-14.3782958984375,16.48822593688965,21.19873046875,0.9404945373535156
3842,30.2508544921875,-5.839823246002197,-27.600341796875,-1.7553787231445312
3843,-39.96484375,-12.930598258972168,40.750732421875,2.8183937072753906
3844,2.19189453125,-9.246471405029297,-0.3980712890625,-0.5197830200195312
3845,-0.6983642578125,18.385051727294922,8.0068359375,0.4175987243652344
3846,16.7459716796875,-34.86772537231445,-19.9703369140625,-1.287078857421875
3847,17.9493408203125,-7.352010250091553,-15.65771484375,-0.8458900451660156
3848,-14.205810546875,-10.63117504119873,15.6376953125,0.8851394653320312
3849,1.82373046875,-9.039070129394531,0.0343017578125,-0.09966659545898438
3850,2.435302734375,-8.840924263000488,-0.528076171875,0.05204010009765625
3851,14.7515869140625,-35.295101165771484,-18.05224609375,-1.1643943786621094
3852,-7.34619140625,17.451765060424805,14.4564208984375,0.7994461059570312
3853,3.647705078125,-8.608861923217773,-1.67333984375,-0.054355621337890625
3854,-0.2281494140625,-9.349717140197754,2.0322265625,-0.060497283935546875
3855,-17.308837890625,-10.949442863464355,18.689697265625,1.2004051208496094
3856,26.71435546875,20.715946197509766,-18.7188720703125,-1.7145004272460938
3857,-33.4906005859375,-39.77311706542969,29.01513671875,2.2205162048339844
3858,8.5697021484375,-36.37501907348633,-12.0972900390625,-1.0348091125488281
3859,19.671875,20.135984420776367,-11.8212890625,-0.8269309997558594
3860,-35.4107666015625,14.926290512084961,41.8729248046875,2.6139488220214844
3861,36.1451416015625,-33.22634506225586,-38.8541259765625,-2.67279052734375
3862,-4.418212890625,-9.723607063293457,6.158447265625,0.6022148132324219
3863,-7.0849609375,-37.63899612426758,3.228271484375,0.19304656982421875
3864,22.364501953125,20.248254776000977,-14.4542236328125,-1.1289100646972656
3865,4.1370849609375,-8.599178314208984,-2.10498046875,0.01525115966796875
3866,8.4317626953125,-8.58298397064209,-6.3670654296875,-0.5684356689453125
3867,-4.266357421875,-9.723640441894531,6.028076171875,0.4363975524902344
3868,-34.7801513671875,-13.083453178405762,35.6787109375,1.9703636169433594
3869,-11.759765625,16.771053314208984,18.7783203125,0.8129653930664062
3870,9.5443115234375,-35.90537643432617,-12.919189453125,-0.8900375366210938
3871,14.4071044921875,-35.49018859863281,-17.6614990234375,-0.8253288269042969
3872,48.4346923828125,50.40214920043945,-34.2962646484375,-2.43878173828125
3873,-6.0701904296875,-36.88139724731445,2.4180908203125,0.6649551391601562
3874,-36.4423828125,-13.47449779510498,37.2784423828125,2.086681365966797
3875,-5.5185546875,-10.121091842651367,7.2255859375,0.30197906494140625
3876,35.0189208984375,-33.57292938232422,-37.741943359375,-2.4873504638671875
3877,-3.7696533203125,17.664669036865234,11.0540771484375,0.7248382568359375
3878,-22.1884765625,15.976909637451172,29.022705078125,1.6845779418945312
3879,-0.736083984375,-37.11476516723633,-2.9085693359375,-0.3478736877441406
3880,13.3839111328125,-35.72603225708008,-16.6551513671875,-0.8029747009277344
3881,-21.2347412109375,15.500788688659668,27.990234375,1.3303375244140625
3882,17.0845947265625,-7.647029876708984,-14.710693359375,-0.9886131286621094
3883,28.22314453125,-6.520851135253906,-25.548828125,-1.4691047668457031
3884,-22.8350830078125,-39.36994171142578,18.6231689453125,1.256134033203125
3885,17.4580078125,19.494375228881836,-9.64306640625,-0.8611183166503906
3886,-28.4556884765625,15.323403358459473,35.1541748046875,2.1414718627929688
3887,-0.008056640625,-64.63134765625,-9.1009521484375,-0.5804519653320312
3888,13.5487060546875,18.97255516052246,-5.850341796875,-0.535552978515625
3889,-4.982666015625,-10.05211353302002,6.7646484375,0.20128250122070312
3890,-7.1087646484375,-10.285074234008789,8.8365478515625,0.5794754028320312
3891,-30.3170166015625,-12.681793212890625,31.42431640625,1.9637641906738281
3892,46.64208984375,-32.64839172363281,-49.044921875,-3.3011627197265625
3893,-2.2320556640625,17.70742416381836,9.60107421875,0.6928787231445312
3894,27.4456787109375,-34.10211181640625,-30.2481689453125,-1.6696624755859375
3895,22.2257080078125,47.338157653808594,-8.7745361328125,-1.0784530639648438
3896,-19.0406494140625,-11.073745727539062,20.561767578125,1.4827613830566406
3897,-13.1519775390625,-38.49948501586914,9.228515625,0.734100341796875
3898,-30.2666015625,-13.158307075500488,31.3056640625,1.6309547424316406
3899,1.514404296875,17.845252990722656,5.9263916015625,0.045261383056640625
3900,28.9503173828125,-34.26067352294922,-31.7545166015625,-2.1157455444335938
3901,-32.19140625,-12.938796997070312,33.2784423828125,2.3296775817871094
3902,39.4324951171875,-5.8120551109313965,-36.474853515625,-2.4377517700195312
3903,-55.684326171875,-15.381186485290527,56.143310546875,3.468914031982422
3904,26.591796875,-34.6978759765625,-29.482421875,-1.8940505981445312
3905,32.051513671875,20.937641143798828,-23.7779541015625,-1.5785789489746094
3906,2.9349365234375,-9.290982246398926,-0.883056640625,-0.12753677368164062
3907,-18.576904296875,-11.593063354492188,20.0400390625,1.3094482421875
3908,-4.114013671875,-10.258966445922852,5.9364013671875,0.2712364196777344
3909,22.023681640625,-35.194026947021484,-25.0228271484375,-1.6421890258789062
3910,-12.9237060546875,43.83032989501953,25.5159912109375,1.3803634643554688
3911,-36.5994873046875,-40.65104293823242,32.15673828125,2.206256866455078
3912,17.9552001953125,-8.538477897644043,-15.640380859375,-1.5034294128417969
3913,25.847412109375,-7.076728343963623,-23.18359375,-1.3371124267578125
3914,23.224365234375,-7.301898956298828,-20.6175537109375,-1.1196327209472656
3915,-13.4033203125,-11.040172576904297,15.0411376953125,1.118621826171875
3916,-16.8135986328125,-11.81592845916748,18.2755126953125,0.7769966125488281
3917,-30.902587890625,-40.48860549926758,26.5511474609375,1.8423423767089844
3918,58.487060546875,23.05145263671875,-49.5841064453125,-3.768756866455078
3919,-21.2257080078125,15.911788940429688,28.2205810546875,1.9074974060058594
3920,14.901611328125,-35.712154388427734,-18.005859375,-0.9970626831054688
3921,-3.765380859375,-10.545331954956055,5.5816650390625,0.176422119140625
3922,-5.46435546875,-10.442695617675781,7.2957763671875,0.46329498291015625
3923,20.302001953125,-7.849669456481934,-17.7908935546875,-1.1390380859375
3924,-22.193603515625,-39.74546813964844,18.0699462890625,1.16180419921875
3925,-18.88427734375,42.8820686340332,31.3062744140625,1.5071029663085938
3926,36.49853515625,-33.425933837890625,-38.991943359375,-2.34832763671875
3927,1.93359375,17.50773811340332,5.54931640625,0.027492523193359375
3928,-25.2574462890625,-39.7878303527832,21.122802734375,1.5593605041503906
3929,27.059814453125,-34.9081916809082,-29.8966064453125,-1.7413902282714844
3930,-16.7095947265625,15.56517505645752,23.7010498046875,1.1545486450195312
3931,10.1007080078125,18.60980987548828,-2.3333740234375,-0.4625892639160156
3932,3.0140380859375,-36.88801193237305,-6.3812255859375,-0.09486007690429688
3933,4.11865234375,-9.690641403198242,-2.0377197265625,-0.06457901000976562
3934,-30.78759765625,-13.327631950378418,31.930419921875,1.7229804992675781
3935,33.5482177734375,-34.18600082397461,-36.18017578125,-2.2039260864257812
3936,-19.125,15.495847702026367,26.112060546875,1.6183853149414062
3937,35.2213134765625,-6.57345724105835,-32.317138671875,-2.4367637634277344
3938,5.760009765625,-36.74000549316406,-9.058837890625,-0.15356826782226562
3939,-57.87841796875,38.91793441772461,69.3238525390625,4.03826904296875
3940,5.9736328125,-37.039024353027344,-9.3289794921875,-0.9769325256347656
3941,42.2457275390625,-5.900368690490723,-39.1475830078125,-2.4156227111816406
3942,12.783203125,-8.562411308288574,-10.39111328125,-0.4112396240234375
3943,-37.6512451171875,-14.060724258422852,38.63916015625,2.1933250427246094
3944,-7.3216552734375,-38.433753967285156,3.6239013671875,0.2872886657714844
3945,9.4794921875,-9.343082427978516,-7.2548828125,-0.5038070678710938
3946,1.475341796875,17.370826721191406,6.0443115234375,-0.0422821044921875
3947,29.3968505859375,-6.9382219314575195,-26.564208984375,-1.6559028625488281
3948,-30.2003173828125,-13.060218811035156,31.4537353515625,2.1236495971679688
3949,6.3515625,17.899681091308594,1.314453125,-0.21893692016601562
3950,-35.2623291015625,-41.23141098022461,30.85693359375,1.8447647094726562
3951,47.1007080078125,21.79499053955078,-38.404296875,-2.7890357971191406
3952,-19.5185546875,-39.22278594970703,15.619873046875,1.4374351501464844
3953,-2.7515869140625,-10.898456573486328,4.6165771484375,-0.0886688232421875
3954,48.5687255859375,-32.66862869262695,-50.741943359375,-2.9272537231445312
3955,-29.1864013671875,14.38089370727539,35.9580078125,2.318927764892578
3956,-9.0750732421875,16.408849716186523,16.3736572265625,0.6753921508789062
3957,-15.67626953125,-39.3303337097168,11.7928466796875,0.6190643310546875
3958,41.29638671875,-6.244184970855713,-38.2176513671875,-2.47674560546875
3959,24.4161376953125,-7.5430073738098145,-21.693359375,-1.1449165344238281
3960,-14.8260498046875,-11.805252075195312,16.4625244140625,0.8984031677246094
3961,-15.9139404296875,-11.923530578613281,17.52392578125,1.009368896484375
3962,10.6953125,-9.221369743347168,-8.3824462890625,-0.6100692749023438
3963,20.2486572265625,-8.140666961669922,-17.6583251953125,-1.0566329956054688
3964,-58.819580078125,11.175662994384766,64.801513671875,3.754505157470703
3965,42.3486328125,-33.5561637878418,-44.7042236328125,-2.9600143432617188
3966,-21.1558837890625,-12.371390342712402,22.6639404296875,1.6897659301757812
3967,18.3004150390625,-36.21460723876953,-21.3253173828125,-1.5642814636230469
3968,-3.0838623046875,-10.691699981689453,5.0408935546875,0.4127769470214844
3969,-11.1966552734375,16.0462703704834,18.454345703125,0.9643402099609375
3970,-1.9700927734375,-10.591631889343262,3.957763671875,-0.10478591918945312
3971,15.2359619140625,-36.22108459472656,-18.2650146484375,-0.9221305847167969
3972,-28.24072265625,14.16522216796875,35.0311279296875,2.055145263671875
3973,-9.7769775390625,-11.29293441772461,11.588623046875,0.5546188354492188
3974,25.162109375,-8.014073371887207,-22.4849853515625,-1.7350959777832031
3975,60.2125244140625,-4.127761363983154,-56.544189453125,-3.4469871520996094
3976,-38.72998046875,-13.974639892578125,39.8466796875,2.874401092529297
3977,-38.1229248046875,13.090500831604004,44.6546630859375,2.428760528564453
3978,-8.6474609375,-38.95769500732422,4.947998046875,-0.0179290771484375
3979,14.0078125,-9.152909278869629,-11.607177734375,-0.7608795166015625
3980,22.982177734375,-7.978179931640625,-20.289794921875,-1.1953697204589844
3981,-11.007080078125,-11.595484733581543,12.7764892578125,0.6553421020507812
3982,41.7801513671875,21.209856033325195,-33.1358642578125,-2.4347076416015625
3983,-39.226806640625,-68.93536376953125,29.3734130859375,2.533702850341797
3984,9.80322265625,-9.929071426391602,-7.568603515625,-0.6725921630859375
3985,28.823486328125,47.506351470947266,-14.9876708984375,-1.2914314270019531
3986,-17.898193359375,-39.48178482055664,14.0665283203125,0.9085502624511719
3987,1.7161865234375,-10.529842376708984,0.3603515625,-0.09539794921875
3988,1.2811279296875,-10.294989585876465,0.8436279296875,0.07725143432617188
3989,23.656494140625,-35.49563217163086,-26.4356689453125,-1.4258956909179688
3990,-34.73193359375,13.241631507873535,41.355712890625,2.2687110900878906
3991,23.593505859375,19.390850067138672,-15.3941650390625,-1.3978691101074219
3992,-24.552978515625,-40.15892028808594,20.5670166015625,1.6262741088867188
3993,6.51611328125,-10.306035041809082,-4.3507080078125,-0.6907768249511719
3994,10.9178466796875,-9.373444557189941,-8.5343017578125,-0.5336990356445312
3995,-37.7611083984375,-14.261701583862305,38.88427734375,2.5293922424316406
3996,38.8096923828125,-6.772067070007324,-35.738037109375,-2.5065345764160156
3997,4.317626953125,-37.58888244628906,-7.606689453125,-0.37384033203125
3998,-29.52490234375,13.85196590423584,36.326904296875,2.166107177734375
3999,-3.7030029296875,16.59454917907715,11.2064208984375,0.3178138732910156
0,8.2445068359375,2.973705530166626,-11.2071533203125,-0.7327499389648438
1,-9.15673828125,-10.275373458862305,13.6650390625,0.7300910949707031
2,-4.9503173828125,-17.24955940246582,8.199951171875,0.28234100341796875
3,-14.5814208984375,-18.580305099487305,17.655517578125,0.8725624084472656
4,-3.174072265625,-17.79081916809082,6.5645751953125,0.10233306884765625
5,-16.878662109375,-19.3929386138916,20.02978515625,1.0655670166015625
6,-2.3070068359375,-18.357601165771484,5.8299560546875,0.0025634765625
7,-10.8609619140625,-19.360206604003906,14.2821044921875,0.7571144104003906
8,-1.456787109375,-18.83129119873047,5.13037109375,0.0266265869140625
9,-13.433349609375,-20.312068939208984,16.902587890625,0.8098716735839844
10,3.94921875,-18.88169288635254,-0.030029296875,-0.2692604064941406
11,-3.5574951171875,-19.874845504760742,7.3819580078125,0.2761955261230469
12,-11.7103271484375,-21.00028419494629,15.4141845703125,0.7964019775390625
13,2.18017578125,-20.006149291992188,1.872314453125,-0.190948486328125
14,-10.4967041015625,-21.544292449951172,14.338623046875,0.6471061706542969
15,-6.95751953125,-21.51753044128418,10.9332275390625,0.4112129211425781
16,-3.2918701171875,-21.43417739868164,7.4119873046875,0.2112579345703125
17,-1.193359375,-14.598005294799805,6.8052978515625,0.18181610107421875
18,-17.3077392578125,-30.30962562561035,19.876220703125,1.0236320495605469
19,4.584228515625,-28.52074432373047,-1.5074462890625,-0.3335380554199219
20,-5.313232421875,-22.86071014404297,9.6309814453125,0.3979530334472656
21,-1.01806640625,-8.964088439941406,8.2408447265625,0.15059661865234375
22,-18.3138427734375,-31.584409713745117,21.1180419921875,1.1082000732421875
23,5.077392578125,-15.92636489868164,0.9991455078125,-0.2958335876464844
24,-11.90966796875,-31.540843963623047,14.9722900390625,0.7904739379882812
25,-1.776611328125,-30.994016647338867,5.075927734375,0.06653976440429688
26,-8.4737548828125,-18.170991897583008,14.45556640625,0.5817718505859375
27,0.0225830078125,-24.45588493347168,4.826171875,-0.0187225341796875
28,-0.410888671875,-24.76978302001953,5.3172607421875,0.11334991455078125
29,-7.98486328125,-25.853559494018555,12.7945556640625,0.5589790344238281
30,-18.72412109375,-34.16115951538086,21.99462890625,1.1405448913574219
31,-9.4306640625,-19.87436866760254,15.678955078125,0.5424995422363281
32,1.718017578125,-32.70252227783203,2.082275390625,-0.1485595703125
33,-7.7413330078125,-20.179916381835938,14.170166015625,0.6098251342773438
34,-5.18359375,-27.077686309814453,10.3524169921875,0.35886383056640625
35,1.6976318359375,-26.738069534301758,3.655029296875,-0.07253646850585938
36,-5.60595703125,-34.60055160522461,9.51171875,0.4367332458496094
37,-6.8538818359375,-14.475958824157715,14.906494140625,0.5022544860839844
38,-5.359130859375,-35.15583419799805,9.3948974609375,0.3497772216796875
39,6.75537109375,-20.585180282592773,0.3001708984375,-0.3285713195800781
40,-13.60986328125,-36.58586120605469,17.6109619140625,0.9117584228515625
41,-8.1907958984375,-29.639442443847656,13.694580078125,0.4847755432128906
42,0.34814453125,-35.882606506347656,4.0142822265625,0.005878448486328125
43,-5.953369140625,-23.02531623840332,13.016845703125,0.5130424499511719
44,-0.146240234375,-36.49098205566406,4.6265869140625,0.036510467529296875
45,-12.8262939453125,-24.34006118774414,19.8804931640625,0.9029693603515625
46,1.072998046875,-23.237516403198242,6.2938232421875,-0.044071197509765625
47,-1.003173828125,-37.433868408203125,5.654296875,0.15766143798828125
48,-6.015380859375,-31.49675750732422,11.98486328125,0.39780426025390625
49,-7.0238037109375,-31.845516204833984,13.045654296875,0.4823265075683594
50,-6.915771484375,-38.973236083984375,11.63134765625,0.5296516418457031
51,-7.63623046875,-18.77173614501953,16.513427734375,0.5623016357421875
52,1.3004150390625,-38.75004196166992,3.6766357421875,-0.0953216552734375
53,-1.3101806640625,-39.365970611572266,6.2896728515625,0.16492080688476562
54,-5.8123779296875,-26.33249282836914,13.530517578125,0.4909858703613281
55,-1.221923828125,-33.01567840576172,7.70849609375,0.1354827880859375
56,-8.68115234375,-34.040733337402344,15.10546875,0.682647705078125
57,-8.9466552734375,-41.34886932373047,14.0299072265625,0.5514869689941406
58,-13.5357666015625,-21.419231414794922,22.739501953125,0.9753952026367188
59,-4.0736083984375,-48.275115966796875,7.992919921875,0.23208236694335938
60,0.158203125,-27.588359832763672,7.9998779296875,0.09972000122070312
61,-0.8204345703125,-34.75300598144531,7.6676025390625,0.12709808349609375
62,-11.073974609375,-36.06285858154297,17.817626953125,0.8361015319824219
63,5.3880615234375,-34.831298828125,1.654052734375,-0.3310432434082031
64,-8.835693359375,-36.3678092956543,15.7467041015625,0.7895927429199219
65,-1.36572265625,-36.118717193603516,8.41357421875,0.056743621826171875
66,-0.015625,-36.13514709472656,7.1708984375,0.17356491088867188
67,-5.8621826171875,-37.06324768066406,12.976318359375,0.4593086242675781
68,-2.6270751953125,-37.04117202758789,9.8482666015625,0.2694587707519531
69,0.636474609375,-36.98155212402344,6.6982421875,0.09785842895507812
70,-9.5142822265625,-45.27130126953125,15.359130859375,0.584320068359375
71,-13.42724609375,-32.09574508666992,22.043212890625,1.0237655639648438
72,10.7554931640625,-36.90917205810547,-3.107666015625,-0.6485176086425781
73,-7.205810546875,-38.870872497558594,14.6707763671875,0.6734886169433594
74,-4.8026123046875,-39.06879806518555,12.333251953125,0.3351783752441406
75,-5.9241943359375,-39.41537094116211,13.5084228515625,0.48282623291015625
76,-1.1287841796875,-39.25751876831055,8.83447265625,0.15571212768554688
77,-9.258056640625,-40.26786422729492,16.92431640625,0.7793045043945312
78,0.9283447265625,-39.66554641723633,6.9166259765625,-0.010402679443359375
79,0.09619140625,-33.046207427978516,9.1920166015625,0.18426513671875
80,-11.157470703125,-55.14042282104492,16.2139892578125,0.7927207946777344
81,-0.404296875,-33.86915969848633,9.7633056640625,0.07146072387695312
82,-1.3095703125,-47.811832427978516,8.001953125,0.2501678466796875
83,-0.3660888671875,-34.32551193237305,9.864013671875,0.17296981811523438
84,3.7987060546875,-41.040199279785156,4.4451904296875,-0.13296890258789062
85,-0.8135986328125,-41.759483337402344,9.058837890625,0.2519187927246094
86,-19.7607421875,-37.03817367553711,29.194580078125,1.4234504699707031
87,3.3355712890625,-42.0062370300293,5.0626220703125,-0.16229629516601562
88,-2.7266845703125,-49.7747917175293,9.7291259765625,0.2781982421875
89,-1.2379150390625,-43.05531311035156,9.6875,0.19955062866210938
90,-7.8580322265625,-43.9206657409668,16.2972412109375,0.6675338745117188
91,-3.9808349609375,-43.85427474975586,12.5201416015625,0.3808631896972656
92,0.937255859375,-43.68489074707031,7.7138671875,0.02970123291015625
93,-13.0625,-45.24085998535156,21.6224365234375,1.0655097961425781
94,11.998291015625,-43.2419548034668,-3.1158447265625,-0.7579536437988281
95,0.0257568359375,-44.494354248046875,8.81103515625,0.27465057373046875
96,-3.3934326171875,-45.163475036621094,12.238037109375,0.4299812316894531
97,-5.212158203125,-45.710060119628906,14.0772705078125,0.4261474609375
98,-1.6533203125,-52.53929901123047,9.238037109375,0.21608734130859375
99,0.56103515625,-38.7951545715332,9.8646240234375,0.15335464477539062
100,-7.55517578125,-46.7003173828125,16.5831298828125,0.6403045654296875
101,-1.8131103515625,-46.50389099121094,10.9453125,0.23160934448242188
102,2.9898681640625,-46.298187255859375,6.25439453125,-0.05471038818359375
103,-9.07861328125,-47.71647262573242,18.25732421875,0.77459716796875
104,0.8778076171875,-40.14079284667969,9.8397216796875,0.12646865844726562
105,-5.7322998046875,-54.834835052490234,13.6859130859375,0.5268936157226562
106,10.5684814453125,-53.64826583862305,-2.4136962890625,-0.5564308166503906
107,-14.945068359375,-42.510223388671875,25.6710205078125,1.1981620788574219
108,8.2093505859375,-47.47196960449219,1.4234619140625,-0.4314537048339844
109,-7.6434326171875,-49.21227264404297,17.18798828125,0.7439613342285156
110,4.3887939453125,-48.385498046875,5.31884765625,-0.104583740234375
111,-8.3984375,-49.92368698120117,18.0338134765625,0.6769371032714844
112,4.39453125,-55.88405227661133,4.037109375,-0.15923690795898438
113,-7.97216796875,-43.51136016845703,19.1075439453125,0.743072509765625
114,-0.48095703125,-49.89954376220703,10.3770751953125,0.24489593505859375
115,-8.298095703125,-57.95282745361328,16.7764892578125,0.6416969299316406
116,0.607177734375,-43.572628021240234,10.763427734375,0.11003494262695312
117,0.916259765625,-50.57746124267578,9.1614990234375,0.17261505126953125
118,-7.8997802734375,-44.82428741455078,19.3287353515625,0.7621536254882812
119,-1.688232421875,-58.42174530029297,10.4488525390625,0.1522979736328125
120,0.02783203125,-51.56076431274414,10.1923828125,0.25342559814453125
121,-0.182373046875,-51.85602951049805,10.456298828125,0.19488906860351562
122,9.140625,-51.21967697143555,1.26806640625,-0.3929557800292969
123,-0.2100830078125,-59.249778747558594,9.225341796875,0.2850914001464844
124,-7.5980224609375,-39.589324951171875,20.7318115234375,0.7057647705078125
125,3.1256103515625,-59.46553421020508,6.028564453125,-0.031269073486328125
126,-3.3248291015625,-53.529117584228516,13.845458984375,0.44561767578125
127,-0.193603515625,-53.534568786621094,10.78759765625,0.13240432739257812
128,-8.2801513671875,-54.48630142211914,18.88427734375,0.7975883483886719
129,10.0140380859375,-53.05636215209961,0.77197265625,-0.4734764099121094
130,-3.7205810546875,-54.59526824951172,14.46728515625,0.4731025695800781
131,-6.4356689453125,-55.131202697753906,17.216064453125,0.6555099487304688
132,6.9844970703125,-54.17409133911133,3.935302734375,-0.3076286315917969
133,-4.8218994140625,-55.469581604003906,15.7308349609375,0.5994224548339844
134,-0.0108642578125,-62.33259201049805,9.6011962890625,0.09412765502929688
135,-9.09228515625,-49.52492141723633,21.45556640625,0.908843994140625
136,-0.31591796875,-55.9366455078125,11.400634765625,0.11350250244140625
137,1.9190673828125,-55.88502502441406,9.2520751953125,0.16951370239257812
138,-0.11962890625,-56.39288330078125,11.3221435546875,0.23172760009765625
139,-11.327392578125,-57.77555847167969,22.5037841796875,0.9008026123046875
140,2.9610595703125,-56.63546371459961,8.3658447265625,0.02420806884765625
141,10.235107421875,-56.190223693847656,1.191650390625,-0.4408226013183594
142,-2.3438720703125,-64.53562927246094,12.3731689453125,0.42975616455078125
143,-6.0330810546875,-51.38657760620117,18.841552734375,0.6367645263671875
144,-3.116455078125,-51.276710510253906,16.0137939453125,0.4520111083984375
145,7.146484375,-64.42814636230469,3.0946044921875,-0.26457977294921875
146,-1.5025634765625,-58.63457489013672,13.1197509765625,0.3621673583984375
147,0.2012939453125,-58.7256965637207,11.4798583984375,0.2025909423828125
148,-7.1163330078125,-66.59541320800781,17.4315185546875,0.6950531005859375
149,6.7435302734375,-51.731689453125,6.4510498046875,-0.21077728271484375
150,3.6845703125,-65.98589324951172,6.810546875,0.053989410400390625
151,-5.1890869140625,-46.42506408691406,19.8154296875,0.608489990234375
152,-0.6859130859375,-73.89363098144531,9.8731689453125,0.21633529663085938
153,-1.9471435546875,-46.62842559814453,16.693115234375,0.4584312438964844
154,5.76806640625,-73.77537536621094,3.556396484375,-0.18877410888671875
155,-9.7147216796875,-54.83583450317383,23.1422119140625,0.9172897338867188
156,-2.101318359375,-61.225955963134766,14.2481689453125,0.3331947326660156
157,8.18017578125,-60.492515563964844,4.0640869140625,-0.27654266357421875
158,-4.0047607421875,-61.90890884399414,16.247314453125,0.5149269104003906
159,0.618896484375,-54.8030891418457,13.07470703125,0.20446014404296875
160,4.3701171875,-68.48133087158203,6.6400146484375,-0.003627777099609375
161,1.9368896484375,-69.03829956054688,9.0992431640625,0.17067718505859375
162,4.9088134765625,-55.16773986816406,8.95068359375,-0.052978515625
163,-6.2886962890625,-70.26165771484375,17.4088134765625,0.6739234924316406
164,-1.0123291015625,-56.23360061645508,14.9505615234375,0.34102630615234375
165,6.82080078125,-62.60991668701172,5.825927734375,-0.22979736328125
166,1.2110595703125,-63.364017486572266,11.4705810546875,0.23816299438476562
167,-1.46728515625,-63.85287094116211,14.1927490234375,0.4401130676269531
168,-5.0224609375,-64.50348663330078,17.7755126953125,0.5762367248535156
169,7.7911376953125,-63.57954406738281,5.0440673828125,-0.33364105224609375
170,2.439453125,-71.15322875976562,9.0667724609375,0.178131103515625
171,1.194580078125,-57.711734771728516,13.1112060546875,0.22955703735351562
172,-4.5323486328125,-65.3337173461914,17.509033203125,0.626953125
173,-6.02880859375,-58.895263671875,20.4139404296875,0.6298713684082031
174,12.5916748046875,-71.22403717041016,-0.8695068359375,-0.6348686218261719
175,1.22607421875,-65.54659271240234,11.907958984375,0.3177146911621094
176,-10.98828125,-66.98426818847656,24.137451171875,1.0094223022460938
177,6.1463623046875,-65.67740631103516,7.0784912109375,-0.21828842163085938
178,20.1708984375,-71.40550231933594,-8.22900390625,-0.9825935363769531
179,-12.3648681640625,-67.79499053955078,25.6683349609375,1.2010231018066406
180,-0.8795166015625,-60.07542419433594,15.627685546875,0.3134613037109375
181,-0.41650390625,-67.13497161865234,13.8458251953125,0.31082916259765625
182,4.7525634765625,-66.90962982177734,8.7286376953125,-0.0055999755859375
183,-1.9490966796875,-67.78556060791016,15.466796875,0.4242515563964844
184,-3.390380859375,-68.17555236816406,16.9515380859375,0.49626922607421875
185,9.104736328125,-67.21466827392578,4.525634765625,-0.3043708801269531
186,0.761474609375,-68.21887969970703,12.9085693359375,0.2624244689941406
187,-3.2177734375,-68.85503387451172,16.926513671875,0.49114227294921875
188,0.374755859375,-68.76785278320312,13.383056640625,0.2300262451171875
189,5.4334716796875,-68.43385314941406,8.392822265625,0.019779205322265625
190,-2.0531005859375,-69.43057250976562,15.9097900390625,0.423919677734375
191,8.756591796875,-68.59516143798828,5.1649169921875,-0.21628952026367188
192,-2.9364013671875,-69.97027587890625,16.8890380859375,0.48281097412109375
193,-4.4044189453125,-70.31977081298828,18.4068603515625,0.6188201904296875
194,7.205322265625,-69.48969268798828,6.8448486328125,-0.20534515380859375
195,13.89013671875,-75.95784759521484,-1.1611328125,-0.5461273193359375
196,-4.29638671875,-64.01363372802734,19.830322265625,0.70867919921875
197,4.343994140625,-70.41600036621094,9.8504638671875,-0.042835235595703125
198,-1.1334228515625,-71.1094741821289,15.3804931640625,0.44399261474609375
199,0.563232421875,-78.18167114257812,12.3365478515625,0.2509613037109375
200,9.1966552734375,-63.66725540161133,6.520751953125,-0.2165069580078125
201,2.225341796875,-71.4580307006836,12.1639404296875,0.16446685791015625
202,-6.4903564453125,-72.53256225585938,20.9210205078125,0.7625885009765625
203,13.107421875,-70.91632080078125,1.362060546875,-0.5392875671386719
204,-12.9207763671875,-66.57389068603516,28.8411865234375,1.2602691650390625
205,5.760986328125,-79.02567291259766,7.41455078125,-0.14897918701171875
206,14.84765625,-71.45563507080078,-0.25341796875,-0.6614875793457031
207,-12.5382080078125,-74.11275482177734,27.220703125,1.280364990234375
208,-1.247802734375,-73.4698715209961,15.933349609375,0.25839996337890625
209,11.5205078125,-72.3580322265625,3.2210693359375,-0.40488433837890625
210,-2.6661376953125,-73.8843002319336,17.4700927734375,0.5539817810058594
211,8.979736328125,-73.03529357910156,5.8515625,-0.24876785278320312
212,6.8919677734375,-73.34969329833984,8.0023193359375,0.021465301513671875
213,2.963623046875,-74.01204681396484,11.96630859375,0.1655731201171875
214,0.560302734375,-74.5118637084961,14.4068603515625,0.23699569702148438
215,2.5738525390625,-74.44798278808594,12.4493408203125,0.23645401000976562
216,6.42626953125,-74.37165832519531,8.6229248046875,-0.13551712036132812
217,2.7506103515625,-74.81591796875,12.3668212890625,0.2727622985839844
218,0.9051513671875,-75.2709732055664,14.2470703125,0.2906303405761719
219,3.2462158203125,-68.3377685546875,13.3245849609375,0.088043212890625
220,2.215087890625,-82.44507598876953,11.65185546875,0.25020599365234375
221,0.67138671875,-82.94689178466797,13.2142333984375,0.2613792419433594
222,14.7734375,-67.84918212890625,1.906494140625,-0.5698814392089844
223,-6.121337890625,-76.87837982177734,21.5224609375,0.8083763122558594
224,3.836669921875,-83.24269104003906,10.1768798828125,0.0291595458984375
225,1.2542724609375,-62.75509262084961,16.97021484375,0.3471794128417969
226,1.4293212890625,-76.7815170288086,14.0853271484375,0.256378173828125
227,2.1663818359375,-83.97296142578125,11.9852294921875,0.18652725219726562
228,4.131591796875,-84.03251647949219,10.0484619140625,0.06198883056640625
229,7.0235595703125,-76.97587585449219,8.5799560546875,-0.09092330932617188
230,8.3553466796875,-69.99503326416016,8.6883544921875,-0.10709762573242188
231,-2.181396484375,-78.13090515136719,17.9149169921875,0.536712646484375
232,4.75146484375,-77.75725555419922,10.9891357421875,0.039337158203125
233,-0.057373046875,-85.36540222167969,14.469482421875,0.3552207946777344
234,12.7021484375,-70.4457015991211,4.4796142578125,-0.4273223876953125
235,-0.3914794921875,-78.72412109375,16.2908935546875,0.45597076416015625
236,2.0736083984375,-71.78853607177734,15.231689453125,0.2725067138671875
237,6.4775390625,-85.48722839355469,8.0872802734375,-0.07379150390625
238,-2.1912841796875,-79.5780258178711,18.1995849609375,0.5557670593261719
239,6.9698486328125,-78.90222930908203,9.050537109375,-0.0929107666015625
240,7.1097412109375,-86.07098388671875,7.56103515625,-0.151214599609375
241,-4.0523681640625,-73.33828735351562,21.5784912109375,0.7098960876464844
242,11.0535888671875,-86.02191162109375,3.693115234375,-0.3784828186035156
243,5.1837158203125,-79.80821990966797,11.004638671875,0.10775375366210938
244,2.8699951171875,-73.19851684570312,14.7608642578125,0.2730216979980469
245,1.97509765625,-80.48163604736328,14.30810546875,0.1960601806640625
246,3.0352783203125,-80.55587768554688,13.2830810546875,0.215484619140625
247,1.4620361328125,-80.93267822265625,14.895263671875,0.24758148193359375
248,5.92724609375,-73.65953826904297,11.846923828125,0.0624542236328125
249,9.099609375,-87.45271301269531,5.935791015625,-0.17547988891601562
250,-0.2254638671875,-88.64041137695312,15.31494140625,0.37249755859375
251,0.6998291015625,-74.80089569091797,17.1937255859375,0.3167724609375
252,11.242431640625,-87.80815124511719,3.895263671875,-0.3246040344238281
253,-0.9666748046875,-75.26296997070312,18.95361328125,0.49459075927734375
254,6.28662109375,-81.63589477539062,10.33837890625,0.040439605712890625
255,5.63427734375,-81.94774627685547,11.0181884765625,0.03203582763671875
256,-4.6558837890625,-83.10572052001953,21.391845703125,0.6842842102050781
257,8.91015625,-82.04182434082031,7.7928466796875,-0.243560791015625
258,3.37353515625,-89.6110610961914,12.02392578125,0.25252532958984375
259,0.7386474609375,-76.15611267089844,17.4671630859375,0.39539337158203125
260,15.4415283203125,-88.91156768798828,-0.0430908203125,-0.7271652221679688
261,1.8453369140625,-76.30424499511719,16.4439697265625,0.4527549743652344
262,0.558349609375,-76.59343719482422,17.7779541015625,0.4190216064453125
263,8.9375,-90.03887176513672,6.6016845703125,-0.301055908203125
264,3.7086181640625,-90.67439270019531,11.89501953125,0.20200347900390625
265,7.28369140625,-76.55289459228516,11.1083984375,-0.01450347900390625
266,-0.448486328125,-84.33274841308594,17.550537109375,0.488067626953125
267,9.103515625,-83.72633361816406,7.9600830078125,-0.2520103454589844
268,-0.797607421875,-84.723388671875,17.9674072265625,0.5361061096191406
269,8.7752685546875,-84.08666229248047,8.360107421875,-0.22507476806640625
270,0.5472412109375,-84.92881774902344,16.68505859375,0.44476318359375
271,7.9893798828125,-77.4543685913086,10.614501953125,-0.09335708618164062
272,2.793701171875,-91.9875259399414,13.11669921875,0.280731201171875
273,4.0797119140625,-85.19314575195312,13.216796875,0.12076187133789062
274,8.9937744140625,-91.82655334472656,6.93017578125,-0.20313262939453125
275,9.0345458984375,-77.9963607788086,9.6978759765625,-0.09726715087890625
276,5.083984375,-85.44078063964844,12.3338623046875,0.11864471435546875
277,3.2374267578125,-85.83101654052734,14.2139892578125,0.219818115234375
278,-0.2838134765625,-86.32695770263672,17.7896728515625,0.4395179748535156
279,16.0758056640625,-84.9791259765625,1.3546142578125,-0.6731986999511719
280,-4.521240234375,-86.91777801513672,22.1397705078125,0.8791885375976562
281,1.6063232421875,-86.68701171875,15.975341796875,0.2126922607421875
282,13.5103759765625,-85.67317962646484,4.0343017578125,-0.4959602355957031
283,4.1519775390625,-93.60157775878906,12.113525390625,0.22673416137695312
284,1.948486328125,-80.04051208496094,17.1270751953125,0.3816490173339844
285,10.24072265625,-86.37471771240234,7.4320068359375,-0.26226806640625
286,4.3787841796875,-87.07542419433594,13.3634033203125,0.17150497436523438
287,10.2454833984375,-86.70112609863281,7.4833984375,-0.24249267578125
288,3.6658935546875,-87.43275451660156,14.1448974609375,0.22723388671875
289,6.5040283203125,-94.33322143554688,9.9261474609375,-0.010631561279296875
290,10.1165771484375,-80.16427612304688,9.0906982421875,-0.16657257080078125
291,2.829833984375,-94.89013671875,13.7021484375,0.2730674743652344
292,1.753662109375,-81.23297119140625,17.5748291015625,0.3831596374511719
293,2.93896484375,-88.24520874023438,15.029541015625,0.17955398559570312
294,7.5274658203125,-80.91207885742188,11.8316650390625,0.032535552978515625
295,2.6124267578125,-102.53482818603516,12.6456298828125,0.1811676025390625
296,11.3382568359375,-80.92232513427734,8.0345458984375,-0.21474456787109375
297,3.5772705078125,-88.66303253173828,14.51953125,0.24654388427734375
298,-1.4041748046875,-89.3517074584961,19.552490234375,0.518463134765625
299,10.73388671875,-88.37145233154297,7.3487548828125,-0.297882080078125
300,9.0245361328125,-81.57669830322266,10.5025634765625,-0.04367828369140625
301,4.788330078125,-96.1479263305664,12.0189208984375,0.062412261962890625
302,-0.1077880859375,-96.78348541259766,16.970458984375,0.4565582275390625
303,7.1151123046875,-82.24813842773438,12.4949951171875,0.0177154541015625
304,11.81640625,-88.85240936279297,6.4139404296875,-0.3234710693359375
305,13.42138671875,-88.81459045410156,4.824951171875,-0.33774566650390625
306,2.990478515625,-89.94827270507812,15.362060546875,0.2972373962402344
307,5.42138671875,-89.89353942871094,12.9322509765625,0.08086776733398438
308,2.624267578125,-90.22734832763672,15.78759765625,0.3471794128417969
309,4.1187744140625,-97.31737518310547,12.904052734375,0.07468414306640625
310,-1.5345458984375,-83.95513153076172,21.4071044921875,0.5714073181152344
311,13.3187255859375,-82.58012390136719,6.4791259765625,-0.3646392822265625
312,8.6295166015625,-104.11097717285156,7.0748291015625,-0.07666015625
313,6.8271484375,-83.58444213867188,13.0477294921875,0.019256591796875
314,7.6845703125,-90.43709564208984,10.856201171875,0.030345916748046875
315,6.1400146484375,-90.79197692871094,12.423583984375,0.0626068115234375
316,0.6932373046875,-91.42926025390625,17.9407958984375,0.4060096740722656
317,11.286376953125,-90.56538391113281,7.281005859375,-0.2947998046875
318,6.1331787109375,-91.10240173339844,12.513427734375,0.12368011474609375
319,9.2969970703125,-97.95686340332031,7.953857421875,-0.14185714721679688
320,2.61328125,-84.75504302978516,17.4849853515625,0.292938232421875
321,12.5379638671875,-90.82929229736328,6.1312255859375,-0.3225555419921875
322,1.1883544921875,-92.0551986694336,17.5950927734375,0.39293670654296875
323,15.075927734375,-97.91032409667969,2.214599609375,-0.5757942199707031
324,5.254150390625,-84.85120391845703,14.934326171875,0.2767601013183594
325,-2.3226318359375,-92.68090057373047,21.216796875,0.6123123168945312
326,7.1402587890625,-84.95170593261719,13.07080078125,0.010562896728515625
327,8.851806640625,-98.88381958007812,8.5965576171875,-0.17634201049804688
328,1.4718017578125,-92.69427490234375,17.4476318359375,0.4271965026855469
329,7.4869384765625,-92.22836303710938,11.40380859375,-0.01065826416015625
330,13.0283203125,-98.82959747314453,4.444580078125,-0.4107017517089844
331,5.6138916015625,-92.63448333740234,13.33349609375,0.13050460815429688
332,10.31884765625,-85.21487426757812,10.009033203125,-0.10108566284179688
333,1.39208984375,-86.1137466430664,19.04833984375,0.4604339599609375
334,6.0740966796875,-106.91268920898438,10.1610107421875,-0.06870651245117188
335,9.8665771484375,-85.672607421875,10.5081787109375,-0.1132354736328125
336,11.33642578125,-92.48480987548828,7.6868896484375,-0.19878768920898438
337,1.1102294921875,-93.61607360839844,18.016845703125,0.4114036560058594
338,13.317138671875,-92.60678100585938,5.709228515625,-0.42684173583984375
339,1.931884765625,-93.66554260253906,17.2391357421875,0.45557403564453125
340,6.489013671875,-93.41143798828125,12.6466064453125,0.048900604248046875
341,12.2017822265625,-92.95529174804688,6.9012451171875,-0.3009452819824219
342,2.6226806640625,-93.9542465209961,16.5908203125,0.2950630187988281
343,10.7386474609375,-93.26307678222656,8.4190673828125,-0.186859130859375
344,-0.7855224609375,-94.4571533203125,20.0709228515625,0.5121078491210938
345,5.8216552734375,-93.90770721435547,13.421142578125,0.12456893920898438
346,13.5015869140625,-100.30237579345703,4.294189453125,-0.4249229431152344
347,5.7437744140625,-87.09508514404297,14.921875,0.17755126953125
348,12.516845703125,-93.47549438476562,6.7281494140625,-0.28868865966796875
349,0.04736328125,-94.7573013305664,19.3326416015625,0.5345726013183594
350,6.4898681640625,-94.33340454101562,12.829345703125,-0.0152587890625
351,7.354248046875,-94.2926025390625,11.980712890625,-0.0137176513671875
352,10.5858154296875,-101.02481842041016,7.3543701171875,-0.15730667114257812
353,8.3165283203125,-87.35799407958984,12.4293212890625,-0.0025634765625
354,6.1080322265625,-101.59040832519531,11.91552734375,0.08237457275390625
355,6.598876953125,-87.68498229980469,14.196533203125,0.09649276733398438
356,12.2347412109375,-94.1949462890625,7.143310546875,-0.34677886962890625
357,6.8013916015625,-94.74453735351562,12.6517333984375,0.12018585205078125
358,0.0006103515625,-95.4603271484375,19.5367431640625,0.5552330017089844
359,13.2010498046875,-94.37593841552734,6.2056884765625,-0.40847015380859375
360,8.0185546875,-94.86920928955078,11.4669189453125,0.010646820068359375
361,6.670166015625,-95.13526153564453,12.833740234375,-0.001800537109375
362,1.99072265625,-95.58668518066406,17.5853271484375,0.3880577087402344
363,12.821533203125,-101.67125701904297,5.2664794921875,-0.35162353515625
364,13.2098388671875,-87.69935607910156,7.6607666015625,-0.31620025634765625
365,5.6258544921875,-95.35208892822266,13.97412109375,0.22642898559570312
366,-5.68310546875,-96.5891342163086,25.396240234375,0.8610572814941406
367,12.8763427734375,-101.98969268798828,5.2589111328125,-0.4351959228515625
368,6.5595703125,-88.60919952392578,14.4326171875,0.07306671142578125
369,6.9456787109375,-95.51937103271484,12.6910400390625,0.0949249267578125
370,5.6871337890625,-88.72911834716797,15.3560791015625,0.1956939697265625
371,14.9559326171875,-101.95831298828125,3.225830078125,-0.5231208801269531
372,0.2713623046875,-96.42341613769531,19.456298828125,0.5044212341308594
373,10.693359375,-95.49944305419922,8.9393310546875,-0.21270370483398438
374,5.00830078125,-89.01639556884766,16.0946044921875,0.2505073547363281
375,10.0570068359375,-102.66548156738281,8.2235107421875,-0.23312759399414062
376,12.133056640625,-95.51689147949219,7.5208740234375,-0.2243194580078125
377,3.7647705078125,-96.28662109375,16.00244140625,0.3468971252441406
378,5.4610595703125,-103.33711242675781,12.8892822265625,0.00913238525390625
379,-0.0787353515625,-89.78914642333984,21.2882080078125,0.6073532104492188
380,14.82568359375,-95.48908233642578,4.845458984375,-0.550262451171875
381,7.1815185546875,-96.18067169189453,12.592041015625,0.10762405395507812
382,15.418701171875,-95.52716827392578,4.265625,-0.5227508544921875
383,7.5738525390625,-96.21417236328125,12.2198486328125,0.1196441650390625
384,4.680419921875,-96.60345458984375,15.1435546875,0.20227432250976562
385,5.115966796875,-96.62407684326172,14.7103271484375,0.1522369384765625
386,9.10888671875,-103.30084228515625,9.296142578125,-0.11088180541992188
387,-3.0494384765625,-90.4513168334961,24.3714599609375,0.7723312377929688
388,18.0791015625,-102.56378936767578,0.2454833984375,-0.7773666381835938
389,5.708740234375,-89.70475769042969,15.5372314453125,0.21178436279296875
390,7.538330078125,-89.53338623046875,13.7060546875,0.029323577880859375
391,4.96728515625,-96.81307983398438,14.9271240234375,0.19585800170898438
392,20.3447265625,-102.48233795166016,-2.01025390625,-0.8270950317382812
393,13.475830078125,-96.1083984375,6.3343505859375,-0.2564888000488281
394,-4.0159912109375,-97.75914001464844,24.03125,0.8414840698242188
395,11.2078857421875,-103.50254821777344,7.240234375,-0.32118988037109375
396,10.01220703125,-96.59632873535156,9.84814453125,-0.11967086791992188
397,-1.93310546875,-90.67439270019531,23.331298828125,0.6854209899902344
398,17.2412109375,-103.00540924072266,1.16650390625,-0.7400245666503906
399,2.824951171875,-90.28956604003906,18.5316162109375,0.4380645751953125
400,10.269287109375,-96.65280151367188,9.6239013671875,-0.2074127197265625
401,2.50732421875,-97.35401916503906,17.483642578125,0.4333305358886719
402,6.1312255859375,-97.11959075927734,13.813232421875,0.08770370483398438
403,14.4384765625,-96.40125274658203,5.4136962890625,-0.5039329528808594
404,-1.8681640625,-104.8770980834961,20.5322265625,0.6584854125976562
405,15.1414794921875,-89.35777282714844,6.1004638671875,-0.44364166259765625
406,5.9010009765625,-97.14674377441406,14.0816650390625,0.1529083251953125
407,10.4229736328125,-96.82892608642578,9.4984130859375,-0.19085311889648438
408,5.097412109375,-97.25070190429688,14.90234375,0.2950248718261719
409,4.0550537109375,-97.49258422851562,15.9410400390625,0.17256927490234375
410,15.13232421875,-96.41979217529297,4.7515869140625,-0.45647430419921875
411,-2.876220703125,-105.14666748046875,21.5750732421875,0.6585006713867188
412,17.7716064453125,-89.23222351074219,3.468505859375,-0.6032867431640625
413,6.681640625,-90.14202880859375,14.7119140625,0.16851806640625
414,6.2725830078125,-111.31700134277344,10.9508056640625,0.038410186767578125
415,11.5201416015625,-96.90695190429688,8.4022216796875,-0.21460342407226562
416,1.574462890625,-90.75180053710938,19.8668212890625,0.42296600341796875
417,14.278076171875,-96.53941345214844,5.6431884765625,-0.39688873291015625
418,11.3179931640625,-96.85054779052734,8.6326904296875,-0.19029617309570312
419,2.4388427734375,-90.67008209228516,19.001708984375,0.404541015625
420,7.4088134765625,-104.24735260009766,11.201416015625,-0.014614105224609375
421,8.9659423828125,-97.13524627685547,11.005126953125,-0.036224365234375
422,7.4158935546875,-97.28179168701172,12.575927734375,-0.0032958984375
423,10.1634521484375,-97.01793670654297,9.7991943359375,-0.16527938842773438
424,-4.1790771484375,-98.30438232421875,24.3118896484375,0.8440666198730469
425,17.513916015625,-96.36152648925781,2.36181640625,-0.672515869140625
426,9.5791015625,-104.07061004638672,9.0048828125,-0.12504959106445312
427,5.6239013671875,-83.39678192138672,17.166259765625,0.24550247192382812
428,4.6412353515625,-104.43380737304688,14.014892578125,0.20967483520507812
429,11.0889892578125,-104.00975799560547,7.459716796875,-0.2797889709472656
430,6.57958984375,-90.33451843261719,14.8048095703125,0.129852294921875
431,10.874755859375,-103.89277648925781,7.6968994140625,-0.2132568359375
432,-4.787353515625,-91.36461639404297,26.299072265625,0.8897132873535156
433,20.1337890625,-96.06725311279297,-0.2923583984375,-0.8938941955566406
434,8.412353515625,-97.04017639160156,11.5738525390625,0.0777587890625
435,16.952392578125,-96.30792236328125,2.923828125,-0.5792884826660156
436,1.744384765625,-104.65404510498047,16.92333984375,0.49790191650390625
437,0.0965576171875,-90.95045471191406,21.3331298828125,0.43476104736328125
438,14.827880859375,-89.42037200927734,6.45849609375,-0.4374198913574219
439,4.6343994140625,-97.3509750366211,15.378173828125,0.22113037109375
440,11.296630859375,-103.76298522949219,7.2412109375,-0.200836181640625
441,7.0416259765625,-97.1832046508789,12.9183349609375,0.0666656494140625
442,-4.0802001953125,-98.1783447265625,24.166015625,0.7598381042480469
443,10.603759765625,-96.86419677734375,9.301513671875,-0.2968711853027344
444,21.2197265625,-102.75786590576172,-2.8094482421875,-0.8475456237792969
445,3.9844970703125,-97.30429077148438,16.0040283203125,0.3793067932128906
446,2.77685546875,-90.4482192993164,18.599853515625,0.3158988952636719
447,10.6083984375,-89.62983703613281,10.68701171875,-0.16099166870117188
448,-0.68994140625,-111.65969848632812,17.947021484375,0.5803947448730469
449,9.1082763671875,-82.88404846191406,13.547119140625,-0.11668777465820312
450,19.3751220703125,-102.68852233886719,-0.9583740234375,-0.7246932983398438
451,2.2254638671875,-104.40101623535156,16.3485107421875,0.3635749816894531
452,6.7396240234375,-89.9570083618164,14.5482177734375,0.0666656494140625
453,14.086181640625,-103.12554931640625,4.362548828125,-0.3630714416503906
454,1.7060546875,-90.35005187988281,19.6263427734375,0.40003204345703125
455,16.91259765625,-95.82766723632812,2.8721923828125,-0.5967178344726562
456,5.509521484375,-96.82514190673828,14.3968505859375,0.24477767944335938
457,1.649169921875,-97.23849487304688,18.2783203125,0.3698081970214844
458,10.0880126953125,-96.4348373413086,9.7352294921875,-0.20267105102539062
459,5.4283447265625,-96.72884368896484,14.4534912109375,0.24777603149414062
460,6.9364013671875,-89.63214111328125,14.294189453125,0.021297454833984375
461,3.253662109375,-103.88275909423828,15.2459716796875,0.2825927734375
462,18.504638671875,-102.54975891113281,-0.205078125,-0.7667160034179688
463,7.0457763671875,-89.42521667480469,14.166015625,0.18335342407226562
464,5.560546875,-103.55554962158203,12.8839111328125,0.10918426513671875
465,6.27587890625,-89.49191284179688,14.9122314453125,0.1188201904296875
466,8.72021484375,-96.13780975341797,11.061279296875,-0.04868316650390625
467,1.37060546875,-96.79877471923828,18.4752197265625,0.4594459533691406
468,19.353271484375,-102.17176818847656,-1.1143798828125,-0.845947265625
469,7.71240234375,-89.08035278320312,13.4326171875,0.14934921264648438
470,-4.598876953125,-97.19979095458984,24.480224609375,0.7940139770507812
471,11.3323974609375,-95.7470932006836,8.3504638671875,-0.28884124755859375
472,9.7711181640625,-95.7807846069336,9.9268798828125,-0.1124420166015625
473,6.4888916015625,-96.06146240234375,13.2283935546875,0.061115264892578125
474,11.634521484375,-95.49008178710938,8.0213623046875,-0.21330642700195312
475,-2.8145751953125,-96.75806427001953,22.6165771484375,0.7564010620117188
476,6.0,-96.02865600585938,13.672607421875,-0.030010223388671875
477,18.7005615234375,-101.71278381347656,-0.5509033203125,-0.7482795715332031
478,10.3955078125,-88.31767272949219,10.617919921875,0.010791778564453125
479,-0.001953125,-96.2861099243164,19.7210693359375,0.46923828125
480,4.22900390625,-95.85617065429688,15.425537109375,0.23606109619140625
481,17.16650390625,-94.62065887451172,2.333251953125,-0.6609954833984375
482,11.3421630859375,-94.97605895996094,8.224365234375,-0.10358810424804688
483,4.3916015625,-95.63848876953125,15.22216796875,0.23143386840820312
484,11.3468017578125,-87.96565246582031,9.56005859375,-0.27599334716796875
485,-8.1033935546875,-103.64264678955078,26.4381103515625,1.0242767333984375
486,18.7374267578125,-101.21621704101562,-0.7235107421875,-0.7870979309082031
487,2.790771484375,-88.53179931640625,18.1639404296875,0.3811073303222656
488,8.2581787109375,-94.93914031982422,11.2435302734375,-0.07648086547851562
489,2.6734619140625,-95.35995483398438,16.872802734375,0.3940086364746094
490,17.2259521484375,-94.03138732910156,2.1396484375,-0.7021293640136719
491,1.8160400390625,-102.3089599609375,16.318603515625,0.419921875
492,7.1236572265625,-87.80154418945312,13.7021484375,0.06447601318359375
493,13.85546875,-93.99717712402344,5.518310546875,-0.3606529235839844
494,-6.0150146484375,-95.84202575683594,25.5621337890625,0.889556884765625
495,13.8890380859375,-93.97234344482422,5.428955078125,-0.4837532043457031
496,8.42626953125,-94.31846618652344,10.943359375,-0.017734527587890625
497,15.7080078125,-100.57685852050781,2.1815185546875,-0.5153274536132812
498,-5.2779541015625,-88.44559478759766,26.1339111328125,0.9280929565429688
499,20.508544921875,-93.01575469970703,-1.3201904296875,-0.9551811218261719
500,-7.234619140625,-95.39885711669922,26.6986083984375,1.0818672180175781
501,10.28759765625,-100.84895324707031,7.5704345703125,-0.29367828369140625
502,6.6436767578125,-87.04393768310547,14.0137939453125,0.09674835205078125
503,10.5242919921875,-93.5228500366211,8.7044677734375,-0.18393707275390625
504,7.2115478515625,-93.77411651611328,12.024658203125,0.0518951416015625
505,7.783935546875,-93.63119506835938,11.427490234375,0.019504547119140625
506,5.068603515625,-93.84589385986328,14.142333984375,0.118804931640625
507,13.20458984375,-92.9939956665039,5.908203125,-0.4056663513183594
508,-0.5814208984375,-94.1067123413086,19.8203125,0.6116371154785156
509,3.08447265625,-86.74588012695312,17.4744873046875,0.27855682373046875
510,13.141357421875,-99.68509674072266,4.532958984375,-0.4154777526855469
511,3.4482421875,-100.5447006225586,14.2869873046875,0.26575469970703125
512,6.6158447265625,-86.14268493652344,13.844482421875,0.0999908447265625
513,12.8341064453125,-99.44570922851562,4.779052734375,-0.4295082092285156
514,2.6917724609375,-86.2595443725586,17.7720947265625,0.4315834045410156
515,4.597412109375,-100.01339721679688,13.051513671875,0.11940765380859375
516,14.3516845703125,-85.0487060546875,5.9483642578125,-0.4361152648925781
517,-3.316162109375,-93.48417663574219,22.392822265625,0.7339286804199219
518,19.0277099609375,-91.39933013916016,-0.198486328125,-0.7947044372558594
519,2.729736328125,-92.71720123291016,16.243896484375,0.3982048034667969
520,7.8270263671875,-99.27420806884766,9.6685791015625,-0.13447952270507812
521,6.46484375,-85.22472381591797,13.8043212890625,0.14669036865234375
522,0.8414306640625,-92.62425994873047,18.0750732421875,0.3992576599121094
523,11.4432373046875,-91.59307861328125,7.3421630859375,-0.322113037109375
524,3.59228515625,-85.09844207763672,16.646728515625,0.37403106689453125
525,10.2989501953125,-98.47052764892578,7.06640625,-0.30989837646484375
526,4.327392578125,-91.91698455810547,14.4512939453125,0.222381591796875
527,-2.1119384765625,-92.3762435913086,20.929931640625,0.6292762756347656
0,1.93017578125,-27.495319366455078,3.6204833984375,0.021633148193359375
1,4.7095947265625,-51.79606246948242,5.90966796875,0.01668548583984375
2,3.4017333984375,-51.2218132019043,6.9869384765625,0.0418243408203125
3,3.3931884765625,-50.345211029052734,6.7879638671875,0.044277191162109375
4,3.4940185546875,-49.25966262817383,6.4989013671875,0.042675018310546875
5,3.31640625,-48.2296257019043,6.458984375,0.046634674072265625
6,3.1546630859375,-47.21376037597656,6.37939453125,0.047908782958984375
7,2.9761962890625,-45.93788146972656,6.348876953125,0.05730438232421875
8,2.7325439453125,-44.904998779296875,6.3157958984375,0.05597686767578125
9,2.5714111328125,-43.59954071044922,6.235107421875,0.06615066528320312
10,2.3602294921875,-42.326820373535156,6.1800537109375,0.06978607177734375
11,2.1495361328125,-41.01503372192383,6.1151123046875,0.0660552978515625
12,1.9755859375,-39.64271545410156,6.0076904296875,0.08097076416015625
13,1.770263671875,-38.174293518066406,5.9351806640625,0.07920074462890625
14,1.4942626953125,-36.80976104736328,5.8974609375,0.0858154296875
15,1.28173828125,-35.331138610839844,5.8037109375,0.08936309814453125
16,1.0621337890625,-33.884639739990234,5.6966552734375,0.0964813232421875
17,0.7642822265625,-32.27375411987305,5.687255859375,0.105438232421875
18,0.5499267578125,-30.552650451660156,5.603515625,0.10686111450195312
19,0.3441162109375,-29.152494430541992,5.435302734375,0.1050872802734375
20,0.109619140625,-27.369577407836914,5.361083984375,0.11613082885742188
21,-0.0712890625,-25.83914566040039,5.1724853515625,0.11137771606445312
22,-0.2073974609375,-24.064544677734375,4.978271484375,0.11376953125
23,-0.5328369140625,-22.358747482299805,4.9508056640625,0.12507247924804688
24,-0.7662353515625,-20.621488571166992,4.829345703125,0.12816619873046875
25,-1.02587890625,-18.804357528686523,4.74267578125,0.12593460083007812
26,-1.113525390625,-17.152441024780273,4.44482421875,0.127349853515625
27,-1.30615234375,-15.220730781555176,4.30224609375,0.12905120849609375
28,-1.578125,-13.491677284240723,4.1927490234375,0.13249588012695312
29,-1.7567138671875,-11.605581283569336,4.017578125,0.1309814453125
30,-1.91357421875,-9.836734771728516,3.7939453125,0.13740921020507812
31,-2.16845703125,-8.080732345581055,3.662353515625,0.13698959350585938
32,-2.3846435546875,-6.035141944885254,3.5484619140625,0.14089202880859375
33,-2.6820068359375,-4.483543395996094,3.4146728515625,0.14078140258789062
34,-2.6583251953125,-2.3321831226348877,3.08251953125,0.13738632202148438
35,-2.9681396484375,-0.6374514698982239,2.98974609375,0.13984298706054688
36,-3.0731201171875,1.1506391763687134,2.713623046875,0.14040374755859375
37,-164.3448486328125,1849.8638916015625,-205.418212890625,-0.16812896728515625
38,-24.3951416015625,-7.489824295043945,21.3004150390625,0.4821929931640625
39,4.1875,4.085291385650635,-4.5992431640625,-0.10302352905273438
40,3.5223388671875,3.889864921569824,-3.9505615234375,-0.08410263061523438
41,0.989501953125,3.4791064262390137,-1.4984130859375,-0.031276702880859375
42,0.0079345703125,3.06172513961792,-0.579833984375,-0.01010894775390625
43,-0.242431640625,3.0177717208862305,-0.3076171875,0.002269744873046875
44,-0.24169921875,2.857379198074341,-0.305908203125,-0.003444671630859375
45,-0.2332763671875,2.768364906311035,-0.2967529296875,-0.004581451416015625
46,-0.200439453125,2.6843271255493164,-0.30908203125,0.001537322998046875
47,-0.24951171875,2.5086307525634766,-0.258056640625,-0.004337310791015625
48,-0.12255859375,2.4968349933624268,-0.346923828125,-0.00415802001953125
49,-0.17724609375,2.3948702812194824,-0.2735595703125,0.004421234130859375
50,-0.270751953125,2.205146074295044,-0.178466796875,-0.00185394287109375
51,-0.2392578125,2.1068003177642822,-0.1873779296875,0.00205230712890625
52,-0.217529296875,1.9317024946212769,-0.201416015625,-0.000148773193359375
53,-0.12353515625,1.9039078950881958,-0.2568359375,-0.002048492431640625
54,-0.15234375,1.8555803298950195,-0.193603515625,-0.00115966796875
55,-0.1982421875,1.672524094581604,-0.14013671875,0.004764556884765625
56,-0.224609375,1.5521286725997925,-0.0926513671875,0.0030670166015625
57,-0.1185302734375,1.4432790279388428,-0.1729736328125,-0.0070648193359375
58,-0.1068115234375,1.3343778848648071,-0.159423828125,0.00437164306640625
59,-0.0938720703125,1.2127881050109863,-0.149169921875,-0.00058746337890625
60,-0.148681640625,1.085459589958191,-0.07275390625,0.001094818115234375
61,-0.1630859375,0.9636529684066772,-0.0345458984375,0.004638671875
62,-0.083251953125,0.8449904918670654,-0.08837890625,-0.005100250244140625
63,0.0509033203125,0.7407820224761963,-0.19287109375,-0.004425048828125
64,-0.0936279296875,0.6025980114936829,-0.028076171875,0.00714111328125
65,-0.1322021484375,0.46689364314079285,0.03271484375,0.00075531005859375
66,-0.0142822265625,0.3564088046550751,-0.05615234375,-0.00144195556640625
67,-0.0601806640625,0.22507630288600922,0.0128173828125,0.001194000244140625
68,-0.0079345703125,0.1761421114206314,0.00146484375,0.003025054931640625
69,-0.0150146484375,-0.09401068091392517,0.0045166015625,-0.003253936767578125
70,0.009521484375,-0.14440995454788208,0.0203857421875,0.0022430419921875
71,0.0655517578125,-0.3363337814807892,-0.023193359375,-0.00386810302734375
72,-0.0003662109375,-0.3272455334663391,0.0938720703125,0.0067291259765625
73,-0.0411376953125,-0.4602127969264984,0.157470703125,0.004978179931640625
74,0.0081787109375,-0.7887895107269287,0.0924072265625,-0.0008697509765625
75,-0.004150390625,-0.7071855068206787,0.17041015625,0.00347900390625
76,0.1417236328125,-0.8812816143035889,0.0401611328125,-0.0019683837890625
77,0.081298828125,-0.9419683814048767,0.13671875,0.002559661865234375
78,0.0408935546875,-1.2102797031402588,0.1712646484375,-0.001232147216796875
79,0.1778564453125,-1.1750450134277344,0.0906982421875,-0.002773284912109375
80,0.1826171875,-1.4268827438354492,0.0826416015625,0.002979278564453125
81,0.087158203125,-1.5639554262161255,0.1964111328125,-0.003509521484375
82,0.15087890625,-1.529905080795288,0.1864013671875,0.001251220703125
83,0.1605224609375,-1.7115871906280518,0.1861572265625,0.002178192138671875
84,0.1851806640625,-1.8233751058578491,0.18408203125,-0.000640869140625
85,0.1573486328125,-2.006869316101074,0.218994140625,0.0017242431640625
86,0.126220703125,-2.0520834922790527,0.2838134765625,0.0004425048828125
87,0.2440185546875,-2.074230670928955,0.2052001953125,-0.000736236572265625
88,0.205322265625,-2.253237247467041,0.2491455078125,-0.00083160400390625
89,0.201171875,-2.3533060550689697,0.2738037109375,0.003833770751953125
90,0.245849609375,-2.518667221069336,0.23583984375,-0.000576019287109375
91,0.2220458984375,-2.41286301612854,0.3194580078125,-0.00153350830078125
92,0.29638671875,-2.703383445739746,0.22509765625,-0.000453948974609375
93,0.2066650390625,-2.7359371185302734,0.34375,0.00485992431640625
94,0.2247314453125,-2.827789783477783,0.3426513671875,-0.003742218017578125
95,0.3614501953125,-2.8927648067474365,0.228515625,-0.001407623291015625
96,0.20556640625,-2.9947011470794678,0.3953857421875,0.004451751708984375
97,0.293701171875,-3.1349852085113525,0.3116455078125,-0.00153350830078125
98,0.3089599609375,-3.070733070373535,0.339599609375,-0.000705718994140625
99,0.3421630859375,-3.207120180130005,0.30859375,0.000553131103515625
100,0.2369384765625,-3.288559913635254,0.4241943359375,0.00583648681640625
101,0.32763671875,-3.3502931594848633,0.348388671875,-0.005344390869140625
102,0.3245849609375,-3.479558229446411,0.3507080078125,-3.0517578125e-05
103,0.318603515625,-3.46970534324646,0.3819580078125,0.001163482666015625
104,0.4090576171875,-3.4462010860443115,0.319091796875,-0.00311279296875
105,0.30078125,-3.5796847343444824,0.4205322265625,0.002506256103515625
106,0.3531494140625,-3.6211137771606445,0.3795166015625,0.00154876708984375
107,0.3018798828125,-3.6728997230529785,0.4375,0.001323699951171875
108,0.3275146484375,-3.7089195251464844,0.4208984375,0.00299072265625
109,0.313720703125,-3.7516634464263916,0.4404296875,-0.003376007080078125
110,0.426513671875,-3.764920711517334,0.3392333984375,0.00206756591796875
111,0.4227294921875,-3.8028717041015625,0.3468017578125,-0.009891510009765625
112,0.33251953125,-3.8263206481933594,0.4412841796875,0.0109405517578125
113,0.2506103515625,-3.9345011711120605,0.509033203125,0.000988006591796875
114,0.35888671875,-3.7987782955169678,0.4354248046875,-0.000659942626953125
115,0.4652099609375,-3.8695130348205566,0.321044921875,-0.00732421875
116,0.4190673828125,-3.8773324489593506,0.36865234375,0.003704071044921875
117,0.30859375,-3.898731231689453,0.4755859375,0.0024261474609375
118,0.318115234375,-3.8998255729675293,0.4661865234375,-0.00022125244140625
119,0.431640625,-3.881347894668579,0.3558349609375,-0.002655029296875
120,0.338623046875,-3.8836209774017334,0.4444580078125,0.001628875732421875
121,0.376708984375,-3.8673923015594482,0.4052734375,0.00040435791015625
122,0.325439453125,-3.8587563037872314,0.4515380859375,0.00031280517578125
123,0.43798828125,-3.8947806358337402,0.3248291015625,-0.00432586669921875
124,0.32666015625,-3.813222885131836,0.4420166015625,0.003444671630859375
125,0.3453369140625,-3.7151718139648438,0.4320068359375,0.00030517578125
126,0.4005126953125,-3.7459702491760254,0.3583984375,-0.002773284912109375
127,0.3634033203125,-3.7136104106903076,0.3875732421875,0.000835418701171875
128,0.28564453125,-3.680736780166626,0.455322265625,0.006282806396484375
129,0.3076171875,-3.639347791671753,0.4244384765625,-0.0018768310546875
130,0.319580078125,-3.6596155166625977,0.3897705078125,-0.00196075439453125
131,0.4237060546875,-3.4546191692352295,0.307373046875,-0.000782012939453125
132,0.3223876953125,-3.480787515640259,0.3807373046875,0.002201080322265625
133,0.2803955078125,-3.429718017578125,0.4091796875,-0.000965118408203125
134,0.2996826171875,-3.363058567047119,0.378662109375,0.0008544921875
135,0.3734130859375,-3.2907872200012207,0.294189453125,-0.003635406494140625
136,0.3297119140625,-3.224827766418457,0.3233642578125,0.00017547607421875
137,0.3260498046875,-3.223015069961548,0.2984619140625,-0.001708984375
138,0.3038330078125,-3.0103113651275635,0.332763671875,0.00060272216796875
139,0.242431640625,-3.0764787197113037,0.34912109375,0.002620697021484375
140,0.2254638671875,-2.8619797229766846,0.3760986328125,-0.001861572265625
141,0.2991943359375,-2.8286561965942383,0.27587890625,0.00626373291015625
142,0.18798828125,-2.7617459297180176,0.3643798828125,-0.001544952392578125
143,0.2568359375,-2.7288734912872314,0.2666015625,-0.001007080078125
144,0.265625,-2.492757558822632,0.2679443359375,0.003345489501953125
145,0.1878662109375,-2.478574752807617,0.3094482421875,-0.000762939453125
146,0.197021484375,-2.377488136291504,0.2811279296875,0.000217437744140625
147,0.2547607421875,-2.2678825855255127,0.20556640625,-0.0009918212890625
148,0.2220458984375,-2.1683292388916016,0.216796875,-0.00048065185546875
149,0.1468505859375,-2.071179151535034,0.268310546875,0.001132965087890625
150,0.244873046875,-1.9495869874954224,0.152587890625,-0.000720977783203125
151,0.1077880859375,-1.857302188873291,0.2630615234375,0.001308441162109375
152,0.2052001953125,-1.731513500213623,0.1470947265625,-0.00032806396484375
153,0.0882568359375,-1.6299095153808594,0.2379150390625,0.00499725341796875
154,0.12060546875,-1.5128028392791748,0.18310546875,-0.00054931640625
155,0.08154296875,-1.398711085319519,0.197998046875,0.001811981201171875
156,0.1151123046875,-1.2748003005981445,0.142333984375,0.001239776611328125
157,0.1063232421875,-1.1560131311416626,0.127197265625,0.0014190673828125
158,0.046142578125,-1.043716311454773,0.1611328125,4.1961669921875e-05
159,0.0693359375,-0.9160375595092773,0.114990234375,0.00199127197265625
160,0.0997314453125,-0.7913385629653931,0.060791015625,-0.003803253173828125
161,0.0987548828125,-0.5944898724555969,0.0518798828125,0.001499176025390625
162,0.033935546875,-0.6868128776550293,0.0479736328125,-0.001209259033203125
163,0.07080078125,-0.34753307700157166,0.0294189453125,0.000835418701171875
164,-0.0111083984375,-0.30554816126823425,0.0692138671875,-0.00426483154296875
165,0.0489501953125,-0.16407039761543274,-0.0120849609375,0.00482177734375
166,-0.025146484375,-0.05131905898451805,0.03369140625,0.0006103515625
167,-0.0740966796875,0.07106631994247437,0.0562744140625,0.003688812255859375
168,-0.0684814453125,0.2661706507205963,0.039794921875,0.002170562744140625
169,-0.052490234375,0.2571163475513458,-0.028076171875,0.00257110595703125
170,-0.0389404296875,0.45056840777397156,-0.052734375,-0.004245758056640625
171,-0.0570068359375,0.5785189867019653,-0.05908203125,0.0026397705078125
172,-0.1380615234375,0.6928406357765198,-0.0052490234375,0.00403594970703125
173,-0.113525390625,0.8171201348304749,-0.053955078125,-0.001155853271484375
174,-0.052001953125,0.9488541483879089,-0.1373291015625,-0.0021209716796875
175,-0.0989990234375,1.067494511604309,-0.1156005859375,0.002071380615234375
176,-0.0504150390625,1.1910303831100464,-0.186767578125,-0.005435943603515625
177,-0.1552734375,1.3000881671905518,-0.108642578125,0.001407623291015625
178,-0.135498046875,1.4229110479354858,-0.150634765625,0.002971649169921875
179,-0.1859130859375,1.5318957567214966,-0.1253662109375,0.00141143798828125
180,-0.1793212890625,1.6481226682662964,-0.1544189453125,0.000530242919921875
181,-0.222412109375,1.7574377059936523,-0.1346435546875,0.003875732421875
182,-0.21142578125,1.8659825325012207,-0.168212890625,-0.003330230712890625
183,-0.1446533203125,1.992652416229248,-0.2523193359375,0.00585174560546875
184,-0.2879638671875,2.144486665725708,-0.1231689453125,-0.000446319580078125
185,-0.2139892578125,2.1230266094207764,-0.2421875,-0.0004119873046875
186,-0.142578125,2.2312064170837402,-0.33203125,-0.00762176513671875
187,-0.1558837890625,2.404792308807373,-0.323974609375,0.000141143798828125
188,-0.315185546875,2.623985528945923,-0.1614990234375,0.009037017822265625
189,-0.2913818359375,2.5077195167541504,-0.246337890625,-0.004791259765625
190,-0.2794189453125,2.7445478439331055,-0.247802734375,0.001605987548828125
191,-0.1776123046875,2.7082247734069824,-0.3912353515625,-0.00437164306640625
192,-0.298828125,2.852543592453003,-0.2772216796875,0.003971099853515625
193,-0.3419189453125,2.9302010536193848,-0.25244140625,0.003826141357421875
194,-0.332275390625,3.0122900009155273,-0.27783203125,0.001804351806640625
195,-0.254638671875,3.0960564613342285,-0.36865234375,-0.005828857421875
196,-0.32568359375,3.1665663719177246,-0.313720703125,0.002674102783203125
197,-0.338623046875,3.23781418800354,-0.315185546875,0.004150390625
198,-6.183349609375,70.6576156616211,-7.945068359375,-0.0157012939453125
199,-1.152587890625,2.9046151638031006,0.3974609375,0.01805877685546875
0,1.93017578125,-27.495319366455078,3.6204833984375,0.021633148193359375
1,4.7095947265625,-51.79606246948242,5.90966796875,0.01668548583984375
2,3.4017333984375,-51.2218132019043,6.9869384765625,0.0418243408203125
3,3.3931884765625,-50.345211029052734,6.7879638671875,0.044277191162109375
4,3.4940185546875,-49.25966262817383,6.4989013671875,0.042675018310546875
5,3.31640625,-48.2296257019043,6.458984375,0.046634674072265625
6,3.1546630859375,-47.21376037597656,6.37939453125,0.047908782958984375
7,2.9761962890625,-45.93788146972656,6.348876953125,0.05730438232421875
8,2.7325439453125,-44.904998779296875,6.3157958984375,0.05597686767578125
9,2.5714111328125,-43.59954071044922,6.235107421875,0.06615066528320312
10,2.3602294921875,-42.326820373535156,6.1800537109375,0.06978607177734375
11,2.1495361328125,-41.01503372192383,6.1151123046875,0.0660552978515625
12,1.9755859375,-39.64271545410156,6.0076904296875,0.08097076416015625
13,1.770263671875,-38.174293518066406,5.9351806640625,0.07920074462890625
14,1.4942626953125,-36.80976104736328,5.8974609375,0.0858154296875
15,1.28173828125,-35.331138610839844,5.8037109375,0.08936309814453125
16,1.0621337890625,-33.884639739990234,5.6966552734375,0.0964813232421875
17,0.7642822265625,-32.27375411987305,5.687255859375,0.105438232421875
18,0.5499267578125,-30.552650451660156,5.603515625,0.10686111450195312
19,0.3441162109375,-29.152494430541992,5.435302734375,0.1050872802734375
20,0.109619140625,-27.369577407836914,5.361083984375,0.11613082885742188
21,-0.0712890625,-25.83914566040039,5.1724853515625,0.11137771606445312
22,-0.2073974609375,-24.064544677734375,4.978271484375,0.11376953125
23,-0.5328369140625,-22.358747482299805,4.9508056640625,0.12507247924804688
24,-0.7662353515625,-20.621488571166992,4.829345703125,0.12816619873046875
25,-1.02587890625,-18.804357528686523,4.74267578125,0.12593460083007812
26,-1.113525390625,-17.152441024780273,4.44482421875,0.127349853515625
27,-1.30615234375,-15.220730781555176,4.30224609375,0.12905120849609375
28,-1.578125,-13.491677284240723,4.1927490234375,0.13249588012695312
29,-1.7567138671875,-11.605581283569336,4.017578125,0.1309814453125
30,-1.91357421875,-9.836734771728516,3.7939453125,0.13740921020507812
31,-2.16845703125,-8.080732345581055,3.662353515625,0.13698959350585938
32,-2.3846435546875,-6.035141944885254,3.5484619140625,0.14089202880859375
33,-2.6820068359375,-4.483543395996094,3.4146728515625,0.14078140258789062
34,-2.6583251953125,-2.3321831226348877,3.08251953125,0.13738632202148438
35,-2.9681396484375,-0.6374514698982239,2.98974609375,0.13984298706054688
36,-3.0731201171875,1.1506391763687134,2.713623046875,0.14040374755859375
37,-164.3448486328125,1849.8638916015625,-205.418212890625,-0.16812896728515625
38,-24.3951416015625,-7.489824295043945,21.3004150390625,0.4821929931640625
39,4.1875,4.085291385650635,-4.5992431640625,-0.10302352905273438
40,3.5223388671875,3.889864921569824,-3.9505615234375,-0.08410263061523438
41,0.989501953125,3.4791064262390137,-1.4984130859375,-0.031276702880859375
42,0.0079345703125,3.06172513961792,-0.579833984375,-0.01010894775390625
43,-0.242431640625,3.0177717208862305,-0.3076171875,0.002269744873046875
44,-0.24169921875,2.857379198074341,-0.305908203125,-0.003444671630859375
45,-0.2332763671875,2.768364906311035,-0.2967529296875,-0.004581451416015625
46,-0.200439453125,2.6843271255493164,-0.30908203125,0.001537322998046875
47,-0.24951171875,2.5086307525634766,-0.258056640625,-0.004337310791015625
48,-0.12255859375,2.4968349933624268,-0.346923828125,-0.00415802001953125
49,-0.17724609375,2.3948702812194824,-0.2735595703125,0.004421234130859375
50,-0.270751953125,2.205146074295044,-0.178466796875,-0.00185394287109375
51,-0.2392578125,2.1068003177642822,-0.1873779296875,0.00205230712890625
52,-0.217529296875,1.9317024946212769,-0.201416015625,-0.000148773193359375
53,-0.12353515625,1.9039078950881958,-0.2568359375,-0.002048492431640625
54,-0.15234375,1.8555803298950195,-0.193603515625,-0.00115966796875
55,-0.1982421875,1.672524094581604,-0.14013671875,0.004764556884765625
56,-0.224609375,1.5521286725997925,-0.0926513671875,0.0030670166015625
57,-0.1185302734375,1.4432790279388428,-0.1729736328125,-0.0070648193359375
58,-0.1068115234375,1.3343778848648071,-0.159423828125,0.00437164306640625
59,-0.0938720703125,1.2127881050109863,-0.149169921875,-0.00058746337890625
60,-0.148681640625,1.085459589958191,-0.07275390625,0.001094818115234375
61,-0.1630859375,0.9636529684066772,-0.0345458984375,0.004638671875
62,-0.083251953125,0.8449904918670654,-0.08837890625,-0.005100250244140625
63,0.0509033203125,0.7407820224761963,-0.19287109375,-0.004425048828125
64,-0.0936279296875,0.6025980114936829,-0.028076171875,0.00714111328125
65,-0.1322021484375,0.46689364314079285,0.03271484375,0.00075531005859375
66,-0.0142822265625,0.3564088046550751,-0.05615234375,-0.00144195556640625
67,-0.0601806640625,0.22507630288600922,0.0128173828125,0.001194000244140625
68,-0.0079345703125,0.1761421114206314,0.00146484375,0.003025054931640625
69,-0.0150146484375,-0.09401068091392517,0.0045166015625,-0.003253936767578125
70,0.009521484375,-0.14440995454788208,0.0203857421875,0.0022430419921875
71,0.0655517578125,-0.3363337814807892,-0.023193359375,-0.00386810302734375
72,-0.0003662109375,-0.3272455334663391,0.0938720703125,0.0067291259765625
73,-0.0411376953125,-0.4602127969264984,0.157470703125,0.004978179931640625
74,0.0081787109375,-0.7887895107269287,0.0924072265625,-0.0008697509765625
75,-0.004150390625,-0.7071855068206787,0.17041015625,0.00347900390625
76,0.1417236328125,-0.8812816143035889,0.0401611328125,-0.0019683837890625
77,0.081298828125,-0.9419683814048767,0.13671875,0.002559661865234375
78,0.0408935546875,-1.2102797031402588,0.1712646484375,-0.001232147216796875
79,0.1778564453125,-1.1750450134277344,0.0906982421875,-0.002773284912109375
80,0.1826171875,-1.4268827438354492,0.0826416015625,0.002979278564453125
81,0.087158203125,-1.5639554262161255,0.1964111328125,-0.003509521484375
82,0.15087890625,-1.529905080795288,0.1864013671875,0.001251220703125
83,0.1605224609375,-1.7115871906280518,0.1861572265625,0.002178192138671875
84,0.1851806640625,-1.8233751058578491,0.18408203125,-0.000640869140625
85,0.1573486328125,-2.006869316101074,0.218994140625,0.0017242431640625
86,0.126220703125,-2.0520834922790527,0.2838134765625,0.0004425048828125
87,0.2440185546875,-2.074230670928955,0.2052001953125,-0.000736236572265625
88,0.205322265625,-2.253237247467041,0.2491455078125,-0.00083160400390625
89,0.201171875,-2.3533060550689697,0.2738037109375,0.003833770751953125
90,0.245849609375,-2.518667221069336,0.23583984375,-0.000576019287109375
91,0.2220458984375,-2.41286301612854,0.3194580078125,-0.00153350830078125
92,0.29638671875,-2.703383445739746,0.22509765625,-0.000453948974609375
93,0.2066650390625,-2.7359371185302734,0.34375,0.00485992431640625
94,0.2247314453125,-2.827789783477783,0.3426513671875,-0.003742218017578125
95,0.3614501953125,-2.8927648067474365,0.228515625,-0.001407623291015625
96,0.20556640625,-2.9947011470794678,0.3953857421875,0.004451751708984375
97,0.293701171875,-3.1349852085113525,0.3116455078125,-0.00153350830078125
98,0.3089599609375,-3.070733070373535,0.339599609375,-0.000705718994140625
99,0.3421630859375,-3.207120180130005,0.30859375,0.000553131103515625
100,0.2369384765625,-3.288559913635254,0.4241943359375,0.00583648681640625
101,0.32763671875,-3.3502931594848633,0.348388671875,-0.005344390869140625
102,0.3245849609375,-3.479558229446411,0.3507080078125,-3.0517578125e-05
103,0.318603515625,-3.46970534324646,0.3819580078125,0.001163482666015625
104,0.4090576171875,-3.4462010860443115,0.319091796875,-0.00311279296875
105,0.30078125,-3.5796847343444824,0.4205322265625,0.002506256103515625
106,0.3531494140625,-3.6211137771606445,0.3795166015625,0.00154876708984375
107,0.3018798828125,-3.6728997230529785,0.4375,0.001323699951171875
108,0.3275146484375,-3.7089195251464844,0.4208984375,0.00299072265625
109,0.313720703125,-3.7516634464263916,0.4404296875,-0.003376007080078125
110,0.426513671875,-3.764920711517334,0.3392333984375,0.00206756591796875
111,0.4227294921875,-3.8028717041015625,0.3468017578125,-0.009891510009765625
112,0.33251953125,-3.8263206481933594,0.4412841796875,0.0109405517578125
113,0.2506103515625,-3.9345011711120605,0.509033203125,0.000988006591796875
114,0.35888671875,-3.7987782955169678,0.4354248046875,-0.000659942626953125
115,0.4652099609375,-3.8695130348205566,0.321044921875,-0.00732421875
116,0.4190673828125,-3.8773324489593506,0.36865234375,0.003704071044921875
117,0.30859375,-3.898731231689453,0.4755859375,0.0024261474609375
118,0.318115234375,-3.8998255729675293,0.4661865234375,-0.00022125244140625
119,0.431640625,-3.881347894668579,0.3558349609375,-0.002655029296875
120,0.338623046875,-3.8836209774017334,0.4444580078125,0.001628875732421875
121,0.376708984375,-3.8673923015594482,0.4052734375,0.00040435791015625
122,0.325439453125,-3.8587563037872314,0.4515380859375,0.00031280517578125
123,0.43798828125,-3.8947806358337402,0.3248291015625,-0.00432586669921875
124,0.32666015625,-3.813222885131836,0.4420166015625,0.003444671630859375
125,0.3453369140625,-3.7151718139648438,0.4320068359375,0.00030517578125
126,0.4005126953125,-3.7459702491760254,0.3583984375,-0.002773284912109375
127,0.3634033203125,-3.7136104106903076,0.3875732421875,0.000835418701171875
128,0.28564453125,-3.680736780166626,0.455322265625,0.006282806396484375
129,0.3076171875,-3.639347791671753,0.4244384765625,-0.0018768310546875
130,0.319580078125,-3.6596155166625977,0.3897705078125,-0.00196075439453125
131,0.4237060546875,-3.4546191692352295,0.307373046875,-0.000782012939453125
132,0.3223876953125,-3.480787515640259,0.3807373046875,0.002201080322265625
133,0.2803955078125,-3.429718017578125,0.4091796875,-0.000965118408203125
134,0.2996826171875,-3.363058567047119,0.378662109375,0.0008544921875
135,0.3734130859375,-3.2907872200012207,0.294189453125,-0.003635406494140625
136,0.3297119140625,-3.224827766418457,0.3233642578125,0.00017547607421875
137,0.3260498046875,-3.223015069961548,0.2984619140625,-0.001708984375
138,0.3038330078125,-3.0103113651275635,0.332763671875,0.00060272216796875
139,0.242431640625,-3.0764787197113037,0.34912109375,0.002620697021484375
140,0.2254638671875,-2.8619797229766846,0.3760986328125,-0.001861572265625
141,0.2991943359375,-2.8286561965942383,0.27587890625,0.00626373291015625
142,0.18798828125,-2.7617459297180176,0.3643798828125,-0.001544952392578125
143,0.2568359375,-2.7288734912872314,0.2666015625,-0.001007080078125
144,0.265625,-2.492757558822632,0.2679443359375,0.003345489501953125
145,0.1878662109375,-2.478574752807617,0.3094482421875,-0.000762939453125
146,0.197021484375,-2.377488136291504,0.2811279296875,0.000217437744140625
147,0.2547607421875,-2.2678825855255127,0.20556640625,-0.0009918212890625
148,0.2220458984375,-2.1683292388916016,0.216796875,-0.00048065185546875
149,0.1468505859375,-2.071179151535034,0.268310546875,0.001132965087890625
150,0.244873046875,-1.9495869874954224,0.152587890625,-0.000720977783203125
151,0.1077880859375,-1.857302188873291,0.2630615234375,0.001308441162109375
152,0.2052001953125,-1.731513500213623,0.1470947265625,-0.00032806396484375
153,0.0882568359375,-1.6299095153808594,0.2379150390625,0.00499725341796875
154,0.12060546875,-1.5128028392791748,0.18310546875,-0.00054931640625
155,0.08154296875,-1.398711085319519,0.197998046875,0.001811981201171875
156,0.1151123046875,-1.2748003005981445,0.142333984375,0.001239776611328125
157,0.1063232421875,-1.1560131311416626,0.127197265625,0.0014190673828125
158,0.046142578125,-1.043716311454773,0.1611328125,4.1961669921875e-05
159,0.0693359375,-0.9160375595092773,0.114990234375,0.00199127197265625
160,0.0997314453125,-0.7913385629653931,0.060791015625,-0.003803253173828125
161,0.0987548828125,-0.5944898724555969,0.0518798828125,0.001499176025390625
162,0.033935546875,-0.6868128776550293,0.0479736328125,-0.001209259033203125
163,0.07080078125,-0.34753307700157166,0.0294189453125,0.000835418701171875
164,-0.0111083984375,-0.30554816126823425,0.0692138671875,-0.00426483154296875
165,0.0489501953125,-0.16407039761543274,-0.0120849609375,0.00482177734375
166,-0.025146484375,-0.05131905898451805,0.03369140625,0.0006103515625
167,-0.0740966796875,0.07106631994247437,0.0562744140625,0.003688812255859375
168,-0.0684814453125,0.2661706507205963,0.039794921875,0.002170562744140625
169,-0.052490234375,0.2571163475513458,-0.028076171875,0.00257110595703125
170,-0.0389404296875,0.45056840777397156,-0.052734375,-0.004245758056640625
171,-0.0570068359375,0.5785189867019653,-0.05908203125,0.0026397705078125
172,-0.1380615234375,0.6928406357765198,-0.0052490234375,0.00403594970703125
173,-0.113525390625,0.8171201348304749,-0.053955078125,-0.001155853271484375
174,-0.052001953125,0.9488541483879089,-0.1373291015625,-0.0021209716796875
175,-0.0989990234375,1.067494511604309,-0.1156005859375,0.002071380615234375
176,-0.0504150390625,1.1910303831100464,-0.186767578125,-0.005435943603515625
177,-0.1552734375,1.3000881671905518,-0.108642578125,0.001407623291015625
178,-0.135498046875,1.4229110479354858,-0.150634765625,0.002971649169921875
179,-0.1859130859375,1.5318957567214966,-0.1253662109375,0.00141143798828125
180,-0.1793212890625,1.6481226682662964,-0.1544189453125,0.000530242919921875
181,-0.222412109375,1.7574377059936523,-0.1346435546875,0.003875732421875
182,-0.21142578125,1.8659825325012207,-0.168212890625,-0.003330230712890625
183,-0.1446533203125,1.992652416229248,-0.2523193359375,0.00585174560546875
184,-0.2879638671875,2.144486665725708,-0.1231689453125,-0.000446319580078125
185,-0.2139892578125,2.1230266094207764,-0.2421875,-0.0004119873046875
186,-0.142578125,2.2312064170837402,-0.33203125,-0.00762176513671875
187,-0.1558837890625,2.404792308807373,-0.323974609375,0.000141143798828125
188,-0.315185546875,2.623985528945923,-0.1614990234375,0.009037017822265625
189,-0.2913818359375,2.5077195167541504,-0.246337890625,-0.004791259765625
190,-0.2794189453125,2.7445478439331055,-0.247802734375,0.001605987548828125
191,-0.1776123046875,2.7082247734069824,-0.3912353515625,-0.00437164306640625
192,-0.298828125,2.852543592453003,-0.2772216796875,0.003971099853515625
193,-0.3419189453125,2.9302010536193848,-0.25244140625,0.003826141357421875
194,-0.332275390625,3.0122900009155273,-0.27783203125,0.001804351806640625
195,-0.254638671875,3.0960564613342285,-0.36865234375,-0.005828857421875
196,-0.32568359375,3.1665663719177246,-0.313720703125,0.002674102783203125
197,-0.338623046875,3.23781418800354,-0.315185546875,0.004150390625
198,-6.183349609375,70.6576156616211,-7.945068359375,-0.0157012939453125
199,-1.152587890625,2.9046151638031006,0.3974609375,0.01805877685546875
0,1.93017578125,-27.495319366455078,3.6204833984375,0.021633148193359375
1,4.7095947265625,-51.79606246948242,5.90966796875,0.01668548583984375
2,3.4017333984375,-51.2218132019043,6.9869384765625,0.0418243408203125
3,3.3931884765625,-50.345211029052734,6.7879638671875,0.044277191162109375
4,3.4940185546875,-49.25966262817383,6.4989013671875,0.042675018310546875
5,3.31640625,-48.2296257019043,6.458984375,0.046634674072265625
6,3.1546630859375,-47.21376037597656,6.37939453125,0.047908782958984375
7,2.9761962890625,-45.93788146972656,6.348876953125,0.05730438232421875
8,2.7325439453125,-44.904998779296875,6.3157958984375,0.05597686767578125
9,2.5714111328125,-43.59954071044922,6.235107421875,0.06615066528320312
10,2.3602294921875,-42.326820373535156,6.1800537109375,0.06978607177734375
11,2.1495361328125,-41.01503372192383,6.1151123046875,0.0660552978515625
12,1.9755859375,-39.64271545410156,6.0076904296875,0.08097076416015625
13,1.770263671875,-38.174293518066406,5.9351806640625,0.07920074462890625
14,1.4942626953125,-36.80976104736328,5.8974609375,0.0858154296875
15,1.28173828125,-35.331138610839844,5.8037109375,0.08936309814453125
16,1.0621337890625,-33.884639739990234,5.6966552734375,0.0964813232421875
17,0.7642822265625,-32.27375411987305,5.687255859375,0.105438232421875
18,0.5499267578125,-30.552650451660156,5.603515625,0.10686111450195312
19,0.3441162109375,-29.152494430541992,5.435302734375,0.1050872802734375
20,0.109619140625,-27.369577407836914,5.361083984375,0.11613082885742188
21,-0.0712890625,-25.83914566040039,5.1724853515625,0.11137771606445312
22,-0.2073974609375,-24.064544677734375,4.978271484375,0.11376953125
23,-0.5328369140625,-22.358747482299805,4.9508056640625,0.12507247924804688
24,-0.7662353515625,-20.621488571166992,4.829345703125,0.12816619873046875
25,-1.02587890625,-18.804357528686523,4.74267578125,0.12593460083007812
26,-1.113525390625,-17.152441024780273,4.44482421875,0.127349853515625
27,-1.30615234375,-15.220730781555176,4.30224609375,0.12905120849609375
28,-1.578125,-13.491677284240723,4.1927490234375,0.13249588012695312
29,-1.7567138671875,-11.605581283569336,4.017578125,0.1309814453125
30,-1.91357421875,-9.836734771728516,3.7939453125,0.13740921020507812
31,-2.16845703125,-8.080732345581055,3.662353515625,0.13698959350585938
32,-2.3846435546875,-6.035141944885254,3.5484619140625,0.14089202880859375
33,-2.6820068359375,-4.483543395996094,3.4146728515625,0.14078140258789062
34,-2.6583251953125,-2.3321831226348877,3.08251953125,0.13738632202148438
35,-2.9681396484375,-0.6374514698982239,2.98974609375,0.13984298706054688
36,-3.0731201171875,1.1506391763687134,2.713623046875,0.14040374755859375
37,-164.3448486328125,1849.8638916015625,-205.418212890625,-0.16812896728515625
38,-24.3951416015625,-7.489824295043945,21.3004150390625,0.4821929931640625
39,4.1875,4.085291385650635,-4.5992431640625,-0.10302352905273438
40,3.5223388671875,3.889864921569824,-3.9505615234375,-0.08410263061523438
41,0.989501953125,3.4791064262390137,-1.4984130859375,-0.031276702880859375
42,0.0079345703125,3.06172513961792,-0.579833984375,-0.01010894775390625
43,-0.242431640625,3.0177717208862305,-0.3076171875,0.002269744873046875
44,-0.24169921875,2.857379198074341,-0.305908203125,-0.003444671630859375
45,-0.2332763671875,2.768364906311035,-0.2967529296875,-0.004581451416015625
46,-0.200439453125,2.6843271255493164,-0.30908203125,0.001537322998046875
47,-0.24951171875,2.5086307525634766,-0.258056640625,-0.004337310791015625
48,-0.12255859375,2.4968349933624268,-0.346923828125,-0.00415802001953125
49,-0.17724609375,2.3948702812194824,-0.2735595703125,0.004421234130859375
50,-0.270751953125,2.205146074295044,-0.178466796875,-0.00185394287109375
51,-0.2392578125,2.1068003177642822,-0.1873779296875,0.00205230712890625
52,-0.217529296875,1.9317024946212769,-0.201416015625,-0.000148773193359375
53,-0.12353515625,1.9039078950881958,-0.2568359375,-0.002048492431640625
54,-0.15234375,1.8555803298950195,-0.193603515625,-0.00115966796875
55,-0.1982421875,1.672524094581604,-0.14013671875,0.004764556884765625
56,-0.224609375,1.5521286725997925,-0.0926513671875,0.0030670166015625
57,-0.1185302734375,1.4432790279388428,-0.1729736328125,-0.0070648193359375
58,-0.1068115234375,1.3343778848648071,-0.159423828125,0.00437164306640625
59,-0.0938720703125,1.2127881050109863,-0.149169921875,-0.00058746337890625
60,-0.148681640625,1.085459589958191,-0.07275390625,0.001094818115234375
61,-0.1630859375,0.9636529684066772,-0.0345458984375,0.004638671875
62,-0.083251953125,0.8449904918670654,-0.08837890625,-0.005100250244140625
63,0.0509033203125,0.7407820224761963,-0.19287109375,-0.004425048828125
64,-0.0936279296875,0.6025980114936829,-0.028076171875,0.00714111328125
65,-0.1322021484375,0.46689364314079285,0.03271484375,0.00075531005859375
66,-0.0142822265625,0.3564088046550751,-0.05615234375,-0.00144195556640625
67,-0.0601806640625,0.22507630288600922,0.0128173828125,0.001194000244140625
68,-0.0079345703125,0.1761421114206314,0.00146484375,0.003025054931640625
69,-0.0150146484375,-0.09401068091392517,0.0045166015625,-0.003253936767578125
70,0.009521484375,-0.14440995454788208,0.0203857421875,0.0022430419921875
71,0.0655517578125,-0.3363337814807892,-0.023193359375,-0.00386810302734375
72,-0.0003662109375,-0.3272455334663391,0.0938720703125,0.0067291259765625
73,-0.0411376953125,-0.4602127969264984,0.157470703125,0.004978179931640625
74,0.0081787109375,-0.7887895107269287,0.0924072265625,-0.0008697509765625
75,-0.004150390625,-0.7071855068206787,0.17041015625,0.00347900390625
76,0.1417236328125,-0.8812816143035889,0.0401611328125,-0.0019683837890625
77,0.081298828125,-0.9419683814048767,0.13671875,0.002559661865234375
78,0.0408935546875,-1.2102797031402588,0.1712646484375,-0.001232147216796875
79,0.1778564453125,-1.1750450134277344,0.0906982421875,-0.002773284912109375
80,0.1826171875,-1.4268827438354492,0.0826416015625,0.002979278564453125
81,0.087158203125,-1.5639554262161255,0.1964111328125,-0.003509521484375
82,0.15087890625,-1.529905080795288,0.1864013671875,0.001251220703125
83,0.1605224609375,-1.7115871906280518,0.1861572265625,0.002178192138671875
84,0.1851806640625,-1.8233751058578491,0.18408203125,-0.000640869140625
85,0.1573486328125,-2.006869316101074,0.218994140625,0.0017242431640625
86,0.126220703125,-2.0520834922790527,0.2838134765625,0.0004425048828125
87,0.2440185546875,-2.074230670928955,0.2052001953125,-0.000736236572265625
88,0.205322265625,-2.253237247467041,0.2491455078125,-0.00083160400390625
89,0.201171875,-2.3533060550689697,0.2738037109375,0.003833770751953125
90,0.245849609375,-2.518667221069336,0.23583984375,-0.000576019287109375
91,0.2220458984375,-2.41286301612854,0.3194580078125,-0.00153350830078125
92,0.29638671875,-2.703383445739746,0.22509765625,-0.000453948974609375
93,0.2066650390625,-2.7359371185302734,0.34375,0.00485992431640625
94,0.2247314453125,-2.827789783477783,0.3426513671875,-0.003742218017578125
95,0.3614501953125,-2.8927648067474365,0.228515625,-0.001407623291015625
96,0.20556640625,-2.9947011470794678,0.3953857421875,0.004451751708984375
97,0.293701171875,-3.1349852085113525,0.3116455078125,-0.00153350830078125
98,0.3089599609375,-3.070733070373535,0.339599609375,-0.000705718994140625
99,0.3421630859375,-3.207120180130005,0.30859375,0.000553131103515625
100,0.2369384765625,-3.288559913635254,0.4241943359375,0.00583648681640625
101,0.32763671875,-3.3502931594848633,0.348388671875,-0.005344390869140625
102,0.3245849609375,-3.479558229446411,0.3507080078125,-3.0517578125e-05
103,0.318603515625,-3.46970534324646,0.3819580078125,0.001163482666015625
104,0.4090576171875,-3.4462010860443115,0.319091796875,-0.00311279296875
105,0.30078125,-3.5796847343444824,0.4205322265625,0.002506256103515625
106,0.3531494140625,-3.6211137771606445,0.3795166015625,0.00154876708984375
107,0.3018798828125,-3.6728997230529785,0.4375,0.001323699951171875
108,0.3275146484375,-3.7089195251464844,0.4208984375,0.00299072265625
109,0.313720703125,-3.7516634464263916,0.4404296875,-0.003376007080078125
110,0.426513671875,-3.764920711517334,0.3392333984375,0.00206756591796875
111,0.4227294921875,-3.8028717041015625,0.3468017578125,-0.009891510009765625
112,0.33251953125,-3.8263206481933594,0.4412841796875,0.0109405517578125
113,0.2506103515625,-3.9345011711120605,0.509033203125,0.000988006591796875
114,0.35888671875,-3.7987782955169678,0.4354248046875,-0.000659942626953125
115,0.4652099609375,-3.8695130348205566,0.321044921875,-0.00732421875
116,0.4190673828125,-3.8773324489593506,0.36865234375,0.003704071044921875
117,0.30859375,-3.898731231689453,0.4755859375,0.0024261474609375
118,0.318115234375,-3.8998255729675293,0.4661865234375,-0.00022125244140625
119,0.431640625,-3.881347894668579,0.3558349609375,-0.002655029296875
120,0.338623046875,-3.8836209774017334,0.4444580078125,0.001628875732421875
121,0.376708984375,-3.8673923015594482,0.4052734375,0.00040435791015625
122,0.325439453125,-3.8587563037872314,0.4515380859375,0.00031280517578125
123,0.43798828125,-3.8947806358337402,0.3248291015625,-0.00432586669921875
124,0.32666015625,-3.813222885131836,0.4420166015625,0.003444671630859375
125,0.3453369140625,-3.7151718139648438,0.4320068359375,0.00030517578125
126,0.4005126953125,-3.7459702491760254,0.3583984375,-0.002773284912109375
127,0.3634033203125,-3.7136104106903076,0.3875732421875,0.000835418701171875
128,0.28564453125,-3.680736780166626,0.455322265625,0.006282806396484375
129,0.3076171875,-3.639347791671753,0.4244384765625,-0.0018768310546875
130,0.319580078125,-3.6596155166625977,0.3897705078125,-0.00196075439453125
131,0.4237060546875,-3.4546191692352295,0.307373046875,-0.000782012939453125
132,0.3223876953125,-3.480787515640259,0.3807373046875,0.002201080322265625
133,0.2803955078125,-3.429718017578125,0.4091796875,-0.000965118408203125
134,0.2996826171875,-3.363058567047119,0.378662109375,0.0008544921875
135,0.3734130859375,-3.2907872200012207,0.294189453125,-0.003635406494140625
136,0.3297119140625,-3.224827766418457,0.3233642578125,0.00017547607421875
137,0.3260498046875,-3.223015069961548,0.2984619140625,-0.001708984375
138,0.3038330078125,-3.0103113651275635,0.332763671875,0.00060272216796875
139,0.242431640625,-3.0764787197113037,0.34912109375,0.002620697021484375
140,0.2254638671875,-2.8619797229766846,0.3760986328125,-0.001861572265625
141,0.2991943359375,-2.8286561965942383,0.27587890625,0.00626373291015625
142,0.18798828125,-2.7617459297180176,0.3643798828125,-0.001544952392578125
143,0.2568359375,-2.7288734912872314,0.2666015625,-0.001007080078125
144,0.265625,-2.492757558822632,0.2679443359375,0.003345489501953125
145,0.1878662109375,-2.478574752807617,0.3094482421875,-0.000762939453125
146,0.197021484375,-2.377488136291504,0.2811279296875,0.000217437744140625
147,0.2547607421875,-2.2678825855255127,0.20556640625,-0.0009918212890625
148,0.2220458984375,-2.1683292388916016,0.216796875,-0.00048065185546875
149,0.1468505859375,-2.071179151535034,0.268310546875,0.001132965087890625
150,0.244873046875,-1.9495869874954224,0.152587890625,-0.000720977783203125
151,0.1077880859375,-1.857302188873291,0.2630615234375,0.001308441162109375
152,0.2052001953125,-1.731513500213623,0.1470947265625,-0.00032806396484375
153,0.0882568359375,-1.6299095153808594,0.2379150390625,0.00499725341796875
154,0.12060546875,-1.5128028392791748,0.18310546875,-0.00054931640625
155,0.08154296875,-1.398711085319519,0.197998046875,0.001811981201171875
156,0.1151123046875,-1.2748003005981445,0.142333984375,0.001239776611328125
157,0.1063232421875,-1.1560131311416626,0.127197265625,0.0014190673828125
158,0.046142578125,-1.043716311454773,0.1611328125,4.1961669921875e-05
159,0.0693359375,-0.9160375595092773,0.114990234375,0.00199127197265625
160,0.0997314453125,-0.7913385629653931,0.060791015625,-0.003803253173828125
161,0.0987548828125,-0.5944898724555969,0.0518798828125,0.001499176025390625
162,0.033935546875,-0.6868128776550293,0.0479736328125,-0.001209259033203125
163,0.07080078125,-0.34753307700157166,0.0294189453125,0.000835418701171875
164,-0.0111083984375,-0.30554816126823425,0.0692138671875,-0.00426483154296875
165,0.0489501953125,-0.16407039761543274,-0.0120849609375,0.00482177734375
166,-0.025146484375,-0.05131905898451805,0.03369140625,0.0006103515625
167,-0.0740966796875,0.07106631994247437,0.0562744140625,0.003688812255859375
168,-0.0684814453125,0.2661706507205963,0.039794921875,0.002170562744140625
169,-0.052490234375,0.2571163475513458,-0.028076171875,0.00257110595703125
170,-0.0389404296875,0.45056840777397156,-0.052734375,-0.004245758056640625
171,-0.0570068359375,0.5785189867019653,-0.05908203125,0.0026397705078125
172,-0.1380615234375,0.6928406357765198,-0.0052490234375,0.00403594970703125
173,-0.113525390625,0.8171201348304749,-0.053955078125,-0.001155853271484375
174,-0.052001953125,0.9488541483879089,-0.1373291015625,-0.0021209716796875
175,-0.0989990234375,1.067494511604309,-0.1156005859375,0.002071380615234375
176,-0.0504150390625,1.1910303831100464,-0.186767578125,-0.005435943603515625
177,-0.1552734375,1.3000881671905518,-0.108642578125,0.001407623291015625
178,-0.135498046875,1.4229110479354858,-0.150634765625,0.002971649169921875
179,-0.1859130859375,1.5318957567214966,-0.1253662109375,0.00141143798828125
180,-0.1793212890625,1.6481226682662964,-0.1544189453125,0.000530242919921875
181,-0.222412109375,1.7574377059936523,-0.1346435546875,0.003875732421875
182,-0.21142578125,1.8659825325012207,-0.168212890625,-0.003330230712890625
183,-0.1446533203125,1.992652416229248,-0.2523193359375,0.00585174560546875
184,-0.2879638671875,2.144486665725708,-0.1231689453125,-0.000446319580078125
185,-0.2139892578125,2.1230266094207764,-0.2421875,-0.0004119873046875
186,-0.142578125,2.2312064170837402,-0.33203125,-0.00762176513671875
187,-0.1558837890625,2.404792308807373,-0.323974609375,0.000141143798828125
188,-0.315185546875,2.623985528945923,-0.1614990234375,0.009037017822265625
189,-0.2913818359375,2.5077195167541504,-0.246337890625,-0.004791259765625
190,-0.2794189453125,2.7445478439331055,-0.247802734375,0.001605987548828125
191,-0.1776123046875,2.7082247734069824,-0.3912353515625,-0.00437164306640625
192,-0.298828125,2.852543592453003,-0.2772216796875,0.003971099853515625
193,-0.3419189453125,2.9302010536193848,-0.25244140625,0.003826141357421875
194,-0.332275390625,3.0122900009155273,-0.27783203125,0.001804351806640625
195,-0.254638671875,3.0960564613342285,-0.36865234375,-0.005828857421875
196,-0.32568359375,3.1665663719177246,-0.313720703125,0.002674102783203125
197,-0.338623046875,3.23781418800354,-0.315185546875,0.004150390625
198,-6.183349609375,70.6576156616211,-7.945068359375,-0.0157012939453125
199,-1.152587890625,2.9046151638031006,0.3974609375,0.01805877685546875
