time,joint0_velocity,joint1_velocity,joint2_velocity,joint3_velocity
0,-1.4146170616149902,0.13858181238174438,-1.5530197620391846,0.13846617937088013
1,-1.4015600681304932,0.13733679056167603,-1.5384809970855713,0.1370423585176468
2,-1.3885167837142944,0.13610783219337463,-1.5236414670944214,0.13546527922153473
3,-1.3752081394195557,0.13491451740264893,-1.5085712671279907,0.13353782892227173
4,-1.3623123168945312,0.13364757597446442,-1.4940310716629028,0.13204771280288696
5,-1.3492506742477417,0.13238652050495148,-1.4795866012573242,0.13022173941135406
6,-1.335861325263977,0.1311875730752945,-1.4645521640777588,0.12872247397899628
7,-1.3225120306015015,0.12998415529727936,-1.4495031833648682,0.12699712812900543
8,-1.3097939491271973,0.12867264449596405,-1.435243844985962,0.12548942863941193
9,-1.2963905334472656,0.1274658739566803,-1.4202243089675903,0.1238601803779602
10,-1.2830171585083008,0.1262550950050354,-1.4051871299743652,0.12219426780939102
11,-1.2699884176254272,0.12497498840093613,-1.3907155990600586,0.12071683257818222
12,-1.2565726041793823,0.1237608939409256,-1.3757013082504272,0.1190018579363823
13,-1.2435985803604126,0.12247306853532791,-1.3611973524093628,0.11747574806213379
14,-1.2304209470748901,0.12121652066707611,-1.3464250564575195,0.11614484339952469
15,-1.217167615890503,0.11996153742074966,-1.3316946029663086,0.11458497494459152
16,-1.2038462162017822,0.11873207241296768,-1.3166236877441406,0.11302147060632706
17,-1.1908477544784546,0.11743487417697906,-1.3021318912506104,0.11146072298288345
18,-1.177486538887024,0.11617724597454071,-1.2874507904052734,0.11001172661781311
19,-1.164257287979126,0.11491068452596664,-1.2727051973342896,0.10845939815044403
20,-1.150942087173462,0.11364590376615524,-1.2580020427703857,0.10687834024429321
21,-1.1377445459365845,0.11237266659736633,-1.2432295083999634,0.105542853474617
22,-1.1243549585342407,0.11113133281469345,-1.2281856536865234,0.10403329879045486
23,-1.11125910282135,0.10982382297515869,-1.2137342691421509,0.10252807289361954
24,-1.0979059934616089,0.10855104774236679,-1.199042797088623,0.10100102424621582
25,-1.0846035480499268,0.1072734072804451,-1.1843219995498657,0.09952136129140854
26,-1.0713014602661133,0.10599338263273239,-1.1695977449417114,0.09808356314897537
27,-1.0580246448516846,0.10470976680517197,-1.1548566818237305,0.09671077132225037
28,-1.0448057651519775,0.10342127084732056,-1.140081524848938,0.09534178674221039
29,-1.0315691232681274,0.10213126987218857,-1.1253198385238647,0.09386634826660156
30,-1.0181752443313599,0.10084623098373413,-1.1106321811676025,0.09258031845092773
31,-1.0048638582229614,0.09955573081970215,-1.095906138420105,0.09095611423254013
32,-0.991500735282898,0.0982651636004448,-1.0811957120895386,0.08963296562433243
33,-0.9781685471534729,0.09697066247463226,-1.0664726495742798,0.08829466253519058
34,-0.9647876024246216,0.09567650407552719,-1.051773190498352,0.08688120543956757
35,-0.9513419270515442,0.09440847486257553,-1.036726951599121,0.08554844558238983
36,-0.9381682872772217,0.09307598322629929,-1.0222848653793335,0.08403198421001434
37,-0.9247034192085266,0.09177926182746887,-1.0076183080673218,0.08279194682836533
38,-0.9114704728126526,0.0904700979590416,-0.992829442024231,0.08143697679042816
39,-0.8980495929718018,0.08916787058115005,-0.9781354665756226,0.08001958578824997
40,-0.8847103714942932,0.08785979449748993,-0.9633966088294983,0.0786433145403862
41,-0.8713020086288452,0.08655289560556412,-0.948689341545105,0.07733991742134094
42,-0.8579431772232056,0.08524162322282791,-0.9339512586593628,0.07616028189659119
43,-0.8445308804512024,0.08393169194459915,-0.9192415475845337,0.07466830313205719
44,-0.8311522006988525,0.08261755853891373,-0.9045119285583496,0.07344306260347366
45,-0.8177779912948608,0.08130209147930145,-0.8897812366485596,0.07190661877393723
46,-0.8044213652610779,0.07998328655958176,-0.8750322461128235,0.07077233493328094
47,-0.7906046509742737,0.07870983332395554,-0.8601444363594055,0.0694221630692482
48,-0.7776647806167603,0.07731805741786957,-0.8459178805351257,0.06829674541950226
49,-0.7642411589622498,0.07599806040525436,-0.8311982750892639,0.06680087000131607
50,-0.7506253123283386,0.07470981031656265,-0.8161978721618652,0.06565087288618088
51,-0.7373006343841553,0.0733565241098404,-0.801795244216919,0.06419164687395096
52,-0.7237598299980164,0.07206150889396667,-0.7867503762245178,0.06309253722429276
53,-0.7102487683296204,0.07073846459388733,-0.7720685601234436,0.06171385571360588
54,-0.6966314911842346,0.06944399327039719,-0.7570636868476868,0.06041894480586052
55,-0.6834220290184021,0.06807900220155716,-0.7425786256790161,0.059328678995370865
56,-0.6699227690696716,0.06675100326538086,-0.7278770804405212,0.05803542211651802
57,-0.6565816402435303,0.0654144212603569,-0.7130892276763916,0.05678943544626236
58,-0.643243134021759,0.06405100971460342,-0.6986712217330933,0.055466484278440475
59,-0.6294791102409363,0.06275589019060135,-0.6837254762649536,0.05425766855478287
60,-0.6160073280334473,0.06142079830169678,-0.6690006852149963,0.05300529673695564
61,-0.602528989315033,0.06008520349860191,-0.6542707681655884,0.05170884728431702
62,-0.5891991257667542,0.05871574953198433,-0.6398341655731201,0.050552260130643845
63,-0.5756689310073853,0.05737951397895813,-0.6251289248466492,0.049312617629766464
64,-0.5621184706687927,0.05606822296977043,-0.6100614666938782,0.04809856042265892
65,-0.5485512018203735,0.05473119392991066,-0.5953730940818787,0.04679245874285698
66,-0.534974217414856,0.05339336767792702,-0.5806821584701538,0.045619551092386246
67,-0.5214625597000122,0.0520513653755188,-0.5659570097923279,0.044434934854507446
68,-0.507845401763916,0.050738051533699036,-0.5509166121482849,0.0432763434946537
69,-0.49458321928977966,0.04935719072818756,-0.536426842212677,0.042167384177446365
70,-0.48113855719566345,0.04798412695527077,-0.5220269560813904,0.04084594175219536
71,-0.46740689873695374,0.046672869473695755,-0.5070357322692871,0.03970298916101456
72,-0.45388349890708923,0.04532604292035103,-0.49230459332466125,0.038528528064489365
73,-0.44043272733688354,0.0439750961959362,-0.4775334298610687,0.03733469545841217
74,-0.4267670512199402,0.04263274744153023,-0.4628717303276062,0.036115773022174835
75,-0.413261353969574,0.04128238186240196,-0.44812753796577454,0.03484458103775978
76,-0.3995303809642792,0.039966046810150146,-0.43312761187553406,0.03374449163675308
77,-0.3861348330974579,0.03858369588851929,-0.4186848998069763,0.032624199986457825
78,-0.3725854754447937,0.03723281994462013,-0.4039570391178131,0.03130720928311348
79,-0.3592974841594696,0.035843804478645325,-0.38945937156677246,0.030175955966114998
80,-0.3454996645450592,0.03452720865607262,-0.3744813799858093,0.029169321060180664
81,-0.33174851536750793,0.033208396285772324,-0.3594856262207031,0.027764009311795235
82,-0.3182757496833801,0.0318252295255661,-0.345076322555542,0.026693934574723244
83,-0.3047652840614319,0.030468469485640526,-0.3303124010562897,0.025702884420752525
84,-0.2911531627178192,0.029115872457623482,-0.3156062662601471,0.02442089468240738
85,-0.27762162685394287,0.02775866724550724,-0.3008534014225006,0.02337830141186714
86,-0.26397013664245605,0.02640650048851967,-0.28616568446159363,0.02209303341805935
87,-0.2503828704357147,0.025050882250070572,-0.27143731713294983,0.02097761258482933
88,-0.23690982162952423,0.023689644411206245,-0.25665536522865295,0.019721506163477898
89,-0.22337210178375244,0.0223303884267807,-0.24190326035022736,0.018643788993358612
90,-0.20972344279289246,0.020976273342967033,-0.2272014617919922,0.0174393430352211
91,-0.1962871253490448,0.019586382433772087,-0.21276240050792694,0.01631813682615757
92,-0.18254005908966064,0.018260587006807327,-0.19774524867534637,0.015197526663541794
93,-0.16886523365974426,0.016905806958675385,-0.1830548644065857,0.01415565051138401
94,-0.15534205734729767,0.015544277615845203,-0.16829368472099304,0.012818994000554085
95,-0.1417071372270584,0.014186777174472809,-0.15358290076255798,0.011826756410300732
96,-0.12816430628299713,0.012825378216803074,-0.13882383704185486,0.010678917169570923
97,-0.11445166170597076,0.01147126592695713,-0.12415085732936859,0.009505639784038067
98,-0.10083218663930893,0.010112554766237736,-0.10943534970283508,0.00827809702605009
99,-0.08721323311328888,0.008753626607358456,-0.09470929205417633,0.007279814686626196
100,-0.07368464022874832,0.00739051029086113,-0.07994452118873596,0.00609315000474453
101,-0.06013353168964386,0.006027962546795607,-0.06518719345331192,0.005092035047709942
102,-0.04668130353093147,0.004635834600776434,-0.05075034499168396,0.003890302265062928
103,-0.032897062599658966,0.003309420309960842,-0.035742588341236115,0.0026770031545311213
104,-0.019331656396389008,0.0019469010876491666,-0.020995881408452988,0.001682516885921359
105,-0.0059049371629953384,0.0005536969401873648,-0.006541639566421509,0.00048347836127504706
106,0.0078958161175251,-0.0007726713083684444,0.008456780575215816,-0.0005603088648058474
107,0.02146892063319683,-0.0021342055406421423,0.023199863731861115,-0.0017893740441650152
108,0.03496212139725685,-0.003499623853713274,0.03798547014594078,-0.002828059485182166
109,0.04850778356194496,-0.004862332250922918,0.05274279788136482,-0.00401048269122839
110,0.06248633936047554,-0.006180488038808107,0.06764943152666092,-0.005105003714561462
111,0.07560879737138748,-0.007612030021846294,0.08188959956169128,-0.0063590407371521
112,0.08944990485906601,-0.008936272002756596,0.0968603566288948,-0.007466618437319994
113,0.1029973030090332,-0.010297959670424461,0.11162025481462479,-0.008648749440908432
114,0.11624336242675781,-0.01169910654425621,0.1261572539806366,-0.009687667712569237
115,0.13010217249393463,-0.013021388091146946,0.1411234438419342,-0.010824063792824745
116,0.14380556344985962,-0.014375218190252781,0.15579871833324432,-0.012153777293860912
117,0.15741868317127228,-0.015733538195490837,0.17051826417446136,-0.013219030573964119
118,0.17111794650554657,-0.017087401822209358,0.18519558012485504,-0.01432905811816454
119,0.18445882201194763,-0.01845722645521164,0.2000509351491928,-0.01536186970770359
120,0.19825519621372223,-0.01980583742260933,0.2146773338317871,-0.016522666439414024
121,0.21169009804725647,-0.021170599386096,0.2294798642396927,-0.017647964879870415
122,0.22542637586593628,-0.022520873695611954,0.24413606524467468,-0.018809393048286438
123,0.23881825804710388,-0.023886675015091896,0.25895795226097107,-0.019915005192160606
124,0.25239020586013794,-0.025243325158953667,0.2736923098564148,-0.021114280447363853
125,0.2660744786262512,-0.02659447304904461,0.28836730122566223,-0.022320957854390144
126,0.2796473205089569,-0.027950378134846687,0.3030983507633209,-0.023374998942017555
127,0.2931378483772278,-0.029309140518307686,0.31786760687828064,-0.02454875409603119
128,0.3067353665828705,-0.030662354081869125,0.3325802683830261,-0.02579249069094658
129,0.3202633559703827,-0.03201846405863762,0.34732726216316223,-0.02685587666928768
130,0.33367666602134705,-0.03340364247560501,0.3617660403251648,-0.028092868626117706
131,0.3473539650440216,-0.03472619131207466,0.3768005669116974,-0.029232772067189217
132,0.36105337738990784,-0.0360720232129097,0.3914576768875122,-0.030397841706871986
133,0.3748897314071655,-0.03738587349653244,0.40640780329704285,-0.031557030975818634
134,0.38793885707855225,-0.038809821009635925,0.4206567406654358,-0.032696470618247986
135,0.4018525779247284,-0.04009328782558441,0.4359281361103058,-0.03391847386956215
136,0.4153386652469635,-0.041470304131507874,0.45031866431236267,-0.03518814966082573
137,0.42882949113845825,-0.042821548879146576,0.46507105231285095,-0.03626830503344536
138,0.44241899251937866,-0.04416730999946594,0.4797714352607727,-0.037387434393167496
139,0.4556386470794678,-0.04555376246571541,0.49428635835647583,-0.03866710886359215
140,0.4692676067352295,-0.04687076061964035,0.5093256831169128,-0.039814092218875885
141,0.48292896151542664,-0.04821012541651726,0.5239856839179993,-0.04093395918607712
142,0.4965285360813141,-0.049551304429769516,0.5386675596237183,-0.04219290241599083
143,0.5101928114891052,-0.050862960517406464,0.5536842942237854,-0.043496958911418915
144,0.5234503746032715,-0.05224277451634407,0.5681713223457336,-0.044608041644096375
145,0.5368173122406006,-0.05361613258719444,0.5826016068458557,-0.04581908881664276
146,0.5505702495574951,-0.05492069199681282,0.5975629687309265,-0.04708697646856308
147,0.5639865398406982,-0.05626467615365982,0.6123291850090027,-0.048195093870162964
148,0.5775325894355774,-0.057601090520620346,0.6270233988761902,-0.049550265073776245
149,0.5910652875900269,-0.05893709138035774,0.6417255401611328,-0.050737082958221436
150,0.6044847965240479,-0.060277197510004044,0.6564835906028748,-0.051812633872032166
151,0.6180389523506165,-0.061609432101249695,0.6711663603782654,-0.0531427338719368
152,0.6314412355422974,-0.06294748187065125,0.6859257221221924,-0.05434032529592514
153,0.6450204253196716,-0.06427591294050217,0.7005904316902161,-0.05564633011817932
154,0.658338189125061,-0.06561499834060669,0.7153871655464172,-0.05686946585774422
155,0.6721542477607727,-0.06690482050180435,0.7302926778793335,-0.05815313383936882
156,0.6853949427604675,-0.06826920807361603,0.7447534203529358,-0.05956758186221123
157,0.6986883282661438,-0.06960531324148178,0.7595561742782593,-0.06066242232918739
158,0.7122008204460144,-0.07092957198619843,0.7742424607276917,-0.06191105768084526
159,0.7257460355758667,-0.07225070148706436,0.7889090180397034,-0.06319506466388702
160,0.7391367554664612,-0.07357751578092575,0.8036513328552246,-0.06442581862211227
161,0.7523288130760193,-0.0749368965625763,0.8181233406066895,-0.06567493081092834
162,0.7658409476280212,-0.07625441253185272,0.8327983021736145,-0.06706631183624268
163,0.7795413136482239,-0.07753720879554749,0.8477378487586975,-0.06834970414638519
164,0.7929001450538635,-0.07885871827602386,0.8624833822250366,-0.06969142705202103
165,0.8063392043113708,-0.0801747515797615,0.8771885633468628,-0.07097579538822174
166,0.819940984249115,-0.08145669102668762,0.8921754956245422,-0.07222726941108704
167,0.8330214619636536,-0.08281075954437256,0.9066842198371887,-0.07364880293607712
168,0.8465307950973511,-0.08411846309900284,0.9213429093360901,-0.07489701360464096
169,0.8597493767738342,-0.08543765544891357,0.9361441135406494,-0.0762835368514061
170,0.8731958866119385,-0.08674442768096924,0.9508324265480042,-0.07751984149217606
171,0.8868270516395569,-0.0880155935883522,0.9657882452011108,-0.07890798151493073
172,0.8999418616294861,-0.08935902267694473,0.9802709221839905,-0.08014647662639618
173,0.9133135080337524,-0.09066352993249893,0.9949826598167419,-0.08153561502695084
174,0.9265184998512268,-0.09199851006269455,1.0094053745269775,-0.0830644965171814
175,0.9402115941047668,-0.09323415905237198,1.0246909856796265,-0.08435139060020447
176,0.9534295201301575,-0.09456472098827362,1.0391051769256592,-0.08573279529809952
177,0.9669185280799866,-0.09583068639039993,1.0541197061538696,-0.0870738998055458
178,0.9800742268562317,-0.09715992957353592,1.0685585737228394,-0.08853456377983093
179,0.9932518601417542,-0.09848639369010925,1.0829877853393555,-0.08978402614593506
180,1.006681203842163,-0.09974837303161621,1.0980204343795776,-0.09138963371515274
181,1.0200061798095703,-0.10103857517242432,1.1127400398254395,-0.0926733985543251
182,1.0333715677261353,-0.10232468694448471,1.127435326576233,-0.09397777169942856
183,1.0467995405197144,-0.10358017683029175,1.142466425895691,-0.09548480063676834
184,1.059877872467041,-0.10490024089813232,1.1569299697875977,-0.0968879759311676
185,1.073232889175415,-0.1061801090836525,1.1716198921203613,-0.09827093780040741
186,1.0865602493286133,-0.10745811462402344,1.186324954032898,-0.09986669570207596
187,1.0997883081436157,-0.10873950272798538,1.2010743618011475,-0.10125253349542618
188,1.112967848777771,-0.11002013832330704,1.2158528566360474,-0.10274255275726318
189,1.1262986660003662,-0.11129130423069,1.2305457592010498,-0.10429844260215759
190,1.1393030881881714,-0.1126006469130516,1.2450411319732666,-0.10564637184143066
191,1.1528607606887817,-0.11383131146430969,1.259985327720642,-0.10719447582960129
192,1.1660925149917603,-0.11509977281093597,1.2747247219085693,-0.10877978801727295
193,1.1793369054794312,-0.1163659617304802,1.2894572019577026,-0.110080286860466
194,1.192771553993225,-0.11759474873542786,1.3044644594192505,-0.11164535582065582
195,1.2057411670684814,-0.11889311671257019,1.318963885307312,-0.11318536847829819
196,1.218843936920166,-0.1201574057340622,1.3337681293487549,-0.11479517072439194
197,1.2320843935012817,-0.12141326814889908,1.3484981060028076,-0.11616925150156021
198,1.2451027631759644,-0.12270131707191467,1.3629653453826904,-0.11782193183898926
199,1.2585234642028809,-0.1239180639386177,1.377974033355713,-0.11929216980934143
200,1.2717485427856445,-0.12516608834266663,1.3927104473114014,-0.12083093822002411
201,1.285301923751831,-0.12637096643447876,1.4076411724090576,-0.12243646383285522
202,1.298327088356018,-0.12762320041656494,1.4224812984466553,-0.12400627881288528
203,1.3112462759017944,-0.12890248000621796,1.4369968175888062,-0.12568223476409912
204,1.3244428634643555,-0.13014087080955505,1.4517472982406616,-0.12720392644405365
205,1.3375928401947021,-0.1313789039850235,1.4665164947509766,-0.12878066301345825
206,1.3508648872375488,-0.1325831264257431,1.4815993309020996,-0.1304173320531845
207,1.3640555143356323,-0.1338128298521042,1.4963469505310059,-0.13218912482261658
208,1.3771147727966309,-0.13507142663002014,1.5107858180999756,-0.13378942012786865
209,1.390231728553772,-0.13629917800426483,1.5255744457244873,-0.13545876741409302
210,1.4033769369125366,-0.13752274215221405,1.5403494834899902,-0.13706792891025543
211,1.4164055585861206,-0.13874894380569458,1.5551880598068237,-0.13871213793754578
212,1.4296746253967285,-0.13996043801307678,1.5698940753936768,-0.14039386808872223
213,1.4424842596054077,-0.14121592044830322,1.5844782590866089,-0.14200182259082794
214,1.4557467699050903,-0.1423967033624649,1.5995709896087646,-0.14374135434627533
215,1.4689511060714722,-0.1436019092798233,1.6143149137496948,-0.14552344381809235
216,1.4819176197052002,-0.14481596648693085,1.6291954517364502,-0.1471397429704666
217,1.4951452016830444,-0.1460137665271759,1.6439287662506104,-0.1489402949810028
218,1.5083712339401245,-0.1471838802099228,1.6590505838394165,-0.15065261721611023
219,1.5211673974990845,-0.14842143654823303,1.673643946647644,-0.15241874754428864
220,1.5345977544784546,-0.14957492053508759,1.6886541843414307,-0.15422800183296204
221,1.5473178625106812,-0.150809645652771,1.7033026218414307,-0.155903622508049
222,1.5604194402694702,-0.15199781954288483,1.7181153297424316,-0.15767870843410492
223,1.5734943151474,-0.1531837284564972,1.7329506874084473,-0.15945616364479065
224,1.586429238319397,-0.15437330305576324,1.7478684186935425,-0.16122324764728546
225,1.5998016595840454,-0.15551286935806274,1.7629282474517822,-0.16308358311653137
226,1.6128380298614502,-0.15671499073505402,1.7774033546447754,-0.16508306562900543
227,1.62602698802948,-0.1578574776649475,1.7925746440887451,-0.16677895188331604
228,1.638929009437561,-0.15903495252132416,1.8075250387191772,-0.1686689555644989
229,1.6517244577407837,-0.1602395474910736,1.8221549987792969,-0.17036505043506622
230,1.664815068244934,-0.16140028834342957,1.837009310722351,-0.17234104871749878
231,1.6777068376541138,-0.16256819665431976,1.8519833087921143,-0.17410524189472198
232,1.6908680200576782,-0.16371886432170868,1.866800308227539,-0.17606396973133087
233,1.7038692235946655,-0.16487371921539307,1.881721019744873,-0.17800530791282654
234,1.716861367225647,-0.16602608561515808,1.8966518640518188,-0.1797894984483719
235,1.7299902439117432,-0.16714254021644592,1.911899447441101,-0.1818183809518814
236,1.7428290843963623,-0.1683199256658554,1.926540493965149,-0.18366147577762604
237,1.756049394607544,-0.1694246232509613,1.941750168800354,-0.1856299340724945
238,1.7687489986419678,-0.17060142755508423,1.9564874172210693,-0.18755775690078735
239,1.7819619178771973,-0.17169907689094543,1.9717117547988892,-0.1896219402551651
240,1.795113205909729,-0.17282114923000336,1.986588478088379,-0.19154538214206696
241,1.808022379875183,-0.17395146191120148,2.001621723175049,-0.19347041845321655
242,1.821125864982605,-0.17506787180900574,2.016541004180908,-0.19557851552963257
243,1.834041953086853,-0.1761901080608368,2.0315823554992676,-0.19764257967472076
244,1.8467884063720703,-0.17734184861183167,2.046339750289917,-0.1996760219335556
245,1.8599748611450195,-0.1784183233976364,2.0616366863250732,-0.20162977278232574
246,1.8728266954421997,-0.1795571893453598,2.076348066329956,-0.20363789796829224
247,1.8859285116195679,-0.18062980473041534,2.091712236404419,-0.20576618611812592
248,1.8988564014434814,-0.18173201382160187,2.106799602508545,-0.2078263908624649
249,1.9119397401809692,-0.18282221257686615,2.121796131134033,-0.2100214958190918
250,1.9247995615005493,-0.1839200258255005,2.136949300765991,-0.21206991374492645
251,1.937549352645874,-0.18504439294338226,2.1517770290374756,-0.21411597728729248
252,1.9508366584777832,-0.18608716130256653,2.1670875549316406,-0.2163439691066742
253,1.9637082815170288,-0.18717235326766968,2.1822667121887207,-0.21845901012420654
254,1.9765576124191284,-0.1882791817188263,2.197075128555298,-0.22052408754825592
255,1.989669919013977,-0.18931874632835388,2.2125275135040283,-0.22285474836826324
256,2.002654790878296,-0.19038589298725128,2.2276804447174072,-0.22490794956684113
257,2.015632152557373,-0.19144898653030396,2.242844581604004,-0.22715382277965546
258,2.0285329818725586,-0.19251176714897156,2.2580785751342773,-0.22934618592262268
259,2.041602611541748,-0.19356152415275574,2.2732198238372803,-0.23157286643981934
260,2.0546083450317383,-0.19461041688919067,2.288416624069214,-0.23380586504936218
261,1.8552407026290894,-0.1750943809747696,2.0664777755737305,-0.20951391756534576
262,1.4832433462142944,-0.14003781974315643,1.6529319286346436,-0.16866984963417053
263,1.169996976852417,-0.11046948283910751,1.3043476343154907,-0.13396431505680084
264,0.9061709046363831,-0.0855768620967865,1.010227084159851,-0.10427036136388779
265,0.6844559907913208,-0.06467597931623459,0.7635191082954407,-0.07898982614278793
266,0.49896112084388733,-0.04717181250452995,0.5566504001617432,-0.05783124640583992
267,0.3449638783931732,-0.03258626535534859,0.3848414421081543,-0.040124859660863876
268,0.21683357656002045,-0.020511198788881302,0.24190615117549896,-0.02528749406337738
269,0.1115226075053215,-0.010584515519440174,0.12438199669122696,-0.013187327422201633
270,0.02616182155907154,-0.0024900499265640974,0.02917185053229332,-0.003310939995571971
271,-0.04328635707497597,0.004045138135552406,-0.04824418947100639,0.004721223842352629
272,-0.09811095148324966,0.009260956197977066,-0.10935782641172409,0.011131846345961094
273,-0.14240369200706482,0.0133626414462924,-0.15864193439483643,0.016322094947099686
274,-0.17534662783145905,0.01653582602739334,-0.1955408900976181,0.019939128309488297
275,-0.2003716379404068,0.018927467986941338,-0.22319310903549194,0.023012595251202583
276,-0.21927686035633087,0.020671717822551727,-0.2445221245288849,0.025161394849419594
277,-0.2316770851612091,0.021887725219130516,-0.2582285404205322,0.026466619223356247
278,-0.2402363121509552,0.02265668846666813,-0.268011212348938,0.02759682759642601
279,-0.24471059441566467,0.02306150272488594,-0.2727896571159363,0.028192752972245216
280,-0.24557873606681824,0.023167701438069344,-0.274040162563324,0.02808326855301857
281,-0.24364839494228363,0.02303333580493927,-0.27174150943756104,0.02789323218166828
282,-0.2407747507095337,0.022699857130646706,-0.2684674859046936,0.027698641642928123
283,-0.2350943684577942,0.02222038060426712,-0.2621035873889923,0.027047479525208473
284,-0.22859510779380798,0.021621059626340866,-0.25500690937042236,0.02621394954621792
285,-0.22099381685256958,0.02093459665775299,-0.24620558321475983,0.02529102936387062
286,-0.2135462462902069,0.02017815411090851,-0.23792821168899536,0.02446666546165943
287,-0.20492595434188843,0.019379889592528343,-0.2284848839044571,0.023639678955078125
288,-0.1967458873987198,0.018549920991063118,-0.21935617923736572,0.022488513961434364
289,-0.18783432245254517,0.01770816743373871,-0.20940156280994415,0.021564843133091927
290,-0.17782250046730042,0.016868436709046364,-0.19811779260635376,0.02039504237473011
291,-0.16993136703968048,0.016021165996789932,-0.18946190178394318,0.019475828856229782
292,-0.160649374127388,0.01519466470927,-0.17901363968849182,0.018423952162265778
293,-0.15199436247348785,0.014382865279912949,-0.16941429674625397,0.017451198771595955
294,-0.14368243515491486,0.013592551462352276,-0.1601042002439499,0.016506966203451157
295,-0.13550738990306854,0.01282720360904932,-0.15105362236499786,0.015472227707505226
296,-0.12785451114177704,0.012088008224964142,-0.14232537150382996,0.01454206369817257
297,-0.12028665840625763,0.011378730647265911,-0.1339653581380844,0.013782987371087074
298,-0.11343615502119064,0.01069704070687294,-0.12659311294555664,0.013009346090257168
299,-0.10672959685325623,0.01004782598465681,-0.11892903596162796,0.01229419931769371
300,-0.09903393685817719,0.009436625055968761,-0.11035018414258957,0.011409810744225979
301,-0.09338053315877914,0.008845511823892593,-0.10406139492988586,0.010689927265048027
302,-0.08766008168458939,0.008287741802632809,-0.0974765196442604,0.01009286753833294
303,-0.08188482373952866,0.007760890293866396,-0.0912664383649826,0.009276910685002804
304,-0.07666976749897003,0.0072620343416929245,-0.08538034558296204,0.008815537206828594
305,-0.07160834223031998,0.006791508756577969,-0.07983309030532837,0.008208445273339748
306,-0.0668831393122673,0.006347961723804474,-0.0746125653386116,0.00762680359184742
307,-0.06313879042863846,0.0059260898269712925,-0.07030908018350601,0.007217457052320242
308,-0.058901213109493256,0.005532949697226286,-0.0656743124127388,0.006682424806058407
309,-0.0544651560485363,0.005167164374142885,-0.060689833015203476,0.006309330929070711
310,-0.051345545798540115,0.004816959146410227,-0.05723273381590843,0.005822352133691311
311,-0.04786889627575874,0.004491773433983326,-0.053401023149490356,0.00545582314953208
312,-0.04395156353712082,0.004190470557659864,-0.04917866736650467,0.005071194376796484
313,-0.0409993939101696,0.0039047792088240385,-0.04579707980155945,0.004609688185155392
314,-0.038152821362018585,0.0036376819480210543,-0.04266173765063286,0.004333957098424435
315,-0.0356312170624733,0.0033873929642140865,-0.03970840573310852,0.004017317201942205
316,-0.03316422179341316,0.0031534184236079454,-0.03694012388586998,0.0038269762881100178
317,-0.0308687724173069,0.0029347864910960197,-0.03436438739299774,0.0035425929818302393
318,-0.0287155844271183,0.00273110787384212,-0.03197561949491501,0.0031751603819429874
319,-0.027277858927845955,0.0025372947566211224,-0.030362505465745926,0.0031289851758629084
320,-0.025078997015953064,0.0023620629217475653,-0.027610883116722107,0.002892283722758293
321,-0.0229780413210392,0.00219760462641716,-0.025677267462015152,0.0025328900665044785
322,-0.021527815610170364,0.0020425233524292707,-0.023848816752433777,0.0023776725865900517
323,-0.01988554373383522,0.001899019000120461,-0.022156082093715668,0.0022696407977491617
324,-0.01834172010421753,0.00176527863368392,-0.020583225414156914,0.00205553718842566
325,-0.017687467858195305,0.0016370911616832018,-0.01975456066429615,0.002106341766193509
326,-0.01642952486872673,0.0015211962163448334,-0.018390171229839325,0.0018166694790124893
327,-0.014743457548320293,0.0014165950706228614,-0.016473056748509407,0.0017651572125032544
328,-0.013728611171245575,0.0013156699715182185,-0.015282157808542252,0.0015965389320626855
329,-0.01313993614166975,0.0012190787820145488,-0.014843770302832127,0.0015003542648628354
330,-0.011855030432343483,0.0011348684784024954,-0.013165413402020931,0.0013616059441119432
331,-0.01102098636329174,0.0010535388719290495,-0.012194654904305935,0.0012005806202068925
332,-0.01066495105624199,0.0009752450278028846,-0.011969014070928097,0.001203163294121623
333,-0.009442775510251522,0.0009085318306460977,-0.010498047806322575,0.0011164158349856734
334,-0.008632677607238293,0.0008434084011241794,-0.009731678292155266,0.0010244670556858182
335,-0.00799780897796154,0.0007828841335140169,-0.009007160551846027,0.0008531009079888463
336,-0.007513010408729315,0.0007258005789481103,-0.00833368580788374,0.0008861161186359823
337,-0.006897568237036467,0.0006734097842127085,-0.007714806590229273,0.0008883102564141154
338,-0.006413265597075224,0.0006250315927900374,-0.00715847872197628,0.0006588546093553305
339,-0.006491579581052065,0.0005763606750406325,-0.0072558727115392685,0.0006620603380724788
340,-0.005504298489540815,0.0005382989766076207,-0.006136746145784855,0.0006810922641307116
341,-0.00506505137309432,0.0004989705048501492,-0.005661434959620237,0.0006006957264617085
342,-0.004816311877220869,0.0004624631255865097,-0.0052412389777600765,0.0005078234244138002
343,-0.004399233963340521,0.00042883469723165035,-0.0048361364752054214,0.0005120447603985667
344,-0.004008033778518438,0.00039827617001719773,-0.004476221743971109,0.00033686196547932923
345,-0.0037976207677274942,0.00036948249908164144,-0.004147446248680353,0.00037841039011254907
346,-0.004085020627826452,0.0003390236524865031,-0.004458536393940449,0.00045626453356817365
347,-0.0030960366129875183,0.0003185551904607564,-0.003549012588337064,0.00034393457463011146
348,-0.0029883915558457375,0.00029491630266420543,-0.003268996486440301,0.0003663160023279488
349,-0.002588228089734912,0.00027419027173891664,-0.0030144525226205587,0.00027608053642325103
350,-0.002637454541400075,0.0002530972415115684,-0.00277577037923038,0.00028603157261386514
351,-0.0022153875324875116,0.000235288986004889,-0.002568836323916912,0.00016891660925466567
352,-0.0027113291434943676,0.00021412671776488423,-0.0029894693288952112,0.00035736989229917526
353,-0.0014235014095902443,0.0002050199400400743,-0.0015169178368523717,0.0001598116650711745
354,-0.0017580295680090785,0.00018712917517405003,-0.0019877690356224775,0.00014255796850193292
355,-0.0016047453973442316,0.00017342084902338684,-0.0018377951346337795,0.000236364925513044
356,-0.0015388124156743288,0.0001607238664291799,-0.0016755919205024838,0.00011687370715662837
357,-0.001964554190635681,0.00014613379607908428,-0.0022014398127794266,0.00022910465486347675
358,-0.0018957628635689616,0.00013511926226783544,-0.0020592850632965565,0.00015056093980092555
359,-0.0017271951073780656,0.00012529033119790256,-0.00194080569781363,0.00025053657009266317
360,-0.0016196906799450517,0.00011611772060859948,-0.0018336847424507141,0.0001253894151886925
361,-0.001003592275083065,0.00011040305980714038,-0.0010730242356657982,0.00011484636343084276
362,-0.0016649577300995588,9.833560761762783e-05,-0.0016227498417720199,0.00024750863667577505
363,-0.0009650873253121972,9.487308852840215e-05,-0.0008986825705505908,4.524915857473388e-05
364,-0.00079910340718925,8.816025365376845e-05,-0.0008199213189072907,7.997130887815729e-05
365,-0.0013339286670088768,7.834358984837309e-05,-0.0014002821408212185,0.0001670875062700361
366,-0.001129811629652977,7.298932177945971e-05,-0.0013267846079543233,0.00020564705482684076
367,-0.0006402362487278879,7.052184810163453e-05,-0.0006125778309069574,3.5694825783139095e-05
368,-0.0005381489754654467,6.537985609611496e-05,-0.0005664839409291744,2.5367160560563207e-05
369,-0.0004526264383457601,6.08168775215745e-05,-0.0004977576318196952,0.0001041265350067988
370,-0.0009529207018204033,5.2834519010502845e-05,-0.0010906452080234885,0.00013044517254456878
371,-0.00031670863972976804,5.254666757537052e-05,-0.0004046391695737839,-9.896490519167855e-05
372,-0.0008268568781204522,4.568968870444223e-05,-0.0010191143956035376,1.3240367024991428e-06
373,-0.00037183729000389576,4.510916187427938e-05,-0.0003148617106489837,1.1312596143397968e-05
374,-0.0008867538999766111,3.9069906051736325e-05,-0.0009250313160009682,0.00011590240319492295
375,-0.00010440449113957584,3.9635749999433756e-05,-0.00025245200959034264,1.1616013580351137e-05
376,-0.00025871716206893325,3.60620251740329e-05,-0.00020783055515494198,6.397856486728415e-05
377,-5.249659807304852e-05,3.4242679248563945e-05,-0.000188427948160097,2.3409513232763857e-05
378,-0.0001356148422928527,3.2172978535527363e-05,-0.0001744777982821688,9.542336192680523e-05
379,-9.301251702709123e-05,2.9530248866649345e-05,-0.00013110374857205898,0.00010431493137730286
380,-0.00019609640003181994,2.6970395992975682e-05,-0.00010096349433297291,-7.149916928028688e-05
381,-4.9193873564945534e-05,2.6443289243616164e-05,-0.00010681373532861471,-5.187872375245206e-05
382,-0.0006153873982839286,2.2007459847372957e-05,-0.0007376880967058241,1.2802902347175404e-05
383,-0.00014922209084033966,2.3009246433502994e-05,-6.636383477598429e-05,-1.5605515727656893e-05
384,8.729855471756309e-05,2.1587993614957668e-05,-3.7852565583307296e-05,-1.571419124957174e-05
385,0.00010236250818707049,1.9751083527808078e-05,-1.5930167137412354e-05,0.00016163301188498735
386,0.00012251074076630175,1.8322101823287085e-05,7.962222525748075e-07,-1.7844065951067023e-05
387,-0.0006597156170755625,1.4596409528166987e-05,-0.0006376316305249929,5.057145972386934e-05
388,-0.0004454297013580799,1.3575019693234935e-05,-0.0006384595180861652,6.937090802239254e-05
389,-0.0006155302398838103,1.1622189049376175e-05,-0.0006134281866252422,0.00013070940622128546
390,5.272922498988919e-05,1.3813071745971683e-05,5.355809480533935e-05,4.987886131857522e-05
391,6.601221684832126e-05,1.2396663805702701e-05,7.059726340230554e-05,4.043371882289648e-05
392,8.066707960097119e-05,1.124795016949065e-05,8.412126044277102e-05,4.851619087276049e-05
393,9.331433102488518e-05,1.0337456842535175e-05,9.472689998801798e-05,-0.0001378408051095903
394,9.868542110780254e-05,9.527580004942138e-06,0.00010439135803608224,4.582352266879752e-05
395,0.00010820633178809658,8.931358934205491e-06,0.00011131339851999655,-0.0001395247527398169
396,0.00011086284939665347,8.37786228657933e-06,0.00011795366299338639,4.444886508281343e-05
397,-0.0004794041160494089,6.450301498261979e-06,-0.0005417331703938544,0.00011835725308628753
398,-0.00026543257990852,6.000982921250397e-06,-0.0005523732979781926,-0.00010254602239001542
399,-3.19905775540974e-05,7.492561508115614e-06,0.00011813073797384277,-6.03326152486261e-05
400,-0.0004097737546544522,5.441041594167473e-06,-0.0005324097000993788,0.00011353393347235397
401,0.00021080397709738463,7.594520411657868e-06,0.00012680317740887403,-8.426255953963846e-05
402,-0.0004004170186817646,5.258280907582957e-06,-0.0005302712670527399,-5.6161501561291516e-05
403,0.00020793448493350297,7.362565156654455e-06,0.0001297253620577976,9.177201718557626e-05
404,-0.0004024745139759034,5.071244231658056e-06,-0.0005279030883684754,0.00012512833927758038
405,0.00020923024567309767,7.24318488209974e-06,0.00013113550085108727,9.17330471565947e-05
406,-0.0003985682560596615,4.984313818567898e-06,-0.0005270206020213664,-6.0280592151684687e-05
407,0.0002132851368514821,7.1793911047279835e-06,0.00013160788512323052,-9.177556785289198e-05
408,-0.0003991956473328173,4.923566848447081e-06,-0.0005262731574475765,-6.551665865117684e-05
409,0.00021301697415765375,7.100548373273341e-06,0.00013276582467369735,0.0001003580036922358
410,-0.00039581439341418445,4.8673409764887765e-06,-0.0005253548733890057,-5.6054224842227995e-05
411,0.00021434840164147317,7.0795663305034395e-06,0.00013278638652991503,-9.187714022118598e-05
412,-0.0003983440692536533,4.843196620640811e-06,-0.0005253248382359743,-6.56127740512602e-05
413,0.00021371360344346613,7.0347750806831755e-06,0.00013354179100133479,0.0001002793142106384
414,-0.00039350235601887107,4.6760592340433504e-06,-0.0005360331269912422,-4.90189777337946e-05
415,-0.0003907917707692832,3.497985289868666e-06,-0.0005193400429561734,1.8319220544071868e-05
416,-0.0004950474831275642,2.4640621631988324e-06,-0.0005059072864241898,5.244096610113047e-05
417,0.00012009790953015909,4.389652076497441e-06,0.00015379395335912704,-6.776981535949744e-06
418,-0.00033740594517439604,2.5188755898852833e-06,-0.0004970064619556069,2.4492399461450987e-05
419,0.0001299259893130511,4.01335273636505e-06,0.0001691099168965593,-2.2124268070911057e-05
420,0.00011667363287415355,4.770995474245865e-06,0.00014957989333197474,-5.091941602586303e-06
421,-0.0003406504984013736,2.8253298296476714e-06,-0.0005006215651519597,2.4863464204827324e-05
422,0.0001272923982469365,4.261972662789049e-06,0.00016617681831121445,-2.1827208911417983e-05
423,0.00011453732440713793,4.9727009354683105e-06,0.00014720075705554336,-4.850972800340969e-06
424,-0.00034237175714224577,2.987759671668755e-06,-0.0005025385762564838,2.505772681615781e-05
425,0.0001258954289369285,4.393815743242158e-06,0.0001646210439503193,-2.1669649868272245e-05
426,0.00011340288619976491,5.0797748372133356e-06,0.000145937388879247,-4.723227448266698e-06
427,-0.00034328471519984305,3.073948164455942e-06,-0.0005035552894696593,2.5160661607515067e-05
428,0.00012515488197095692,4.463719051273074e-06,0.0001637963723624125,-2.1586261937045492e-05
429,0.00011280293256277218,5.136425443197368e-06,0.00014526909217238426,-4.655322300095577e-06
430,-0.00034376810071989894,3.1195775136438897e-06,-0.0005040937103331089,2.5215123969246633e-05
431,0.0001247623877134174,4.50078050562297e-06,0.00016335913096554577,-2.154174399038311e-05
432,0.00011248427472310141,5.166492428543279e-06,0.00014491421461571008,-4.6192194531613495e-06
433,-0.00034402424353174865,3.143768253721646e-06,-0.0005043789278715849,2.5244053176720627e-05
434,0.00012455495016183704,4.52037147624651e-06,0.00016312806110363454,-2.1518275389098562e-05
435,0.00011231640382902697,5.1823794819938485e-06,0.00014472732436843216,-4.600470219884301e-06
436,-0.00034415978007018566,3.1565577955916524e-06,-0.0005045298603363335,2.525932177377399e-05
437,0.0001244445302290842,4.530766545940423e-06,0.00016300521383527666,-2.150615182472393e-05
438,-0.00047995673958212137,3.706591314767138e-06,-0.0005332104046829045,8.64541798364371e-05
439,-0.00046869515790604055,2.454273044349975e-06,-0.0005072229541838169,0.00011778805492212996
440,-9.63548336585518e-06,3.4359231904090848e-06,0.00016568948922213167,9.514029079582542e-05
441,0.00012292255996726453,3.966620624851203e-06,0.00015777742373757064,-0.000127219915157184
442,-0.00042065695743076503,1.8241975112687214e-06,-0.00048771550063975155,0.00011237616126891226
443,0.00013977251364849508,3.078445615756209e-06,0.00018017443653661758,5.534417141461745e-05
444,0.0001223991857841611,3.502412482703221e-06,0.00016351265367120504,4.8037465603556484e-05
445,-0.0004120914964005351,1.4706320143886842e-06,-0.0004837046726606786,-6.639304774580523e-05
446,0.00014838649076409638,2.7423725441622082e-06,0.0001838118041632697,-0.00012199482443975285
447,0.00013328187924344093,3.2683096833352465e-06,0.00016608402074780315,-0.00011724499199772254
448,-0.00040382010047324,1.2689408777077915e-06,-0.0004812989791389555,0.00011399008508305997
449,0.0001425443624611944,2.602045015009935e-06,0.00018585352518130094,4.596232975018211e-05
450,0.00012668856652453542,3.113316097369534e-06,0.000168123995536007,4.8092442739289254e-05
451,-0.00040270216413773596,1.1544423159648431e-06,-0.0004797604924533516,0.00011286453081993386
452,0.000143529920023866,2.5089022983593168e-06,0.0001869521802291274,4.5847762521589175e-05
453,0.00013518602645490319,3.0899343528290046e-06,0.0001681871508480981,-0.0001174024073407054
454,-0.0004084615793544799,1.1269473816355458e-06,-0.00047964820987544954,-6.684742402285337e-05
455,0.00015134052955545485,2.4635378395032603e-06,0.00018710180302150548,-0.0001223281433340162
456,0.00013567821588367224,3.0420644634432392e-06,0.0001687528711045161,-0.00011751554848160595
457,-0.00040189092396758497,1.0868120625673328e-06,-0.0004791502724401653,0.00011377219198038802
458,0.00014410950825549662,2.4542957817175193e-06,0.00018759661179501563,4.5785982365487143e-05
459,0.0001279574353247881,2.9934819849586347e-06,0.0001695372920949012,4.794889537151903e-05
460,-0.00040167977567762136,1.0579518630038365e-06,-0.00047862197970971465,0.00011274939606664702
461,0.00014435892808251083,2.430651420581853e-06,0.0001878754555946216,4.57542046206072e-05
462,0.0001358584559056908,3.0264507131505525e-06,0.00016893589054234326,-0.00011747783719329163
463,-0.00040792013169266284,1.0758417374745477e-06,-0.00047904520761221647,-6.690836016787216e-05
464,0.00015177979366853833,2.422073293928406e-06,0.0001875910093076527,-0.0001223776926053688
465,0.00013603481056634337,3.0083920137258247e-06,0.00016915006563067436,-0.00011755578452721238
466,-0.00040160329081118107,1.0596889978842228e-06,-0.00047883010120131075,0.00011373995948815718
467,0.0001443430664949119,2.4322712306457106e-06,0.0001878567272797227,4.57594906038139e-05
468,0.00012814674118999392,2.9756226922472706e-06,0.00016974804748315364,4.7927522246027365e-05
469,-0.00040152750443667173,1.043577412929153e-06,-0.00047845233348198235,0.0001127321957028471
470,0.0001444826921215281,2.418967142148176e-06,0.0001880133931990713,4.574005652102642e-05
471,0.00013595786003861576,3.0170415357133606e-06,0.00016904670337680727,-0.00011748952965717763
472,-0.00040783925214782357,1.0682433639885858e-06,-0.00047895521856844425,-6.691732414765283e-05
473,0.00015184548101387918,2.4158887299563503e-06,0.00018766411812976003,-0.00012238507042638958
474,0.0001360871974611655,3.0034109386178898e-06,0.00016920847701840103,-0.0001175617944682017
475,-0.00040156091563403606,1.055676534633676e-06,-0.0004787828656844795,0.0001137352519435808
476,0.00014437724894378334,2.4290245619340567e-06,0.00018789476598612964,4.575582352117635e-05
477,0.00012817454989999533,2.9729837933700765e-06,0.0001697791158221662,4.7924320824677125e-05
478,-0.0004015054146293551,1.041459540829237e-06,-0.0004784276825375855,0.00011272954725427553
479,0.00014450046001002192,2.4172845769498963e-06,0.00018803321290761232,4.573797923512757e-05
480,0.0001359730667900294,3.015644324477762e-06,0.00016906351083889604,-0.00011749107943614945
481,-0.0004078280180692673,1.067141056410037e-06,-0.00047894255840219557,-6.691891758237034e-05
482,0.000151854008436203,2.4150413082679734e-06,0.00018767373694572598,-0.00012238632189109921
483,0.0001360948517685756,3.0027160846657353e-06,0.00016921691712923348,-0.00011756258754758164
484,-0.0004015551239717752,1.0551253808444017e-06,-0.0004787762591149658,0.00011373421148164198
485,0.0001443824148736894,2.4285366180265555e-06,0.00018790055764839053,4.575496495817788e-05
486,0.00012817888637073338,2.9725924832746387e-06,0.00016978391795419157,4.792397521669045e-05
487,-0.0004015019512735307,1.0411428092993447e-06,-0.0004784236953128129,0.00011272878327872604
488,0.0001445036759832874,2.416990582787548e-06,0.00018803667626343668,4.5737910113530234e-05
489,0.0001359757879981771,3.0153726129356073e-06,0.00016906665405258536,-0.00011749139957828447
490,-0.00040782534051686525,1.0669120911188656e-06,-0.0004789397062268108,-6.6919150413014e-05
491,0.00015185627853497863,2.4148575903382152e-06,0.00018767603614833206,-0.00012238592898938805
492,-0.03036729246377945,0.0029024095274508,-0.033684853464365005,0.0029616483952850103
493,-0.0610438771545887,0.005758828017860651,-0.06799110770225525,0.006752362474799156
494,-0.0915670096874237,0.00864819623529911,-0.10199670493602753,0.010199367068707943
495,-0.1222258061170578,0.011505470611155033,-0.13630905747413635,0.01377009879797697
496,-0.15238365530967712,0.014462344348430634,-0.16970835626125336,0.01731489971280098
497,-0.1831560581922531,0.01731288991868496,-0.20392906665802002,0.02078290283679962
498,-0.21355193853378296,0.02020726539194584,-0.2379559874534607,0.02437051199376583
499,-0.24408715963363647,0.023093920201063156,-0.27188578248023987,0.02773231267929077
500,-0.27451685070991516,0.025985093787312508,-0.3058503568172455,0.03130841627717018
501,-0.30501195788383484,0.0288725346326828,-0.33974918723106384,0.03473618999123573
502,-0.3353627026081085,0.031790841370821,-0.3733097016811371,0.038171201944351196
503,-0.36589550971984863,0.03464995324611664,-0.40752723813056946,0.04164661467075348
504,-0.39599597454071045,0.03757985681295395,-0.4411826431751251,0.044923875480890274
505,-0.4267166256904602,0.040426794439554214,-0.475208580493927,0.04843692108988762
506,-0.4570365846157074,0.043317727744579315,-0.5090445280075073,0.051983416080474854
507,-0.4871614873409271,0.04624268040060997,-0.542559027671814,0.055324435234069824
508,-0.5175661444664001,0.04912722483277321,-0.5762524008750916,0.05868702009320259
509,-0.5481051802635193,0.05197839438915253,-0.6102205514907837,0.062087323516607285
510,-0.5786799788475037,0.05482647195458412,-0.6441089510917664,0.06549091637134552
511,-0.6086785197257996,0.05775219202041626,-0.6775020956993103,0.06877434998750687
512,-0.6387983560562134,0.060669492930173874,-0.7107617855072021,0.07214382290840149
513,-0.6691716313362122,0.06352313607931137,-0.7446107268333435,0.07541827112436295
514,-0.6993312835693359,0.06641057133674622,-0.7781254053115845,0.07871195673942566
515,-0.7292841076850891,0.06933115422725677,-0.8112995624542236,0.08206169307231903
516,-0.7595786452293396,0.07218301296234131,-0.8449956774711609,0.08542216569185257
517,-0.7895561456680298,0.07509852200746536,-0.8780242204666138,0.08854667842388153
518,-0.8194828629493713,0.07798971235752106,-0.9114015102386475,0.09192778915166855
519,-0.849785327911377,0.08083460479974747,-0.9448809027671814,0.09514843672513962
520,-0.8797162771224976,0.0837211161851883,-0.978107750415802,0.09837216138839722
521,-0.9094673991203308,0.0866393968462944,-1.010964035987854,0.10149221122264862
522,-0.9394914507865906,0.08949148654937744,-1.044373869895935,0.10468200594186783
523,-0.9693288803100586,0.09237567335367203,-1.0774091482162476,0.10778113454580307
524,-0.9989715814590454,0.09529145807027817,-1.11007559299469,0.11095896363258362
525,-1.0287890434265137,0.09817066043615341,-1.1429470777511597,0.11415503174066544
526,-1.0587718486785889,0.10101451724767685,-1.176021933555603,0.11724307388067245
527,-1.0882487297058105,0.10393065214157104,-1.2085167169570923,0.12025788426399231
528,-1.117984414100647,0.10680562257766724,-1.2411521673202515,0.12338468432426453
529,-1.14778733253479,0.10964956134557724,-1.2740464210510254,0.12649479508399963
530,-1.1770424842834473,0.1125682070851326,-1.3063808679580688,0.1293661892414093
531,-1.206709623336792,0.1154128760099411,-1.3391528129577637,0.13241764903068542
532,-1.236293077468872,0.11828341335058212,-1.3714760541915894,0.13529905676841736
533,-1.2654430866241455,0.12119714170694351,-1.4035569429397583,0.13822484016418457
534,-1.294944405555725,0.12404065579175949,-1.4361073970794678,0.14108476042747498
535,-1.3239455223083496,0.12695524096488953,-1.4680578708648682,0.14390049874782562
536,-1.3531363010406494,0.12983182072639465,-1.5001729726791382,0.14679130911827087
537,-1.3824374675750732,0.13269908726215363,-1.532105565071106,0.14967289566993713
538,-1.4116051197052002,0.13557004928588867,-1.5640043020248413,0.1523243486881256
539,-1.4406529664993286,0.13844236731529236,-1.595853328704834,0.15523158013820648
540,-1.4699139595031738,0.14127586781978607,-1.6278455257415771,0.15805096924304962
541,-1.4986951351165771,0.14417926967144012,-1.6592185497283936,0.1606530100107193
542,-1.5275200605392456,0.1470516175031662,-1.6908386945724487,0.16322411596775055
543,-1.5563597679138184,0.14991897344589233,-1.722312569618225,0.16600026190280914
544,-1.585423469543457,0.15274637937545776,-1.7539277076721191,0.1685749888420105
545,-1.613813877105713,0.1556529998779297,-1.7850251197814941,0.17106373608112335
546,-1.6425880193710327,0.15851129591464996,-1.8161602020263672,0.173496812582016
547,-1.671057105064392,0.16138023138046265,-1.8473351001739502,0.17612655460834503
548,-1.6996558904647827,0.16423839330673218,-1.8783056735992432,0.17857986688613892
549,-1.728162407875061,0.16709643602371216,-1.9091925621032715,0.18111616373062134
550,-1.756347894668579,0.16999073326587677,-1.939743995666504,0.18351830542087555
551,-1.784863829612732,0.17281505465507507,-1.9707452058792114,0.18576793372631073
552,-1.8131487369537354,0.1756705790758133,-2.001352071762085,0.18805405497550964
553,-1.8414192199707031,0.17852140963077545,-2.0318233966827393,0.19054783880710602
554,-1.8694871664047241,0.18137863278388977,-2.0622763633728027,0.1925864964723587
555,-1.8973790407180786,0.1842634230852127,-2.092294216156006,0.19495108723640442
556,-1.9256606101989746,0.18707476556301117,-2.1227238178253174,0.19716815650463104
557,-1.953423261642456,0.18995621800422668,-2.1525356769561768,0.19925205409526825
558,-1.9815105199813843,0.1927674561738968,-2.1827878952026367,0.20126250386238098
559,-2.009221076965332,0.19564104080200195,-2.2123372554779053,0.2033395767211914
560,-2.037025213241577,0.19845548272132874,-2.2424519062042236,0.20545540750026703
561,-2.0645804405212402,0.20130155980587006,-2.272181510925293,0.20739808678627014
562,-2.0921335220336914,0.20416739583015442,-2.3013710975646973,0.20937316119670868
563,-2.11989688873291,0.20696741342544556,-2.3310678005218506,0.21138203144073486
564,-2.147326707839966,0.20980361104011536,-2.360419750213623,0.21312597393989563
565,-2.174433469772339,0.21267463266849518,-2.3894121646881104,0.21498848497867584
566,-2.202004909515381,0.21546752750873566,-2.418767213821411,0.21678566932678223
567,-2.2290127277374268,0.21833205223083496,-2.4475157260894775,0.2184986174106598
568,-2.2564456462860107,0.22112080454826355,-2.4766411781311035,0.2201123684644699
569,-2.2835397720336914,0.2239447832107544,-2.5054209232330322,0.22171422839164734
570,-2.310673475265503,0.22676055133342743,-2.534024715423584,0.22343692183494568
571,-2.3377890586853027,0.22954709827899933,-2.562863826751709,0.22495391964912415
572,-2.3642122745513916,0.23243488371372223,-2.5907888412475586,0.22658893465995789
573,-2.391268014907837,0.2352122664451599,-2.6193530559539795,0.22803570330142975
574,-2.4180076122283936,0.23802338540554047,-2.647562026977539,0.22935886681079865
575,-2.4447667598724365,0.24082736670970917,-2.675596237182617,0.23088306188583374
576,-2.4713573455810547,0.24363337457180023,-2.7035772800445557,0.23207981884479523
577,-2.4976806640625,0.24647042155265808,-2.731163740158081,0.23346902430057526
578,-2.524146795272827,0.24927014112472534,-2.758898973464966,0.2345493882894516
579,-2.5509631633758545,0.2520213723182678,-2.786665678024292,0.2358778864145279
580,-2.577136516571045,0.2548215985298157,-2.8142454624176025,0.23707593977451324
581,-2.6031830310821533,0.2576463520526886,-2.841367483139038,0.2381177842617035
582,-2.629467248916626,0.2604282796382904,-2.8685779571533203,0.2393205463886261
583,-2.6555845737457275,0.2632119357585907,-2.8957293033599854,0.24017542600631714
584,-2.681708335876465,0.26598861813545227,-2.9227187633514404,0.24110081791877747
585,-2.707590341567993,0.26876962184906006,-2.949681043624878,0.24206262826919556
586,-2.7338242530822754,0.27150261402130127,-2.9766786098480225,0.24297413229942322
587,-2.7594785690307617,0.27430567145347595,-3.003084897994995,0.2437712401151657
588,-2.785496234893799,0.27703556418418884,-3.0298900604248047,0.24440649151802063
589,-2.810948371887207,0.27983421087265015,-3.0560948848724365,0.2451499104499817
590,-2.8366308212280273,0.2825906574726105,-3.0823960304260254,0.24580611288547516
591,-2.8622307777404785,0.28534364700317383,-3.108588933944702,0.2465004324913025
592,-2.8879294395446777,0.2880600094795227,-3.1349496841430664,0.24713259935379028
593,-2.913191795349121,0.2908397316932678,-3.1606478691101074,0.24758149683475494
594,-2.938539505004883,0.29358333349227905,-3.186523675918579,0.2478930652141571
595,-2.9639785289764404,0.29631540179252625,-3.2121994495391846,0.24839462339878082
596,-2.9890456199645996,0.2990572452545166,-3.237912893295288,0.24877604842185974
597,-3.0143380165100098,0.3017822206020355,-3.2633659839630127,0.24895991384983063
598,-3.039623498916626,0.3044995665550232,-3.2886810302734375,0.2492072731256485
599,-3.0648744106292725,0.3071860074996948,-3.3142271041870117,0.24947546422481537
600,-3.0896096229553223,0.3099392354488373,-3.339156150817871,0.2494571954011917
601,-3.1146316528320312,0.3126462399959564,-3.364163637161255,0.2496451586484909
602,-3.1393778324127197,0.31535807251930237,-3.389162540435791,0.2497565597295761
603,-3.16426944732666,0.31805655360221863,-3.4139468669891357,0.24965813755989075
604,-3.1890499591827393,0.3207522928714752,-3.4386463165283203,0.24948059022426605
605,-3.213594913482666,0.32347577810287476,-3.4629580974578857,0.24941697716712952
606,-3.238656997680664,0.3260934054851532,-3.487957715988159,0.24918697774410248
607,-3.2632009983062744,0.3288019895553589,-3.5119881629943848,0.2490314394235611
608,-3.2877109050750732,0.33147895336151123,-3.5362629890441895,0.2486417442560196
609,-3.3121259212493896,0.3341521918773651,-3.5604407787323,0.2483867108821869
610,-3.336625337600708,0.3368140459060669,-3.5844483375549316,0.24791735410690308
611,-3.3608620166778564,0.339479923248291,-3.6084401607513428,0.24737155437469482
612,-3.3853466510772705,0.34212690591812134,-3.6321825981140137,0.2469274401664734
613,-3.409700632095337,0.34477147459983826,-3.655860424041748,0.24631336331367493
614,-3.4335289001464844,0.34745633602142334,-3.6792941093444824,0.24564149975776672
615,-3.457770586013794,0.3500901460647583,-3.702761650085449,0.24489422142505646
616,-3.4821786880493164,0.3526829481124878,-3.7263779640197754,0.24426612257957458
617,-3.506406784057617,0.35530146956443787,-3.7495968341827393,0.24337327480316162
618,-3.5302486419677734,0.35792818665504456,-3.7728660106658936,0.24246171116828918
619,-3.5544066429138184,0.3605329394340515,-3.795872211456299,0.2415892779827118
620,-3.5783238410949707,0.36314016580581665,-3.8188588619232178,0.24064496159553528
621,-3.602341413497925,0.3657093644142151,-3.842031955718994,0.23956531286239624
622,-3.6260595321655273,0.3683339059352875,-3.8645241260528564,0.23837995529174805
623,-3.649794101715088,0.37094995379447937,-3.8868839740753174,0.23720701038837433
624,-3.6737680435180664,0.37349581718444824,-3.909721851348877,0.23610050976276398
625,-3.6974496841430664,0.37607163190841675,-3.932227373123169,0.23464879393577576
626,-3.7210307121276855,0.3786689043045044,-3.9543137550354004,0.23327480256557465
627,-3.744915723800659,0.3811936676502228,-3.976849317550659,0.23187340795993805
628,-3.7685770988464355,0.3837446868419647,-3.9990265369415283,0.2304990589618683
629,-3.7921135425567627,0.38629236817359924,-4.021150588989258,0.22898700833320618
630,-3.815748453140259,0.38882800936698914,-4.043120861053467,0.22735609114170074
631,-3.839282512664795,0.3913588523864746,-4.065035343170166,0.22558116912841797
632,-3.86287522315979,0.3938789963722229,-4.086811542510986,0.2239682972431183
633,-3.886652946472168,0.3963569402694702,-4.1087565422058105,0.22218354046344757
634,-3.909902811050415,0.3988993465900421,-4.130138874053955,0.22035039961338043
635,-3.9332797527313232,0.401402086019516,-4.1517109870910645,0.21839500963687897
636,-3.956840991973877,0.40388867259025574,-4.1731085777282715,0.21642358601093292
637,-3.9801220893859863,0.4063776433467865,-4.194526195526123,0.21450141072273254
638,-4.003305435180664,0.4088617265224457,-4.2158918380737305,0.212430939078331
639,-4.026800155639648,0.41132473945617676,-4.237039089202881,0.21013788878917694
640,-4.050055503845215,0.41378816962242126,-4.258195877075195,0.20786799490451813
641,-4.0734734535217285,0.41623660922050476,-4.279189586639404,0.205783411860466
642,-4.096827030181885,0.4186783730983734,-4.30013370513916,0.20329490303993225
643,-4.120083808898926,0.4211149513721466,-4.3210296630859375,0.20090217888355255
644,-4.143660068511963,0.42350396513938904,-4.342052459716797,0.19835999608039856
645,-4.166938781738281,0.42592185735702515,-4.36277437210083,0.1957671195268631
646,-4.190088748931885,0.4283616840839386,-4.383133888244629,0.19324719905853271
647,-4.213042736053467,0.43079960346221924,-4.403502464294434,0.19052006304264069
648,-4.23669958114624,0.43314939737319946,-4.424178600311279,0.1877717822790146
649,-4.259713649749756,0.4355408251285553,-4.4447021484375,0.1850583702325821
650,-4.283120155334473,0.4378814697265625,-4.465338230133057,0.18213395774364471
651,-4.3061676025390625,0.4402792453765869,-4.485381603240967,0.17899653315544128
652,-4.329655170440674,0.4425983428955078,-4.505846977233887,0.17607124149799347
653,-4.352667808532715,0.4449786841869354,-4.525771141052246,0.17297938466072083
654,-4.376017093658447,0.4473104774951935,-4.545835494995117,0.1698121577501297
655,-4.399261951446533,0.4496369957923889,-4.565876007080078,0.16663718223571777
656,-4.422906398773193,0.45191267132759094,-4.586036205291748,0.1633290797472
657,-4.446164131164551,0.454219788312912,-4.605957984924316,0.15988104045391083
658,-4.469062328338623,0.4565567672252655,-4.625637531280518,0.156410351395607
659,-4.4925217628479,0.45881059765815735,-4.6457037925720215,0.15308348834514618
660,-4.515747547149658,0.46111640334129333,-4.665157318115234,0.14935635030269623
661,-4.539336681365967,0.4633459448814392,-4.685080051422119,0.14582444727420807
662,-4.562294006347656,0.46564215421676636,-4.704540729522705,0.14200814068317413
663,-4.58585262298584,0.4678536355495453,-4.724382400512695,0.13826048374176025
664,-4.609384536743164,0.470082551240921,-4.743870735168457,0.13458943367004395
665,-4.632569313049316,0.47234100103378296,-4.763125419616699,0.1304933726787567
666,-4.656125545501709,0.4745229482650757,-4.782852649688721,0.12643258273601532
667,-4.67964506149292,0.476749449968338,-4.801912784576416,0.12234213948249817
668,-4.703176975250244,0.4789387285709381,-4.82125997543335,0.1182754635810852
669,-4.726836204528809,0.4810866117477417,-4.840856552124023,0.11402419954538345
670,-4.75020694732666,0.48328837752342224,-4.8598809242248535,0.10986051708459854
671,-4.774162292480469,0.4853787422180176,-4.879637241363525,0.10548834502696991
672,-4.79741096496582,0.487591028213501,-4.898341655731201,0.10093919932842255
673,-4.821200370788574,0.4896935820579529,-4.9177937507629395,0.09631770104169846
674,-4.844882965087891,0.49181637167930603,-4.936944961547852,0.09177116304636002
675,-4.86885929107666,0.4939185082912445,-4.955977439880371,0.08707837760448456
676,-4.892754077911377,0.49601319432258606,-4.975025177001953,0.08228246122598648
677,-4.916699409484863,0.49806860089302063,-4.994361877441406,0.07755884528160095
678,-4.940703392028809,0.5001652836799622,-5.013037204742432,0.07266352325677872
679,-4.964451789855957,0.5022331476211548,-5.032113552093506,0.06748798489570618
680,-4.988426685333252,0.5043097734451294,-5.050788879394531,0.06253018975257874
681,-5.012648105621338,0.5063126683235168,-5.070016384124756,0.05748159810900688
682,-5.0367255210876465,0.5083374977111816,-5.088971138000488,0.052263569086790085
683,-5.06105899810791,0.5103148221969604,-5.108166694641113,0.04687761142849922
684,-5.0853352546691895,0.5123106837272644,-5.127070426940918,0.041426882147789
685,-5.109530925750732,0.5143253207206726,-5.145697593688965,0.03605753183364868
686,-5.134043216705322,0.516291081905365,-5.164544582366943,0.030393198132514954
687,-5.158684730529785,0.5182415843009949,-5.183361053466797,0.024923313409090042
688,-5.183257102966309,0.5201828479766846,-5.2022223472595215,0.019115475937724113
689,-5.207790374755859,0.5221140384674072,-5.2211174964904785,0.013296364806592464
690,-5.232672691345215,0.5239952206611633,-5.24022912979126,0.007297438569366932
691,-5.257312774658203,0.5259276628494263,-5.258823394775391,0.001417841762304306
692,-5.282227039337158,0.5278123021125793,-5.2776665687561035,-0.004489068873226643
693,-5.307358741760254,0.5296502709388733,-5.2967848777771,-0.010698702186346054
694,-5.33247184753418,0.5315048694610596,-5.31563138961792,-0.01686110347509384
695,-5.357537746429443,0.5333491563796997,-5.334529399871826,-0.023255715146660805
696,-5.38293981552124,0.5351706147193909,-5.353361129760742,-0.029720671474933624
697,-5.408466339111328,0.5369763374328613,-5.372192859649658,-0.03615700826048851
698,-5.433846950531006,0.5387746691703796,-5.391116619110107,-0.04274227097630501
699,-5.459556579589844,0.5405501127243042,-5.409987449645996,-0.04947587847709656
700,-5.48499870300293,0.5423216819763184,-5.428994178771973,-0.056175779551267624
701,-5.511125564575195,0.5440315008163452,-5.448146343231201,-0.06308560818433762
702,-5.53702449798584,0.5457639098167419,-5.46712064743042,-0.06999973207712173
703,-5.5630903244018555,0.5474783778190613,-5.486105442047119,-0.07690838724374771
704,-5.588928699493408,0.5492153763771057,-5.504913806915283,-0.08413182199001312
705,-5.615565299987793,0.5508583188056946,-5.524158954620361,-0.09147831797599792
706,-5.641977787017822,0.5525236129760742,-5.543234825134277,-0.09873445332050323
707,-5.668609619140625,0.5541690587997437,-5.562317848205566,-0.10601196438074112
708,-5.6951823234558105,0.5558030009269714,-5.581494331359863,-0.11362966150045395
709,-5.721715450286865,0.5574530959129333,-5.600457668304443,-0.12115047127008438
710,-5.748778820037842,0.55901700258255,-5.6199517250061035,-0.1289617270231247
711,-5.775923728942871,0.5605930685997009,-5.639205455780029,-0.13669556379318237
712,-5.802968502044678,0.562187135219574,-5.658270835876465,-0.1446644514799118
713,-5.830726623535156,0.5636603236198425,-5.67812967300415,-0.15262243151664734
714,-5.858190536499023,0.565213680267334,-5.697264194488525,-0.16066764295101166
715,-5.885918617248535,0.5667164921760559,-5.716720104217529,-0.16903740167617798
716,-5.9139227867126465,0.5681684613227844,-5.736499786376953,-0.17729595303535461
717,-5.941755294799805,0.5696391463279724,-5.756138324737549,-0.18576616048812866
718,-5.969813346862793,0.5711178183555603,-5.775515079498291,-0.19416779279708862
719,-5.998180389404297,0.5725142955780029,-5.795522689819336,-0.2029876410961151
720,-6.0271992683410645,0.5738775134086609,-5.815455436706543,-0.21158701181411743
721,-6.055650234222412,0.575299084186554,-5.83507776260376,-0.22041833400726318
722,-6.084432601928711,0.5766671299934387,-5.855026721954346,-0.22938337922096252
723,-6.113992691040039,0.5779682397842407,-5.875180721282959,-0.23858392238616943
724,-6.1426496505737305,0.5793374180793762,-5.895125865936279,-0.24780885875225067
725,-6.172430038452148,0.5806299448013306,-5.915188312530518,-0.2569284439086914
726,-6.20189905166626,0.5819143652915955,-5.935482025146484,-0.26645129919052124
727,-6.231977462768555,0.5831364989280701,-5.956043243408203,-0.2759685218334198
728,-6.261776924133301,0.5843784213066101,-5.9765400886535645,-0.285615473985672
729,-6.292155742645264,0.5855880975723267,-5.997020244598389,-0.2953411340713501
730,-6.322741508483887,0.5867743492126465,-6.017603874206543,-0.30529168248176575
731,-6.354024887084961,0.5878952145576477,-6.038450241088867,-0.3151361346244812
732,-6.384523391723633,0.589078426361084,-6.059085369110107,-0.32541048526763916
733,-6.415670394897461,0.5901967287063599,-6.080010890960693,-0.33555540442466736
734,-6.44700813293457,0.5912914276123047,-6.1010589599609375,-0.34595221281051636
735,-6.478708744049072,0.5923282504081726,-6.12247896194458,-0.35654833912849426
736,-6.510353088378906,0.5934075117111206,-6.143509387969971,-0.3670857548713684
737,-6.542860507965088,0.5943849682807922,-6.1650824546813965,-0.3778574466705322
738,-6.575202941894531,0.5953775644302368,-6.186601161956787,-0.3885399401187897
739,-6.607940673828125,0.5963398218154907,-6.20820951461792,-0.3995441496372223
740,-6.641163349151611,0.5972393155097961,-6.230181694030762,-0.4107728898525238
741,-6.674226760864258,0.598152756690979,-6.252110004425049,-0.4221220016479492
742,-6.707650661468506,0.5990360379219055,-6.274158477783203,-0.4334893524646759
743,-6.741586208343506,0.5998550057411194,-6.2965803146362305,-0.4449672996997833
744,-6.775407314300537,0.6007164120674133,-6.318665981292725,-0.4566202759742737
745,-6.809586048126221,0.6015163064002991,-6.341177463531494,-0.46847057342529297
746,-6.8444390296936035,0.602246105670929,-6.364042282104492,-0.480396568775177
747,-6.879207134246826,0.6030172109603882,-6.386578559875488,-0.49241146445274353
748,-6.914439678192139,0.6037229299545288,-6.409525394439697,-0.504699170589447
749,-6.950045108795166,0.6043644547462463,-6.432922840118408,-0.5171399116516113
750,-6.985899925231934,0.6050072908401489,-6.4562153816223145,-0.5296748876571655
751,-7.022169589996338,0.6055843234062195,-6.479954242706299,-0.5423443913459778
752,-7.058713436126709,0.6061607003211975,-6.503597259521484,-0.5552284717559814
753,-7.095769882202148,0.6066685318946838,-6.527668476104736,-0.5682320594787598
754,-7.132491588592529,0.6072525978088379,-6.551231384277344,-0.5812752842903137
755,-7.170370101928711,0.6076878905296326,-6.575658798217773,-0.5945565700531006
756,-7.208137512207031,0.608130693435669,-6.600112438201904,-0.6079357862472534
757,-7.246706485748291,0.6084949970245361,-6.624947547912598,-0.6216537952423096
758,-7.285159587860107,0.6088656187057495,-6.64982271194458,-0.635555624961853
759,-7.324487209320068,0.6091554164886475,-6.675083160400391,-0.6493959426879883
760,-7.363637447357178,0.6094839572906494,-6.7001190185546875,-0.663503110408783
761,-7.403486728668213,0.6097022294998169,-6.725888252258301,-0.6776398420333862
762,-7.443772792816162,0.6099123358726501,-6.751579761505127,-0.6920409798622131
763,-7.483936309814453,0.6101255416870117,-6.77734899520874,-0.7067844271659851
764,-7.525202751159668,0.6102176904678345,-6.803764343261719,-0.721500813961029
765,-7.566648006439209,0.6103052496910095,-6.830201625823975,-0.736312985420227
766,-7.608592987060547,0.6103478670120239,-6.856866359710693,-0.7515316009521484
767,-7.650795936584473,0.6103503704071045,-6.88383674621582,-0.7668217420578003
768,-7.693617343902588,0.6102713942527771,-6.911311626434326,-0.7823317646980286
769,-7.736997604370117,0.6101437211036682,-6.939030170440674,-0.7980622053146362
770,-7.780421257019043,0.6100119352340698,-6.966834545135498,-0.8138448596000671
771,-7.824429988861084,0.6098626255989075,-6.994606971740723,-0.8297781944274902
772,-7.869302272796631,0.6095889806747437,-7.02313756942749,-0.8462203145027161
773,-7.9143805503845215,0.6093055009841919,-7.0517473220825195,-0.8624687194824219
774,-7.960017204284668,0.6089348793029785,-7.0809245109558105,-0.8792098760604858
775,-8.006060600280762,0.6085484623908997,-7.11014461517334,-0.895889401435852
776,-8.052495956420898,0.6081106662750244,-7.139693737030029,-0.9130409955978394
777,-8.099813461303711,0.6076099872589111,-7.169482231140137,-0.9303306937217712
778,-8.147440910339355,0.6070247888565063,-7.1999311447143555,-0.9476162195205688
779,-8.195923805236816,0.6063748002052307,-7.23063325881958,-0.9652925133705139
780,-8.244556427001953,0.6057087779045105,-7.26147985458374,-0.9831365346908569
781,-8.293617248535156,0.6049854755401611,-7.292703628540039,-1.0010796785354614
782,-8.343341827392578,0.6041982769966125,-7.324247360229492,-1.0194249153137207
783,-8.393976211547852,0.6033070087432861,-7.356359481811523,-1.0377674102783203
784,-8.445096969604492,0.6023877263069153,-7.3885674476623535,-1.0564948320388794
785,-8.496511459350586,0.6014436483383179,-7.420936107635498,-1.075312852859497
786,-8.54888916015625,0.6003538966178894,-7.454160690307617,-1.0944747924804688
787,-8.601917266845703,0.599157989025116,-7.488041877746582,-1.113916039466858
788,-8.654626846313477,0.5980523824691772,-7.521411418914795,-1.1332238912582397
789,-8.70876693725586,0.5967502593994141,-7.555830955505371,-1.1531106233596802
790,-8.76397705078125,0.5953654050827026,-7.590550899505615,-1.173230528831482
791,-8.819303512573242,0.5939494967460632,-7.625529766082764,-1.1934796571731567
792,-8.875055313110352,0.5924596786499023,-7.66098165512085,-1.2138489484786987
793,-8.931764602661133,0.5908466577529907,-7.697066783905029,-1.2345925569534302
794,-8.988831520080566,0.5891924500465393,-7.733379364013672,-1.2556202411651611
795,-9.047038078308105,0.5874089002609253,-7.770308017730713,-1.2767006158828735
796,-9.105924606323242,0.5855746269226074,-7.807399272918701,-1.2982007265090942
797,-9.165283203125,0.5836175084114075,-7.845276355743408,-1.3198187351226807
798,-9.22502326965332,0.5816110968589783,-7.88340425491333,-1.3417186737060547
799,-9.285954475402832,0.579463005065918,-7.922168731689453,-1.3639874458312988
800,-9.347347259521484,0.5772615671157837,-7.961188793182373,-1.3862214088439941
801,-9.409916877746582,0.5749138593673706,-8.000855445861816,-1.4088197946548462
802,-9.472519874572754,0.572551965713501,-8.040611267089844,-1.4316571950912476
803,-9.536425590515137,0.5699586272239685,-8.081543922424316,-1.4549694061279297
804,-9.60074520111084,0.5673791766166687,-8.122225761413574,-1.4783731698989868
805,-9.665934562683105,0.5646086931228638,-8.163934707641602,-1.501835584640503
806,-9.73204231262207,0.5617202520370483,-8.206089973449707,-1.5258709192276
807,-9.798453330993652,0.5587611794471741,-8.248584747314453,-1.5499628782272339
808,-9.865904808044434,0.5556362867355347,-8.291800498962402,-1.5742950439453125
809,-9.934065818786621,0.5524285435676575,-8.335258483886719,-1.5988726615905762
810,-10.003373146057129,0.5490455627441406,-8.379423141479492,-1.6236824989318848
811,-10.073089599609375,0.5455363392829895,-8.42416763305664,-1.6488492488861084
812,-10.143362998962402,0.5419362187385559,-8.469210624694824,-1.6740851402282715
813,-10.214430809020996,0.538196325302124,-8.514753341674805,-1.6996675729751587
814,-10.286805152893066,0.5342209935188293,-8.561225891113281,-1.7255198955535889
815,-10.359251022338867,0.5302135348320007,-8.607678413391113,-1.7517106533050537
816,-10.43300724029541,0.5259840488433838,-8.654924392700195,-1.7778818607330322
817,-10.507095336914062,0.5216041207313538,-8.70275592803955,-1.8043590784072876
818,-10.581734657287598,0.5171101689338684,-8.75086498260498,-1.8309377431869507
819,-10.657388687133789,0.5124261975288391,-8.799524307250977,-1.8577802181243896
820,-10.733778953552246,0.5075505375862122,-8.848769187927246,-1.8850939273834229
821,-10.810782432556152,0.5025253891944885,-8.898390769958496,-1.9122285842895508
822,-10.888276100158691,0.4973013401031494,-8.948616981506348,-1.9398322105407715
823,-10.966591835021973,0.4919146001338959,-8.999135971069336,-1.967427372932434
824,-11.045263290405273,0.4863215386867523,-9.050261497497559,-1.9951857328414917
825,-11.124804496765137,0.4805770516395569,-9.101487159729004,-2.0231456756591797
826,-11.204795837402344,0.474592000246048,-9.153372764587402,-2.05117130279541
827,-11.285200119018555,0.4684050679206848,-9.205644607543945,-2.0794167518615723
828,-11.365917205810547,0.4620361626148224,-9.25817584991455,-2.1077194213867188
829,-11.447369575500488,0.45540493726730347,-9.311198234558105,-2.1361052989959717
830,-11.528921127319336,0.4486300051212311,-9.364217758178711,-2.1644694805145264
831,-11.610733985900879,0.4416094422340393,-9.417612075805664,-2.193115234375
832,-11.692849159240723,0.4343388080596924,-9.471338272094727,-2.2216312885284424
833,-11.775435447692871,0.4268333315849304,-9.525193214416504,-2.2500834465026855
834,-11.857999801635742,0.41909319162368774,-9.579202651977539,-2.278656482696533
835,-11.940361976623535,0.41113829612731934,-9.633243560791016,-2.307260274887085
836,-12.022737503051758,0.4029141962528229,-9.687440872192383,-2.3355891704559326
837,-12.10552978515625,0.3944588601589203,-9.741393089294434,-2.3640201091766357
838,-12.187817573547363,0.38570436835289,-9.795562744140625,-2.3921194076538086
839,-12.269609451293945,0.3767439126968384,-9.849418640136719,-2.4202423095703125
840,-12.35091781616211,0.36752375960350037,-9.903099060058594,-2.4481325149536133
841,-12.432282447814941,0.3579843044281006,-9.956586837768555,-2.47579026222229
842,-12.512653350830078,0.34825894236564636,-10.009532928466797,-2.5030431747436523
843,-12.592113494873047,0.33818909525871277,-10.062374114990234,-2.5300674438476562
844,-12.670967102050781,0.32787278294563293,-10.1145601272583,-2.556774377822876
845,-12.748913764953613,0.3173370361328125,-10.16598129272461,-2.582904577255249
846,-12.825782775878906,0.3064503073692322,-10.21695613861084,-2.608779191970825
847,-12.901205062866211,0.2953451871871948,-10.267036437988281,-2.6341135501861572
848,-12.975308418273926,0.28394266963005066,-10.316317558288574,-2.6588549613952637
849,-13.047829627990723,0.2722708582878113,-10.364644050598145,-2.682961940765381
850,-13.118546485900879,0.26036033034324646,-10.41185188293457,-2.70639705657959
851,-13.187271118164062,0.24818643927574158,-10.457916259765625,-2.7291975021362305
852,-13.25400447845459,0.23572321236133575,-10.502742767333984,-2.751678705215454
853,-13.318672180175781,0.22303526103496552,-10.546154022216797,-2.772709608078003
854,-13.381206512451172,0.21004049479961395,-10.588139533996582,-2.7931954860687256
855,-13.44121265411377,0.19688774645328522,-10.628377914428711,-2.8126556873321533
856,-13.49860954284668,0.1834453046321869,-10.667023658752441,-2.8312389850616455
857,-13.552998542785645,0.16980622708797455,-10.703847885131836,-2.849055767059326
858,-13.604203224182129,0.155953511595726,-10.73886775970459,-2.8654944896698
859,-13.652630805969238,0.14186713099479675,-10.771869659423828,-2.8809139728546143
860,-13.697770118713379,0.1276169866323471,-10.802762031555176,-2.8952441215515137
861,-13.739827156066895,0.11318662017583847,-10.831439971923828,-2.9083364009857178
862,-13.778076171875,0.09856292605400085,-10.85797119140625,-2.920254707336426
863,-13.812946319580078,0.08384524285793304,-10.882086753845215,-2.930901050567627
864,-13.844280242919922,0.06896208971738815,-10.903816223144531,-2.9402801990509033
865,-13.871460914611816,0.05398949980735779,-10.923188209533691,-2.9482147693634033
866,-13.894988059997559,0.03885437920689583,-10.940057754516602,-2.9549150466918945
867,-13.914508819580078,0.023692457005381584,-10.954395294189453,-2.960322380065918
868,-13.930397033691406,0.008461487479507923,-10.966156959533691,-2.9639806747436523
869,-13.94204044342041,-0.006878428161144257,-10.975358963012695,-2.966782331466675
870,-13.94974422454834,-0.022133994847536087,-10.982029914855957,-2.9677343368530273
871,-13.953561782836914,-0.037491150200366974,-10.986077308654785,-2.9674408435821533
872,-13.953241348266602,-0.05281604826450348,-10.987610816955566,-2.965745210647583
873,-13.949298858642578,-0.06814957410097122,-10.986506462097168,-2.9628493785858154
874,-13.94140338897705,-0.0834430530667305,-10.982934951782227,-2.9583024978637695
875,-13.929567337036133,-0.09859311580657959,-10.9769926071167,-2.952531099319458
876,-13.913941383361816,-0.11372833698987961,-10.96860122680664,-2.9454641342163086
877,-13.894659996032715,-0.1287744790315628,-10.95787239074707,-2.937005043029785
878,-13.872349739074707,-0.14365752041339874,-10.944820404052734,-2.9274134635925293
879,-13.846033096313477,-0.15853777527809143,-10.929523468017578,-2.9166648387908936
880,-13.816425323486328,-0.17316962778568268,-10.912322044372559,-2.9043378829956055
881,-13.783957481384277,-0.18771128356456757,-10.892908096313477,-2.8911030292510986
882,-13.748468399047852,-0.20203733444213867,-10.871665000915527,-2.8767898082733154
883,-13.710087776184082,-0.2162511646747589,-10.848494529724121,-2.8612332344055176
884,-13.668665885925293,-0.23025725781917572,-10.823710441589355,-2.844815731048584
885,-13.624815940856934,-0.24410104751586914,-10.797226905822754,-2.82718563079834
886,-13.578421592712402,-0.25766444206237793,-10.769416809082031,-2.8090879917144775
887,-13.529857635498047,-0.2710793912410736,-10.740079879760742,-2.789707660675049
888,-13.479022026062012,-0.284338116645813,-10.709320068359375,-2.769580841064453
889,-13.426390647888184,-0.29729732871055603,-10.677558898925781,-2.748814582824707
890,-13.371988296508789,-0.31003546714782715,-10.644731521606445,-2.727114677429199
891,-13.31579875946045,-0.32255056500434875,-10.610939025878906,-2.7050163745880127
892,-13.25823974609375,-0.33489176630973816,-10.576099395751953,-2.6820106506347656
893,-13.199442863464355,-0.3469496965408325,-10.540631294250488,-2.6586215496063232
894,-13.13924789428711,-0.3587777614593506,-10.504547119140625,-2.6346161365509033
895,-13.077905654907227,-0.37040308117866516,-10.46780776977539,-2.610161542892456
896,-13.015894889831543,-0.381820410490036,-10.430441856384277,-2.5851335525512695
897,-12.952888488769531,-0.39295780658721924,-10.392900466918945,-2.559962511062622
898,-12.889156341552734,-0.40386733412742615,-10.355069160461426,-2.5343339443206787
899,-12.824992179870605,-0.41454917192459106,-10.317001342773438,-2.5081775188446045
900,-12.760390281677246,-0.4250318109989166,-10.278668403625488,-2.48179292678833
901,-12.69571590423584,-0.4352641999721527,-10.240291595458984,-2.4553422927856445
902,-12.630288124084473,-0.4453069567680359,-10.20191478729248,-2.4285643100738525
903,-12.565001487731934,-0.45513197779655457,-10.163532257080078,-2.4014973640441895
904,-12.499916076660156,-0.4646926820278168,-10.12542724609375,-2.374401807785034
905,-12.434645652770996,-0.4740958511829376,-10.087301254272461,-2.347247362136841
906,-12.369272232055664,-0.48332059383392334,-10.049333572387695,-2.3198611736297607
907,-12.304400444030762,-0.49229350686073303,-10.01180362701416,-2.2924001216888428
908,-12.239603042602539,-0.5010726451873779,-9.974625587463379,-2.264901876449585
909,-12.175061225891113,-0.5096606016159058,-9.937812805175781,-2.2374541759490967
910,-12.110983848571777,-0.5180840492248535,-9.90125560760498,-2.209883451461792
911,-12.04747200012207,-0.5263226628303528,-9.865093231201172,-2.1823959350585938
912,-11.984407424926758,-0.5343607068061829,-9.829526901245117,-2.1549010276794434
913,-11.921666145324707,-0.5422506928443909,-9.794374465942383,-2.1273367404937744
914,-11.8594970703125,-0.5499711632728577,-9.75972843170166,-2.0999557971954346
915,-11.7982759475708,-0.5575008392333984,-9.725679397583008,-2.0725841522216797
916,-11.737546920776367,-0.5648724436759949,-9.692220687866211,-2.0453684329986572
917,-11.677596092224121,-0.5721092820167542,-9.65919303894043,-2.0182013511657715
918,-11.617759704589844,-0.5792023539543152,-9.626897811889648,-1.991087794303894
919,-11.559264183044434,-0.5861200094223022,-9.59521198272705,-1.9639947414398193
920,-11.501386642456055,-0.5928966999053955,-9.56417179107666,-1.93723464012146
921,-11.444303512573242,-0.5995773077011108,-9.533507347106934,-1.910442590713501
922,-11.38762378692627,-0.6061286330223083,-9.503569602966309,-1.8839375972747803
923,-11.331931114196777,-0.612464427947998,-9.474800109863281,-1.85737144947052
924,-11.277082443237305,-0.6187571287155151,-9.446145057678223,-1.8309390544891357
925,-11.223172187805176,-0.6248844861984253,-9.4183988571167,-1.804870367050171
926,-11.169906616210938,-0.6309379935264587,-9.391106605529785,-1.7787798643112183
927,-11.117712020874023,-0.6368318200111389,-9.36471176147461,-1.753015398979187
928,-11.066105842590332,-0.6426200866699219,-9.339072227478027,-1.7271050214767456
929,-11.015401840209961,-0.6483386754989624,-9.31381893157959,-1.7016745805740356
930,-10.96558666229248,-0.6539138555526733,-9.289533615112305,-1.6761548519134521
931,-10.91646957397461,-0.6594305634498596,-9.2656888961792,-1.6508729457855225
932,-10.868549346923828,-0.664804995059967,-9.242738723754883,-1.6257655620574951
933,-10.82112979888916,-0.6701293587684631,-9.220284461975098,-1.600717306137085
934,-10.774328231811523,-0.6753658652305603,-9.19856071472168,-1.5761030912399292
935,-10.729118347167969,-0.6804258227348328,-9.1779203414917,-1.5515319108963013
936,-10.684330940246582,-0.685483992099762,-9.157502174377441,-1.527052402496338
937,-10.640588760375977,-0.6904563307762146,-9.137724876403809,-1.5026451349258423
938,-10.59786605834961,-0.6953073740005493,-9.118865013122559,-1.478602647781372
939,-10.55545711517334,-0.7000899314880371,-9.100809097290039,-1.4546626806259155
940,-10.513941764831543,-0.7048336863517761,-9.0831298828125,-1.4308809041976929
941,-10.473627090454102,-0.7094622850418091,-9.066317558288574,-1.4071966409683228
942,-10.433801651000977,-0.7140628099441528,-9.049973487854004,-1.3836333751678467
943,-10.394986152648926,-0.718591570854187,-9.034247398376465,-1.3602370023727417
944,-10.356310844421387,-0.7230669260025024,-9.019336700439453,-1.3370929956436157
945,-10.319119453430176,-0.7274304032325745,-9.00521183013916,-1.3140103816986084
946,-10.282903671264648,-0.7317284941673279,-8.991698265075684,-1.2911522388458252
947,-10.247673034667969,-0.7359283566474915,-8.979066848754883,-1.2685822248458862
948,-10.212445259094238,-0.7401919364929199,-8.966415405273438,-1.2459079027175903
949,-10.178129196166992,-0.7443262338638306,-8.954951286315918,-1.223347544670105
950,-10.144635200500488,-0.7484413385391235,-8.943818092346191,-1.2009496688842773
951,-10.11199951171875,-0.7525011897087097,-8.93330192565918,-1.1787056922912598
952,-10.08026123046875,-0.756507933139801,-8.923378944396973,-1.1566005945205688
953,-10.049036979675293,-0.7604690790176392,-8.91413688659668,-1.134881854057312
954,-10.019113540649414,-0.7643044590950012,-8.905959129333496,-1.1130383014678955
955,-9.989429473876953,-0.7681714296340942,-8.897943496704102,-1.0914188623428345
956,-9.960439682006836,-0.7719609141349792,-8.890844345092773,-1.069790005683899
957,-9.932292938232422,-0.7757720947265625,-8.883745193481445,-1.0482804775238037
958,-9.904879570007324,-0.7794732451438904,-8.877828598022461,-1.027044415473938
959,-9.878045082092285,-0.7831704020500183,-8.872257232666016,-1.0058594942092896
960,-9.852165222167969,-0.7867893576622009,-8.867521286010742,-0.9846692681312561
961,-9.827066421508789,-0.7903684973716736,-8.86335563659668,-0.9637233018875122
962,-9.802596092224121,-0.7939450144767761,-8.859512329101562,-0.9426863193511963
963,-9.77824878692627,-0.7975297570228577,-8.856106758117676,-0.9220958352088928
964,-9.755529403686523,-0.8009616136550903,-8.853922843933105,-0.901498019695282
965,-9.733137130737305,-0.8044320940971375,-8.851838111877441,-0.8807064294815063
966,-9.71113395690918,-0.8078431487083435,-8.85069465637207,-0.860352635383606
967,-9.689850807189941,-0.8112857937812805,-8.849534034729004,-0.8398263454437256
968,-9.669327735900879,-0.8146300911903381,-8.849507331848145,-0.8197741508483887
969,-9.649288177490234,-0.8179811835289001,-8.849806785583496,-0.7995814681053162
970,-9.630311012268066,-0.8212612271308899,-8.850873947143555,-0.7793274521827698
971,-9.611639976501465,-0.8245519995689392,-8.852303504943848,-0.7594174742698669
972,-9.593406677246094,-0.8278201222419739,-8.854361534118652,-0.7392817735671997
973,-9.576398849487305,-0.8310153484344482,-8.85712718963623,-0.7193422317504883
974,-9.5596284866333,-0.8342252373695374,-8.86026382446289,-0.6997078657150269
975,-9.54381275177002,-0.8373704552650452,-8.864176750183105,-0.6800597310066223
976,-9.528486251831055,-0.8405563831329346,-8.8681058883667,-0.6601373553276062
977,-9.513980865478516,-0.8436506986618042,-8.873136520385742,-0.6405110955238342
978,-9.499801635742188,-0.8467590808868408,-8.87851333618164,-0.6210340261459351
979,-9.486437797546387,-0.8498088121414185,-8.88469409942627,-0.6016531586647034
980,-9.473541259765625,-0.8528705835342407,-8.891182899475098,-0.5820816159248352
981,-9.461546897888184,-0.8558719754219055,-8.898449897766113,-0.5627698302268982
982,-9.449822425842285,-0.8588911890983582,-8.906074523925781,-0.5434250831604004
983,-9.43852424621582,-0.861893892288208,-8.914312362670898,-0.5241818428039551
984,-9.428230285644531,-0.8648651242256165,-8.923007011413574,-0.5048468708992004
985,-9.417953491210938,-0.8678314685821533,-8.932427406311035,-0.4857163727283478
986,-9.409111976623535,-0.8707262277603149,-8.942476272583008,-0.4665704071521759
987,-9.400893211364746,-0.8736013174057007,-8.953083992004395,-0.447283536195755
988,-9.392507553100586,-0.8765366077423096,-8.963876724243164,-0.4283645451068878
989,-9.38499927520752,-0.8793867230415344,-8.975759506225586,-0.4093497693538666
990,-9.378063201904297,-0.8822487592697144,-8.987922668457031,-0.39013272523880005
991,-9.371886253356934,-0.8850884437561035,-9.000603675842285,-0.37120023369789124
992,-9.366439819335938,-0.8879060745239258,-9.013827323913574,-0.35209664702415466
993,-9.361230850219727,-0.8907161355018616,-9.027728080749512,-0.33338823914527893
994,-9.35713005065918,-0.8934367299079895,-9.04266357421875,-0.3142639994621277
995,-9.353185653686523,-0.8961820006370544,-9.058003425598145,-0.2954367399215698
996,-9.349682807922363,-0.8989720940589905,-9.073373794555664,-0.2765462100505829
997,-9.347190856933594,-0.9017051458358765,-9.089509010314941,-0.25751087069511414
998,-9.345288276672363,-0.9043933749198914,-9.106539726257324,-0.23869849741458893
999,-9.343820571899414,-0.9070987105369568,-9.12391471862793,-0.21969540417194366
1000,-9.343005180358887,-0.9097577929496765,-9.142176628112793,-0.2007981836795807
1001,-9.342649459838867,-0.9124335050582886,-9.16077995300293,-0.18192806839942932
1002,-9.343174934387207,-0.9150569438934326,-9.180209159851074,-0.16308370232582092
1003,-9.343986511230469,-0.9177021384239197,-9.200047492980957,-0.1440611034631729
1004,-9.34540843963623,-0.9203599691390991,-9.220191955566406,-0.12508702278137207
1005,-9.347412109375,-0.9229468703269958,-9.241582870483398,-0.10629857331514359
1006,-9.350564002990723,-0.9255015850067139,-9.263433456420898,-0.08716677129268646
1007,-9.353983879089355,-0.9280793070793152,-9.285719871520996,-0.06814511865377426
1008,-9.358015060424805,-0.9306416511535645,-9.308648109436035,-0.049074701964855194
1009,-9.362435340881348,-0.9331958293914795,-9.332297325134277,-0.030114000663161278
1010,-9.367655754089355,-0.9357289671897888,-9.356541633605957,-0.010909534990787506
1011,-9.373592376708984,-0.9382155537605286,-9.381732940673828,0.008096390403807163
1012,-9.380109786987305,-0.9406884908676147,-9.40760612487793,0.027325987815856934
1013,-9.38747501373291,-0.9431662559509277,-9.433771133422852,0.046499382704496384
1014,-9.394888877868652,-0.9456748962402344,-9.460506439208984,0.06568209081888199
1015,-9.40359878540039,-0.9480639696121216,-9.488656044006348,0.08505836874246597
1016,-9.412622451782227,-0.9505025744438171,-9.51699447631836,0.10437309741973877
1017,-9.422080993652344,-0.952932596206665,-9.54611587524414,0.1236511766910553
1018,-9.432896614074707,-0.9552950859069824,-9.576035499572754,0.14324107766151428
1019,-9.444001197814941,-0.9576812386512756,-9.606494903564453,0.16265122592449188
1020,-9.45560073852539,-0.9600564241409302,-9.637758255004883,0.18234919011592865
1021,-9.468095779418945,-0.9623796939849854,-9.670022010803223,0.2019548863172531
1022,-9.48107624053955,-0.9647198915481567,-9.702794075012207,0.22174766659736633
1023,-9.494935989379883,-0.9670359492301941,-9.736272811889648,0.2414095401763916
1024,-9.509552955627441,-0.9693049788475037,-9.77083969116211,0.26147013902664185
1025,-9.524827003479004,-0.9715844392776489,-9.805901527404785,0.2812821865081787
1026,-9.540693283081055,-0.9737963080406189,-9.842473983764648,0.30134129524230957
1027,-9.556934356689453,-0.9761083722114563,-9.878697395324707,0.32153186202049255
1028,-9.574700355529785,-0.9782922863960266,-9.916440963745117,0.3418453633785248
1029,-9.593072891235352,-0.9804611206054688,-9.955093383789062,0.36222195625305176
1030,-9.611897468566895,-0.9826475381851196,-9.994400978088379,0.38251328468322754
1031,-9.631896018981934,-0.984744668006897,-10.035097122192383,0.40312257409095764
1032,-9.652032852172852,-0.9869233965873718,-10.075948715209961,0.42377302050590515
1033,-9.673227310180664,-0.9890435934066772,-10.117945671081543,0.4444447457790375
1034,-9.69569206237793,-0.9910962581634521,-10.16102123260498,0.4655986726284027
1035,-9.71863842010498,-0.9931387901306152,-10.205183982849121,0.48656392097473145
1036,-9.742273330688477,-0.9951885342597961,-10.250042915344238,0.5075576901435852
1037,-9.766754150390625,-0.9972127079963684,-10.295886993408203,0.5290828347206116
1038,-9.792206764221191,-0.9991810321807861,-10.343035697937012,0.5504980683326721
1039,-9.818639755249023,-1.0011444091796875,-10.390826225280762,0.5719674229621887
1040,-9.846046447753906,-1.003050446510315,-10.439979553222656,0.5937224626541138
1041,-9.874338150024414,-1.0049288272857666,-10.490215301513672,0.6156978011131287
1042,-9.903363227844238,-1.0068110227584839,-10.541282653808594,0.6379798650741577
1043,-9.933260917663574,-1.0086913108825684,-10.593159675598145,0.6600689888000488
1044,-9.964153289794922,-1.0104870796203613,-10.646859169006348,0.6825348734855652
1045,-9.996715545654297,-1.0121952295303345,-10.701773643493652,0.7051037549972534
1046,-10.029719352722168,-1.0139435529708862,-10.757439613342285,0.7279332280158997
1047,-10.063712120056152,-1.015657663345337,-10.81434154510498,0.7510156631469727
1048,-10.098798751831055,-1.0173074007034302,-10.872832298278809,0.7742002606391907
1049,-10.134809494018555,-1.01895010471344,-10.932319641113281,0.797580897808075
1050,-10.1719970703125,-1.0205235481262207,-10.993441581726074,0.8212782740592957
1051,-10.210729598999023,-1.0220108032226562,-11.056066513061523,0.845209538936615
1052,-10.2498779296875,-1.0235631465911865,-11.119340896606445,0.8692471981048584
1053,-10.29061222076416,-1.0250005722045898,-11.184550285339355,0.893700361251831
1054,-10.332598686218262,-1.0263880491256714,-11.25119400024414,0.9182767868041992
1055,-10.375957489013672,-1.0277196168899536,-11.319247245788574,0.9430872797966003
1056,-10.420178413391113,-1.0290429592132568,-11.388662338256836,0.9681952595710754
1057,-10.465988159179688,-1.030297875404358,-11.45948314666748,0.993693470954895
1058,-10.513343811035156,-1.0314362049102783,-11.532544136047363,1.0194228887557983
1059,-10.561555862426758,-1.0325896739959717,-11.606779098510742,1.0452460050582886
1060,-10.611330032348633,-1.0336475372314453,-11.682989120483398,1.0717742443084717
1061,-10.662796974182129,-1.0346285104751587,-11.760802268981934,1.0982921123504639
1062,-10.714984893798828,-1.0356284379959106,-11.840066909790039,1.1250724792480469
1063,-10.769495964050293,-1.0364421606063843,-11.921858787536621,1.1525429487228394
1064,-10.825156211853027,-1.0372271537780762,-12.005395889282227,1.1801366806030273
1065,-10.882659912109375,-1.0379208326339722,-12.090742111206055,1.2081873416900635
1066,-10.94160270690918,-1.0385440587997437,-12.178213119506836,1.236493468284607
1067,-9.885872840881348,-0.9310421347618103,-11.019848823547363,1.125380516052246
1068,-7.874472618103027,-0.7390360832214355,-8.792405128479004,0.9134672284126282
1069,-6.168038845062256,-0.577337920665741,-6.896180152893066,0.7266058921813965
1070,-4.730035305023193,-0.4418505132198334,-5.29340124130249,0.563825786113739
1071,-3.524627208709717,-0.32873547077178955,-3.94746994972229,0.42374521493911743
1072,-2.518508195877075,-0.2346939891576767,-2.822765827178955,0.3048953115940094
1073,-1.6843879222869873,-0.1568891853094101,-1.8885546922683716,0.20534126460552216
1074,-0.9969929456710815,-0.0928843542933464,-1.1182769536972046,0.12243582308292389
1075,-0.4345676004886627,-0.040588002651929855,-0.48767662048339844,0.054298628121614456
1076,0.02189345844089985,0.0017937396187335253,0.023819295689463615,-0.001084228977560997
1077,0.38728272914886475,0.035799190402030945,0.43346095085144043,-0.045588504523038864
1078,0.6771830320358276,0.06276224553585052,0.7584927678108215,-0.08055175095796585
1079,0.9024487733840942,0.08381223678588867,1.0110366344451904,-0.10777252167463303
1080,1.0752655267715454,0.09990164637565613,1.2047169208526611,-0.12854215502738953
1081,1.2026853561401367,0.11184946447610855,1.3466614484786987,-0.14396549761295319
1082,1.2925734519958496,0.12035205960273743,1.4474912881851196,-0.15454335510730743
1083,1.3526253700256348,0.12600192427635193,1.5144271850585938,-0.16138555109500885
1084,1.3868807554244995,0.1293097287416458,1.55233633518219,-0.16532249748706818
1085,1.4004887342453003,0.13071590662002563,1.567260503768921,-0.16657976806163788
1086,1.3981857299804688,0.13060222566127777,1.564642071723938,-0.1660071611404419
1087,1.3832087516784668,0.12926405668258667,1.5473328828811646,-0.16399817168712616
1088,1.3575812578201294,0.12694920599460602,1.518372893333435,-0.16062478721141815
1089,1.3252506256103516,0.12413998693227768,1.4821155071258545,-0.15658676624298096
1090,1.29389226436615,0.12121057510375977,1.4465696811676025,-0.15259650349617004
1091,1.262184739112854,0.11832822114229202,1.4109809398651123,-0.14854101836681366
1092,1.2307140827178955,0.11546039581298828,1.3749632835388184,-0.14457406103610992
1093,1.1996221542358398,0.11250258982181549,1.3400554656982422,-0.14073915779590607
1094,1.1678078174591064,0.10966051369905472,1.3045129776000977,-0.13677619397640228
1095,1.1366122961044312,0.10673975944519043,1.2695114612579346,-0.1328250616788864
1096,1.1049294471740723,0.1038971096277237,1.2341185808181763,-0.12894676625728607
1097,1.0737131834030151,0.10100742429494858,1.1989496946334839,-0.12523102760314941
1098,1.0425848960876465,0.0981169044971466,1.163835048675537,-0.12132497131824493
1099,1.0113621950149536,0.09523364901542664,1.1288942098617554,-0.11751241236925125
1100,0.9806676506996155,0.09230148047208786,1.0941162109375,-0.113648921251297
1101,0.9493048787117004,0.08945596218109131,1.0590569972991943,-0.10982713103294373
1102,0.9183774590492249,0.08656548708677292,1.0242186784744263,-0.1060795783996582
1103,0.8873422145843506,0.08368322253227234,0.9895451664924622,-0.10232780128717422
1104,0.8563967943191528,0.08079887181520462,0.9548962116241455,-0.09863962233066559
1105,0.8253619074821472,0.07792159169912338,0.9203932881355286,-0.09493254125118256
1106,0.7944393754005432,0.07504040002822876,0.8858978152275085,-0.09134447574615479
1107,0.7634460926055908,0.07218950241804123,0.8511207103729248,-0.08776489645242691
1108,0.733043909072876,0.06923644244670868,0.8172652125358582,-0.0841052308678627
1109,0.7022961974143982,0.06635239720344543,0.7828866243362427,-0.08052597939968109
1110,0.6715195775032043,0.06349672377109528,0.7481923699378967,-0.07680027186870575
1111,0.6408290266990662,0.060613423585891724,0.7139172554016113,-0.0731918215751648
1112,0.6099343299865723,0.057767193764448166,0.6794257760047913,-0.06961498409509659
1113,0.57966548204422,0.054815873503685,0.6458080410957336,-0.06625913828611374
1114,0.5488656759262085,0.05194391310214996,0.6117815971374512,-0.06254996359348297
1115,0.5178714394569397,0.04913211241364479,0.5771191120147705,-0.05898922309279442
1116,0.487720251083374,0.046204134821891785,0.5431827902793884,-0.055517762899398804
1117,0.45738786458969116,0.043311167508363724,0.5090118050575256,-0.052008017897605896
1118,0.4266091585159302,0.040443457663059235,0.47516965866088867,-0.04834361374378204
1119,0.39617568254470825,0.037558358162641525,0.4411437213420868,-0.04489173740148544
1120,0.36567094922065735,0.03467784449458122,0.40719708800315857,-0.041572049260139465
1121,0.33540892601013184,0.03178635239601135,0.3731355667114258,-0.03803147003054619
1122,0.30507391691207886,0.028874484822154045,0.3395596444606781,-0.034624211490154266
1123,0.274286687374115,0.026036538183689117,0.3054893910884857,-0.031107788905501366
1124,0.2437833696603775,0.02315995842218399,0.27167028188705444,-0.027619386091828346
1125,0.21356353163719177,0.020244251936674118,0.23809696733951569,-0.0243064071983099
1126,0.18324923515319824,0.01735934242606163,0.20420560240745544,-0.02070847526192665
1127,0.15284159779548645,0.014479096047580242,0.17038920521736145,-0.017317594960331917
1128,0.1224585771560669,0.011622784659266472,0.1361701935529709,-0.013810526579618454
1129,0.09211628884077072,0.008739813230931759,0.10233566910028458,-0.01049562357366085
1130,0.061892446130514145,0.0058268350549042225,0.06884220987558365,-0.007044824305921793
1131,0.03117801994085312,0.002989107044413686,0.034861307591199875,-0.0033910837955772877
1132,0.001050690421834588,7.085366814862937e-05,0.0013181035174056888,-3.601528442231938e-05
1133,-0.029567375779151917,-0.0027725736144930124,-0.03273274004459381,0.0032408847473561764
1134,-0.05956793203949928,-0.005697420798242092,-0.06635480374097824,0.006674910895526409
1135,-0.09013524651527405,-0.008543327450752258,-0.10044193267822266,0.01011312659829855
1136,-0.12057741731405258,-0.0114203579723835,-0.13420194387435913,0.013737098313868046
1137,-0.15095940232276917,-0.014301443472504616,-0.16802029311656952,0.017084358260035515
1138,-0.1814749538898468,-0.017175836488604546,-0.20176219940185547,0.02055959217250347
1139,-0.21188315749168396,-0.020056122913956642,-0.2355949431657791,0.0240008607506752
1140,-0.24196317791938782,-0.02297917567193508,-0.26924893260002136,0.027333354577422142
1141,-0.27244341373443604,-0.025832729414105415,-0.30347615480422974,0.030831817537546158
1142,-0.3027908504009247,-0.02871827781200409,-0.3374147117137909,0.03428555652499199
1143,-0.33312612771987915,-0.0316297747194767,-0.37098228931427,0.03778514638543129
1144,-0.3637442886829376,-0.034478429704904556,-0.40521240234375,0.041290827095508575
1145,-0.394275426864624,-0.037357497960329056,-0.4391286075115204,0.04468937963247299
1146,-0.4246005117893219,-0.040272485464811325,-0.47280916571617126,0.04818088933825493
1147,-0.455480694770813,-0.043110478669404984,-0.5069853067398071,0.051763780415058136
1148,-0.48591721057891846,-0.045997437089681625,-0.5410780906677246,0.055407412350177765
1149,-0.5161550045013428,-0.04892156273126602,-0.5749479532241821,0.058687400072813034
1150,-0.5469749569892883,-0.05176675319671631,-0.6093032360076904,0.062277231365442276
1151,-0.5070209503173828,-0.047808337956666946,-0.5645262002944946,0.05708426982164383
1152,-0.40591296553611755,-0.038391243666410446,-0.45226940512657166,0.04601640999317169
1153,-0.3226339519023895,-0.030477266758680344,-0.35969191789627075,0.0367024727165699
1154,-0.2520821988582611,-0.02381407469511032,-0.2811169922351837,0.028846826404333115
1155,-0.1925593465566635,-0.01822025515139103,-0.21445031464099884,0.022214200347661972
1156,-0.14342229068279266,-0.013537979684770107,-0.15988995134830475,0.016551736742258072
1157,-0.10105255246162415,-0.009639150463044643,-0.11252060532569885,0.011638512834906578
1158,-0.06789332628250122,-0.006401327438652515,-0.07564942538738251,0.007961682043969631
1159,-0.039074573665857315,-0.0037341753486543894,-0.043461840599775314,0.004570608492940664
1160,-0.016684837639331818,-0.0015460504218935966,-0.01833091489970684,0.0018590252147987485
1161,0.0020991687197238207,0.0002316541358595714,0.002680678851902485,-0.00017257375293411314
1162,0.01741468720138073,0.0016630401369184256,0.01957462541759014,-0.0018724878318607807
1163,0.029847808182239532,0.0028013645205646753,0.0330192968249321,-0.0033650114201009274
1164,0.03931010887026787,0.003694081911817193,0.04356897994875908,-0.004388983361423016
1165,0.04658060520887375,0.004378972575068474,0.05166078358888626,-0.005342228803783655
1166,0.052330177277326584,0.004889967851340771,0.0583859421312809,-0.005923544988036156
1167,0.055017270147800446,0.005260545294731855,0.061387356370687485,-0.006256361026316881
1168,0.058064866811037064,0.0055077881552278996,0.06499318033456802,-0.006622218061238527
1169,0.059915512800216675,0.005658147856593132,0.06678506731987,-0.0068033616989851
1170,0.06053399667143822,0.005729200784116983,0.06763052195310593,-0.00690762372687459
1171,0.06093932315707207,0.005733607802540064,0.06767565757036209,-0.007043837103992701
1172,0.06050125136971474,0.005685475189238787,0.06712052971124649,-0.006917227525264025
1173,0.0594785250723362,0.005594591610133648,0.06605645269155502,-0.0067927222698926926
1174,0.058172713965177536,0.005469881929457188,0.06458863615989685,-0.006679639220237732
1175,0.05603887140750885,0.005320688243955374,0.062146708369255066,-0.006370814982801676
1176,0.05403873324394226,0.00515053840354085,0.06014225259423256,-0.006172725930809975
1177,0.05260879546403885,0.004964352119714022,0.058632854372262955,-0.006066099274903536
1178,0.05062304064631462,0.004769489634782076,0.05633854120969772,-0.005795120261609554
1179,0.048189859837293625,0.00456910440698266,0.05397965386509895,-0.005560587625950575
1180,0.04569300636649132,0.004366488195955753,0.05089423432946205,-0.0052073048427701
1181,0.0440521202981472,0.0041602980345487595,0.04914996027946472,-0.004960138350725174
1182,0.042014092206954956,0.003956406842917204,0.0467565655708313,-0.004812275990843773
1183,0.03919561207294464,0.003758348524570465,0.04374145716428757,-0.004415970295667648
1184,0.03778393939137459,0.0035599402617663145,0.04208623617887497,-0.0044034067541360855
1185,0.03564034402370453,0.0033689644187688828,0.0398470014333725,-0.004084330052137375
1186,0.033714182674884796,0.0031836468260735273,0.03764081746339798,-0.003737537655979395
1187,0.031544774770736694,0.0030062685254961252,0.034863125532865524,-0.0035755131393671036
1188,0.030109917744994164,0.002832941710948944,0.033521413803100586,-0.003442289773374796
1189,0.028000101447105408,0.002669106237590313,0.031591206789016724,-0.0032419548369944096
1190,0.02585318312048912,0.0025132072623819113,0.02906840853393078,-0.002935303607955575
1191,0.024863816797733307,0.00236125523224473,0.027960747480392456,-0.0029616523534059525
1192,0.024042675271630287,0.002216374734416604,0.026934754103422165,-0.0027954913675785065
1193,0.022020559757947922,0.002082584658637643,0.024677854031324387,-0.002554316772148013
1194,0.02024911530315876,0.0019553210586309433,0.02249261364340782,-0.002325673820450902
1195,0.019114641472697258,0.0018334176857024431,0.021044855937361717,-0.0021509702783077955
1196,0.018934009596705437,0.0017146716127172112,0.021024629473686218,-0.0021282597444951534
1197,0.017108967527747154,0.0016076366882771254,0.0190803911536932,-0.002032030839473009
1198,0.015338454395532608,0.0015070317313075066,0.01720021665096283,-0.0018360906979069114
1199,0.015053949318826199,0.0014086795272305608,0.016734084114432335,-0.0017569945193827152
1200,0.01379463542252779,0.0013182327384129167,0.015660719946026802,-0.0014997916296124458
1201,0.013125866651535034,0.0012323212577030063,0.014644850045442581,-0.0014660765882581472
1202,0.012054575607180595,0.0011523137800395489,0.013715141452848911,-0.001511081587523222
1203,0.011890939436852932,0.0010747188935056329,0.01348467543721199,-0.0014051055768504739
1204,0.010043931193649769,0.0010076978942379355,0.011331248097121716,-0.0011016372591257095
1205,0.0099064065143466,0.0009390677441842854,0.011201477609574795,-0.0011630537919700146
1206,0.008673070929944515,0.0008786795660853386,0.009809516370296478,-0.0009633147274143994
1207,0.009311126545071602,0.0008166598272509873,0.010444490239024162,-0.0010086727561429143
1208,0.00737766083329916,0.000766339770052582,0.00848700013011694,-0.0009197568870149553
1209,0.007598547730594873,0.0007127647404558957,0.00853649340569973,-0.0008127285400405526
1210,0.007016807794570923,0.0006648320704698563,0.007972645573318005,-0.0008028406300581992
1211,0.0061397613026201725,0.0006219475180841982,0.006782386917620897,-0.0007499920902773738
1212,0.005829185247421265,0.0005798928323201835,0.006288370117545128,-0.000675942050293088
1213,0.005875039380043745,0.0005391839076764882,0.006493985187262297,-0.0006281589157879353
1214,0.004938862752169371,0.0005047466256655753,0.005391700658947229,-0.00047180711408145726
1215,0.005814493168145418,0.00046701551764272153,0.00631364481523633,-0.0006224564276635647
1216,0.0042638881132006645,0.00043935421854257584,0.00462145684286952,-0.0003708320436999202
1217,0.0052702161483466625,0.0004058709309902042,0.005590141285210848,-0.0005844788975082338
1218,0.003562216181308031,0.00038228745688684285,0.003964975476264954,-0.0004138725344091654
1219,0.0034000598825514317,0.0003563110076356679,0.003651814069598913,-0.0005201264866627753
1220,0.003550121560692787,0.0003308565355837345,0.004039127845317125,-0.000319595739711076
1221,0.0031034869607537985,0.0003085768548771739,0.003777000354602933,-0.00029715089476667345
1222,0.0030999251175671816,0.0002871699689421803,0.003522473620250821,-0.00029229585197754204
1223,0.002426883904263377,0.00026886092382483184,0.0026115737855434418,-0.00020866215345449746
1224,0.002371519571170211,0.0002502894203644246,0.0023908636067062616,-0.00035857324837706983
1225,0.0026259240694344044,0.00023193220840767026,0.0028638497460633516,-0.0002632888499647379
1226,0.0023433095775544643,0.00021650511189363897,0.0026912325993180275,-0.00024799356469884515
1227,0.0022158727515488863,0.00020169466733932495,0.0025194284971803427,-0.0001328189391642809
1228,0.002430502325296402,0.00018695881590247154,0.0023388697300106287,-0.0003497418947517872
1229,0.0012796391965821385,0.00017692185065243393,0.001544598606415093,-0.00010535352339502424
1230,0.0019530649296939373,0.00016242024139501154,0.002054069424048066,-0.00029005558462813497
1231,0.0017886870773509145,0.00015138286107685417,0.0019114224705845118,-0.00013503523950930685
1232,0.0016404790803790092,0.00014096211816649884,0.0018002094002440572,-0.0002651761460583657
1233,0.0014157083351165056,0.00013160773960407823,0.0016905814409255981,-0.00017678193398751318
1234,0.0013521808432415128,0.0001221616694238037,0.0015803795540705323,-0.0002308081602677703
1235,0.0014328400138765574,0.000113078007416334,0.0014595018001273274,-9.837131801759824e-05
1236,0.0006753072375431657,0.00010730687790783122,0.0007112498860806227,-7.117725908756256e-05
1237,0.0004982510581612587,0.00010017171007348225,0.0006376391393132508,-0.00012362546112854034
1238,0.0010150749003514647,9.152090933639556e-05,0.0012206158135086298,-5.182214226806536e-05
1239,0.001039959373883903,8.47837800392881e-05,0.0011380240321159363,-0.00014127581380307674
1240,0.0008430943707935512,7.895492308307439e-05,0.0010577436769381166,-0.00012846486060880125
1241,0.0010294638341292739,7.344408368226141e-05,0.0010144737316295505,-6.527130608446896e-05
1242,0.0008160146535374224,6.842071161372587e-05,0.0009483623434789479,-1.1292351700831205e-05
1243,0.00022810103837400675,6.570683763129637e-05,0.00023081354447640479,-3.997240855824202e-05
1244,0.0013125416589900851,5.7639343140181154e-05,0.0015019801212474704,-0.00018521654419600964
1245,0.0002760427014436573,5.7092209317488596e-05,0.00011757767788367346,-9.801739361137152e-05
1246,0.00018293432367499918,5.3007479436928406e-05,8.256547880591825e-05,6.692682654829696e-05
1247,0.00012949253141414374,4.9487771320855245e-05,2.7656818929244764e-05,5.821127342642285e-05
1248,0.0013490596320480108,4.2148396460106596e-05,0.0013181576505303383,-7.909045234555379e-05
1249,2.905967448896263e-06,4.3180454667890444e-05,-2.1538797227549367e-05,2.934896110673435e-05
1250,-3.929074591724202e-05,4.0464634366799146e-05,-7.878644828451797e-05,3.110942634521052e-05
1251,0.0005479565588757396,3.554367503966205e-05,0.0005581537843681872,-9.378855611430481e-05
1252,0.0003010873915627599,3.3524211175972596e-05,0.0005377838388085365,-4.5769942516926676e-05
1253,6.110462709330022e-05,3.266503699705936e-05,-0.00015937734860926867,-0.00010006086813518777
1254,0.0004156480135861784,2.8572223527589813e-05,0.0004793297848664224,7.428562093991786e-05
1255,0.0003139195905532688,2.6589090339257382e-05,0.00045554517419077456,5.161810986464843e-05
1256,0.0002781344810500741,2.4852983187884092e-05,0.00043276205542497337,-0.0001588584709679708
1257,0.00024367115111090243,2.347358713450376e-05,0.0004165144928265363,4.807865025213687e-06
1258,0.00023139624681789428,2.2317819457384758e-05,0.00040286846342496574,6.112240953370929e-06
1259,0.000298027356620878,2.050893090199679e-05,0.00039328046841546893,-2.564583883213345e-05
1260,0.0002829485747497529,1.8847875253413804e-05,0.0003619456838350743,-1.317926034971606e-05
1261,0.00026932774926535785,1.749572402331978e-05,0.0003461247542873025,-9.535153367323801e-06
1262,0.00025774582172743976,1.6402203982579522e-05,0.0003332231717649847,-8.220195923058782e-06
1263,0.00024836856755428016,1.5517016436206177e-05,0.0003227793495170772,-7.161785106291063e-06
1264,0.00024077754642348737,1.480046830693027e-05,0.00031432503601536155,-6.305224360403372e-06
1265,0.0008266458753496408,1.244413488166174e-05,0.0009690807783044875,-7.957994967000559e-05
1266,0.0007359965238720179,1.1321103556838352e-05,0.0009676755871623755,-0.0001381883048452437
1267,0.00013276221579872072,1.1995775821560528e-05,0.0002911740157287568,-0.0001313725661020726
1268,0.00012348561722319573,1.0881813068408519e-05,0.00026822733343578875,-8.936168887885287e-05
1269,0.00011388998245820403,9.971682629839052e-06,0.00025749410269781947,-8.812843589112163e-05
1270,0.0001060864087776281,9.235049219569191e-06,0.000248802884016186,-8.724728832021356e-05
1271,9.976926230592653e-05,8.638750841782894e-06,0.00024176730948965997,-8.653455006424338e-05
1272,9.46558138821274e-05,8.15605562820565e-06,0.00023607234470546246,-8.595765393693e-05
1273,9.051657980307937e-05,7.765335794829298e-06,0.00023146229796111584,-8.54903701110743e-05
1274,8.716601587366313e-05,7.4490571932983585e-06,0.00022773066302761436,-8.511220949003473e-05
1275,8.44533133204095e-05,7.193006695160875e-06,0.00022470952535513788,-8.480632095597684e-05
1276,8.225804776884615e-05,6.985778327361913e-06,0.0002222645707661286,-8.45585745992139e-05
1277,8.04807641543448e-05,6.818012025178177e-06,0.0002202851028414443,-8.43577945488505e-05
1278,7.904159429017454e-05,6.682196726615075e-06,0.00021868248586542904,-8.419613004662097e-05
1279,0.0006729686865583062,5.094211246614577e-06,0.0008824248798191547,-0.00015841651475057006
1280,-1.0729435416578781e-05,6.032846613379661e-06,0.00022317285765893757,3.687097705551423e-05
1281,-3.964151255786419e-05,5.00335181641276e-06,0.0001990636228583753,-0.00014591949002351612
1282,-3.7896461435593665e-05,4.141029421589337e-06,0.00018882645235862583,5.395704283728264e-05
1283,-5.609517393168062e-05,3.4492243230488384e-06,0.00018072567763738334,-0.0001440204359823838
1284,-5.122469156049192e-05,2.882964508899022e-06,0.00017398256750311702,5.5460535804741085e-05
1285,-6.688410212518647e-05,2.430829454169725e-06,0.00016870979743544012,-0.00014280324103310704
1286,-5.9957535995636135e-05,2.0585903257597238e-06,0.00016425628564320505,5.644673001370393e-05
1287,-7.395396096399054e-05,1.7634838513913564e-06,0.00016083585796877742,-0.00014200530131347477
1288,-6.568005483131856e-05,1.5184141375357285e-06,0.00015788305609021336,5.709213291993365e-05
1289,-7.858547905925661e-05,1.3262617812870303e-06,0.0001556775241624564,-0.00014148248010315
1290,-6.94303453201428e-05,1.1644480082395603e-06,0.00015370642358902842,5.751473509008065e-05
1291,-8.162073936546221e-05,1.0397451433163951e-06,0.00015229708515107632,-0.00014113992801867425
1292,-7.18872543075122e-05,9.325274845650711e-07,0.00015097011055331677,5.779204366263002e-05
1293,-8.361012442037463e-05,8.519722882738279e-07,0.0001500814687460661,-0.00014091558114159852
1294,-7.349776569753885e-05,7.805114705661254e-07,0.0001491763978265226,5.797395351692103e-05
1295,-8.491295739077032e-05,7.289667678378464e-07,0.00014863036631140858,-0.00014076827210374177
1296,-7.701347203692421e-05,6.842664674877597e-07,0.00014806693070568144,4.86058670503553e-05
1297,-8.35002792882733e-05,6.447241958085215e-07,0.00014758468023501337,-0.00013177098298911005
1298,-7.769662624923512e-05,6.187634085108584e-07,0.00014729585382156074,4.87161087221466e-05
1299,-7.881386409280822e-05,5.96405925534782e-07,0.00014707559603266418,4.5476408558897674e-05
1300,-8.426860586041585e-05,5.726100198444328e-07,0.0001467329275328666,-0.00013169721933081746
1301,-7.831453694961965e-05,5.604213697552041e-07,0.0001466076500946656,4.878594700130634e-05
1302,-7.931452273624018e-05,5.491875185725803e-07,0.00014651811216026545,4.553252074401826e-05
1303,-8.467365842079744e-05,5.343713951333484e-07,0.00014628187636844814,-0.000131651628180407
1304,-7.864284270908684e-05,5.294430707181164e-07,0.00014624207688029855,4.8822756070876494e-05
1305,-7.957974594319239e-05,5.241178087089793e-07,0.000146222606417723,4.5562832383438945e-05
1306,-8.488819730700925e-05,5.140946655046719e-07,0.00014604278840124607,-0.0001316270063398406
1307,-7.881699275458232e-05,5.130112299411849e-07,0.00014604811440221965,4.884247391601093e-05
1308,-7.972176535986364e-05,5.107557399242069e-07,0.00014606461627408862,4.557838838081807e-05
1309,-8.500402327626944e-05,5.032099466006912e-07,0.00014591387298423797,-0.00013161411334294826
1310,-7.891059067333117e-05,5.041932809035643e-07,0.00014594392268918455,4.885278030997142e-05
1311,-7.979655492817983e-05,5.036555990045599e-07,0.00014598116104025394,4.558720684144646e-05
1312,-8.506431186106056e-05,4.974968987880857e-07,0.0001458466867916286,-0.0001316072593908757
1313,-7.895942690083757e-05,4.995891913495143e-07,0.0001458895712858066,4.88582081743516e-05
1314,-7.983601244632155e-05,4.999284328732756e-07,0.00014593715604860336,4.5591954403789714e-05
1315,-8.509630424669012e-05,4.944674856233178e-07,0.00014581091818399727,-0.00013160302478354424
1316,-7.898500189185143e-05,4.971454927726882e-07,0.0001458609476685524,4.8861558752832934e-05
1317,-7.985651609487832e-05,4.97983137393021e-07,0.00014591436774935573,4.559405715554021e-05
1318,-8.511327905580401e-05,4.928951966576278e-07,0.00014579218986909837,-0.00013160178787074983
1319,0.012034137733280659,0.0010960850631818175,0.01368023082613945,-0.0007413474377244711
1320,0.02388210967183113,0.002226039534434676,0.026980319991707802,-0.002436667447909713
1321,0.035697873681783676,0.0033823491539806128,0.03989898040890694,-0.004033005330711603
1322,0.04759957641363144,0.004510453902184963,0.0531790591776371,-0.0053092604503035545
1323,0.059448812156915665,0.0056656524538993835,0.06607852876186371,-0.0067550488747656345
1324,0.07156495749950409,0.006758046802133322,0.07962574064731598,-0.008113868534564972
1325,0.08330188691616058,0.007895116694271564,0.09300078451633453,-0.00954695325344801
1326,0.09543346613645554,0.009011337533593178,0.10613622516393661,-0.010874495841562748
1327,0.1073586493730545,0.010114586912095547,0.11980477720499039,-0.012151408940553665
1328,0.11910620331764221,0.01127575896680355,0.13276997208595276,-0.013624426908791065
1329,0.13099385797977448,0.012406007386744022,0.14605902135372162,-0.014829945750534534
1330,0.14279183745384216,0.013540569692850113,0.15939712524414062,-0.016311731189489365
1331,0.1548006385564804,0.014664813876152039,0.1726076900959015,-0.01758035644888878
1332,0.16671663522720337,0.01579402945935726,0.1858750730752945,-0.01892901584506035
1333,0.17873476445674896,0.016917763277888298,0.19907160103321075,-0.02047361060976982
1334,0.19077065587043762,0.01804168149828911,0.21226896345615387,-0.021649716421961784
1335,0.2027190923690796,0.01917034015059471,0.22551575303077698,-0.022968687117099762
1336,0.21445702016353607,0.020310476422309875,0.23888926208019257,-0.024379871785640717
1337,0.22659961879253387,0.021405167877674103,0.25241658091545105,-0.025753634050488472
1338,0.23819907009601593,0.022577906027436256,0.2654799222946167,-0.027044478803873062
1339,0.2501085102558136,0.023710308596491814,0.27875059843063354,-0.02837364561855793
1340,0.2620384693145752,0.024842089042067528,0.29200661182403564,-0.02973378449678421
1341,0.273906946182251,0.025977537035942078,0.30529940128326416,-0.031140416860580444
1342,0.28579938411712646,0.0271122008562088,0.3185808062553406,-0.03250144422054291
1343,0.29768362641334534,0.02824842371046543,0.3318653106689453,-0.033751893788576126
1344,0.3098542392253876,0.029369859024882317,0.34496739506721497,-0.03511061891913414
1345,0.32184430956840515,0.030500851571559906,0.3581850826740265,-0.03657155856490135
1346,0.3337539732456207,0.031637802720069885,0.37145695090293884,-0.03770158439874649
1347,0.3455018103122711,0.03280782327055931,0.38442108035087585,-0.03903719410300255
1348,0.3576481342315674,0.033908091485500336,0.39794600009918213,-0.040479086339473724
1349,0.36939537525177,0.03507961332798004,0.41091227531433105,-0.04176027700304985
1350,0.3814948499202728,0.036184512078762054,0.42445752024650574,-0.0431477352976799
1351,0.39341026544570923,0.0373239628970623,0.4377221167087555,-0.044490084052085876
1352,0.40493643283843994,0.03850942477583885,0.45082971453666687,-0.04569146782159805
1353,0.41725674271583557,0.039604950696229935,0.4642394483089447,-0.047058168798685074
1354,0.42887136340141296,0.04078705981373787,0.477282851934433,-0.04846540093421936
1355,0.4407891035079956,0.0419057235121727,0.49094536900520325,-0.04971304163336754
1356,0.4528934955596924,0.04303950071334839,0.5040927529335022,-0.05099758505821228
1357,0.4649372100830078,0.0441775843501091,0.5172719359397888,-0.05231431871652603
1358,0.4765663743019104,0.045338358730077744,0.5307157039642334,-0.053510718047618866
1359,0.48868274688720703,0.0464744009077549,0.543851912021637,-0.054812394082546234
1360,0.5007709860801697,0.04758826643228531,0.5574058294296265,-0.05618440359830856
1361,0.5126820206642151,0.04873694106936455,0.5706718564033508,-0.057463373988866806
1362,0.5244545936584473,0.049918387085199356,0.583613395690918,-0.05885250121355057
1363,0.5363193154335022,0.05109617859125137,0.5965037941932678,-0.06011991575360298
1364,0.548535168170929,0.05220746248960495,0.609982967376709,-0.061420146375894547
1365,0.5605013370513916,0.05335790663957596,0.623211145401001,-0.06263434886932373
1366,0.5719543099403381,0.05456062778830528,0.6363565921783447,-0.06383714079856873
1367,0.5843204855918884,0.05566752701997757,0.6497411131858826,-0.06513217836618423
1368,0.5961315035820007,0.056829024106264114,0.6630581021308899,-0.06655358523130417
1369,0.6085337996482849,0.05793677270412445,0.6764214038848877,-0.06774003058671951
1370,0.6200954914093018,0.059163082391023636,0.6891021132469177,-0.06885480880737305
1371,0.6323695778846741,0.06027934327721596,0.7025383114814758,-0.07028841972351074
1372,0.6444937586784363,0.06142979487776756,0.7156717777252197,-0.07147415727376938
1373,0.65628981590271,0.06259862333536148,0.7290071845054626,-0.0726342648267746
1374,0.6680234670639038,0.06379630416631699,0.7419768571853638,-0.07390469312667847
1375,0.6802181005477905,0.06492219865322113,0.7554641962051392,-0.07522479444742203
1376,0.6922202110290527,0.06608431786298752,0.7686734199523926,-0.07638639956712723
1377,0.7040782570838928,0.0672546848654747,0.7819626927375793,-0.07782632857561111
1378,0.7158753275871277,0.06845489889383316,0.7949016094207764,-0.07888313382863998
1379,0.7282500267028809,0.06957732886075974,0.808281660079956,-0.0801033154129982
1380,0.7401744723320007,0.0707486942410469,0.8215345740318298,-0.08144386112689972
1381,0.7521490454673767,0.07191961258649826,0.8347632884979248,-0.08251815289258957
1382,0.7640725374221802,0.0730941966176033,0.8480191826820374,-0.08377701044082642
1383,0.775873064994812,0.0743010863661766,0.860950231552124,-0.0850859060883522
1384,0.7879878878593445,0.0754692479968071,0.8740918040275574,-0.0862424448132515
1385,0.8000440001487732,0.07664165645837784,0.8872739672660828,-0.08741754293441772
1386,0.8121911287307739,0.07778652012348175,0.9007942080497742,-0.08864960074424744
1387,0.8242244124412537,0.07896386831998825,0.9139879941940308,-0.08973927050828934
1388,0.8361422419548035,0.08014807850122452,0.9272521138191223,-0.09100744128227234
1389,0.8481461405754089,0.08133002370595932,0.9404657483100891,-0.09214361757040024
1390,0.8598026633262634,0.08255618810653687,0.9534960389137268,-0.09317460656166077
1391,0.8720777630805969,0.08370225876569748,0.9669400453567505,-0.09460024535655975
1392,0.8842811584472656,0.08487977087497711,0.9800366163253784,-0.09557455033063889
1393,0.8961319923400879,0.08607632666826248,0.9933497905731201,-0.09666819125413895
1394,0.9083248376846313,0.08725718408823013,1.0064483880996704,-0.09795188903808594
1395,0.9203884601593018,0.088446244597435,1.0196329355239868,-0.09916939586400986
1396,0.932552695274353,0.08963283896446228,1.0327606201171875,-0.10014428943395615
1397,0.9445639252662659,0.09082816541194916,1.0459827184677124,-0.10132800787687302
1398,0.9567197561264038,0.09201859682798386,1.0591087341308594,-0.10255683213472366
1399,0.9686518311500549,0.0932224690914154,1.0723836421966553,-0.10350140929222107
1400,0.9807760715484619,0.09439355134963989,1.0859295129776,-0.10471955686807632
1401,0.9926029443740845,0.0956561267375946,1.0984784364700317,-0.10565956681966782
1402,1.004791498184204,0.0968523621559143,1.1116001605987549,-0.10685460269451141
1403,1.0170700550079346,0.09802181273698807,1.1250605583190918,-0.1080058217048645
1404,1.0292648077011108,0.09922212362289429,1.138183355331421,-0.10910182446241379
1405,1.0411375761032104,0.10044094920158386,1.1514976024627686,-0.11015003174543381
1406,1.0532329082489014,0.10165049880743027,1.164681315422058,-0.11126779019832611
1407,1.0653748512268066,0.10286003351211548,1.177844762802124,-0.11224231868982315
1408,1.0774592161178589,0.10407406091690063,1.1910414695739746,-0.11341000348329544
1409,1.0897942781448364,0.10525370389223099,1.2044835090637207,-0.11442772299051285
1410,1.101485252380371,0.10654161870479584,1.2171341180801392,-0.11544052511453629
1411,1.1137900352478027,0.10772690176963806,1.2305997610092163,-0.1165325865149498
1412,1.1259808540344238,0.10894476622343063,1.2437496185302734,-0.11752963066101074
1413,1.1382248401641846,0.1101621761918068,1.256866693496704,-0.11862774193286896
1414,1.150284767150879,0.11139152944087982,1.2700965404510498,-0.11955864727497101
1415,1.1625334024429321,0.11261369287967682,1.283216953277588,-0.12057311087846756
1416,1.1746375560760498,0.11386968940496445,1.2960339784622192,-0.12171974778175354
1417,1.1868535280227661,0.115073561668396,1.3095769882202148,-0.12258850783109665
1418,1.1987693309783936,0.11634418368339539,1.322510838508606,-0.12358637154102325
1419,1.2112021446228027,0.11754191666841507,1.3359346389770508,-0.12453445047140121
1420,1.2232626676559448,0.11880998313426971,1.3487950563430786,-0.1255665272474289
1421,1.2354614734649658,0.12004909664392471,1.3619701862335205,-0.12652818858623505
1422,1.247992992401123,0.12124931812286377,1.375346064567566,-0.1275620013475418
1423,1.2599979639053345,0.12252788245677948,1.3882540464401245,-0.12847855687141418
1424,1.2722465991973877,0.12377242743968964,1.4014127254486084,-0.12938199937343597
1425,1.2844995260238647,0.12499447166919708,1.414962887763977,-0.1302700787782669
1426,1.2966582775115967,0.12627291679382324,1.4277946949005127,-0.13132138550281525
1427,1.3090814352035522,0.1274915635585785,1.4412587881088257,-0.13226789236068726
1428,1.3211467266082764,0.12875570356845856,1.4545453786849976,-0.13304820656776428
1429,1.3334811925888062,0.13000905513763428,1.467681646347046,-0.13397809863090515
1430,1.3457839488983154,0.13126659393310547,1.4808428287506104,-0.13490676879882812
1431,1.3581551313400269,0.13252410292625427,1.493970513343811,-0.1356860101222992
1432,1.3704512119293213,0.13381215929985046,1.506765604019165,-0.13659590482711792
1433,1.3826805353164673,0.13508155941963196,1.5199896097183228,-0.137457937002182
1434,1.3949861526489258,0.1363503336906433,1.533173680305481,-0.13831067085266113
1435,1.4075566530227661,0.1375844031572342,1.5465998649597168,-0.13912928104400635
1436,1.4196821451187134,0.13889242708683014,1.5595155954360962,-0.13997067511081696
1437,1.4322237968444824,0.14013338088989258,1.5729707479476929,-0.14088526368141174
1438,1.4444481134414673,0.1414176970720291,1.5862318277359009,-0.14162276685237885
1439,1.4567131996154785,0.14270275831222534,1.5994713306427002,-0.1425546109676361
1440,1.4689804315567017,0.1440160870552063,1.612343192100525,-0.14317619800567627
1441,1.4816471338272095,0.14526331424713135,1.6257609128952026,-0.14392435550689697
1442,1.4939651489257812,0.14655469357967377,1.6389919519424438,-0.1449439823627472
1443,1.5065075159072876,0.1478387862443924,1.6521185636520386,-0.14562660455703735
1444,1.5186570882797241,0.1491698920726776,1.6650816202163696,-0.14639781415462494
1445,1.531402826309204,0.15042543411254883,1.6784905195236206,-0.1472063809633255
1446,1.5435763597488403,0.1517617106437683,1.6914677619934082,-0.14775806665420532
1447,1.5561203956604004,0.15305815637111664,1.7046229839324951,-0.1486053764820099
1448,1.5687251091003418,0.15433041751384735,1.7181346416473389,-0.149312824010849
1449,1.5811010599136353,0.15566644072532654,1.7310248613357544,-0.1500406414270401
1450,1.5938656330108643,0.156937375664711,1.7444713115692139,-0.15077556669712067
1451,1.606266975402832,0.15825390815734863,1.7577508687973022,-0.151364266872406
1452,1.6188015937805176,0.15956765413284302,1.7709619998931885,-0.15203459560871124
1453,1.6313546895980835,0.1609082669019699,1.7838025093078613,-0.15276318788528442
1454,1.6437574625015259,0.1622350811958313,1.7971107959747314,-0.1532951146364212
1455,1.6563162803649902,0.1635572463274002,1.8103396892547607,-0.15418602526187897
1456,1.668971061706543,0.16487909853458405,1.8235363960266113,-0.1546851098537445
1457,1.6817456483840942,0.16617366671562195,1.8370568752288818,-0.1552228331565857
1458,1.6943964958190918,0.16750217974185944,1.850273847579956,-0.1559913158416748
1459,1.7070647478103638,0.16883356869220734,1.8635026216506958,-0.15652459859848022
1460,1.7195987701416016,0.17019972205162048,1.87643563747406,-0.1571921408176422
1461,1.732326626777649,0.17153559625148773,1.889657735824585,-0.15771035850048065
1462,1.744939923286438,0.17285574972629547,1.903328537940979,-0.1580711305141449
1463,1.7576062679290771,0.17422638833522797,1.9162310361862183,-0.15883101522922516
1464,1.7702298164367676,0.17557784914970398,1.929549217224121,-0.15937824547290802
1465,1.7830501794815063,0.17692406475543976,1.9427772760391235,-0.15990355610847473
1466,1.7959870100021362,0.1782437115907669,1.9563283920288086,-0.16044265031814575
1467,1.8085050582885742,0.17963659763336182,1.9693775177001953,-0.16078495979309082
1468,1.8216426372528076,0.18095438182353973,1.9828585386276245,-0.1612795740365982
1469,1.8342983722686768,0.18232350051403046,1.9962337017059326,-0.16168519854545593
1470,1.846971869468689,0.18372061848640442,2.0092406272888184,-0.16223810613155365
1471,1.8598418235778809,0.18508733808994293,2.0225353240966797,-0.162785142660141
1472,1.8728550672531128,0.18645155429840088,2.035776376724243,-0.16321013867855072
1473,1.8857322931289673,0.1878260225057602,2.049103021621704,-0.16363979876041412
1474,1.898598313331604,0.18920482695102692,2.062452793121338,-0.16411086916923523
1475,1.911515235900879,0.19058571755886078,2.0757970809936523,-0.16437438130378723
1476,1.924735188484192,0.19193139672279358,2.0893726348876953,-0.16475699841976166
1477,1.9374140501022339,0.19335609674453735,2.1025028228759766,-0.1651868224143982
1478,1.9503427743911743,0.1947488933801651,2.1158957481384277,-0.16537237167358398
1479,1.963414192199707,0.19616372883319855,2.1288697719573975,-0.1658238023519516
1480,1.9765223264694214,0.19753113389015198,2.1425764560699463,-0.16616205871105194
1481,1.9894185066223145,0.19893771409988403,2.15604305267334,-0.1664092093706131
1482,2.0024008750915527,0.200369194149971,2.1691229343414307,-0.16684769093990326
1483,2.0156240463256836,0.20174406468868256,2.182837963104248,-0.16703097522258759
1484,2.028858184814453,0.2031480073928833,2.1961965560913086,-0.16739436984062195
1485,2.0422592163085938,0.20454873144626617,2.209500312805176,-0.16763289272785187
1486,2.0554604530334473,0.2059629261493683,2.2229254245758057,-0.16780510544776917
1487,2.0688562393188477,0.20734743773937225,2.236637592315674,-0.16810066998004913
1488,2.0815513134002686,0.2088434249162674,2.2496325969696045,-0.16824734210968018
1489,2.0948147773742676,0.2102428674697876,2.2634527683258057,-0.16854126751422882
1490,2.108367443084717,0.21163396537303925,2.2771644592285156,-0.16858434677124023
1491,2.121575117111206,0.21309541165828705,2.290337085723877,-0.16885730624198914
1492,2.134934663772583,0.21452942490577698,2.3038275241851807,-0.16897380352020264
1493,2.1484005451202393,0.2159634232521057,2.317288637161255,-0.16915267705917358
1494,2.1615750789642334,0.21741484105587006,2.3309226036071777,-0.16915376484394073
1495,2.174957513809204,0.21886178851127625,2.3444793224334717,-0.16922913491725922
1496,2.188481569290161,0.22030705213546753,2.357992172241211,-0.16942927241325378
1497,2.2020254135131836,0.2217562049627304,2.3715262413024902,-0.16952669620513916
1498,2.215564727783203,0.2232358753681183,2.384734630584717,-0.1694621741771698
1499,2.229388475418091,0.2246571034193039,2.3985493183135986,-0.16951830685138702
1500,2.2428810596466064,0.22612303495407104,2.412189245223999,-0.16963709890842438
1501,2.2566287517547607,0.22755718231201172,2.426100254058838,-0.16965316236019135
1502,2.2700459957122803,0.22906158864498138,2.4394819736480713,-0.1696021407842636
1503,2.283482551574707,0.23057018220424652,2.452888250350952,-0.16942228376865387
1504,2.2974319458007812,0.23198500275611877,2.467146158218384,-0.1695370376110077
1505,2.31099796295166,0.23349814116954803,2.4805500507354736,-0.16940034925937653
1506,2.3249611854553223,0.23497334122657776,2.4941582679748535,-0.16936740279197693
1507,2.3388710021972656,0.23643045127391815,2.50818133354187,-0.169244185090065
1508,2.352653741836548,0.23794907331466675,2.5215866565704346,-0.16914589703083038
1509,2.3666930198669434,0.23943667113780975,2.5352623462677,-0.16890637576580048
1510,2.379945755004883,0.24098876118659973,2.548977851867676,-0.1686512678861618
1511,2.394294261932373,0.24244777858257294,2.5629286766052246,-0.16869403421878815
1512,2.4083313941955566,0.24392542243003845,2.5770628452301025,-0.16851463913917542
1513,2.4222850799560547,0.2454633265733719,2.590564727783203,-0.16823655366897583
1514,2.4360666275024414,0.24701356887817383,2.60418701171875,-0.16791513562202454
1515,2.45039439201355,0.24852080643177032,2.6179418563842773,-0.16773508489131927
1516,2.464707612991333,0.25000807642936707,2.6321020126342773,-0.16741399466991425
1517,2.478877544403076,0.2515328526496887,2.6460084915161133,-0.1671009510755539
1518,2.4933414459228516,0.2530503571033478,2.6598265171051025,-0.1668155938386917
1519,2.507646322250366,0.2545548379421234,2.674099922180176,-0.16653425991535187
1520,2.5217394828796387,0.2561250329017639,2.687814712524414,-0.16604797542095184
1521,2.5358595848083496,0.25767403841018677,2.7019035816192627,-0.1657164990901947
1522,2.550511360168457,0.25918048620224,2.7161495685577393,-0.16543275117874146
1523,2.5646798610687256,0.26076430082321167,2.729961633682251,-0.16483037173748016
1524,2.579498052597046,0.2623012065887451,2.7438697814941406,-0.16451376676559448
1525,2.5938916206359863,0.2638615369796753,2.758012294769287,-0.16404423117637634
1526,2.608428478240967,0.2654472291469574,2.77178955078125,-0.16370275616645813
1527,2.6231603622436523,0.2669796049594879,2.786223888397217,-0.16302987933158875
1528,2.6377971172332764,0.2685473561286926,2.8003976345062256,-0.16248466074466705
1529,2.6524107456207275,0.27012208104133606,2.8146281242370605,-0.16188792884349823
1530,2.6672866344451904,0.2716918885707855,2.828791856765747,-0.16139420866966248
1531,2.68234920501709,0.273234099149704,2.8432705402374268,-0.16091181337833405
1532,2.6968045234680176,0.2748848497867584,2.857024908065796,-0.16029788553714752
1533,2.71181583404541,0.2764674425125122,2.8712830543518066,-0.15952351689338684
1534,2.7269392013549805,0.27802565693855286,2.8858835697174072,-0.15896689891815186
1535,2.741943836212158,0.27964654564857483,2.8999035358428955,-0.15827272832393646
1536,2.7571983337402344,0.28123775124549866,2.914212703704834,-0.15754996240139008
1537,2.7725698947906494,0.28280460834503174,2.928867816925049,-0.15680736303329468
1538,2.7875630855560303,0.28444477915763855,2.9430532455444336,-0.15606461465358734
1539,2.8028974533081055,0.2860259711742401,2.9578311443328857,-0.15526606142520905
1540,2.8182311058044434,0.28763920068740845,2.9723291397094727,-0.1543995887041092
1541,2.8335440158843994,0.2892598509788513,2.9868900775909424,-0.15354016423225403
1542,2.8487794399261475,0.29089033603668213,3.001540422439575,-0.15251344442367554
1543,2.864553451538086,0.2924792170524597,3.016364574432373,-0.15191273391246796
1544,2.879974365234375,0.2941412031650543,3.030716896057129,-0.1509469896554947
1545,2.8955934047698975,0.2957499921321869,3.0457279682159424,-0.14981207251548767
1546,2.9111104011535645,0.2974211275577545,3.060162305831909,-0.14900892972946167
1547,2.926950693130493,0.2990601360797882,3.0748684406280518,-0.14805957674980164
1548,2.942762851715088,0.30070728063583374,3.0896494388580322,-0.14691926538944244
1549,2.958616256713867,0.302359402179718,3.104475259780884,-0.14601917564868927
1550,2.9744789600372314,0.30401811003685,3.119365930557251,-0.1448378562927246
1551,2.990381956100464,0.3057081401348114,3.1339688301086426,-0.14377079904079437
1552,3.006603479385376,0.3073405623435974,3.1491823196411133,-0.14261430501937866
1553,3.0227303504943848,0.3090098798274994,3.1641647815704346,-0.1414678394794464
1554,3.039022922515869,0.31067946553230286,3.179154634475708,-0.1402701735496521
1555,3.055082082748413,0.3123914897441864,3.1939737796783447,-0.13892808556556702
1556,3.071606397628784,0.3140401840209961,3.209346055984497,-0.13771922886371613
1557,3.088080883026123,0.31572425365448,3.2244768142700195,-0.136442169547081
1558,3.1045141220092773,0.3174170255661011,3.2396974563598633,-0.1352018415927887
1559,3.120882987976074,0.3191457688808441,3.2546863555908203,-0.13386213779449463
1560,3.1380865573883057,0.320771187543869,3.27042293548584,-0.13241662085056305
1561,3.1545653343200684,0.32248419523239136,3.2858519554138184,-0.1310824155807495
1562,3.171384811401367,0.3241916000843048,3.3012278079986572,-0.12965266406536102
1563,3.188307046890259,0.32592877745628357,3.316314458847046,-0.12813439965248108
1564,3.2051241397857666,0.3276512622833252,3.3318536281585693,-0.1264713704586029
1565,3.222233295440674,0.32936999201774597,3.3473598957061768,-0.125087708234787
1566,3.239360809326172,0.33109578490257263,3.362943410873413,-0.12348540872335434
1567,3.256443977355957,0.33285725116729736,3.3782994747161865,-0.12185163795948029
1568,3.2741761207580566,0.3345229923725128,3.3944790363311768,-0.12030275166034698
1569,3.29152774810791,0.33626338839530945,3.4102351665496826,-0.11861830204725266
1570,3.3092124462127686,0.33799946308135986,3.4259510040283203,-0.11681251227855682
1571,3.3265535831451416,0.3397556245326996,3.441890239715576,-0.11516358703374863
1572,3.344363212585449,0.34150269627571106,3.4577417373657227,-0.11329405009746552
1573,3.361862897872925,0.34329545497894287,3.473475694656372,-0.1115112230181694
1574,3.379887819290161,0.34505048394203186,3.489431858062744,-0.10971951484680176
1575,3.3978891372680664,0.3468143045902252,3.5054962635040283,-0.10777024924755096
1576,3.415963888168335,0.34858354926109314,3.52162766456604,-0.1059005931019783
1577,3.434175491333008,0.3503294885158539,3.538133144378662,-0.10379526764154434
1578,3.452512502670288,0.3521055281162262,3.554366111755371,-0.10178694874048233
1579,3.4707553386688232,0.3539198637008667,3.570409059524536,-0.0998707264661789
1580,3.4895148277282715,0.35567039251327515,3.587017297744751,-0.09776493906974792
1581,3.5077059268951416,0.3575034439563751,3.6032867431640625,-0.0954943373799324
1582,3.5262813568115234,0.35930418968200684,3.6198461055755615,-0.09332680702209473
1583,3.5452330112457275,0.36107316613197327,3.636699676513672,-0.09108150750398636
1584,3.5643105506896973,0.36289963126182556,3.6529700756073,-0.08892302215099335
1585,3.5831010341644287,0.36471787095069885,3.66978120803833,-0.08672751486301422
1586,3.602532386779785,0.36649560928344727,3.686790704727173,-0.08441125601530075
1587,3.621504783630371,0.36835169792175293,3.703439474105835,-0.08190906047821045
1588,3.641047477722168,0.37014269828796387,3.7206406593322754,-0.07957999408245087
1589,3.660490036010742,0.37197285890579224,3.7376761436462402,-0.07703207433223724
1590,3.6798105239868164,0.3738429546356201,3.75455379486084,-0.0745176374912262
1591,3.699739456176758,0.37564682960510254,3.7719764709472656,-0.07203327864408493
1592,3.71935772895813,0.377524197101593,3.7889950275421143,-0.06932239979505539
1593,3.739581346511841,0.37933582067489624,3.806560516357422,-0.06673558056354523
1594,3.7597858905792236,0.3811838924884796,3.823944330215454,-0.06394791603088379
1595,3.7801125049591064,0.3830639123916626,3.8410940170288086,-0.06126780062913895
1596,3.8005306720733643,0.38492316007614136,3.8586597442626953,-0.05841538682579994
1597,3.820673942565918,0.38682791590690613,3.8761377334594727,-0.055597107857465744
1598,3.841627597808838,0.38863277435302734,3.8944244384765625,-0.05279175192117691
1599,3.862372636795044,0.39053571224212646,3.9119646549224854,-0.049877069890499115
1600,3.883105993270874,0.3924211263656616,3.9299674034118652,-0.046809591352939606
1601,3.904489755630493,0.3942665457725525,3.9482064247131348,-0.04379429295659065
1602,3.925541877746582,0.3961873948574066,3.966066360473633,-0.040644366294145584
1603,3.9468233585357666,0.3980824649333954,3.984313488006592,-0.03757702559232712
1604,3.9683237075805664,0.39995282888412476,4.002946376800537,-0.034315116703510284
1605,3.990001916885376,0.4018810987472534,4.021042346954346,-0.03099309280514717
1606,4.011971473693848,0.4037548899650574,4.039820671081543,-0.027746398001909256
1607,4.034096717834473,0.40566056966781616,4.058387279510498,-0.024319222196936607
1608,4.056243419647217,0.40757548809051514,4.077103137969971,-0.02076646313071251
1609,4.078407287597656,0.4095268249511719,4.0956621170043945,-0.01738099940121174
1610,4.100951194763184,0.41144824028015137,4.114570140838623,-0.013839512132108212
1611,4.123723983764648,0.4133448302745819,4.133877754211426,-0.010088917799293995
1612,4.146464824676514,0.41530704498291016,4.1527419090271,-0.006563311442732811
1613,4.1695451736450195,0.417213499546051,4.172287464141846,-0.002795402891933918
1614,4.1927361488342285,0.4191541075706482,4.191656112670898,0.0010235087247565389
1615,4.21630859375,0.4210647642612457,4.211389064788818,0.004944157786667347
1616,4.239704132080078,0.4230186939239502,4.23105001449585,0.00885091070085764
1617,4.263007164001465,0.4250142276287079,4.250603675842285,0.012853908352553844
1618,4.287276744842529,0.42693307995796204,4.270656585693359,0.01688220165669918
1619,4.311304569244385,0.42889803647994995,4.2906622886657715,0.020982470363378525
1620,4.335455417633057,0.43089723587036133,4.310508728027344,0.02514568902552128
1621,4.360050201416016,0.4328649938106537,4.330716609954834,0.02945226989686489
1622,4.384909152984619,0.4348072111606598,4.351344108581543,0.03395635634660721
1623,4.409679412841797,0.43681833148002625,4.371584892272949,0.03817775845527649
1624,4.434770107269287,0.4388023316860199,4.392233848571777,0.042661771178245544
1625,4.460056304931641,0.44079071283340454,4.413027286529541,0.04745522513985634
1626,4.485600471496582,0.442781925201416,4.4339494705200195,0.05192512273788452
1627,4.511552333831787,0.4447711110115051,4.454958438873291,0.05652090534567833
1628,4.537772178649902,0.44673478603363037,4.476406574249268,0.061395544558763504
1629,4.563570499420166,0.4488068222999573,4.497282028198242,0.0663003921508789
1630,4.590263843536377,0.45077767968177795,4.519026279449463,0.07131854444742203
1631,4.617329120635986,0.45274797081947327,4.5408854484558105,0.07622966915369034
1632,4.643859386444092,0.45480218529701233,4.562526226043701,0.08133149147033691
1633,4.671200752258301,0.4567864239215851,4.5847625732421875,0.08663953095674515
1634,4.698614597320557,0.4588358998298645,4.606607913970947,0.09184358268976212
1635,4.725970268249512,0.46086984872817993,4.629021167755127,0.09720785915851593
1636,4.754153251647949,0.4628617763519287,4.651732921600342,0.10269854962825775
1637,4.782389163970947,0.46489185094833374,4.674374103546143,0.10821105539798737
1638,4.810808181762695,0.46692728996276855,4.6972222328186035,0.11373908817768097
1639,4.839531421661377,0.4689653515815735,4.720232009887695,0.11960552632808685
1640,4.868631839752197,0.4710034132003784,4.743396282196045,0.12541791796684265
1641,4.8978776931762695,0.4730771780014038,4.766481876373291,0.13130037486553192
1642,4.927767276763916,0.47508591413497925,4.790259838104248,0.1372285634279251
1643,4.957528591156006,0.4771384000778198,4.81404972076416,0.14355267584323883
1644,4.987771034240723,0.47918838262557983,4.837982177734375,0.1496111899614334
1645,5.018357276916504,0.48123979568481445,4.862100124359131,0.156003937125206
1646,5.048927307128906,0.48330292105674744,4.8865203857421875,0.1624366194009781
1647,5.079930782318115,0.4853651821613312,4.911110877990723,0.16896460950374603
1648,5.111250400543213,0.48743003606796265,4.935912132263184,0.17551261186599731
1649,5.143206596374512,0.4894590675830841,4.9611382484436035,0.18229979276657104
1650,5.175168514251709,0.4915570020675659,4.986079692840576,0.18924851715564728
1651,5.207741737365723,0.49359118938446045,5.011768341064453,0.1961406022310257
1652,5.240408420562744,0.49566352367401123,5.037452697753906,0.2033023238182068
1653,5.273578643798828,0.49773284792900085,5.06333065032959,0.21040558815002441
1654,5.307129383087158,0.4998033940792084,5.089434623718262,0.2176685929298401
1655,5.340634822845459,0.5019153952598572,5.1156005859375,0.225237637758255
1656,5.375020980834961,0.5039559602737427,5.142464637756348,0.23289473354816437
1657,5.409867286682129,0.5059952139854431,5.169558525085449,0.24055185914039612
1658,5.444590091705322,0.5081082582473755,5.1964545249938965,0.24824176728725433
1659,5.480001449584961,0.510184109210968,5.2238264083862305,0.25627601146698
1660,5.515912055969238,0.5122578144073486,5.251438617706299,0.26431503891944885
1661,5.552290439605713,0.5143000483512878,5.279605388641357,0.2726879417896271
1662,5.588964462280273,0.5163758397102356,5.307783126831055,0.2809377610683441
1663,5.6256327629089355,0.518492579460144,5.33606481552124,0.2894512712955475
1664,5.663266658782959,0.520534336566925,5.365088939666748,0.29824623465538025
1665,5.701344966888428,0.5226054787635803,5.394106864929199,0.30705204606056213
1666,5.7392964363098145,0.524721086025238,5.4232892990112305,0.315939724445343
1667,5.7782301902771,0.5267616510391235,5.453227996826172,0.3250388205051422
1668,5.817475318908691,0.5288350582122803,5.483227252960205,0.334183931350708
1669,5.857258319854736,0.5309044122695923,5.513528823852539,0.3438524007797241
1670,5.897404670715332,0.5329756140708923,5.54419469833374,0.35325923562049866
1671,5.938535213470459,0.5350313782691956,5.575061798095703,0.3629714846611023
1672,5.979570388793945,0.5370998978614807,5.6064348220825195,0.37291190028190613
1673,6.021658420562744,0.5391212105751038,5.638306140899658,0.38309404253959656
1674,6.0635480880737305,0.5412185788154602,5.670138835906982,0.3933800160884857
1675,6.106504440307617,0.54323810338974,5.7027812004089355,0.40384653210639954
1676,6.1500630378723145,0.5452516674995422,5.735789775848389,0.41431689262390137
1677,6.194128036499023,0.5472926497459412,5.76889181137085,0.4252164959907532
1678,6.238704681396484,0.5493301749229431,5.802402019500732,0.43621334433555603
1679,6.283427715301514,0.5514040589332581,5.836131572723389,0.4473840594291687
1680,6.329447269439697,0.5533928871154785,5.87066650390625,0.4588986337184906
1681,6.376038074493408,0.5554072260856628,5.905336856842041,0.47044944763183594
1682,6.422680854797363,0.5574287176132202,5.94058084487915,0.4822695851325989
1683,6.4705047607421875,0.5593982338905334,5.976413726806641,0.4941917955875397
1684,6.5184149742126465,0.561467170715332,6.01195764541626,0.5063551068305969
1685,6.567818641662598,0.5633825063705444,6.048905372619629,0.5189210772514343
1686,6.6172332763671875,0.5653984546661377,6.08561897277832,0.531602680683136
1687,6.667640209197998,0.5673348903656006,6.1233134269714355,0.5445249676704407
1688,6.719151020050049,0.5692513585090637,6.1613945960998535,0.557623028755188
1689,6.7707390785217285,0.5712355971336365,6.199552059173584,0.5709401369094849
1690,6.823097229003906,0.5731748342514038,6.2385029792785645,0.5847471356391907
1691,6.8764142990112305,0.5750972032546997,6.277927398681641,0.5985690951347351
1692,6.931153297424316,0.5769270062446594,6.3183064460754395,0.6126419305801392
1693,6.985676288604736,0.5788619518280029,6.358608245849609,0.6271137595176697
1694,7.0414838790893555,0.5807068347930908,6.399936199188232,0.6417306661605835
1695,7.0977888107299805,0.5826079249382019,6.441338539123535,0.656539797782898
1696,7.155316352844238,0.5844184756278992,6.483811378479004,0.6718586087226868
1697,7.213497638702393,0.5862809419631958,6.5263590812683105,0.6873519420623779
1698,7.2730913162231445,0.5880475044250488,6.569976806640625,0.7030814290046692
1699,7.333612442016602,0.5897936224937439,6.614212989807129,0.7192558646202087
1700,7.394443035125732,0.5915979743003845,6.658676624298096,0.7355058789253235
1701,7.456499099731445,0.5933072566986084,6.7043137550354,0.7523286938667297
1702,7.519350051879883,0.595030665397644,6.750380516052246,0.7693231701850891
1703,7.583864688873291,0.5966809391975403,6.797274589538574,0.7866385579109192
1704,7.6488847732543945,0.5983491539955139,6.844714641571045,0.8044188618659973
1705,7.715421199798584,0.599946141242981,6.893063068389893,0.8224414587020874
1706,7.782855033874512,0.6015505790710449,6.941917419433594,0.8408504128456116
1707,7.851194381713867,0.6031287312507629,6.991584300994873,0.859536349773407
1708,7.920840263366699,0.6046357154846191,7.042290687561035,0.8786718845367432
1709,7.991465091705322,0.6061461567878723,7.093555450439453,0.8981979489326477
1710,8.063416481018066,0.6076176762580872,7.145617961883545,0.9179493188858032
1711,8.137062072753906,0.6090056300163269,7.198699951171875,0.9384252429008484
1712,8.211715698242188,0.6103932857513428,7.252430438995361,0.9589775800704956
1713,8.287294387817383,0.6117449998855591,7.307140827178955,0.9800481200218201
1714,8.364437103271484,0.61301189661026,7.362993240356445,1.001660704612732
1715,8.442513465881348,0.6143094301223755,7.419314861297607,1.023626685142517
1716,8.522711753845215,0.6154375672340393,7.477283954620361,1.046089768409729
1717,8.604144096374512,0.6166220903396606,7.535435676574707,1.0688986778259277
1718,8.68741226196289,0.6176734566688538,7.595088481903076,1.0921499729156494
1719,8.772049903869629,0.6186678409576416,7.655816078186035,1.116070032119751
1720,8.85764217376709,0.6196480989456177,7.717465877532959,1.1403765678405762
1721,8.94517993927002,0.620556652545929,7.780140399932861,1.1650021076202393
1722,9.034537315368652,0.6213571429252625,7.844174861907959,1.190319538116455
1723,9.12543773651123,0.6221231818199158,7.909111976623535,1.2163293361663818
1724,9.218116760253906,0.6228129267692566,7.975235462188721,1.2425705194473267
1725,9.312763214111328,0.6233458518981934,8.043084144592285,1.269592523574829
1726,9.408844947814941,0.6238744258880615,8.111711502075195,1.29710853099823
1727,9.507160186767578,0.6242698431015015,8.181829452514648,1.325215458869934
1728,9.607076644897461,0.6245774626731873,8.253337860107422,1.3538609743118286
1729,9.709232330322266,0.6248185634613037,8.325849533081055,1.3832693099975586
1730,9.813236236572266,0.624958872795105,8.399802207946777,1.413081407546997
1731,9.919204711914062,0.624953031539917,8.475476264953613,1.4437979459762573
1732,10.027347564697266,0.6248315572738647,8.5526123046875,1.4749276638031006
1733,10.137845039367676,0.624584972858429,8.631216049194336,1.5067063570022583
1734,10.250633239746094,0.6242080926895142,8.711339950561523,1.5394798517227173
1735,10.36561393737793,0.6237374544143677,8.792802810668945,1.5726189613342285
1736,10.483179092407227,0.6230416893959045,8.876382827758789,1.6066862344741821
1737,10.602689743041992,0.6222817301750183,8.961188316345215,1.6413452625274658
1738,10.725061416625977,0.62131667137146,9.047873497009277,1.6770836114883423
1739,10.84962272644043,0.6201909184455872,9.136394500732422,1.7132697105407715
1740,10.976960182189941,0.6188856959342957,9.226672172546387,1.7501994371414185
1741,11.106658935546875,0.6174392700195312,9.318572998046875,1.7879818677902222
1742,11.239726066589355,0.6157052516937256,9.41274356842041,1.8266847133636475
1743,11.375077247619629,0.6138127446174622,9.508678436279297,1.8661104440689087
1744,11.513002395629883,0.6117055416107178,9.606623649597168,1.9065579175949097
1745,11.6541748046875,0.6093633770942688,9.706500053405762,1.9477472305297852
1746,11.798563957214355,0.6067530512809753,9.808502197265625,1.9898091554641724
1747,11.945603370666504,0.6039136648178101,9.9125337600708,2.032682418823242
1748,12.095454216003418,0.6008070707321167,10.018743515014648,2.0765366554260254
1749,12.24850845336914,0.5973928570747375,10.127220153808594,2.1213841438293457
1750,12.40449333190918,0.5937034487724304,10.237821578979492,2.166961431503296
1751,12.564255714416504,0.5896677374839783,10.350650787353516,2.2135403156280518
1752,12.727031707763672,0.5853002667427063,10.465784072875977,2.2611372470855713
1753,12.892806053161621,0.5805402994155884,10.583512306213379,2.3096110820770264
1754,13.061789512634277,0.575499415397644,10.703068733215332,2.3589067459106445
1755,13.234390258789062,0.5699970126152039,10.825236320495605,2.409271240234375
1756,13.409980773925781,0.564131498336792,10.949562072753906,2.4605491161346436
1757,13.5889253616333,0.5577643513679504,11.07657527923584,2.512650728225708
1758,13.771230697631836,0.5509863495826721,11.205655097961426,2.565699815750122
1759,13.95683765411377,0.5437288284301758,11.3370361328125,2.619593381881714
1760,14.145125389099121,0.5359726548194885,11.47081184387207,2.674476385116577
1761,14.337118148803711,0.5276591777801514,11.606836318969727,2.729994773864746
1762,14.53187084197998,0.5187687873840332,11.745223045349121,2.7864770889282227
1763,14.729214668273926,0.5093482732772827,11.885600090026855,2.843709707260132
1764,14.929692268371582,0.4992671608924866,12.028178215026855,2.901590347290039
1765,15.132783889770508,0.48854824900627136,12.172717094421387,2.9601385593414307
1766,15.338433265686035,0.47713786363601685,12.319157600402832,3.019381523132324
1767,15.54605770111084,0.4650858938694,12.467162132263184,3.078927993774414
1768,15.755501747131348,0.4523126482963562,12.616721153259277,3.139058828353882
1769,15.966985702514648,0.43878623843193054,12.76756477355957,3.1993441581726074
1770,16.1794490814209,0.4244595170021057,12.919713973999023,3.259819269180298
1771,16.393125534057617,0.40929895639419556,13.072800636291504,3.320298910140991
1772,16.60719871520996,0.3933347761631012,13.2264404296875,3.3808233737945557
1773,16.82158851623535,0.3765132427215576,13.380370140075684,3.4410228729248047
1774,17.035240173339844,0.35881760716438293,13.534357070922852,3.500885009765625
1775,17.248210906982422,0.34022459387779236,13.687914848327637,3.5601494312286377
1776,17.459457397460938,0.320665180683136,13.84090805053711,3.618455410003662
1777,17.6685791015625,0.30020684003829956,13.992594718933105,3.6761720180511475
1778,17.874835968017578,0.27889928221702576,14.142500877380371,3.732231378555298
1779,18.077604293823242,0.2565692961215973,14.290461540222168,3.786982774734497
1780,18.27638053894043,0.2332741916179657,14.435770034790039,3.8402841091156006
1781,18.4694881439209,0.20910897850990295,14.578008651733398,3.8914601802825928
1782,18.657033920288086,0.18402820825576782,14.716554641723633,3.9403693675994873
1783,18.838029861450195,0.15802283585071564,14.850931167602539,3.9870235919952393
1784,19.011306762695312,0.131180077791214,14.980646133422852,4.030842304229736
1785,19.176944732666016,0.10353098809719086,15.104997634887695,4.071681976318359
1786,19.333208084106445,0.07503329962491989,15.22375202178955,4.109405994415283
1787,19.479751586914062,0.04582146555185318,15.336289405822754,4.143678665161133
1788,19.616239547729492,0.015948796644806862,15.442118644714355,4.174298286437988
1789,19.741825103759766,-0.014520309865474701,15.540902137756348,4.201022624969482
1790,19.855865478515625,-0.045607198029756546,15.63228702545166,4.2238006591796875
1791,19.958023071289062,-0.07715240865945816,15.715994834899902,4.242181777954102
1792,20.04803466796875,-0.10902117937803268,15.791754722595215,4.256750106811523
1793,20.126157760620117,-0.14130881428718567,15.859234809875488,4.266726493835449
1794,20.190881729125977,-0.17378666996955872,15.918720245361328,4.272260665893555
1795,20.24334716796875,-0.2064315229654312,15.969863891601562,4.2734293937683105
1796,20.28287124633789,-0.2391313761472702,16.012895584106445,4.270321369171143
1797,20.310060501098633,-0.2718055546283722,16.047866821289062,4.262619972229004
1798,20.325458526611328,-0.30443134903907776,16.074766159057617,4.250545978546143
1799,20.328420639038086,-0.33690547943115234,16.09406852722168,4.234355926513672
1800,20.320068359375,-0.36912497878074646,16.105955123901367,4.214219093322754
1801,20.301034927368164,-0.40099725127220154,16.110809326171875,4.190182685852051
1802,20.27117919921875,-0.43257129192352295,16.10887336730957,4.162322998046875
1803,20.23164939880371,-0.4636513888835907,16.100807189941406,4.130814075469971
1804,20.18287467956543,-0.49432411789894104,16.086641311645508,4.096126556396484
1805,20.125490188598633,-0.5244373083114624,16.067197799682617,4.05810022354126
1806,20.06005096435547,-0.5540319681167603,16.042659759521484,4.017186164855957
1807,19.987289428710938,-0.5830219388008118,16.01365089416504,3.973585844039917
1808,19.908079147338867,-0.6114064455032349,15.980473518371582,3.9275691509246826
1809,19.822345733642578,-0.6391674280166626,15.943763732910156,3.8790109157562256
1810,19.7321720123291,-0.6662526726722717,15.903717041015625,3.8282992839813232
1811,19.63666534423828,-0.692687451839447,15.860981941223145,3.7756459712982178
1812,19.537227630615234,-0.7184566855430603,15.815764427185059,3.7214438915252686
1813,19.43427848815918,-0.7435579895973206,15.768482208251953,3.6657118797302246
1814,19.32806968688965,-0.7679930925369263,15.71955680847168,3.6085636615753174
1815,19.21976089477539,-0.7917345762252808,15.66930103302002,3.550178050994873
1816,19.108640670776367,-0.8148460984230042,15.61802864074707,3.49092435836792
1817,18.996488571166992,-0.8372990489006042,15.565871238708496,3.4305999279022217
1818,18.882966995239258,-0.8591088652610779,15.5132417678833,3.369652271270752
1819,18.768428802490234,-0.8802428841590881,15.460655212402344,3.3079988956451416
1820,18.653797149658203,-0.900774359703064,15.40780258178711,3.2460148334503174
1821,18.538602828979492,-0.9207255244255066,15.355081558227539,3.1834166049957275
1822,18.42322540283203,-0.9400642514228821,15.302903175354004,3.1205928325653076
1823,18.30870819091797,-0.958861768245697,15.2508544921875,3.057419776916504
1824,18.194364547729492,-0.9770373702049255,15.19994831085205,2.9944422245025635
1825,18.080921173095703,-0.9946647882461548,15.149827003479004,2.9310524463653564
1826,17.968347549438477,-1.0118027925491333,15.100357055664062,2.867741584777832
1827,17.85652732849121,-1.0284706354141235,15.051702499389648,2.8046023845672607
1828,17.746044158935547,-1.0445961952209473,15.00442123413086,2.741503953933716
1829,17.637474060058594,-1.0601496696472168,14.958756446838379,2.6786763668060303
1830,17.529767990112305,-1.0753620862960815,14.913665771484375,2.615811586380005
1831,17.423608779907227,-1.090080738067627,14.870177268981934,2.553427219390869
1832,17.319454193115234,-1.1043155193328857,14.828263282775879,2.4913580417633057
1833,17.217012405395508,-1.1181645393371582,14.787487030029297,2.429529905319214
1834,17.116397857666016,-1.1315639019012451,14.748446464538574,2.3680713176727295
1835,17.017244338989258,-1.1446088552474976,14.710708618164062,2.3068344593048096
1836,16.919878005981445,-1.1573446989059448,14.673935890197754,2.245929479598999
1837,16.824846267700195,-1.1696265935897827,14.639180183410645,2.1854400634765625
1838,16.731876373291016,-1.1815108060836792,14.606231689453125,2.1255412101745605
1839,16.640596389770508,-1.1930880546569824,14.574645042419434,2.065793514251709
1840,16.551372528076172,-1.2043265104293823,14.544614791870117,2.006749391555786
1841,16.46359634399414,-1.2152849435806274,14.51602840423584,1.9478654861450195
1842,16.378589630126953,-1.2258433103561401,14.489428520202637,1.8894890546798706
1843,16.295738220214844,-1.2361277341842651,14.464104652404785,1.831499457359314
1844,16.214168548583984,-1.2461650371551514,14.440269470214844,1.7739856243133545
1845,16.135150909423828,-1.255836009979248,14.418484687805176,1.7170065641403198
1846,16.057804107666016,-1.265337347984314,14.397516250610352,1.6602156162261963
1847,15.982686042785645,-1.2744967937469482,14.378669738769531,1.604026436805725
1848,15.909646034240723,-1.2833927869796753,14.361396789550781,1.5483587980270386
1849,15.838639259338379,-1.292034387588501,14.345710754394531,1.4928048849105835
1850,15.769455909729004,-1.3004326820373535,14.331644058227539,1.4379931688308716
1851,15.702061653137207,-1.3086594343185425,14.318629264831543,1.3834128379821777
1852,15.637340545654297,-1.3165085315704346,14.30817699432373,1.3294157981872559
1853,15.573957443237305,-1.324272632598877,14.298283576965332,1.2757604122161865
1854,15.51294994354248,-1.3317111730575562,14.290730476379395,1.2223442792892456
1855,15.453557014465332,-1.3390048742294312,14.284233093261719,1.169434666633606
1856,15.396045684814453,-1.346089482307434,14.279309272766113,1.1167374849319458
1857,15.340685844421387,-1.3529638051986694,14.275869369506836,1.0646032094955444
1858,15.287178039550781,-1.3596088886260986,14.274290084838867,1.0128190517425537
1859,15.235255241394043,-1.366097092628479,14.2740478515625,0.9613796472549438
1860,15.185585975646973,-1.3723547458648682,14.275545120239258,0.9102558493614197
1861,15.13789176940918,-1.3784533739089966,14.2782564163208,0.8595041632652283
1862,15.092085838317871,-1.3843387365341187,14.282796859741211,0.809163510799408
1863,15.047836303710938,-1.390053391456604,14.288959503173828,0.7590426206588745
1864,15.005473136901855,-1.3956217765808105,14.296353340148926,0.7090712785720825
1865,14.96484088897705,-1.4010207653045654,14.305315017700195,0.6596461534500122
1866,14.926095962524414,-1.406248927116394,14.315805435180664,0.6105090975761414
1867,14.889398574829102,-1.41130530834198,14.327774047851562,0.5613639950752258
1868,14.85439682006836,-1.4162018299102783,14.341322898864746,0.5126662850379944
1869,14.821202278137207,-1.4208797216415405,14.357029914855957,0.46449723839759827
1870,14.789880752563477,-1.4254554510116577,14.373669624328613,0.4162804186344147
1871,14.760368347167969,-1.4298748970031738,14.391870498657227,0.36825281381607056
1872,14.732613563537598,-1.4341129064559937,14.411958694458008,0.3207128345966339
1873,14.70655632019043,-1.438230276107788,14.433353424072266,0.27313828468322754
1874,14.682395935058594,-1.4421941041946411,14.456304550170898,0.22582553327083588
1875,14.659810066223145,-1.4460159540176392,14.480923652648926,0.17891031503677368
1876,14.639426231384277,-1.4496216773986816,14.507645606994629,0.13186927139759064
1877,14.62064266204834,-1.4531433582305908,14.53543472290039,0.08515570312738419
1878,14.603582382202148,-1.4565221071243286,14.564888954162598,0.03871438652276993
1879,14.58813190460205,-1.4597630500793457,14.596060752868652,-0.00759852584451437
1880,14.57458782196045,-1.4628570079803467,14.628875732421875,-0.05396592244505882
1881,14.563496589660645,-1.4657596349716187,14.663479804992676,-0.10016027837991714
1882,14.5535888671875,-1.4685684442520142,14.699691772460938,-0.1462089717388153
1883,14.54539966583252,-1.4712387323379517,14.737678527832031,-0.19207771122455597
1884,14.539730072021484,-1.4737167358398438,14.777499198913574,-0.23789845407009125
1885,14.535375595092773,-1.4760981798171997,14.818967819213867,-0.28358951210975647
1886,14.532851219177246,-1.478338360786438,14.862251281738281,-0.32929617166519165
1887,14.532502174377441,-1.4803982973098755,14.907584190368652,-0.374997615814209
1888,14.534212112426758,-1.482309103012085,14.954717636108398,-0.42059391736984253
1889,14.53706169128418,-1.4841572046279907,15.003375053405762,-0.4662116765975952
1890,14.542459487915039,-1.4857842922210693,15.0543794631958,-0.5119753479957581
1891,14.549765586853027,-1.4872933626174927,15.107033729553223,-0.5573926568031311
1892,14.55892562866211,-1.488633394241333,15.162055969238281,-0.6029057502746582
1893,14.570167541503906,-1.489820957183838,15.219080924987793,-0.6486780047416687
1894,14.583269119262695,-1.4909164905548096,15.277578353881836,-0.6943529844284058
1895,14.598557472229004,-1.4918280839920044,15.338467597961426,-0.7401190996170044
1896,14.616070747375488,-1.4925528764724731,15.401798248291016,-0.785925567150116
1897,14.635493278503418,-1.4931286573410034,15.467419624328613,-0.8319119215011597
1898,14.65715217590332,-1.4935667514801025,15.53492546081543,-0.877906858921051
1899,14.680872917175293,-1.4938470125198364,15.604791641235352,-0.9240007400512695
1900,14.70695686340332,-1.4939297437667847,15.677303314208984,-0.9703125953674316
1901,14.735386848449707,-1.4938395023345947,15.752204895019531,-1.0167518854141235
1902,14.76612663269043,-1.4935755729675293,15.82958984375,-1.0633621215820312
1903,14.798980712890625,-1.493169903755188,15.90927791595459,-1.1101737022399902
1904,14.83447551727295,-1.4925464391708374,15.991814613342285,-1.1573745012283325
1905,14.872559547424316,-1.491729974746704,16.07697868347168,-1.2046515941619873
1906,14.912678718566895,-1.490768313407898,16.16476058959961,-1.25215482711792
1907,14.955716133117676,-1.4895683526992798,16.255563735961914,-1.2998095750808716
1908,15.001328468322754,-1.488166093826294,16.34930419921875,-1.3480740785598755
1909,15.049463272094727,-1.4865868091583252,16.44576072692871,-1.39650559425354
1910,15.10008430480957,-1.4848036766052246,16.54543685913086,-1.445279836654663
1911,15.154204368591309,-1.482714295387268,16.648685455322266,-1.4943645000457764
1912,15.210976600646973,-1.4804530143737793,16.754581451416016,-1.5440213680267334
1913,15.270539283752441,-1.4779359102249146,16.864341735839844,-1.5938369035720825
1914,15.333480834960938,-1.4751276969909668,16.977783203125,-1.6441689729690552
1915,15.399147033691406,-1.4721291065216064,17.094282150268555,-1.6950138807296753
1916,15.468842506408691,-1.4687438011169434,17.215194702148438,-1.7465416193008423
1917,13.967559814453125,-1.313176155090332,15.579721450805664,-1.600406289100647
1918,11.125267028808594,-1.0401142835617065,12.437807083129883,-1.3067548274993896
1919,8.708667755126953,-0.8106861710548401,9.75383186340332,-1.0433504581451416
1920,6.667074680328369,-0.6185342669487,7.477363586425781,-0.8105916976928711
1921,4.950979709625244,-0.4581948518753052,5.558505058288574,-0.6085754632949829
1922,3.5174994468688965,-0.3249678909778595,3.952023506164551,-0.43621203303337097
1923,2.327016592025757,-0.21481715142726898,2.615967035293579,-0.2907896935939789
1924,1.345630407333374,-0.12427417188882828,1.5137842893600464,-0.16960644721984863
1925,0.5436522364616394,-0.05036322772502899,0.6120894551277161,-0.07006686925888062
1926,-0.10580229759216309,0.0094677759334445,-0.11805074661970139,0.010776102542877197
1927,-0.6260363459587097,0.057407330721616745,-0.7028811573982239,0.07558682560920715
1928,-1.0370467901229858,0.09532728046178818,-1.1646734476089478,0.12662701308727264
1929,-1.3566814661026,0.12484338134527206,-1.5236881971359253,0.1659824699163437
1930,-1.5988579988479614,0.1473357379436493,-1.795362114906311,0.19583748281002045
1931,-1.7767024040222168,0.16396330296993256,-1.9947669506072998,0.21744540333747864
1932,-1.9020037651062012,0.17571376264095306,-2.1348350048065186,0.23224711418151855
1933,-1.983317494392395,0.18343041837215424,-2.2253527641296387,0.24163782596588135
1934,-2.027994394302368,0.18784241378307343,-2.2747104167938232,0.24655568599700928
1935,-2.0447120666503906,0.1895955204963684,-2.2930853366851807,0.24783797562122345
1936,-2.0386030673980713,0.18920539319515228,-2.2854368686676025,0.24654553830623627
1937,-2.0255343914031982,0.18826070427894592,-2.2702243328094482,0.2443072348833084
1938,-2.012572765350342,0.1873069405555725,-2.2549400329589844,0.2421283721923828
1939,-1.999956727027893,0.18630556762218475,-2.2398626804351807,0.23999804258346558
1940,-1.9871596097946167,0.18531031906604767,-2.224931001663208,0.23773714900016785
1941,-1.9742982387542725,0.1843140572309494,-2.2100563049316406,0.23564119637012482
1942,-1.9615100622177124,0.1833348274230957,-2.1947386264801025,0.23335374891757965
1943,-1.9490704536437988,0.18225951492786407,-2.1804521083831787,0.2311030477285385
1944,-1.9362905025482178,0.18127094209194183,-2.1651628017425537,0.22905899584293365
1945,-1.92340087890625,0.18026103079319,-2.1503825187683105,0.22668829560279846
1946,-1.9108282327651978,0.17922954261302948,-2.1354002952575684,0.22459590435028076
1947,-1.8981080055236816,0.17820192873477936,-2.120532989501953,0.22252227365970612
1948,-1.885303020477295,0.17717523872852325,-2.105738639831543,0.22035883367061615
1949,-1.872654914855957,0.17613619565963745,-2.0908572673797607,0.21822157502174377
1950,-1.860155701637268,0.1750606894493103,-2.0762996673583984,0.21622265875339508
1951,-1.8472703695297241,0.174050971865654,-2.06119441986084,0.2140618860721588
1952,-1.8345606327056885,0.17300380766391754,-2.0463900566101074,0.2120187133550644
1953,-1.8217790126800537,0.17195697128772736,-2.0316479206085205,0.20988087356090546
1954,-1.8091868162155151,0.17087142169475555,-2.0172083377838135,0.2078171670436859
1955,-1.7965078353881836,0.1698114573955536,-2.0024285316467285,0.2056962102651596
1956,-1.7835718393325806,0.16878540813922882,-1.987416386604309,0.20370309054851532
1957,-1.7708022594451904,0.16772258281707764,-1.972709059715271,0.20180059969425201
1958,-1.758491039276123,0.1666075885295868,-1.9581397771835327,0.1997298300266266
1959,-1.745502233505249,0.1655735969543457,-1.9431936740875244,0.19772596657276154
1960,-1.7326724529266357,0.1645035594701767,-1.9285626411437988,0.1956387609243393
1961,-1.7201783657073975,0.16338707506656647,-1.9141334295272827,0.1937883347272873
1962,-1.70736563205719,0.16233301162719727,-1.8991087675094604,0.19182884693145752
1963,-1.6947686672210693,0.16121532022953033,-1.884764313697815,0.18985603749752045
1964,-1.6817532777786255,0.16018922626972198,-1.8694761991500854,0.18803715705871582
1965,-1.6693034172058105,0.15903246402740479,-1.8554656505584717,0.18599039316177368
1966,-1.6564944982528687,0.15796411037445068,-1.8404741287231445,0.18413756787776947
1967,-1.6438292264938354,0.1568610817193985,-1.8258073329925537,0.18206089735031128
1968,-1.6312751770019531,0.1557237207889557,-1.811480164527893,0.18016518652439117
1969,-1.6185803413391113,0.15461498498916626,-1.796841025352478,0.1783195286989212
1970,-1.6054000854492188,0.1535765677690506,-1.7817103862762451,0.17655637860298157
1971,-1.5927695035934448,0.15243324637413025,-1.7674485445022583,0.1747007668018341
1972,-1.580089807510376,0.1513136625289917,-1.752825379371643,0.1728525310754776
1973,-1.5672849416732788,0.15019795298576355,-1.7382886409759521,0.17076316475868225
1974,-1.5547926425933838,0.14903758466243744,-1.7239607572555542,0.16898773610591888
1975,-1.5420165061950684,0.14791297912597656,-1.7094149589538574,0.16721554100513458
1976,-1.5290484428405762,0.14681988954544067,-1.6945894956588745,0.16543927788734436
1977,-1.516473412513733,0.14567884802818298,-1.6799389123916626,0.1635654717683792
1978,-1.503895878791809,0.14451013505458832,-1.6656804084777832,0.1618930548429489
1979,-1.4911596775054932,0.14337113499641418,-1.6511319875717163,0.1600971221923828
1980,-1.4785058498382568,0.14220063388347626,-1.6369380950927734,0.15813475847244263
1981,-1.4654428958892822,0.14112113416194916,-1.6218044757843018,0.1563854217529297
1982,-1.4528589248657227,0.13994000852108002,-1.607571005821228,0.15480130910873413
1983,-1.440156102180481,0.1387871652841568,-1.5930171012878418,0.15307511389255524
1984,-1.4273133277893066,0.13763836026191711,-1.5785577297210693,0.1512308120727539
1985,-1.4143459796905518,0.13651736080646515,-1.5637744665145874,0.1495714634656906
1986,-1.4020230770111084,0.13528680801391602,-1.5497983694076538,0.14788976311683655
1987,-1.3889304399490356,0.1341666579246521,-1.535098671913147,0.14607122540473938
1988,-1.3761506080627441,0.1330026537179947,-1.5206140279769897,0.14436064660549164
1989,-1.3630825281143188,0.13187482953071594,-1.505906343460083,0.1427263766527176
1990,-1.3505445718765259,0.13066887855529785,-1.4916720390319824,0.14097709953784943
1991,-1.3375533819198608,0.1295313537120819,-1.476924180984497,0.1394212692975998
1992,-1.3247613906860352,0.12835726141929626,-1.462460994720459,0.13750207424163818
1993,-1.3120149374008179,0.12717731297016144,-1.447962760925293,0.13601163029670715
1994,-1.2994078397750854,0.1259632557630539,-1.4337786436080933,0.13440106809139252
1995,-1.2866491079330444,0.12477892637252808,-1.419297456741333,0.1326970010995865
1996,-1.273792028427124,0.12359669804573059,-1.4048689603805542,0.13112623989582062
1997,-1.2608412504196167,0.1224161759018898,-1.3905048370361328,0.1294744610786438
1998,-1.2478464841842651,0.12126041203737259,-1.375773310661316,0.12779352068901062
1999,-1.2349064350128174,0.12007442861795425,-1.3613972663879395,0.12621401250362396
2000,-1.2225558757781982,0.11883144825696945,-1.347076416015625,0.12473264336585999
2001,-1.2097699642181396,0.11763264238834381,-1.3326196670532227,0.12308691442012787
2002,-1.1969633102416992,0.11640769988298416,-1.3185619115829468,0.12141995131969452
2003,-1.183955430984497,0.11523952335119247,-1.303840160369873,0.11990684270858765
2004,-1.1708247661590576,0.11407482624053955,-1.289193034172058,0.1183447539806366
2005,-1.1579924821853638,0.11286803334951401,-1.2747657299041748,0.11680707335472107
2006,-1.145234227180481,0.11163061112165451,-1.2606788873672485,0.11528567969799042
2007,-1.1326793432235718,0.11038050055503845,-1.2464773654937744,0.11385626345872879
2008,-1.1193183660507202,0.10924235731363297,-1.2315778732299805,0.11222777515649796
2009,-1.106650710105896,0.10799366235733032,-1.2174415588378906,0.11061348766088486
2010,-1.0935884714126587,0.10681082308292389,-1.2027570009231567,0.10921111702919006
2011,-1.0812489986419678,0.1055164560675621,-1.188821792602539,0.1076638475060463
2012,-1.0680792331695557,0.10433459281921387,-1.1741981506347656,0.10616832226514816
2013,-1.0551551580429077,0.10311394929885864,-1.1598230600357056,0.10456158220767975
2014,-1.0419565439224243,0.10192897170782089,-1.1452137231826782,0.10310345888137817
2015,-1.0293455123901367,0.10066337883472443,-1.131040096282959,0.10177826136350632
2016,-1.0164527893066406,0.09943456202745438,-1.1166460514068604,0.10020918399095535
2017,-1.0033752918243408,0.09823738038539886,-1.10197114944458,0.09864822775125504
2018,-0.9906388521194458,0.09697148203849792,-1.0878664255142212,0.09730894863605499
2019,-0.9775078296661377,0.09577267616987228,-1.0732194185256958,0.09576844424009323
2020,-0.9648322463035583,0.09449970722198486,-1.0590827465057373,0.09436821937561035
2021,-0.9518023729324341,0.09326712042093277,-1.0447559356689453,0.09289940446615219
2022,-0.9387916326522827,0.09203130006790161,-1.0304187536239624,0.09150291979312897
2023,-0.925939679145813,0.09078573435544968,-1.0159931182861328,0.09013985842466354
2024,-0.9129379391670227,0.08954581618309021,-1.0016528367996216,0.08858861774206161
2025,-0.900007963180542,0.08830028772354126,-0.9872680306434631,0.08718608319759369
2026,-0.8870155811309814,0.08705589920282364,-0.9729170203208923,0.08576290309429169
2027,-0.874235212802887,0.0857992172241211,-0.958448052406311,0.08442883938550949
2028,-0.861339271068573,0.08452140539884567,-0.9444199800491333,0.08310847729444504
2029,-0.8481748104095459,0.08330462872982025,-0.9297803044319153,0.08166828006505966
2030,-0.8352152705192566,0.0820513516664505,-0.9154028296470642,0.08032172918319702
2031,-0.8221722841262817,0.08080033957958221,-0.9010786414146423,0.07878710329532623
2032,-0.8089860081672668,0.0795789361000061,-0.8864428400993347,0.07755213230848312
2033,-0.7961878776550293,0.0782875344157219,-0.8723583817481995,0.07618735730648041
2034,-0.7833817005157471,0.0769953727722168,-0.8582740426063538,0.07471867650747299
2035,-0.7702025175094604,0.07576850801706314,-0.8436304330825806,0.07350533455610275
2036,-0.7572029829025269,0.07450734078884125,-0.8292723298072815,0.07193573564291
2037,-0.7442229986190796,0.07324256002902985,-0.814900279045105,0.07073729485273361
2038,-0.7312510013580322,0.07197651267051697,-0.8005194067955017,0.06938948482275009
2039,-0.717949390411377,0.07074933499097824,-0.785938024520874,0.06808021664619446
2040,-0.7051857709884644,0.06944526731967926,-0.7718230485916138,0.06670073419809341
2041,-0.6919657588005066,0.06818646937608719,-0.7575700879096985,0.06537535041570663
2042,-0.6789858937263489,0.06691446900367737,-0.7431913018226624,0.06404785811901093
2043,-0.6661110520362854,0.06563602387905121,-0.7287520170211792,0.06278187781572342
2044,-0.6530545353889465,0.06436507403850555,-0.7144099473953247,0.06140829250216484
2045,-0.6399863958358765,0.06309305876493454,-0.7000703811645508,0.06015339493751526
2046,-0.6269546747207642,0.06181798875331879,-0.6857150793075562,0.058777425438165665
2047,-0.6137324571609497,0.060550812631845474,-0.6714534759521484,0.05747582018375397
2048,-0.6008139848709106,0.0592677928507328,-0.6570305824279785,0.056169282644987106
2049,-0.5878088474273682,0.05798763036727905,-0.642649233341217,0.05492546036839485
2050,-0.5746167898178101,0.05671442300081253,-0.6283696293830872,0.05380596965551376
2051,-0.561608076095581,0.05543207377195358,-0.6139927506446838,0.05241162329912186
2052,-0.5486144423484802,0.05414777994155884,-0.5996013283729553,0.05113574117422104
2053,-0.5354086756706238,0.05287238582968712,-0.5853249430656433,0.04977240785956383
2054,-0.5224651098251343,0.05158311501145363,-0.5709046125411987,0.0485837422311306
2055,-0.5093969702720642,0.05029887706041336,-0.556551992893219,0.047255054116249084
2056,-0.49615901708602905,0.049021411687135696,-0.5422859191894531,0.04601850360631943
2057,-0.4832105338573456,0.0477290004491806,-0.527866542339325,0.044821497052907944
2058,-0.47006598114967346,0.046445392072200775,-0.5135482549667358,0.0434735007584095
2059,-0.4568202495574951,0.04519006609916687,-0.49890539050102234,0.042306430637836456
2060,-0.44378364086151123,0.04387418553233147,-0.4849032759666443,0.041009046137332916
2061,-0.4305317997932434,0.04261740669608116,-0.47026318311691284,0.0397384837269783
2062,-0.4177932143211365,0.04128517955541611,-0.4560996890068054,0.03861096501350403
2063,-0.40468737483024597,0.0399700291454792,-0.44212764501571655,0.03729337081313133
2064,-0.39148184657096863,0.03870835900306702,-0.4274592399597168,0.036045417189598083
2065,-0.3781048655509949,0.0374537818133831,-0.4128789007663727,0.03486538305878639
2066,-0.36546409130096436,0.036088887602090836,-0.3990327715873718,0.033662404865026474
2067,-0.3523136079311371,0.03479728475213051,-0.38470637798309326,0.03239184245467186
2068,-0.33904361724853516,0.03353554382920265,-0.370068222284317,0.031104858964681625
2069,-0.32590213418006897,0.03224187344312668,-0.3557335436344147,0.029918227344751358
2070,-0.3127720057964325,0.030947083607316017,-0.3413933515548706,0.028665071353316307
2071,-0.2998557388782501,0.029616614803671837,-0.3273123800754547,0.027433311566710472
2072,-0.28625059127807617,0.028392687439918518,-0.312471479177475,0.026226211339235306
2073,-0.27357977628707886,0.027024785056710243,-0.2986338138580322,0.024883991107344627
2074,-0.26057901978492737,0.025720825418829918,-0.2842186987400055,0.023892294615507126
2075,-0.24716421961784363,0.024461373686790466,-0.26964929699897766,0.022629881277680397
2076,-0.2339746057987213,0.023165956139564514,-0.2553359270095825,0.02130146324634552
2077,-0.22077935934066772,0.021870041266083717,-0.2410222887992859,0.020107867196202278
2078,-0.20766618847846985,0.020569827407598495,-0.2266642153263092,0.018922340124845505
2079,-0.19455170631408691,0.019269248470664024,-0.21230745315551758,0.01770620606839657
2080,-0.18156853318214417,0.01793680526316166,-0.19825461506843567,0.016582051292061806
2081,-0.16805262863636017,0.016704412177205086,-0.18336232006549835,0.015257636085152626
2082,-0.1551729291677475,0.01536677498370409,-0.16925029456615448,0.014089819975197315
2083,-0.14194899797439575,0.014069854281842709,-0.15494844317436218,0.01286388374865055
2084,-0.12887690961360931,0.012765221297740936,-0.1405632346868515,0.011807894334197044
2085,-0.1155259981751442,0.011498595587909222,-0.12595689296722412,0.010539224371314049
2086,-0.102604441344738,0.010161736980080605,-0.11186463385820389,0.009387395344674587
2087,-0.08965004980564117,0.00882619246840477,-0.09778852760791779,0.008251671679317951
2088,-0.07639171183109283,0.007529900874942541,-0.0835099145770073,0.0067895203828811646
2089,-0.06301271915435791,0.006263597868382931,-0.06891181319952011,0.005687594413757324
2090,-0.049957070499658585,0.004957083612680435,-0.05452069640159607,0.004497171379625797
2091,-0.03693568706512451,0.0036490405909717083,-0.04010714590549469,0.0033425665460526943
2092,-0.023956550285220146,0.0023137545213103294,-0.026044009253382683,0.0022567559499293566
2093,-0.01059332862496376,0.0010467030806466937,-0.011440977454185486,0.0009566117660142481
2094,0.002672902075573802,-0.0002499690162949264,0.002839629305526614,-0.0003282068355474621
2095,0.015534660778939724,-0.0015910888323560357,0.0169630516320467,-0.0013489103876054287
2096,0.02896955981850624,-0.0028545246459543705,0.031528715044260025,-0.0027237492613494396
2097,0.04201814532279968,-0.004161551129072905,0.04592788219451904,-0.003812578972429037
2098,0.055171068757772446,-0.005463372450321913,0.06026860699057579,-0.005056867841631174
2099,0.06840319186449051,-0.006761263590306044,0.07457214593887329,-0.006237201392650604
2100,0.0816262811422348,-0.008060024119913578,0.08887246996164322,-0.007393320556730032
2101,0.09475798904895782,-0.009362168610095978,0.10322513431310654,-0.008675599470734596
2102,0.10790165513753891,-0.010663943365216255,0.11757197231054306,-0.009814733639359474
2103,0.12062811106443405,-0.012010020203888416,0.13176290690898895,-0.010966348461806774
2104,0.13412220776081085,-0.013269475661218166,0.146296888589859,-0.01227957010269165
2105,0.14721205830574036,-0.014573298394680023,0.16066943109035492,-0.013344721868634224
2106,0.16038987040519714,-0.015872057527303696,0.17499305307865143,-0.0146618178114295
2107,0.1734609156847,-0.017175953835248947,0.18937106430530548,-0.015845144167542458
2108,0.1863943487405777,-0.018510611727833748,0.20345383882522583,-0.01698623038828373
2109,0.1997186839580536,-0.01977657526731491,0.21807308495044708,-0.018225502222776413
2110,0.2129281610250473,-0.021072810515761375,0.2323775291442871,-0.019381143152713776
2111,0.2260485142469406,-0.02237214334309101,0.2467290759086609,-0.020711222663521767
2112,0.23923715949058533,-0.023668119683861732,0.26104414463043213,-0.021935004740953445
2113,0.25238925218582153,-0.024965569376945496,0.2753804624080658,-0.02300872653722763
2114,0.26556313037872314,-0.026261094957590103,0.28970006108283997,-0.02429281920194626
2115,0.27841702103614807,-0.02759651094675064,0.3038139343261719,-0.025410333648324013
2116,0.2919115126132965,-0.028825487941503525,0.3187098205089569,-0.026829244568943977
2117,0.3048529624938965,-0.03015575185418129,0.3327793478965759,-0.02781732939183712
2118,0.3179217576980591,-0.03145357593894005,0.3471514880657196,-0.029138287529349327
2119,0.3309708535671234,-0.032776735723018646,0.361156702041626,-0.030473988503217697
2120,0.34427356719970703,-0.034037552773952484,0.37577828764915466,-0.03166850656270981
2121,0.3573579490184784,-0.03533315658569336,0.3901418447494507,-0.03272634372115135
2122,0.3701556324958801,-0.036666013300418854,0.40427568554878235,-0.03403869643807411
2123,0.3836345076560974,-0.03791617602109909,0.4187997579574585,-0.03528552129864693
2124,0.3967546224594116,-0.0392073355615139,0.4331362247467041,-0.0365682877600193
2125,0.4098319411277771,-0.040499649941921234,0.44749441742897034,-0.037843137979507446
2126,0.42288991808891296,-0.041792262345552444,0.46186408400535583,-0.03898437321186066
2127,0.43599793314933777,-0.04308139160275459,0.4762030243873596,-0.04025820270180702
2128,0.44900110363960266,-0.04437451437115669,0.4905957281589508,-0.041547272354364395
2129,0.4620550274848938,-0.04566449299454689,0.5049630999565125,-0.042711131274700165
2130,0.4749608337879181,-0.04698532074689865,0.5190317034721375,-0.04392969608306885
2131,0.48837167024612427,-0.04823113605380058,0.5335772633552551,-0.0453171581029892
2132,0.5011102557182312,-0.04955800622701645,0.5477340817451477,-0.046420931816101074
2133,0.5144268870353699,-0.0508064366877079,0.5623254776000977,-0.04774625226855278
2134,0.5277043581008911,-0.05208007991313934,0.576563835144043,-0.04916234686970711
2135,0.5407068133354187,-0.05336614325642586,0.5909485816955566,-0.050362735986709595
2136,0.5538306832313538,-0.05464504659175873,0.605265200138092,-0.05169619992375374
2137,0.5669776201248169,-0.05592186376452446,0.6195698976516724,-0.05293186008930206
2138,0.5798899531364441,-0.05720864236354828,0.6339976787567139,-0.05415229871869087
2139,0.5926932692527771,-0.05852450802922249,0.6481037139892578,-0.05535475164651871
2140,0.606195330619812,-0.05973067879676819,0.6629666686058044,-0.05666704848408699
2141,0.6189836859703064,-0.06104424223303795,0.6770767569541931,-0.05803608149290085
2142,0.6318161487579346,-0.0623546801507473,0.691165566444397,-0.05923828110098839
2143,0.6453087329864502,-0.06355731934309006,0.7060243487358093,-0.06065409630537033
2144,0.658136248588562,-0.06486519426107407,0.7201110124588013,-0.06192021071910858
2145,0.6711084842681885,-0.06613972783088684,0.7344934344291687,-0.06327199190855026
2146,0.6841086745262146,-0.06743663549423218,0.7484806776046753,-0.0645918920636177
2147,0.6973200440406799,-0.06867187470197678,0.7631112337112427,-0.06593400985002518
2148,0.7101980447769165,-0.06994669139385223,0.7775412797927856,-0.06721138954162598
2149,0.7232931852340698,-0.07120971381664276,0.7918528318405151,-0.0684773400425911
2150,0.7363671064376831,-0.07247167080640793,0.8061686754226685,-0.0700218677520752
2151,0.7492597699165344,-0.07374130934476852,0.8205859661102295,-0.07127547264099121
2152,0.7624530792236328,-0.0749698281288147,0.8352159261703491,-0.0726548433303833
2153,0.7750305533409119,-0.07630107551813126,0.8490448594093323,-0.07391475141048431
2154,0.7883442640304565,-0.07752043753862381,0.8636054396629333,-0.07536661624908447
2155,0.8014898300170898,-0.07874638587236404,0.8782573342323303,-0.07671813666820526
2156,0.8142674565315247,-0.08003810048103333,0.8923507332801819,-0.0780317634344101
2157,0.8273582458496094,-0.08128798007965088,0.9066488146781921,-0.07946978509426117
2158,0.84032142162323,-0.08254237473011017,0.9210168719291687,-0.08082401752471924
2159,0.8532091379165649,-0.08379869163036346,0.9354252219200134,-0.08214815706014633
2160,0.8661791086196899,-0.08504901826381683,0.9497842192649841,-0.08360907435417175
2161,0.8791618347167969,-0.08629699796438217,0.9641361832618713,-0.08502259105443954
2162,0.8921715021133423,-0.08754202723503113,0.978469967842102,-0.0864129289984703
2163,0.9050547480583191,-0.088791124522686,0.9928795695304871,-0.08769652247428894
2164,0.9180704355239868,-0.0900316908955574,1.0072076320648193,-0.08920908719301224
2165,0.9310284852981567,-0.0912732183933258,1.0215684175491333,-0.09064136445522308
2166,0.944082498550415,-0.09248338639736176,1.0362565517425537,-0.0920485183596611
2167,0.9568209052085876,-0.0937565416097641,1.0503557920455933,-0.09343169629573822
2168,0.9698551893234253,-0.09498816728591919,1.0646690130233765,-0.0949946865439415
2169,0.9829369783401489,-0.09619104117155075,1.0793393850326538,-0.09637826681137085
2170,0.9955411553382874,-0.0974644273519516,1.0935078859329224,-0.09785857051610947
2171,1.00851309299469,-0.0986933708190918,1.1078581809997559,-0.09917654097080231
2172,1.02144455909729,-0.0999215692281723,1.1222180128097534,-0.1008930429816246
2173,1.0346081256866455,-0.1011119857430458,1.1368463039398193,-0.10219192504882812
2174,1.0472067594528198,-0.10237720608711243,1.151015281677246,-0.10365945100784302
2175,1.060121774673462,-0.10359999537467957,1.1653915643692017,-0.10512673109769821
2176,1.0730682611465454,-0.10481878370046616,1.1797516345977783,-0.1066378727555275
2177,1.085915446281433,-0.10604021698236465,1.1941577196121216,-0.10830244421958923
2178,1.098844289779663,-0.10725544393062592,1.2085230350494385,-0.1098567470908165
2179,1.1116489171981812,-0.10847484320402145,1.222962737083435,-0.11120612174272537
2180,1.1245590448379517,-0.10968635231256485,1.2373390197753906,-0.11275110393762589
2181,1.1374132633209229,-0.11089827865362167,1.2517473697662354,-0.11428270488977432
2182,1.1504769325256348,-0.11207258701324463,1.266419768333435,-0.11592693626880646
2183,1.1629339456558228,-0.11334885656833649,1.280287504196167,-0.11733172088861465
2184,1.1760060787200928,-0.11451781541109085,1.2949557304382324,-0.11900994926691055
2185,1.188794493675232,-0.11572349071502686,1.3093998432159424,-0.1205492913722992
2186,1.2017072439193726,-0.1169203445315361,1.3237777948379517,-0.12208741158246994
2187,1.2145309448242188,-0.11811903864145279,1.338205099105835,-0.12367185950279236
2188,1.22726571559906,-0.11931932717561722,1.3526852130889893,-0.12531596422195435
2189,1.2403415441513062,-0.1205005943775177,1.3669698238372803,-0.12688179314136505
2190,1.253021240234375,-0.12169887125492096,1.3814839124679565,-0.12841308116912842
2191,1.265808343887329,-0.12288881093263626,1.3959382772445679,-0.1300635188817978
2192,1.278813362121582,-0.12404049932956696,1.4106509685516357,-0.13185089826583862
2193,1.2916169166564941,-0.1252247542142868,1.4250959157943726,-0.13344068825244904
2194,1.304226279258728,-0.12644101679325104,1.4392695426940918,-0.13487160205841064
2195,1.3170487880706787,-0.12761826813220978,1.4537078142166138,-0.136636421084404
2196,1.3300336599349976,-0.1287604570388794,1.4684406518936157,-0.1383238434791565
2197,1.342864990234375,-0.1299317330121994,1.4828768968582153,-0.1401197463274002
2198,1.355438470840454,-0.13113854825496674,1.4970861673355103,-0.14152054488658905
2199,1.3684276342391968,-0.13227199018001556,1.5118224620819092,-0.14329154789447784
2200,1.38093900680542,-0.13347576558589935,1.5260664224624634,-0.14495603740215302
2201,1.393776297569275,-0.1346355527639389,1.5405073165893555,-0.14676953852176666
2202,1.406736969947815,-0.1357620507478714,1.5552679300308228,-0.14850236475467682
2203,1.4193074703216553,-0.13695430755615234,1.5694886445999146,-0.15011127293109894
2204,1.432053565979004,-0.13811002671718597,1.5839989185333252,-0.15180684626102448
2205,1.444946050643921,-0.13925528526306152,1.5984220504760742,-0.15361152589321136
2206,1.4577512741088867,-0.14037752151489258,1.6132889986038208,-0.15544506907463074
2207,1.470392107963562,-0.141554057598114,1.6274805068969727,-0.1571834683418274
2208,1.4833775758743286,-0.1426612138748169,1.6422539949417114,-0.1589195281267166
2209,1.495873212814331,-0.14383895695209503,1.6565338373184204,-0.16078394651412964
2210,1.5086214542388916,-0.14497658610343933,1.671066403388977,-0.16247712075710297
2211,1.5213419198989868,-0.14611218869686127,1.6856176853179932,-0.1643143892288208
2212,1.534271478652954,-0.14720958471298218,1.7004467248916626,-0.16607463359832764
2213,1.5470833778381348,-0.14833413064479828,1.7149592638015747,-0.1678582727909088
2214,1.559486746788025,-0.14950081706047058,1.7293182611465454,-0.16982027888298035
2215,1.572630524635315,-0.1505776196718216,1.7440327405929565,-0.17163828015327454
2216,1.5852705240249634,-0.15170125663280487,1.758659839630127,-0.17355644702911377
2217,1.5978314876556396,-0.1528262048959732,1.773348093032837,-0.17524851858615875
2218,1.6103917360305786,-0.15397164225578308,1.7876408100128174,-0.1772352010011673
2219,1.6235008239746094,-0.15503688156604767,1.802405834197998,-0.17905619740486145
2220,1.635947346687317,-0.15618199110031128,1.8167784214019775,-0.180985227227211
2221,1.6488628387451172,-0.15725013613700867,1.8316720724105835,-0.18297959864139557
2222,1.6613460779190063,-0.15838652849197388,1.8460450172424316,-0.18483370542526245
2223,1.6742966175079346,-0.15944652259349823,1.860936164855957,-0.186675563454628
2224,1.6868867874145508,-0.16054610908031464,1.875657320022583,-0.1885743886232376
2225,1.6995489597320557,-0.16163812577724457,1.8903435468673706,-0.19056737422943115
2226,1.7123066186904907,-0.1627219319343567,1.9049763679504395,-0.19254450500011444
2227,1.724830985069275,-0.16383865475654602,1.9193612337112427,-0.1945836991071701
2228,1.737788438796997,-0.1648803949356079,1.9342936277389526,-0.19655650854110718
2229,1.7504417896270752,-0.16595865786075592,1.949027419090271,-0.19855542480945587
2230,1.7628669738769531,-0.1670706570148468,1.9635053873062134,-0.2004208117723465
2231,1.7757478952407837,-0.16812948882579803,1.9781070947647095,-0.20262743532657623
2232,1.4306055307388306,-0.13503161072731018,1.5936533212661743,-0.16204538941383362
2233,1.134678840637207,-0.10717681795358658,1.264685869216919,-0.12945596873760223
2234,0.8864344358444214,-0.08371627330780029,0.9882790446281433,-0.10157886892557144
2235,0.6771061420440674,-0.0640091821551323,0.7550975680351257,-0.07784932851791382
2236,0.5026545524597168,-0.04748919606208801,0.5606768727302551,-0.05804591253399849
2237,0.35662198066711426,-0.03369550406932831,0.39763981103897095,-0.041368063539266586
2238,0.2350812703371048,-0.022241244092583656,0.26215633749961853,-0.02728724665939808
2239,0.13455040752887726,-0.01279119960963726,0.1503368616104126,-0.01569545827805996
2240,0.052598852664232254,-0.0050541129894554615,0.05873778462409973,-0.006144444923847914
2241,-0.013479878194630146,0.0012249016435816884,-0.014916363172233105,0.001351610873825848
2242,-0.06638123840093613,0.0062653059139847755,-0.07393699884414673,0.007465284783393145
2243,-0.10872720927000046,0.01025695726275444,-0.12120972573757172,0.012285677716135979
2244,-0.14184622466564178,0.013371126726269722,-0.15809020400047302,0.016245517879724503
2245,-0.16697655618190765,0.01574905402958393,-0.18623709678649902,0.019029993563890457
2246,-0.18511569499969482,0.017515145242214203,-0.2064576894044876,0.02126704901456833
2247,-0.198756605386734,0.018775247037410736,-0.22136861085891724,0.02283794991672039
2248,-0.20869407057762146,0.019612757489085197,-0.232650026679039,0.023911191150546074
2249,-0.21348175406455994,0.020111292600631714,-0.23786044120788574,0.024513309821486473
2250,-0.21555162966251373,0.020323442295193672,-0.2403571456670761,0.024801835417747498
2251,-0.2148027867078781,0.02030681073665619,-0.23947039246559143,0.0245186947286129
2252,-0.21259823441505432,0.020100761204957962,-0.23703612387180328,0.024443848058581352
2253,-0.2089545875787735,0.019745972007513046,-0.23283472657203674,0.02399599179625511
2254,-0.20389212667942047,0.019275132566690445,-0.22725346684455872,0.02333853580057621
2255,-0.1986122727394104,0.018711039796471596,-0.2212604284286499,0.02276832051575184
2256,-0.19129270315170288,0.01808757148683071,-0.21321891248226166,0.021926380693912506
2257,-0.18415862321853638,0.01741177588701248,-0.20521563291549683,0.02114330604672432
2258,-0.17673857510089874,0.016703777015209198,-0.19685733318328857,0.02023913897573948
2259,-0.16887812316417694,0.015976445749402046,-0.1882396936416626,0.01937924139201641
2260,-0.16103293001651764,0.015240184962749481,-0.1795548051595688,0.018306974321603775
2261,-0.15348173677921295,0.014502955600619316,-0.17084071040153503,0.017597196623682976
2262,-0.14615803956985474,0.013770087622106075,-0.16287237405776978,0.016775675117969513
2263,-0.13851052522659302,0.013052301481366158,-0.1543964296579361,0.015915820375084877
2264,-0.1306580752134323,0.012353111989796162,-0.14544086158275604,0.014982407912611961
2265,-0.12386709451675415,0.011668574996292591,-0.13805878162384033,0.014231286011636257
2266,-0.11627465486526489,0.011012489907443523,-0.12963040173053741,0.013246341608464718
2267,-0.10957641899585724,0.010376968421041965,-0.12213970720767975,0.012511608190834522
2268,-0.10326260328292847,0.009766309522092342,-0.11492152512073517,0.01175360381603241
2269,-0.09763407707214355,0.009179100394248962,-0.10867642611265182,0.011129241436719894
2270,-0.09112418442964554,0.008625227957963943,-0.10145923495292664,0.010440235957503319
2271,-0.08545340597629547,0.008094657212495804,-0.09521172195672989,0.009846774861216545
2272,-0.07999590784311295,0.007590384688228369,-0.08925354480743408,0.009142598137259483
2273,-0.07453464716672897,0.007114984095096588,-0.08297368884086609,0.008555923588573933
2274,-0.07016951590776443,0.0066592032089829445,-0.07826875150203705,0.007978805340826511
2275,-0.06626760959625244,0.0062277656979858875,-0.07386614382266998,0.007543034851551056
2276,-0.06083904951810837,0.0058308676816523075,-0.0678214281797409,0.00702093867585063
2277,-0.057922229170799255,0.005443240515887737,-0.06462940573692322,0.006614236161112785
2278,-0.05350503325462341,0.00508870417252183,-0.059753213077783585,0.006149872671812773
2279,-0.05062820389866829,0.004748077131807804,-0.05643293261528015,0.005660823546350002
2280,-0.047252338379621506,0.004430989734828472,-0.052670545876026154,0.0053111594170331955
2281,-0.04408038780093193,0.004133772104978561,-0.04917764291167259,0.0051712519489228725
2282,-0.040738604962825775,0.003857565810903907,-0.045225463807582855,0.004626256879419088
2283,-0.037749845534563065,0.0035966765135526657,-0.04216310754418373,0.004309107083827257
2284,-0.0358479842543602,0.0033477579709142447,-0.03991461917757988,0.004118473269045353
2285,-0.03289397433400154,0.003122043563053012,-0.03658086434006691,0.0037508683744817972
2286,-0.03068385273218155,0.00290741422213614,-0.034039456397295,0.0034615029580891132
2287,-0.028362955898046494,0.002707414561882615,-0.03168398514389992,0.0032488505821675062
2288,-0.02647772617638111,0.002519772155210376,-0.029468988999724388,0.0031451620161533356
2289,-0.02515721693634987,0.002341785468161106,-0.028071777895092964,0.0027447363827377558
2290,-0.022751159965991974,0.002182540250942111,-0.025512076914310455,0.002574922749772668
2291,-0.021268274635076523,0.002029604045674205,-0.023707251995801926,0.002425427082926035
2292,-0.01973930560052395,0.0018872639629989862,-0.022020867094397545,0.002116086194291711
2293,-0.018862932920455933,0.0017510418547317386,-0.021094910800457,0.0022259377874433994
2294,-0.017063820734620094,0.0016306510660797358,-0.018994860351085663,0.0019277058308944106
2295,-0.015749389305710793,0.001515950309112668,-0.017646219581365585,0.001749506569467485
2296,-0.015238747000694275,0.00140501675195992,-0.017019325867295265,0.0016834369162097573
2297,-0.013701236806809902,0.0013083042576909065,-0.015209196135401726,0.00160584959667176
2298,-0.012605356983840466,0.0012158181052654982,-0.014107000082731247,0.0014981869608163834
2299,-0.011759798973798752,0.0011292829876765609,-0.013084638863801956,0.0014352694852277637
2300,-0.011581141501665115,0.0010449399705976248,-0.01277652382850647,0.001275412505492568
2301,-0.010142479091882706,0.0009742109687067568,-0.011271634139120579,0.0012148439418524504
2302,-0.009362774901092052,0.0009048886713571846,-0.010444680228829384,0.0010752661619335413
2303,-0.009200956672430038,0.0008366770925931633,-0.010323388502001762,0.0010237200185656548
2304,-0.008602540008723736,0.0007763791945762932,-0.009613594971597195,0.001121654873713851
2305,-0.007483848370611668,0.0007236257661134005,-0.008306968957185745,0.0009014516253955662
2306,-0.00743074482306838,0.0006688006105832756,-0.008358161896467209,0.0007286308682523668
2307,-0.006317549385130405,0.0006244104588404298,-0.007152360863983631,0.000642911356408149
2308,-0.006638636812567711,0.0005751588032580912,-0.0072416458278894424,0.00069183245068416
2309,-0.005492832511663437,0.000537541345693171,-0.006117996294051409,0.0006610359414480627
2310,-0.00507656903937459,0.0004982711980119348,-0.00565334502607584,0.0006084705819375813
2311,-0.00460715452209115,0.00046233279863372445,-0.005231538787484169,0.0004346578207332641
2312,-0.004368121270090342,0.0004281577421352267,-0.0048264795914292336,0.0005145625909790397
2313,-0.0047298092395067215,0.00039382182876579463,-0.005102246999740601,0.0006633083685301244
2314,-0.0038332813419401646,0.0003691524325404316,-0.004143836442381144,0.00038987596053630114
2315,-0.0033394084312021732,0.0003432788944337517,-0.0038302952889353037,0.00033013487700372934
2316,-0.003240475431084633,0.0003181175561621785,-0.003541551297530532,0.00036555828410200775
2317,-0.0030297001358121634,0.0002948394394479692,-0.003267446532845497,0.00036272438592277467
2318,-0.0027640038169920444,0.0002736943424679339,-0.003006600309163332,0.0002969567431136966
2319,-0.003012141678482294,0.0002507814497221261,-0.0034218174405395985,0.0002957295218948275
2320,-0.002147194929420948,0.000235920466366224,-0.002575152087956667,0.00016920591588132083
2321,-0.0027256833855062723,0.00021467589249368757,-0.003007291816174984,0.00036504154559224844
2322,-0.0014228086220100522,0.0002059822145383805,-0.0015261181397363544,0.00019197785877622664
2323,-0.0017658206634223461,0.00018788554007187486,-0.0019966610707342625,0.0001441352942492813
2324,-0.0022214455530047417,0.00017040061356965452,-0.002473615575581789,0.0002862459805328399
2325,-0.0015431089559569955,0.0001613002532394603,-0.0016826994251459837,0.0001255541865248233
2326,-0.001967070624232292,0.00014660799934063107,-0.002207057783380151,0.00023918348597362638
2327,-0.0018982815090566874,0.00013549893628805876,-0.0020634906832128763,0.00015538011211901903
2328,-0.0017222646856680512,0.00012562336632981896,-0.0019448399543762207,0.0002437181829009205
2329,-0.0016222902340814471,0.00011636588169494644,-0.001836606883443892,0.00012577023881021887
2330,-0.0010055610910058022,0.0001106058043660596,-0.0010753930546343327,0.00011564057786017656
2331,-0.0016668870812281966,9.850095375441015e-05,-0.00162472331430763,0.0002471565967425704
2332,-0.0009689558646641672,9.500248415861279e-05,-0.0009001840953715146,3.5918212233809754e-05
2333,-0.0007976852939464152,8.827791316434741e-05,-0.0008213132387027144,9.011306246975437e-05
2334,-0.0013348704669624567,7.84336298238486e-05,-0.00140134256798774,0.00016723113367334008
2335,-0.0011307713575661182,7.306306360987946e-05,-0.0013276777463033795,0.00020518360543064773
2336,-0.0006408808403648436,7.058263145154342e-05,-0.0006132950657047331,3.576550807338208e-05
2337,-0.0005386742413975298,6.542943447129801e-05,-0.0005670688697136939,2.5426026695640758e-05
2338,-0.0004530548758339137,6.085734275984578e-05,-0.0004982347600162029,0.00010417489102110267
2339,-0.0009532705298624933,5.2867544582113624e-05,-0.0010910346172749996,0.00013048428809270263
2340,-0.0003169939445797354,5.257362136035226e-05,-0.0004049569834023714,-9.893273818306625e-05
2341,-0.0008270881953649223,4.5711552957072854e-05,-0.0010193721391260624,1.3504067055691849e-06
2342,-0.00037202658131718636,4.512704617809504e-05,-0.00031507277162745595,1.1334361261106096e-05
2343,-0.00088690739357844,3.908441431121901e-05,-0.000925202330108732,0.00011591973452595994
2344,-0.00010453018330736086,3.964763163821772e-05,-0.00025259226094931364,1.1631050256255548e-05
2345,-0.00025881981127895415,3.6071734939469025e-05,-0.00020794484589714557,6.3990184571594e-05
2346,-5.258080273051746e-05,3.425063187023625e-05,-0.0001885217789094895,2.341913932468742e-05
2347,-0.00013568396389018744,3.2179432309931144e-05,-0.00017455426859669387,9.542998304823413e-05
2348,-9.306856372859329e-05,2.9535523935919628e-05,-0.00013116601621732116,0.00010432088311063126
2349,-0.0001961423404281959,2.6974697902915068e-05,-0.00010101439693244174,-7.149480370571837e-05
2350,-4.923187225358561e-05,2.6446834453963675e-05,-0.00010685591405490413,-5.1874616474378854e-05
2351,-0.0006154165021143854,2.2010239263181575e-05,-0.0007377205765806139,1.2806327504222281e-05
2352,-0.00014924614515621215,2.301151107531041e-05,-6.639048660872504e-05,-1.5603165593347512e-05
2353,8.727997192181647e-05,2.158975985366851e-05,-3.787319656112231e-05,-1.571235952724237e-05
2354,0.00010234679211862385,1.9752555090235546e-05,-1.5947643987601623e-05,0.0001616347290109843
2355,0.00012249844439793378,1.8323275071452372e-05,7.824373824405484e-07,-1.784239793778397e-05
2356,-0.0006597258616238832,1.4597362678614445e-05,-0.0006376430974341929,5.0572714826557785e-05
2357,-0.0004454388690646738,1.3575865523307584e-05,-0.0006384698208421469,6.937207217561081e-05
2358,-0.0006155365845188498,1.1622814781730995e-05,-0.0006134353461675346,0.0001307103520957753
2359,5.272395719657652e-05,1.3813555597153027e-05,5.355221583158709e-05,4.987945067114197e-05
2360,6.600805500056595e-05,1.2397050340950955e-05,7.059273775666952e-05,4.043380977236666e-05
2361,8.066371810855344e-05,1.1248275768593885e-05,8.411741146119311e-05,4.851693665841594e-05
2362,9.331174805993214e-05,1.0337697858631145e-05,9.472416422795504e-05,-0.00013784084876533598
2363,9.868400957202539e-05,9.527733709546737e-06,0.00010438968456583098,4.582397741614841e-05
2364,0.00010820585885085166,8.931426236813422e-06,0.00011131284554721788,-0.0001395245926687494
2365,0.0001108621436287649,8.377920494240243e-06,0.00011795306636486202,4.444827573024668e-05
2366,-0.00047940414515323937,6.450306500482839e-06,-0.0005417331703938544,0.00011835732584586367
2367,-0.00026543231797404587,6.000967005093116e-06,-0.0005523730651475489,-0.00010254608787363395
2368,-3.1991145078791305e-05,7.4925910666934215e-06,0.00011813001765403897,-6.033234603819437e-05
2369,-0.00040977465687319636,5.441123903437983e-06,-0.0005324106314219534,0.00011353401350788772
2370,0.0002108032931573689,7.594589988002554e-06,0.00012680240615736693,-8.426241402048618e-05
2371,-0.000400417426135391,5.258335022517713e-06,-0.000530271849129349,-5.6161014072131366e-05
2372,0.00020793371368199587,7.36262927603093e-06,0.0001297245325986296,9.17720899451524e-05
2373,-0.0004024746303912252,5.07127697346732e-06,-0.0005279032629914582,0.00012512831017374992
2374,0.0002092298964271322,7.243213985930197e-06,0.00013113507884554565,9.173317084787413e-05
2375,-0.0003985681978520006,4.98431973028346e-06,-0.0005270206602290273,-6.028041389072314e-05
2376,0.00021328477305360138,7.179424756031949e-06,0.0001316073175985366,-9.177502215607092e-05
2377,-0.0003991958510596305,4.923593678540783e-06,-0.0005262732738628983,-6.551719707204029e-05
2378,0.0002130166394636035,7.100596576492535e-06,0.0001327653881162405,0.00010035838931798935
2379,-0.0003958144807256758,4.867357347393408e-06,-0.0005253549315966666,-5.6054264859994873e-05
2380,0.00021434758673422039,7.079629995132564e-06,0.00013278551341500133,-9.187706018565223e-05
2381,-0.00039834424387663603,4.843232545681531e-06,-0.0005253251292742789,-6.561239570146427e-05
2382,0.00021371255570556968,7.034882401057985e-06,0.0001335405686404556,0.00010027945972979069
2383,-0.00039350285078398883,4.676106073020492e-06,-0.0005360335344448686,-4.90189777337946e-05
2384,-0.0003907921491190791,3.4980180316779297e-06,-0.0005193405086174607,1.8319509763387032e-05
2385,-0.0004950477159582078,2.464088538545184e-06,-0.0005059076356701553,5.2441173465922475e-05
2386,0.00012009780039079487,4.389676632854389e-06,0.0001537937787361443,-6.776786449336214e-06
2387,-0.00033740635262802243,2.5189017378579592e-06,-0.0004970070440322161,2.4492379452567548e-05
2388,0.00012992564006708562,4.013409579783911e-06,0.00016910946578718722,-2.212420258729253e-05
2389,0.00011667266517179087,4.771080512000481e-06,0.00014957890380173922,-5.091984348837286e-06
2390,-0.0003406517207622528,2.825421915986226e-06,-0.0005006229039281607,2.486351877450943e-05
2391,0.00012729098671115935,4.262085894879419e-06,0.00016617521760053933,-2.1826963347848505e-05
2392,0.00011453568004071712,4.972834631189471e-06,0.00014719889441039413,-4.850719960813876e-06
2393,-0.0003423723974265158,2.987851530633634e-06,-0.0005025393911637366,2.5057939637918025e-05
2394,0.0001258951087947935,4.393845301819965e-06,0.00016462072380818427,-2.1669646230293438e-05
2395,0.00011340300261508673,5.079765287518967e-06,0.0001459373306715861,-4.722799985756865e-06
2396,-0.0003432845987845212,3.0739504381926963e-06,-0.0005035552312619984,2.516064705559984e-05
2397,0.0001251549692824483,4.463727691472741e-06,0.0001637964160181582,-2.1586069124168716e-05
2398,0.00011280240141786635,5.136469553690404e-06,0.00014526845188811421,-4.655242719309172e-06
2399,-0.00034376836265437305,3.1195993415167322e-06,-0.0005040939431637526,2.5215284040314145e-05
2400,0.0001247621257789433,4.500792329054093e-06,0.0001633588835829869,-2.154172761947848e-05
2401,0.00011248451482970268,5.16649788551149e-06,0.00014491456386167556,-4.619429546437459e-06
2402,-0.00034402430173940957,3.1437750749319093e-06,-0.0005043790442869067,2.5243991331080906e-05
2403,0.00012455470277927816,4.520385118667036e-06,0.00016312777006532997,-2.1517993445741013e-05
2404,0.0001123161637224257,5.182385848456761e-06,0.00014472696057055146,-4.600306965585332e-06
2405,-0.0003441600129008293,3.1565762128593633e-06,-0.000504530209582299,2.5259605536120944e-05
2406,0.00012444477761164308,4.5307660911930725e-06,0.000163005490321666,-2.1506099074031226e-05
2407,-0.00047995673958212137,3.7066074582980946e-06,-0.0005332102882675827,8.645388152217492e-05
2408,-0.0004686954489443451,2.4542891878809314e-06,-0.0005072231870144606,0.00011778772750403732
2409,-9.63557067734655e-06,3.4359363780822605e-06,0.0001656895619817078,9.51402253122069e-05
2410,0.00012292296742089093,3.9665769691055175e-06,0.00015777783119119704,-0.0001272196532227099
2411,-0.0004206568410154432,1.8241709085486946e-06,-0.0004877154715359211,0.00011237615399295464
2412,0.0001397726737195626,3.078419013036182e-06,0.00018017468391917646,5.5343953135889024e-05
2413,0.00012239876377861947,3.502448862491292e-06,0.00016351214435417205,4.8037600208772346e-05
2414,-0.0004120918456465006,1.4706646425111103e-06,-0.00048370505101047456,-6.639290222665295e-05
2415,0.00014838637434877455,2.742381639109226e-06,0.00018381174595560879,-0.00012199481716379523
2416,0.0001332817628281191,3.2682974051567726e-06,0.00016608390433248132,-0.00011724496289389208
2417,-0.00040382062434218824,1.2689616823990946e-06,-0.00048129932838492095,0.00011398987408028916
2418,0.00014254398411139846,2.60207320934569e-06,0.00018585310317575932,4.5962344302097335e-05
2419,0.00012668766430579126,3.113368393314886e-06,0.00016812304966151714,4.80925191368442e-05
2420,-0.00040270245517604053,1.1544756262082956e-06,-0.0004797608416993171,0.00011286464723525569
2421,0.00014352916332427412,2.5089709652093006e-06,0.00018695139442570508,4.584775888361037e-05
2422,0.00013518605555873364,3.089945721512777e-06,0.00016818717995192856,-0.0001174022545455955
2423,-0.000408461521146819,1.1269523838564055e-06,-0.00047964806435629725,-6.68475913698785e-05
2424,0.00015134007844608277,2.463564896970638e-06,0.0001871013519121334,-0.00012232823064550757
2425,0.00013567700807470828,3.042158823518548e-06,0.000168751590535976,-0.00011751530837500468
2426,-0.00040189153514802456,1.08686958810722e-06,-0.00047915097093209624,0.000113772286567837
2427,0.00014410896983463317,2.45435512624681e-06,0.00018759604427032173,4.5785869588144124e-05
2428,0.00012795688235200942,2.9935383736301446e-06,0.0001695366227068007,4.7949113650247455e-05
2429,-0.00040168073610402644,1.0580215530353598e-06,-0.0004786230274476111,0.00011274940334260464
2430,0.00014435856428463012,2.4306805244123098e-06,0.0001878750481409952,4.5754270104225725e-05
2431,0.00013585858687292784,3.026468448297237e-06,0.00016893584688659757,-0.00011747780081350356
2432,-0.00040791998617351055,1.075848558684811e-06,-0.00047904509119689465,-6.69080181978643e-05
2433,0.00015177956083789468,2.4220964860433014e-06,0.00018759070371743292,-0.00012237757619004697
2434,0.00013603387924376875,3.0084606805758085e-06,0.00016914909065235406,-0.00011755579907912761
2435,-0.00040160436765290797,1.0597516393318074e-06,-0.00047883111983537674,0.00011373969755368307
2436,0.0001443417859263718,2.4323583147634054e-06,0.00018785541760735214,4.575942148221657e-05
2437,0.00012814629008062184,2.975654751935508e-06,0.00016974765458144248,4.79273876408115e-05
2438,-0.00040152791189029813,1.0436074262543116e-06,-0.00047845279914326966,0.00011273222480667755
2439,0.00014448202273342758,2.4190178464778e-06,0.0001880126801552251,4.573995101964101e-05
2440,0.00013595861673820764,3.0169962883519474e-06,0.0001690474891802296,-0.0001174894132418558
2441,-0.0004078391066286713,1.068215510713344e-06,-0.0004789549275301397,-6.691770249744877e-05
2442,0.0001518454373581335,2.4158612177416217e-06,0.00018766423454508185,-0.00012238543422427028
2443,0.00013608740118797868,3.003407528012758e-06,0.00016920859343372285,-0.0001175617944682017
2444,-0.000401561293983832,1.0556981351328432e-06,-0.00047878327313810587,0.00011373518645996228
2445,0.00014437689969781786,2.4290543478855398e-06,0.00018789447494782507,4.575555431074463e-05
2446,0.0001281743316212669,2.9730119877058314e-06,0.00016977888299152255,4.792430263478309e-05
2447,-0.00040150556014850736,1.0414934195068781e-06,-0.00047842806088738143,0.00011273005657130852
2448,0.0001445002999389544,2.4172954908863176e-06,0.0001880329946288839,4.5738146582152694e-05
2449,0.00013597312499769032,3.0156174943840597e-06,0.0001690637436695397,-0.00011749099212465808
2450,-0.0004078274068888277,1.0671074051060714e-06,-0.0004789419181179255,-6.69190485496074e-05
2451,0.00015185501251835376,2.4149690034391824e-06,0.0001876747701317072,-0.00012238622002769262
2452,0.00013609518646262586,3.00269039144041e-06,0.00016921731003094465,-0.00011756247840821743
2453,-0.00040155465831048787,1.0550941169640282e-06,-0.0004787759098690003,0.00011373450979590416
2454,0.00014438231301028281,2.428530251563643e-06,0.00018790052854456007,4.575492857838981e-05
2455,0.00012817903188988566,2.972558831970673e-06,0.00016978406347334385,4.7924146201694384e-05
2456,-0.0004015015729237348,1.041107566379651e-06,-0.00047842340427450836,0.00011272903793724254
2457,0.00014450382150243968,2.416975121377618e-06,0.00018803686543833464,4.573777914629318e-05
2458,0.00013597587530966848,3.015361244251835e-06,0.00016906679957173765,-0.00011749142868211493
2459,-0.00040782493306323886,1.0668879895092687e-06,-0.0004789392405655235,-6.691900489386171e-05
2460,0.00015185720985755324,2.4147852855094243e-06,0.00018767706933431327,-0.00012238598719704896
2461,-0.03036729246377945,0.0029024095274508,-0.033684853464365005,0.0029616481624543667
2462,-0.061043884605169296,0.005758828483521938,-0.06799112260341644,0.00675236526876688
2463,-0.09156700223684311,0.00864819623529911,-0.10199670493602753,0.010199368000030518
2464,-0.1222257986664772,0.011505470611155033,-0.13630905747413635,0.013770101591944695
2465,-0.15238365530967712,0.014462344348430634,-0.16970835626125336,0.017314905300736427
2466,-0.1831560581922531,0.01731288991868496,-0.20392905175685883,0.02078290283679962
2467,-0.21355192363262177,0.020207267254590988,-0.2379559874534607,0.024370521306991577
2468,-0.24408717453479767,0.023093920201063156,-0.27188581228256226,0.02773231267929077
2469,-0.27451685070991516,0.025985095649957657,-0.3058503568172455,0.03130842000246048
2470,-0.30501195788383484,0.02887253649532795,-0.33974918723106384,0.03473620489239693
2471,-0.3353627026081085,0.031790841370821,-0.3733097016811371,0.038171205669641495
2472,-0.365895539522171,0.03464994952082634,-0.40752723813056946,0.04164660722017288
2473,-0.39599597454071045,0.03757985308766365,-0.4411826431751251,0.044923875480890274
2474,-0.4267165958881378,0.040426790714263916,-0.4752085506916046,0.048436932265758514
2475,-0.4570365846157074,0.043317727744579315,-0.5090445280075073,0.05198343098163605
2476,-0.4871614873409271,0.04624268040060997,-0.542559027671814,0.05532443895936012
2477,-0.5175660848617554,0.04912722110748291,-0.5762524008750916,0.05868702009320259
2478,-0.5481051802635193,0.05197839438915253,-0.6102205514907837,0.062087319791316986
2479,-0.5786799788475037,0.05482647195458412,-0.6441089510917664,0.06549091637134552
2480,-0.6086785197257996,0.05775219202041626,-0.6775020956993103,0.06877434998750687
2481,-0.6387983560562134,0.06066949665546417,-0.7107617855072021,0.07214382290840149
2482,-0.6691716313362122,0.06352313607931137,-0.7446107268333435,0.07541826367378235
2483,-0.6993312835693359,0.06641057133674622,-0.7781254053115845,0.07871194928884506
2484,-0.7292841076850891,0.06933115422725677,-0.8112995624542236,0.08206169307231903
2485,-0.7595786452293396,0.07218301296234131,-0.8449956774711609,0.08542216569185257
2486,-0.7895562052726746,0.07509852200746536,-0.8780242204666138,0.08854667842388153
2487,-0.8194829225540161,0.07798971980810165,-0.9114015698432922,0.09192778915166855
2488,-0.8497854471206665,0.08083460479974747,-0.9448809623718262,0.09514838457107544
2489,-0.8797162771224976,0.08372112363576889,-0.9781078100204468,0.0983722135424614
2490,-0.9094674587249756,0.086639404296875,-1.010964035987854,0.10149216651916504
2491,-0.9394915103912354,0.08949148654937744,-1.0443739891052246,0.10468205064535141
2492,-0.9693289399147034,0.09237568080425262,-1.077409267425537,0.10778117179870605
2493,-0.9989716410636902,0.09529146552085876,-1.1100757122039795,0.1109590008854866
2494,-1.0287891626358032,0.09817066788673401,-1.1429471969604492,0.11415506899356842
2495,-1.0587719678878784,0.10101452469825745,-1.1760220527648926,0.11724303662776947
2496,-1.0882488489151,0.10393065959215164,-1.2085168361663818,0.1202579215168953
2497,-1.1179845333099365,0.10680563002824783,-1.241152286529541,0.1233847364783287
2498,-1.14778733253479,0.10964957624673843,-1.2740464210510254,0.12649478018283844
2499,-1.1770424842834473,0.112568199634552,-1.3063808679580688,0.12936614453792572
2500,-1.2067095041275024,0.1154128685593605,-1.3391526937484741,0.13241760432720184
2501,-1.2362929582595825,0.11828340590000153,-1.3714758157730103,0.13529901206493378
2502,-1.265442967414856,0.12119712680578232,-1.4035567045211792,0.1382247656583786
2503,-1.2949442863464355,0.1240406408905983,-1.4361071586608887,0.1410847008228302
2504,-1.32394540309906,0.12695522606372833,-1.468057632446289,0.143900528550148
2505,-1.3531343936920166,0.12983188033103943,-1.5001736879348755,0.14680084586143494
2506,-1.3824373483657837,0.13269908726215363,-1.5321054458618164,0.14967291057109833
2507,-1.4116051197052002,0.13557003438472748,-1.5640041828155518,0.15232384204864502
2508,-1.4406546354293823,0.1384422928094864,-1.5958523750305176,0.15522196888923645
2509,-1.4699138402938843,0.14127586781978607,-1.6278454065322876,0.1580505222082138
2510,-1.4986951351165771,0.14417925477027893,-1.6592185497283936,0.16065289080142975
2511,-1.527519941329956,0.1470516175031662,-1.6908385753631592,0.16322411596775055
2512,-1.5563597679138184,0.14991895854473114,-1.7223124504089355,0.1660001426935196
2513,-1.5854233503341675,0.15274636447429657,-1.7539275884628296,0.1685749739408493
2514,-1.6138136386871338,0.1556529998779297,-1.7850250005722046,0.1710638850927353
2515,-1.6425879001617432,0.15851129591464996,-1.8161602020263672,0.17349687218666077
2516,-1.671057105064392,0.16138021647930145,-1.8473349809646606,0.17612655460834503
2517,-1.6996557712554932,0.16423839330673218,-1.8783055543899536,0.17857986688613892
2518,-1.728162407875061,0.16709640622138977,-1.909192442893982,0.1811160147190094
2519,-1.7563477754592896,0.16999071836471558,-1.9397438764572144,0.18351837992668152
2520,-1.7848637104034424,0.17281503975391388,-1.9707450866699219,0.18576787412166595
2521,-1.8131486177444458,0.1756705641746521,-2.001351833343506,0.1880539506673813
2522,-1.841418981552124,0.17852139472961426,-2.0318233966827393,0.19054797291755676
2523,-1.869486927986145,0.18137860298156738,-2.0622763633728027,0.19258663058280945
2524,-1.8973788022994995,0.1842634081840515,-2.0922939777374268,0.19495120644569397
2525,-1.925660490989685,0.18707475066184998,-2.1227238178253174,0.19716809689998627
2526,-1.9534231424331665,0.1899562031030655,-2.1525354385375977,0.19925197958946228
2527,-1.9815104007720947,0.1927674412727356,-2.1827876567840576,0.201262429356575
2528,-2.009220838546753,0.19564102590084076,-2.212337017059326,0.2033396065235138
2529,-2.037024974822998,0.19845546782016754,-2.2424519062042236,0.2054554522037506
2530,-2.064580202102661,0.20130154490470886,-2.272181272506714,0.2073981612920761
2531,-2.0921332836151123,0.20416738092899323,-2.3013710975646973,0.2093733549118042
2532,-2.119896650314331,0.20696741342544556,-2.3310678005218506,0.21138210594654083
2533,-2.147326707839966,0.20980361104011536,-2.360419750213623,0.21312600374221802
2534,-2.174433469772339,0.21267463266849518,-2.3894121646881104,0.21498848497867584
2535,-2.202004909515381,0.21546752750873566,-2.418767213821411,0.21678566932678223
2536,-2.2290127277374268,0.21833205223083496,-2.4475157260894775,0.2184986174106598
2537,-2.2564456462860107,0.22112080454826355,-2.4766411781311035,0.2201123684644699
2538,-2.2835397720336914,0.2239447832107544,-2.5054209232330322,0.22171422839164734
2539,-2.310673475265503,0.22676055133342743,-2.534024715423584,0.22343692183494568
2540,-2.3377890586853027,0.22954709827899933,-2.562863826751709,0.22495391964912415
2541,-2.3642122745513916,0.23243488371372223,-2.5907888412475586,0.22658893465995789
2542,-2.391268014907837,0.2352122664451599,-2.6193530559539795,0.22803570330142975
2543,-2.4180076122283936,0.23802338540554047,-2.647562026977539,0.22935886681079865
2544,-2.4447667598724365,0.24082736670970917,-2.675596237182617,0.23088306188583374
2545,-2.4713573455810547,0.24363337457180023,-2.7035772800445557,0.23207981884479523
2546,-2.4976806640625,0.24647042155265808,-2.731163740158081,0.23346902430057526
2547,-2.524146795272827,0.24927014112472534,-2.758898973464966,0.2345493882894516
2548,-2.5509631633758545,0.2520213723182678,-2.786665678024292,0.2358778864145279
2549,-2.577136516571045,0.2548215985298157,-2.8142454624176025,0.23707593977451324
2550,-2.6031830310821533,0.2576463520526886,-2.841367483139038,0.2381177842617035
2551,-2.629467248916626,0.2604282796382904,-2.8685779571533203,0.2393205463886261
2552,-2.6555845737457275,0.2632119357585907,-2.8957293033599854,0.24017542600631714
2553,-2.681708335876465,0.26598861813545227,-2.9227187633514404,0.24110081791877747
2554,-2.707590341567993,0.26876962184906006,-2.949681043624878,0.24206264317035675
2555,-2.7338242530822754,0.27150261402130127,-2.9766786098480225,0.24297413229942322
2556,-2.7594785690307617,0.27430567145347595,-3.003084897994995,0.2437712401151657
2557,-2.785496234893799,0.27703556418418884,-3.0298900604248047,0.24440649151802063
2558,-2.810948371887207,0.27983421087265015,-3.0560948848724365,0.2451499104499817
2559,-2.8366308212280273,0.2825906574726105,-3.0823960304260254,0.24580611288547516
2560,-2.8622307777404785,0.28534364700317383,-3.108588933944702,0.24650053679943085
2561,-2.8879294395446777,0.2880600094795227,-3.1349494457244873,0.2471325695514679
2562,-2.913191795349121,0.2908397316932678,-3.1606478691101074,0.24758145213127136
2563,-2.938539505004883,0.29358333349227905,-3.1865234375,0.2478930950164795
2564,-2.9639780521392822,0.29631537199020386,-3.2121994495391846,0.24839477241039276
2565,-2.9890453815460205,0.2990572154521942,-3.237912654876709,0.24877618253231049
2566,-3.014338254928589,0.30178219079971313,-3.2633657455444336,0.24895960092544556
2567,-3.039623260498047,0.3044995665550232,-3.2886810302734375,0.2492072582244873
2568,-3.0648744106292725,0.3071860074996948,-3.3142271041870117,0.24947544932365417
2569,-3.0896096229553223,0.3099392354488373,-3.339156150817871,0.2494571954011917
2570,-3.1146316528320312,0.3126462399959564,-3.364163637161255,0.2496451586484909
2571,-3.1393778324127197,0.31535807251930237,-3.389162540435791,0.24975654482841492
2572,-3.16426944732666,0.31805655360221863,-3.4139468669891357,0.24965813755989075
2573,-3.1890499591827393,0.3207522928714752,-3.4386463165283203,0.24948057532310486
2574,-3.213594913482666,0.32347577810287476,-3.4629580974578857,0.24941697716712952
2575,-3.238656997680664,0.3260934054851532,-3.487957715988159,0.24918697774410248
2576,-3.2632009983062744,0.3288019895553589,-3.5119881629943848,0.2490314394235611
2577,-3.2877109050750732,0.33147895336151123,-3.5362629890441895,0.2486417442560196
2578,-3.3121259212493896,0.3341521918773651,-3.5604407787323,0.2483867108821869
2579,-3.336625337600708,0.3368140459060669,-3.5844483375549316,0.24791735410690308
2580,-3.3608620166778564,0.339479923248291,-3.6084401607513428,0.24737155437469482
2581,-3.3853466510772705,0.34212690591812134,-3.6321825981140137,0.2469274401664734
2582,-3.409700632095337,0.34477147459983826,-3.655860424041748,0.24631336331367493
2583,-3.4335289001464844,0.34745633602142334,-3.6792941093444824,0.24564149975776672
2584,-3.457770586013794,0.3500901460647583,-3.702761650085449,0.24489422142505646
2585,-3.4821786880493164,0.3526829481124878,-3.7263779640197754,0.24426612257957458
2586,-3.506406784057617,0.35530146956443787,-3.7495968341827393,0.24337327480316162
2587,-3.5302486419677734,0.35792818665504456,-3.7728660106658936,0.24246171116828918
2588,-3.5544066429138184,0.3605329394340515,-3.795872211456299,0.2415892779827118
2589,-3.5783238410949707,0.36314016580581665,-3.8188588619232178,0.24064496159553528
2590,-3.602341413497925,0.3657093644142151,-3.842031955718994,0.23956531286239624
2591,-3.6260595321655273,0.3683339059352875,-3.8645241260528564,0.23837995529174805
2592,-3.649794101715088,0.37094995379447937,-3.8868839740753174,0.23720701038837433
2593,-3.6737680435180664,0.37349581718444824,-3.909721851348877,0.23610050976276398
2594,-3.6974499225616455,0.37607163190841675,-3.932227373123169,0.23464874923229218
2595,-3.7210309505462646,0.3786689043045044,-3.9543137550354004,0.23327477276325226
2596,-3.744915723800659,0.3811936676502228,-3.9768495559692383,0.23187372088432312
2597,-3.7685770988464355,0.3837446868419647,-3.9990267753601074,0.23049908876419067
2598,-3.7921135425567627,0.38629236817359924,-4.021150588989258,0.22898700833320618
2599,-3.815748453140259,0.38882800936698914,-4.043120861053467,0.22735609114170074
2600,-3.839282512664795,0.3913588523864746,-4.065035343170166,0.22558116912841797
2601,-3.86287522315979,0.3938789963722229,-4.086811542510986,0.2239682972431183
2602,-3.886652946472168,0.3963569402694702,-4.1087565422058105,0.22218354046344757
2603,-3.909902811050415,0.3988993465900421,-4.130138874053955,0.22035039961338043
2604,-3.9332797527313232,0.401402086019516,-4.1517109870910645,0.21839500963687897
2605,-3.956840991973877,0.40388867259025574,-4.1731085777282715,0.21642358601093292
2606,-3.9801220893859863,0.4063776433467865,-4.194526195526123,0.21450141072273254
2607,-4.003305435180664,0.4088617265224457,-4.2158918380737305,0.212430939078331
2608,-4.026800155639648,0.41132473945617676,-4.237039089202881,0.21013788878917694
2609,-4.050055027008057,0.41378816962242126,-4.258195877075195,0.20786821842193604
2610,-4.07347297668457,0.4162365794181824,-4.279189109802246,0.2057836949825287
2611,-4.096826553344727,0.418678343296051,-4.30013370513916,0.20329517126083374
2612,-4.120083332061768,0.4211149215698242,-4.321029186248779,0.20090225338935852
2613,-4.143659591674805,0.42350390553474426,-4.3420515060424805,0.1983598917722702
2614,-4.166938304901123,0.42592179775238037,-4.362773895263672,0.1957668662071228
2615,-4.190088748931885,0.4283616244792938,-4.383133411407471,0.19324707984924316
2616,-4.213042736053467,0.43079957365989685,-4.403501987457275,0.19051998853683472
2617,-4.23669958114624,0.4331493675708771,-4.424178600311279,0.1877717822790146
2618,-4.259713649749756,0.4355407953262329,-4.4447021484375,0.1850583702325821
2619,-4.283120155334473,0.4378814697265625,-4.465338230133057,0.18213395774364471
2620,-4.3061676025390625,0.4402792453765869,-4.485381603240967,0.17899653315544128
2621,-4.329655170440674,0.4425983428955078,-4.505846977233887,0.17607124149799347
2622,-4.352667808532715,0.4449786841869354,-4.525771141052246,0.17297938466072083
2623,-4.376017093658447,0.4473104774951935,-4.545835494995117,0.1698121577501297
2624,-4.399261951446533,0.4496369957923889,-4.565876007080078,0.16663718223571777
2625,-4.422906398773193,0.45191267132759094,-4.586036205291748,0.1633290797472
2626,-4.446164131164551,0.454219788312912,-4.605957984924316,0.15988104045391083
2627,-4.469062328338623,0.4565567672252655,-4.625637531280518,0.156410351395607
2628,-4.4925217628479,0.45881059765815735,-4.6457037925720215,0.15308348834514618
2629,-4.515747547149658,0.46111640334129333,-4.665157318115234,0.14935635030269623
2630,-4.539336681365967,0.4633459448814392,-4.685080051422119,0.14582444727420807
2631,-4.562294006347656,0.46564215421676636,-4.704540729522705,0.14200815558433533
2632,-4.58585262298584,0.4678536355495453,-4.724382400512695,0.13826048374176025
2633,-4.609384536743164,0.470082551240921,-4.743870735168457,0.13458943367004395
2634,-4.632569313049316,0.47234100103378296,-4.763125419616699,0.1304933726787567
2635,-4.656125545501709,0.4745229482650757,-4.782852649688721,0.12643258273601532
2636,-4.67964506149292,0.476749449968338,-4.801912784576416,0.12234213948249817
2637,-4.703176975250244,0.4789387285709381,-4.82125997543335,0.1182754635810852
2638,-4.726836204528809,0.4810866117477417,-4.840856552124023,0.11402419954538345
2639,-4.75020694732666,0.48328837752342224,-4.8598809242248535,0.10986051708459854
2640,-4.774162292480469,0.4853787422180176,-4.879637241363525,0.10548834502696991
2641,-4.79741096496582,0.487591028213501,-4.898341655731201,0.10093919932842255
2642,-4.821200370788574,0.4896935820579529,-4.9177937507629395,0.09631770104169846
2643,-4.844882965087891,0.49181637167930603,-4.936944961547852,0.09177116304636002
2644,-4.86885929107666,0.4939185082912445,-4.955977439880371,0.08707837760448456
2645,-4.892754077911377,0.49601319432258606,-4.975025177001953,0.08228246122598648
2646,-4.916699409484863,0.49806860089302063,-4.994361877441406,0.07755884528160095
2647,-4.940703392028809,0.5001652836799622,-5.013037204742432,0.07266352325677872
2648,-4.964451789855957,0.5022331476211548,-5.032113552093506,0.06748798489570618
2649,-4.988426685333252,0.5043097734451294,-5.050788879394531,0.06253018975257874
2650,-5.012648105621338,0.5063126683235168,-5.070016384124756,0.05748159810900688
2651,-5.0367255210876465,0.5083374977111816,-5.088971138000488,0.052263569086790085
2652,-5.06105899810791,0.5103148221969604,-5.108166694641113,0.04687760770320892
2653,-5.0853352546691895,0.5123106837272644,-5.127070426940918,0.041426882147789
2654,-5.109530925750732,0.5143253207206726,-5.145697593688965,0.03605753183364868
2655,-5.134043216705322,0.516291081905365,-5.164544582366943,0.030393198132514954
2656,-5.158684730529785,0.5182415843009949,-5.183361053466797,0.02492331527173519
2657,-5.183257102966309,0.5201828479766846,-5.2022223472595215,0.019115475937724113
2658,-5.207790374755859,0.5221140384674072,-5.2211174964904785,0.013296364806592464
2659,-5.232672691345215,0.5239952206611633,-5.24022912979126,0.007297439035028219
2660,-5.257312774658203,0.5259276628494263,-5.258823394775391,0.0014178425772115588
2661,-5.282227039337158,0.5278123021125793,-5.2776665687561035,-0.004489067476242781
2662,-5.307358741760254,0.5296502709388733,-5.2967848777771,-0.01069870125502348
2663,-5.33247184753418,0.5315048694610596,-5.31563138961792,-0.01686110347509384
2664,-5.357537746429443,0.5333491563796997,-5.334529399871826,-0.023255713284015656
2665,-5.38293981552124,0.5351706147193909,-5.353361129760742,-0.029720671474933624
2666,-5.408466339111328,0.5369763374328613,-5.372192859649658,-0.03615700826048851
2667,-5.433846950531006,0.5387746691703796,-5.391116619110107,-0.04274227097630501
2668,-5.459556579589844,0.5405501127243042,-5.409987449645996,-0.04947587847709656
2669,-5.48499870300293,0.5423216819763184,-5.428994178771973,-0.056175775825977325
2670,-5.511125564575195,0.5440315008163452,-5.448146343231201,-0.06308560818433762
2671,-5.537024021148682,0.5457639098167419,-5.467120170593262,-0.06999965757131577
2672,-5.563089847564697,0.5474783182144165,-5.486104965209961,-0.07690853625535965
2673,-5.58892822265625,0.5492153167724609,-5.504913330078125,-0.08413147926330566
2674,-5.615564823150635,0.5508582592010498,-5.524158477783203,-0.09147851169109344
2675,-5.641977310180664,0.5525235533714294,-5.543234348297119,-0.09873455762863159
2676,-5.668608665466309,0.5541689991950989,-5.562317371368408,-0.10601181536912918
2677,-5.695181846618652,0.5558029413223267,-5.581493854522705,-0.11362975090742111
2678,-5.721714973449707,0.5574530363082886,-5.600457191467285,-0.12115056067705154
2679,-5.748778343200684,0.5590169429779053,-5.619951248168945,-0.12896181643009186
2680,-5.775923252105713,0.5605930089950562,-5.639205455780029,-0.1366952806711197
2681,-5.802968502044678,0.5621870756149292,-5.658270359039307,-0.14466464519500732
2682,-5.830726146697998,0.5636603236198425,-5.678129196166992,-0.1526220142841339
2683,-5.858190536499023,0.565213680267334,-5.697263717651367,-0.16066770255565643
2684,-5.885918617248535,0.5667164921760559,-5.716719627380371,-0.16903741657733917
2685,-5.913922309875488,0.5681684017181396,-5.736499786376953,-0.17729608714580536
2686,-5.9417548179626465,0.5696390867233276,-5.756137847900391,-0.18576587736606598
2687,-5.969812870025635,0.5711176991462708,-5.775514602661133,-0.19416746497154236
2688,-5.9981794357299805,0.5725142359733582,-5.795522212982178,-0.20298735797405243
2689,-6.027198791503906,0.5738774538040161,-5.815454483032227,-0.2115870863199234
2690,-6.0556488037109375,0.575299084186554,-5.835077285766602,-0.22041811048984528
2691,-6.084432125091553,0.576667070388794,-5.8550262451171875,-0.22938357293605804
2692,-6.113992214202881,0.577968180179596,-5.875180244445801,-0.2385840266942978
2693,-6.142649173736572,0.5793373584747314,-5.895125389099121,-0.24780887365341187
2694,-6.172430038452148,0.580629825592041,-5.915187835693359,-0.2569285035133362
2695,-6.201898574829102,0.5819143056869507,-5.935481548309326,-0.266451358795166
2696,-6.2319769859313965,0.5831364393234253,-5.956042766571045,-0.2759682238101959
2697,-6.261776447296143,0.5843784213066101,-5.976539611816406,-0.28561559319496155
2698,-6.292154788970947,0.5855880975723267,-5.9970197677612305,-0.29534071683883667
2699,-6.322741508483887,0.5867743492126465,-6.017603874206543,-0.3052917420864105
2700,-6.354024887084961,0.5878952145576477,-6.038450241088867,-0.3151361346244812
2701,-6.384523391723633,0.589078426361084,-6.059085369110107,-0.32541048526763916
2702,-6.415670394897461,0.5901967287063599,-6.080010890960693,-0.33555540442466736
2703,-6.44700813293457,0.5912914276123047,-6.1010589599609375,-0.34595221281051636
2704,-6.478708744049072,0.5923282504081726,-6.12247896194458,-0.35654833912849426
2705,-6.510353088378906,0.5934075117111206,-6.143509387969971,-0.3670857548713684
2706,-6.542860507965088,0.5943849682807922,-6.1650824546813965,-0.3778574466705322
2707,-6.575202941894531,0.5953775644302368,-6.186601161956787,-0.3885399401187897
2708,-6.607940673828125,0.5963398218154907,-6.20820951461792,-0.3995441496372223
2709,-6.641163349151611,0.5972393155097961,-6.230181694030762,-0.4107728898525238
2710,-6.674226760864258,0.598152756690979,-6.252110004425049,-0.4221220016479492
2711,-6.707650661468506,0.5990360379219055,-6.274158477783203,-0.4334893524646759
2712,-6.741586208343506,0.5998550057411194,-6.2965803146362305,-0.4449672996997833
2713,-6.775407314300537,0.6007164120674133,-6.318665981292725,-0.4566202759742737
2714,-6.809586048126221,0.6015163064002991,-6.341177463531494,-0.46847057342529297
2715,-6.8444390296936035,0.602246105670929,-6.364042282104492,-0.4803965985774994
2716,-6.879207134246826,0.6030172109603882,-6.386578559875488,-0.4924114942550659
2717,-6.914439678192139,0.6037229299545288,-6.409525394439697,-0.504699170589447
2718,-6.950045108795166,0.6043644547462463,-6.432922840118408,-0.5171399116516113
2719,-6.985899925231934,0.6050072908401489,-6.4562153816223145,-0.5296748876571655
2720,-7.022169589996338,0.6055843234062195,-6.479954242706299,-0.5423443913459778
2721,-7.058713436126709,0.6061607003211975,-6.503597259521484,-0.5552284717559814
2722,-7.095769882202148,0.6066685318946838,-6.527668476104736,-0.5682320594787598
2723,-7.132491588592529,0.6072525978088379,-6.551231384277344,-0.5812752842903137
2724,-7.170370101928711,0.6076878905296326,-6.575658798217773,-0.5945565700531006
2725,-7.208137512207031,0.608130693435669,-6.600112438201904,-0.6079357862472534
2726,-7.246706485748291,0.6084949970245361,-6.624947547912598,-0.6216537952423096
2727,-7.285159587860107,0.6088656187057495,-6.64982271194458,-0.635555624961853
2728,-7.324487209320068,0.6091554164886475,-6.675083160400391,-0.6493959426879883
2729,-7.363637447357178,0.6094839572906494,-6.7001190185546875,-0.663503110408783
2730,-7.403486728668213,0.6097022294998169,-6.725888252258301,-0.6776398420333862
2731,-7.443772792816162,0.6099123358726501,-6.751579761505127,-0.6920409798622131
2732,-7.483936309814453,0.6101255416870117,-6.77734899520874,-0.7067844271659851
2733,-7.525202751159668,0.6102176904678345,-6.803764343261719,-0.721500813961029
2734,-7.566648006439209,0.6103052496910095,-6.830201625823975,-0.736312985420227
2735,-7.608592987060547,0.6103478670120239,-6.856866359710693,-0.7515316009521484
2736,-7.650795936584473,0.6103503704071045,-6.88383674621582,-0.7668217420578003
2737,-7.69361686706543,0.6102713942527771,-6.911311626434326,-0.7823317646980286
2738,-7.736997604370117,0.6101437211036682,-6.939030170440674,-0.7980622053146362
2739,-7.780421257019043,0.6100119352340698,-6.966834545135498,-0.8138448596000671
2740,-7.824429988861084,0.6098626255989075,-6.994606971740723,-0.8297781944274902
2741,-7.869302272796631,0.6095889806747437,-7.02313756942749,-0.8462203145027161
2742,-7.9143805503845215,0.6093055009841919,-7.0517473220825195,-0.8624687194824219
2743,-7.960017204284668,0.6089348793029785,-7.0809245109558105,-0.8792098760604858
2744,-8.006060600280762,0.6085484623908997,-7.11014461517334,-0.895889401435852
2745,-8.052495956420898,0.6081106662750244,-7.139693737030029,-0.9130409955978394
2746,-8.099813461303711,0.6076099872589111,-7.169482231140137,-0.9303306937217712
2747,-8.147440910339355,0.6070247888565063,-7.1999311447143555,-0.9476162195205688
2748,-8.195923805236816,0.6063748002052307,-7.23063325881958,-0.9652925133705139
2749,-8.244556427001953,0.6057087779045105,-7.26147985458374,-0.9831365346908569
2750,-8.293617248535156,0.6049854755401611,-7.292703628540039,-1.0010796785354614
2751,-8.343341827392578,0.6041982769966125,-7.324247360229492,-1.0194249153137207
2752,-8.393976211547852,0.6033070087432861,-7.356359481811523,-1.0377674102783203
2753,-8.445096969604492,0.6023877263069153,-7.3885674476623535,-1.0564948320388794
2754,-8.496511459350586,0.6014436483383179,-7.420936107635498,-1.075312852859497
2755,-8.54888916015625,0.6003538966178894,-7.454160690307617,-1.0944747924804688
2756,-8.601917266845703,0.599157989025116,-7.488041877746582,-1.113916039466858
2757,-8.654626846313477,0.5980523824691772,-7.521411418914795,-1.1332238912582397
2758,-8.70876693725586,0.5967502593994141,-7.555830955505371,-1.1531106233596802
2759,-8.76397705078125,0.5953654050827026,-7.590550899505615,-1.173230528831482
2760,-8.819303512573242,0.5939494967460632,-7.625529766082764,-1.1934796571731567
2761,-8.875055313110352,0.5924596786499023,-7.66098165512085,-1.2138489484786987
2762,-8.931764602661133,0.5908466577529907,-7.697066783905029,-1.2345925569534302
2763,-8.988831520080566,0.5891924500465393,-7.733379364013672,-1.2556202411651611
2764,-9.047038078308105,0.5874089002609253,-7.770308017730713,-1.2767006158828735
2765,-9.105924606323242,0.5855746269226074,-7.807399272918701,-1.2982007265090942
2766,-9.165283203125,0.5836175084114075,-7.845276355743408,-1.3198187351226807
2767,-9.22502326965332,0.5816110968589783,-7.88340425491333,-1.3417186737060547
2768,-9.285953521728516,0.579463005065918,-7.922168254852295,-1.3639872074127197
2769,-9.347346305847168,0.5772615075111389,-7.961187839508057,-1.3862210512161255
2770,-9.409915924072266,0.5749137997627258,-8.0008544921875,-1.4088199138641357
2771,-9.472519874572754,0.572551965713501,-8.040611267089844,-1.431657075881958
2772,-9.536425590515137,0.5699586272239685,-8.081543922424316,-1.4549692869186401
2773,-9.60074520111084,0.5673791766166687,-8.122225761413574,-1.4783731698989868
2774,-9.665934562683105,0.5646086931228638,-8.163934707641602,-1.501835584640503
2775,-9.73204231262207,0.5617202520370483,-8.206089973449707,-1.5258709192276
2776,-9.798453330993652,0.5587611794471741,-8.248584747314453,-1.5499628782272339
2777,-9.865904808044434,0.5556362867355347,-8.291800498962402,-1.5742950439453125
2778,-9.934065818786621,0.5524285435676575,-8.335258483886719,-1.5988726615905762
2779,-10.003373146057129,0.5490455627441406,-8.379423141479492,-1.6236824989318848
2780,-10.073089599609375,0.5455363392829895,-8.42416763305664,-1.6488492488861084
2781,-10.143362998962402,0.5419362187385559,-8.469210624694824,-1.6740851402282715
2782,-10.214430809020996,0.538196325302124,-8.514753341674805,-1.6996675729751587
2783,-10.286805152893066,0.5342209935188293,-8.561225891113281,-1.7255198955535889
2784,-10.359251022338867,0.5302135348320007,-8.607678413391113,-1.7517106533050537
2785,-10.43300724029541,0.5259840488433838,-8.654924392700195,-1.7778818607330322
2786,-10.507095336914062,0.5216041207313538,-8.702756881713867,-1.8043590784072876
2787,-10.581735610961914,0.5171102285385132,-8.750865936279297,-1.8309377431869507
2788,-10.657389640808105,0.5124262571334839,-8.799525260925293,-1.8577800989151
2789,-10.733778953552246,0.5075505971908569,-8.848770141601562,-1.8850936889648438
2790,-10.810782432556152,0.5025254487991333,-8.898391723632812,-1.9122283458709717
2791,-10.888277053833008,0.4973013997077942,-8.948617935180664,-1.9398329257965088
2792,-10.966592788696289,0.49191462993621826,-8.999136924743652,-1.9674270153045654
2793,-11.045265197753906,0.4863215684890747,-9.050262451171875,-1.9951865673065186
2794,-11.124805450439453,0.48057711124420166,-9.10148811340332,-2.0231456756591797
2795,-11.20479679107666,0.47459205985069275,-9.153374671936035,-2.05117130279541
2796,-11.285202026367188,0.4684051275253296,-9.205645561218262,-2.0794177055358887
2797,-11.36591911315918,0.4620361924171448,-9.258176803588867,-2.107720375061035
2798,-11.447369575500488,0.45540499687194824,-9.311199188232422,-2.1361050605773926
2799,-11.528922080993652,0.44863003492355347,-9.364218711853027,-2.1644694805145264
2800,-11.610734939575195,0.4416095018386841,-9.417612075805664,-2.1931159496307373
2801,-11.692851066589355,0.43433883786201477,-9.471339225769043,-2.2216360569000244
2802,-11.775437355041504,0.4268334209918976,-9.525195121765137,-2.2500836849212646
2803,-11.858000755310059,0.4190932810306549,-9.579203605651855,-2.278655767440796
2804,-11.940363883972168,0.4111383259296417,-9.633244514465332,-2.3072609901428223
2805,-12.02273941040039,0.40291425585746765,-9.6874418258667,-2.33558988571167
2806,-12.105531692504883,0.39445891976356506,-9.741394996643066,-2.364020824432373
2807,-12.187820434570312,0.3857044279575348,-9.795564651489258,-2.392119884490967
2808,-12.269612312316895,0.37674400210380554,-9.849420547485352,-2.42024302482605
2809,-12.350919723510742,0.36752381920814514,-9.903101921081543,-2.4481329917907715
2810,-12.432286262512207,0.35798439383506775,-9.956589698791504,-2.4757907390594482
2811,-12.512657165527344,0.3482590615749359,-10.009535789489746,-2.5030438899993896
2812,-12.592117309570312,0.3381892144680023,-10.0623779296875,-2.5300679206848145
2813,-12.670970916748047,0.3278729021549225,-10.11456298828125,-2.5567750930786133
2814,-12.748916625976562,0.31733712553977966,-10.165984153747559,-2.582904815673828
2815,-12.825785636901855,0.30645039677619934,-10.216958999633789,-2.6087796688079834
2816,-12.90120792388916,0.2953453063964844,-10.26703929901123,-2.6341142654418945
2817,-12.975311279296875,0.2839427590370178,-10.31632137298584,-2.6588551998138428
2818,-13.047834396362305,0.27227094769477844,-10.36464786529541,-2.682962417602539
2819,-13.118550300598145,0.2603604197502136,-10.411855697631836,-2.7063958644866943
2820,-13.187275886535645,0.24818652868270874,-10.45792007446289,-2.729198694229126
2821,-13.254009246826172,0.23572330176830292,-10.50274658203125,-2.7516801357269287
2822,-13.31867790222168,0.22303533554077148,-10.546157836914062,-2.7727110385894775
2823,-13.381211280822754,0.21004058420658112,-10.588143348693848,-2.793196439743042
2824,-13.441217422485352,0.19688783586025238,-10.628382682800293,-2.8126556873321533
2825,-13.498616218566895,0.18344537913799286,-10.667028427124023,-2.831240177154541
2826,-13.55300521850586,0.16980630159378052,-10.703852653503418,-2.849057197570801
2827,-13.604208946228027,0.15595358610153198,-10.738872528076172,-2.8654959201812744
2828,-13.65263557434082,0.14186719059944153,-10.771873474121094,-2.8809149265289307
2829,-13.697775840759277,0.1276170313358307,-10.802766799926758,-2.8952457904815674
2830,-13.739832878112793,0.11318666487932205,-10.83144474029541,-2.908338785171509
2831,-13.778081893920898,0.09856297820806503,-10.857975959777832,-2.920254707336426
2832,-13.812952995300293,0.08384528011083603,-10.88209056854248,-2.930903196334839
2833,-13.84428596496582,0.06896211206912994,-10.903820037841797,-2.940281629562378
2834,-13.871465682983398,0.05398951843380928,-10.923192024230957,-2.9482147693634033
2835,-13.894850730895996,0.038854409009218216,-10.94009017944336,-2.954941987991333
2836,-13.914519309997559,0.023692522197961807,-10.95442008972168,-2.960106372833252
2837,-13.93024730682373,0.008461415767669678,-10.96617603302002,-2.9641811847686768
2838,-13.942042350769043,-0.006878429092466831,-10.975367546081543,-2.9667580127716064
2839,-13.949751853942871,-0.022134006023406982,-10.982034683227539,-2.967735767364502
2840,-13.953568458557129,-0.03749116510152817,-10.986082077026367,-2.9674432277679443
2841,-13.953248023986816,-0.05281607061624527,-10.987616539001465,-2.9657461643218994
2842,-13.94930648803711,-0.06814960390329361,-10.986512184143066,-2.9628512859344482
2843,-13.941411018371582,-0.08344309777021408,-10.982940673828125,-2.9583053588867188
2844,-13.929574966430664,-0.09859316796064377,-10.976998329162598,-2.9525318145751953
2845,-13.913948059082031,-0.11372839659452438,-10.968606948852539,-2.945465087890625
2846,-13.89466667175293,-0.1287745237350464,-10.957877159118652,-2.9370076656341553
2847,-13.872355461120605,-0.14365758001804352,-10.944825172424316,-2.9274137020111084
2848,-13.846059799194336,-0.15853801369667053,-10.929540634155273,-2.9164907932281494
2849,-13.816411018371582,-0.17316952347755432,-10.912315368652344,-2.904515266418457
2850,-13.783964157104492,-0.18771135807037354,-10.892912864685059,-2.8911046981811523
2851,-13.748476028442383,-0.20203743875026703,-10.87166976928711,-2.876793622970581
2852,-13.710094451904297,-0.21625126898288727,-10.84850025177002,-2.861234188079834
2853,-13.668673515319824,-0.23025737702846527,-10.823715209960938,-2.844818115234375
2854,-13.624822616577148,-0.2441011667251587,-10.797231674194336,-2.8271894454956055
2855,-13.5784273147583,-0.2576645314693451,-10.76942253112793,-2.809087038040161
2856,-13.529865264892578,-0.27107951045036316,-10.740084648132324,-2.7897121906280518
2857,-13.47902774810791,-0.2843382656574249,-10.709325790405273,-2.7695794105529785
2858,-13.426396369934082,-0.29729747772216797,-10.677563667297363,-2.7488157749176025
2859,-13.371994018554688,-0.3100356161594391,-10.644736289978027,-2.7271177768707275
2860,-13.31580638885498,-0.3225506842136383,-10.610942840576172,-2.705023765563965
2861,-13.258244514465332,-0.3348919749259949,-10.576105117797852,-2.682003974914551
2862,-13.19944953918457,-0.34694984555244446,-10.54063606262207,-2.6586251258850098
2863,-13.139254570007324,-0.3587779402732849,-10.504552841186523,-2.634617567062378
2864,-13.077912330627441,-0.3704032599925995,-10.467813491821289,-2.6101629734039307
2865,-13.015900611877441,-0.3818206489086151,-10.430447578430176,-2.585130453109741
2866,-12.952896118164062,-0.39295801520347595,-10.392906188964844,-2.559964418411255
2867,-12.889159202575684,-0.40386781096458435,-10.355074882507324,-2.534356117248535
2868,-12.825145721435547,-0.41454851627349854,-10.316975593566895,-2.5081846714019775
2869,-12.760546684265137,-0.42503073811531067,-10.278641700744629,-2.481809616088867
2870,-12.695578575134277,-0.43526557087898254,-10.240325927734375,-2.45539927482605
2871,-12.630373001098633,-0.44530728459358215,-10.201911926269531,-2.4284374713897705
2872,-12.56515121459961,-0.4551069140434265,-10.163618087768555,-2.40153169631958
2873,-12.49966049194336,-0.4647197723388672,-10.125375747680664,-2.374438762664795
2874,-12.434496879577637,-0.47409817576408386,-10.087346076965332,-2.3472323417663574
2875,-12.369308471679688,-0.4833214282989502,-10.04935073852539,-2.3196768760681152
2876,-12.30443000793457,-0.49227023124694824,-10.011924743652344,-2.2924609184265137
2877,-12.239779472351074,-0.501071572303772,-9.97459602355957,-2.2649126052856445
2878,-12.174994468688965,-0.5096850991249084,-9.937716484069824,-2.2374374866485596
2879,-12.111062049865723,-0.5180840492248535,-9.901246070861816,-2.209916591644287
2880,-12.047440528869629,-0.5263017416000366,-9.865242958068848,-2.182286024093628
2881,-11.984283447265625,-0.5343857407569885,-9.829437255859375,-2.1549227237701416
2882,-11.921856880187988,-0.5422268509864807,-9.794468879699707,-2.1273577213287354
2883,-11.85965347290039,-0.5499700307846069,-9.7597074508667,-2.0999176502227783
2884,-11.798297882080078,-0.5575011968612671,-9.725685119628906,-2.072591781616211
2885,-11.737828254699707,-0.5648478269577026,-9.69229507446289,-2.0454180240631104
2886,-11.67739200592041,-0.5721343159675598,-9.659113883972168,-2.018245220184326
2887,-11.617929458618164,-0.5791796445846558,-9.626996040344238,-1.9911490678787231
2888,-11.558993339538574,-0.5861243009567261,-9.595280647277832,-1.9640307426452637
2889,-11.50154972076416,-0.5928950309753418,-9.564148902893066,-1.9371901750564575
2890,-11.444154739379883,-0.5995797514915466,-9.533552169799805,-1.9104279279708862
2891,-11.387742042541504,-0.6060858368873596,-9.503817558288574,-1.8839871883392334
2892,-11.331969261169434,-0.6124646067619324,-9.474796295166016,-1.8573825359344482
2893,-11.277050018310547,-0.6187577843666077,-9.446161270141602,-1.830937385559082
2894,-11.223091125488281,-0.624927282333374,-9.418149948120117,-1.8048583269119263
2895,-11.169940948486328,-0.630937933921814,-9.391109466552734,-1.7787569761276245
2896,-11.117280960083008,-0.6368791460990906,-9.364545822143555,-1.7529741525650024
2897,-11.066061019897461,-0.6426209807395935,-9.339094161987305,-1.727089524269104
2898,-11.015666007995605,-0.6482958793640137,-9.314040184020996,-1.7017250061035156
2899,-10.965643882751465,-0.6539137363433838,-9.289525985717773,-1.6761976480484009
2900,-10.916489601135254,-0.6594310402870178,-9.265694618225098,-1.650840401649475
2901,-10.86857795715332,-0.6648053526878357,-9.242737770080566,-1.6257808208465576
2902,-10.821285247802734,-0.6701279282569885,-9.220254898071289,-1.600714921951294
2903,-10.775032043457031,-0.6752785444259644,-9.19896411895752,-1.5761469602584839
2904,-10.729068756103516,-0.6804659366607666,-9.177655220031738,-1.5515152215957642
2905,-10.68435287475586,-0.6854848265647888,-9.157506942749023,-1.5269850492477417
2906,-10.640756607055664,-0.6904166340827942,-9.137971878051758,-1.502743124961853
2907,-10.597655296325684,-0.6953116059303284,-9.118915557861328,-1.4787169694900513
2908,-10.555634498596191,-0.7000875473022461,-9.1007719039917,-1.454715371131897
2909,-10.513776779174805,-0.7048746943473816,-9.082897186279297,-1.4307008981704712
2910,-10.473814964294434,-0.709459662437439,-9.06628131866455,-1.4072049856185913
2911,-10.43382453918457,-0.7140628695487976,-9.049976348876953,-1.3836567401885986
2912,-10.395112991333008,-0.7185539603233337,-9.034503936767578,-1.3603779077529907
2913,-10.356800079345703,-0.7230225801467896,-9.019511222839355,-1.3371639251708984
2914,-10.319185256958008,-0.7274299263954163,-9.00520133972168,-1.314026951789856
2915,-10.282576560974121,-0.7317715883255005,-8.991497039794922,-1.291016936302185
2916,-10.247244834899902,-0.7360082864761353,-8.978607177734375,-1.2683972120285034
2917,-10.212095260620117,-0.7402350306510925,-8.966221809387207,-1.2457889318466187
2918,-10.178091049194336,-0.7443632483482361,-8.954678535461426,-1.2233842611312866
2919,-10.144674301147461,-0.7484415769577026,-8.94382095336914,-1.2009435892105103
2920,-10.11205768585205,-0.752501368522644,-8.933296203613281,-1.178757905960083
2921,-10.080277442932129,-0.756473958492279,-8.923673629760742,-1.156698226928711
2922,-10.049330711364746,-0.7604308724403381,-8.914365768432617,-1.1347107887268066
2923,-10.018735885620117,-0.76434725522995,-8.90577220916748,-1.1131162643432617
2924,-9.989307403564453,-0.7681753635406494,-8.897989273071289,-1.091301679611206
2925,-9.960152626037598,-0.7720019221305847,-8.890637397766113,-1.0697890520095825
2926,-9.932270050048828,-0.7757399082183838,-8.884049415588379,-1.0484546422958374
2927,-9.905055046081543,-0.7794710397720337,-8.877793312072754,-1.027097463607788
2928,-9.878316879272461,-0.7831329703330994,-8.8724946975708,-1.005753993988037
2929,-9.852270126342773,-0.7867884635925293,-8.867504119873047,-0.9847197532653809
2930,-9.82695198059082,-0.7903723120689392,-8.863393783569336,-0.963779628276825
2931,-9.80248737335205,-0.7939814925193787,-8.859257698059082,-0.9427521824836731
2932,-9.778313636779785,-0.7975298166275024,-8.856100082397461,-0.9221389889717102
2933,-9.755561828613281,-0.8009623289108276,-8.85393238067627,-0.901335597038269
2934,-9.733108520507812,-0.8044341206550598,-8.851855278015137,-0.8807966709136963
2935,-9.710806846618652,-0.8079164028167725,-8.85020637512207,-0.8603159189224243
2936,-9.689854621887207,-0.8112552165985107,-8.849837303161621,-0.8398967385292053
2937,-9.66929817199707,-0.8146325349807739,-8.849526405334473,-0.8197738528251648
2938,-9.649392127990723,-0.8179798126220703,-8.8497953414917,-0.7995707988739014
2939,-9.630709648132324,-0.8212214112281799,-8.851076126098633,-0.7793728113174438
2940,-9.611655235290527,-0.8245531916618347,-8.852313041687012,-0.7592418193817139
2941,-9.593198776245117,-0.8278576135635376,-8.854133605957031,-0.7393208742141724
2942,-9.576190948486328,-0.8310529589653015,-8.85689926147461,-0.7193765044212341
2943,-9.559789657592773,-0.8342226147651672,-8.860234260559082,-0.6997076272964478
2944,-9.543850898742676,-0.8373708128929138,-8.864180564880371,-0.6800566911697388
2945,-9.528533935546875,-0.8405563831329346,-8.868106842041016,-0.6601768732070923
2946,-9.514119148254395,-0.8436484336853027,-8.873111724853516,-0.640626072883606
2947,-9.500116348266602,-0.8467220664024353,-8.878734588623047,-0.6211488842964172
2948,-9.486103057861328,-0.8498495221138,-8.884501457214355,-0.6015384197235107
2949,-9.473270416259766,-0.852909505367279,-8.890969276428223,-0.5821325182914734
2950,-9.46119499206543,-0.8559132218360901,-8.898260116577148,-0.5626629590988159
2951,-9.44942569732666,-0.85893315076828,-8.90589714050293,-0.5435197353363037
2952,-9.438396453857422,-0.8619284629821777,-8.914064407348633,-0.5242657661437988
2953,-9.428011894226074,-0.8648722171783447,-8.923081398010254,-0.5049391984939575
2954,-9.418149948120117,-0.8677983283996582,-8.932682037353516,-0.4856209456920624
2955,-9.4086275100708,-0.8707706928253174,-8.9423246383667,-0.4665175676345825
2956,-9.400161743164062,-0.8736820220947266,-8.952702522277832,-0.4473932683467865
2957,-9.3923921585083,-0.8765414953231812,-8.9639253616333,-0.4282498359680176
2958,-9.384817123413086,-0.879393458366394,-8.97582721710205,-0.4092220067977905
2959,-9.378251075744629,-0.882215678691864,-8.988182067871094,-0.3901924192905426
2960,-9.37195110321045,-0.8850587010383606,-9.000900268554688,-0.37123000621795654
2961,-9.366474151611328,-0.8878772258758545,-9.014128684997559,-0.3523610830307007
2962,-9.361358642578125,-0.8906850814819336,-9.02800178527832,-0.33339735865592957
2963,-9.356942176818848,-0.8934723138809204,-9.042428016662598,-0.3143382966518402
2964,-9.353116989135742,-0.896213948726654,-9.057734489440918,-0.2955071032047272
2965,-9.349771499633789,-0.8989711999893188,-9.073359489440918,-0.2764303684234619
2966,-9.347411155700684,-0.901671826839447,-9.089757919311523,-0.25756192207336426
2967,-9.345430374145508,-0.9043908715248108,-9.106511116027832,-0.23869839310646057
2968,-9.343920707702637,-0.90706866979599,-9.124204635620117,-0.21975906193256378
2969,-9.342763900756836,-0.9097951054573059,-9.141958236694336,-0.2007817178964615
2970,-9.34246826171875,-0.9124690294265747,-9.160543441772461,-0.18193811178207397
2971,-9.343182563781738,-0.915086567401886,-9.17991828918457,-0.16286788880825043
2972,-9.344072341918945,-0.9177296757698059,-9.199727058410645,-0.1440533995628357
2973,-9.3453369140625,-0.9203640222549438,-9.220230102539062,-0.125154048204422
2974,-9.347539901733398,-0.9229446649551392,-9.241559982299805,-0.10608050227165222
2975,-9.350458145141602,-0.925506591796875,-9.263484001159668,-0.0871942862868309
2976,-9.353607177734375,-0.9280927181243896,-9.285858154296875,-0.0681573897600174
2977,-9.357844352722168,-0.9306485652923584,-9.308719635009766,-0.04900352284312248
2978,-9.362626075744629,-0.9331912994384766,-9.332250595092773,-0.03003809042274952
2979,-9.367618560791016,-0.9357314705848694,-9.356571197509766,-0.011084243655204773
2980,-9.373669624328613,-0.9382146000862122,-9.381722450256348,0.008132651448249817
2981,-9.379973411560059,-0.9407219886779785,-9.407354354858398,0.027344463393092155
2982,-9.387182235717773,-0.943177342414856,-9.433886528015137,0.04648222029209137
2983,-9.395252227783203,-0.9456095099449158,-9.461030006408691,0.06570754200220108
2984,-9.403393745422363,-0.9480994939804077,-9.48842716217041,0.08509821444749832
2985,-9.412821769714355,-0.9504699110984802,-9.51725959777832,0.1044284850358963
2986,-9.422355651855469,-0.9529246091842651,-9.546038627624512,0.12372061610221863
2987,-9.432929039001465,-0.9552955627441406,-9.576040267944336,0.1432536095380783
2988,-9.443999290466309,-0.9576827883720398,-9.606513023376465,0.16267460584640503
2989,-9.455697059631348,-0.9600274562835693,-9.63806438446045,0.18234935402870178
2990,-9.467967987060547,-0.9623858332633972,-9.670083045959473,0.2019702047109604
2991,-9.480903625488281,-0.9647276401519775,-9.702871322631836,0.2217407077550888
2992,-9.495146751403809,-0.9670031070709229,-9.736536979675293,0.2414538562297821
2993,-9.509299278259277,-0.9693423509597778,-9.77062702178955,0.26130878925323486
2994,-9.52480411529541,-0.9715865254402161,-9.805929183959961,0.28132954239845276
2995,-9.540582656860352,-0.9738286137580872,-9.842203140258789,0.3013750910758972
2996,-9.557199478149414,-0.9760734438896179,-9.878944396972656,0.32140448689460754
2997,-9.57464599609375,-0.9782957434654236,-9.916479110717773,0.3418513238430023
2998,-9.592903137207031,-0.9804953336715698,-9.954848289489746,0.36208266019821167
2999,-9.612035751342773,-0.982617199420929,-9.994697570800781,0.3825673460960388
3000,-9.631562232971191,-0.9847849011421204,-10.034915924072266,0.4031206965446472
3001,-9.652214050292969,-0.9869176149368286,-10.075897216796875,0.42384421825408936
3002,-9.673657417297363,-0.989001989364624,-10.118128776550293,0.4445219933986664
3003,-9.695469856262207,-0.9911324977874756,-10.160798072814941,0.46541985869407654
3004,-9.718685150146484,-0.9931384325027466,-10.205187797546387,0.4864407181739807
3005,-9.742359161376953,-0.9951865077018738,-10.25002670288086,0.5076940655708313
3006,-9.766989707946777,-0.9971791505813599,-10.296148300170898,0.5290125608444214
3007,-9.792308807373047,-0.9991787672042847,-10.343008995056152,0.5505008101463318
3008,-9.818984985351562,-1.0011059045791626,-10.391046524047852,0.572066605091095
3009,-9.846141815185547,-1.0030481815338135,-10.439960479736328,0.5937809944152832
3010,-9.874150276184082,-1.004963755607605,-10.489975929260254,0.6157314777374268
3011,-9.903529167175293,-1.0068060159683228,-10.541234016418457,0.6378347277641296
3012,-9.933058738708496,-1.0087016820907593,-10.593268394470215,0.6600639820098877
3013,-9.964564323425293,-1.0104457139968872,-10.64704418182373,0.6826546788215637
3014,-9.996418952941895,-1.012209415435791,-10.70193099975586,0.705174446105957
3015,-10.029374122619629,-1.013985514640808,-10.75726318359375,0.7280171513557434
3016,-10.063867568969727,-1.0156269073486328,-10.814643859863281,0.7511323690414429
3017,-10.098526000976562,-1.0173207521438599,-10.872983932495117,0.774213433265686
3018,-10.134834289550781,-1.0189251899719238,-10.93268871307373,0.7976523041725159
3019,-10.172062873840332,-1.0205223560333252,-10.99343490600586,0.8212004899978638
3020,-10.21052074432373,-1.0220469236373901,-11.055829048156738,0.8452646136283875
3021,-10.250068664550781,-1.0235304832458496,-11.119638442993164,0.8693749308586121
3022,-10.29078483581543,-1.0249942541122437,-11.184494972229004,0.8936147689819336
3023,-10.332642555236816,-1.0264126062393188,-11.250825881958008,0.9184001684188843
3024,-10.375972747802734,-1.02772057056427,-11.31926441192627,0.9431608319282532
3025,-10.41999340057373,-1.0290782451629639,-11.388412475585938,0.9682405591011047
3026,-10.466064453125,-1.0302956104278564,-11.459467887878418,0.9938223361968994
3027,-10.513065338134766,-1.0314762592315674,-11.53234577178955,1.0193233489990234
3028,-10.561589241027832,-1.0325891971588135,-11.60678482055664,1.0453985929489136
3029,-10.611250877380371,-1.0336776971817017,-11.6826810836792,1.0717003345489502
3030,-10.662779808044434,-1.034630537033081,-11.760839462280273,1.0984001159667969
3031,-10.71519660949707,-1.0355697870254517,-11.84074592590332,1.1251749992370605
3032,-10.769474983215332,-1.0364198684692383,-11.922284126281738,1.1526645421981812
3033,-10.825186729431152,-1.037226676940918,-12.00540828704834,1.180169939994812
3034,-10.882407188415527,-1.0379599332809448,-12.090527534484863,1.2081034183502197
3035,-10.941460609436035,-1.0385768413543701,-12.177933692932129,1.2364718914031982
3036,-9.88565444946289,-0.9310123324394226,-11.019523620605469,1.1253331899642944
3037,-7.873650550842285,-0.7390105128288269,-8.791430473327637,0.9135164618492126
3038,-6.167746543884277,-0.5773147940635681,-6.895925998687744,0.7266966104507446
3039,-4.730365753173828,-0.44182977080345154,-5.293850421905518,0.5638196468353271
3040,-3.5243678092956543,-0.32871803641319275,-3.947262763977051,0.42384016513824463
3041,-2.518690347671509,-0.23467864096164703,-2.8225784301757812,0.3050505816936493
3042,-1.6844818592071533,-0.15687572956085205,-1.8883916139602661,0.20532402396202087
3043,-0.9961653351783752,-0.09287290275096893,-1.117432713508606,0.12235305458307266
3044,-0.4336087107658386,-0.04057886078953743,-0.48685190081596375,0.054260045289993286
3045,0.02200581319630146,0.0018020140705630183,0.02389036864042282,-0.001101194997318089
3046,0.3870825171470642,0.03580709546804428,0.43355098366737366,-0.045401282608509064
3047,0.6777249574661255,0.06276844441890717,0.7592512369155884,-0.08074375241994858
3048,0.9029977321624756,0.08381720632314682,1.0118091106414795,-0.10799073427915573
3049,1.0748424530029297,0.09990719705820084,1.204082727432251,-0.12868019938468933
3050,1.20238196849823,0.11185485869646072,1.3467347621917725,-0.1438339352607727
3051,1.2924809455871582,0.12035628408193588,1.4475423097610474,-0.15447701513767242
3052,1.3525408506393433,0.12600532174110413,1.5144680738449097,-0.1613726168870926
3053,1.3866539001464844,0.12931257486343384,1.5523730516433716,-0.1652815043926239
3054,1.4005122184753418,0.13071860373020172,1.5673013925552368,-0.1666291505098343
3055,1.3982089757919312,0.13060441613197327,1.5646682977676392,-0.16601061820983887
3056,1.3833483457565308,0.12926603853702545,1.5473415851593018,-0.16405141353607178
3057,1.3575950860977173,0.12695083022117615,1.5183814764022827,-0.1606040745973587
3058,1.3252617120742798,0.12414149194955826,1.4821287393569946,-0.15659037232398987
3059,1.2939025163650513,0.121211476624012,1.446580410003662,-0.1527917981147766
3060,1.2621898651123047,0.11832922697067261,1.4109975099563599,-0.14873750507831573
3061,1.2308567762374878,0.11540614068508148,1.3757123947143555,-0.1445924937725067
3062,1.1992833614349365,0.11254709959030151,1.3398852348327637,-0.14078977704048157
3063,1.1678014993667603,0.10966333746910095,1.3045406341552734,-0.13665708899497986
3064,1.136196494102478,0.10678844898939133,1.269391655921936,-0.13286830484867096
3065,1.1052021980285645,0.10385986417531967,1.2343778610229492,-0.12898194789886475
3066,1.0736775398254395,0.10103601217269897,1.1985907554626465,-0.12510235607624054
3067,1.042427897453308,0.09815186262130737,1.1635572910308838,-0.12118816375732422
3068,1.0114644765853882,0.09523064643144608,1.1288517713546753,-0.11741077154874802
3069,0.9802265167236328,0.09235139191150665,1.0940172672271729,-0.11362484842538834
3070,0.9490644931793213,0.08947063982486725,1.05923593044281,-0.10985606908798218
3071,0.9183664917945862,0.08654376119375229,1.0246514081954956,-0.10616528987884521
3072,0.8873308897018433,0.08366159349679947,0.9899789690971375,-0.10237981379032135
3073,0.8563450574874878,0.08080356568098068,0.9549506902694702,-0.09870689362287521
3074,0.8254003524780273,0.0779215469956398,0.9203869700431824,-0.0950409397482872
3075,0.7946735620498657,0.07502984255552292,0.8857718110084534,-0.09140747785568237
3076,0.7638598680496216,0.0721452385187149,0.8512940406799316,-0.08767902851104736
3077,0.7330961227416992,0.06926032155752182,0.8168531656265259,-0.0840156301856041
3078,0.7021108269691467,0.06641336530447006,0.7822200655937195,-0.08040594309568405
3079,0.6717087626457214,0.06348829716444016,0.7480958700180054,-0.07693661004304886
3080,0.6407900452613831,0.060641638934612274,0.7135621905326843,-0.07325061410665512
3081,0.6102307438850403,0.05772894620895386,0.6796649098396301,-0.06972500681877136
3082,0.5796872973442078,0.054817382246255875,0.6458219885826111,-0.06607015430927277
3083,0.5486665368080139,0.05198077857494354,0.6115278005599976,-0.06257115304470062
3084,0.5182474851608276,0.04908989369869232,0.5773074626922607,-0.05905941501259804
3085,0.48789235949516296,0.04617224261164665,0.5435062646865845,-0.055600158870220184
3086,0.45713281631469727,0.043326590210199356,0.5091975331306458,-0.05203185975551605
3087,0.427009254693985,0.040399905294179916,0.4753415584564209,-0.04846135526895523
3088,0.39613282680511475,0.037562545388936996,0.4411921799182892,-0.0449831485748291
3089,0.36592525243759155,0.03466681391000748,0.4070611298084259,-0.04152272641658783
3090,0.3349383771419525,0.031837593764066696,0.37305372953414917,-0.03801756724715233
3091,0.3050491213798523,0.028877772390842438,0.3395978510379791,-0.034691665321588516
3092,0.27428001165390015,0.02603880688548088,0.3055146038532257,-0.031217554584145546
3093,0.24376679956912994,0.02316260151565075,0.271704763174057,-0.02772035263478756
3094,0.2134355902671814,0.0202777199447155,0.23780477046966553,-0.02416539564728737
3095,0.1828501671552658,0.017406756058335304,0.20407745242118835,-0.020734494552016258
3096,0.15286414325237274,0.014480006881058216,0.17039906978607178,-0.017344415187835693
3097,0.12268341332674026,0.011588451452553272,0.1364550143480301,-0.013914023526012897
3098,0.09197673946619034,0.008749664761126041,0.1024513766169548,-0.010356275364756584
3099,0.06166507303714752,0.005865217186510563,0.06861033290624619,-0.007019163109362125
3100,0.031231887638568878,0.0029880411457270384,0.03485334664583206,-0.003477520542219281
3101,0.0010088712442666292,9.963099000742659e-05,0.0009618804324418306,-9.783161658560857e-05
3102,-0.029287287965416908,-0.0027852205093950033,-0.032877661287784576,0.0032981315162032843
3103,-0.059742383658885956,-0.0056610130704939365,-0.06662390381097794,0.006833377294242382
3104,-0.09004088491201401,-0.00854615867137909,-0.10047338902950287,0.010137626901268959
3105,-0.1206279844045639,-0.011415591463446617,-0.13414587080478668,0.013707542791962624
3106,-0.15075093507766724,-0.014334836974740028,-0.1677227020263672,0.01702878810465336
3107,-0.18150800466537476,-0.01717185042798519,-0.20171961188316345,0.020524337887763977
3108,-0.2117820680141449,-0.02005949430167675,-0.23563599586486816,0.02389587089419365
3109,-0.2420080304145813,-0.022974535822868347,-0.26919010281562805,0.02743505872786045
3110,-0.272356241941452,-0.02583526261150837,-0.30350592732429504,0.03078942745923996
3111,-0.3030315339565277,-0.02867860347032547,-0.33763647079467773,0.03446488454937935
3112,-0.33323803544044495,-0.03159718215465546,-0.3712840676307678,0.03790006414055824
3113,-0.36391887068748474,-0.034467022866010666,-0.40507620573043823,0.04130212590098381
3114,-0.39432111382484436,-0.03735256940126419,-0.43906792998313904,0.044853419065475464
3115,-0.4248068630695343,-0.040234677493572235,-0.47305259108543396,0.04832681268453598
3116,-0.4554550349712372,-0.043109696358442307,-0.5069750547409058,0.05174428969621658
3117,-0.48594731092453003,-0.0459938682615757,-0.5410356521606445,0.05530533567070961
3118,-0.5164282321929932,-0.04888013377785683,-0.5751501321792603,0.058836620301008224
3119,-0.5469953417778015,-0.051763057708740234,-0.6092572808265686,0.06246999651193619
3120,-0.5058484077453613,-0.04780659079551697,-0.563140869140625,0.05707249417901039
3121,-0.4066164195537567,-0.038388192653656006,-0.4529275894165039,0.04601624235510826
3122,-0.32189813256263733,-0.03047950193285942,-0.3583517074584961,0.036469437181949615
3123,-0.2514996826648712,-0.023817114531993866,-0.28047215938568115,0.0286412313580513
3124,-0.1929537057876587,-0.018222423270344734,-0.21516141295433044,0.02210085839033127
3125,-0.14351320266723633,-0.01354211289435625,-0.15993936359882355,0.016461674124002457
3126,-0.10206009447574615,-0.009642545133829117,-0.11322664469480515,0.011879400350153446
3127,-0.06760933995246887,-0.006408013869076967,-0.07504703104496002,0.007807019632309675
3128,-0.03939599171280861,-0.003739770967513323,-0.04354095831513405,0.004507927224040031
3129,-0.01682657189667225,-0.0015518541913479567,-0.01839979737997055,0.001961091300472617
3130,0.0028300757985562086,0.00022435339633375406,0.003263235092163086,-0.0003155635204166174
3131,0.01733858697116375,0.0016572457971051335,0.01950654201209545,-0.0019219516543671489
3132,0.02963179349899292,0.002796391723677516,0.03297051787376404,-0.003412791760638356
3133,0.03912762552499771,0.003688831813633442,0.04349473863840103,-0.004421819932758808
3134,0.046372804790735245,0.004374677315354347,0.051599323749542236,-0.005318779963999987
3135,0.051526207476854324,0.004887191113084555,0.057680509984493256,-0.0058605060912668705
3136,0.05554249510169029,0.005255077499896288,0.06202949211001396,-0.006354822311550379
3137,0.05836173892021179,0.005503436084836721,0.06495543569326401,-0.006679775193333626
3138,0.05933864042162895,0.005656246095895767,0.06608308851718903,-0.0067734369076788425
3139,0.06085977703332901,0.00572457117959857,0.06757258623838425,-0.007018540054559708
3140,0.060856159776449203,0.00572951091453433,0.06763847917318344,-0.006910659372806549
3141,0.06015978753566742,0.005681484472006559,0.06707732379436493,-0.006948553957045078
3142,0.058774884790182114,0.0055922213941812515,0.06534593552350998,-0.0066139851696789265
3143,0.0579509399831295,0.005465945228934288,0.06453069299459457,-0.006680592894554138
3144,0.05644063279032707,0.00531504862010479,0.06275203824043274,-0.006451399065554142
3145,0.05416269972920418,0.0051464783027768135,0.060095928609371185,-0.00617921631783247
3146,0.05210075527429581,0.004961759317666292,0.05792218819260597,-0.006022472400218248
3147,0.050671596080064774,0.004765422083437443,0.056291207671165466,-0.005804736632853746
3148,0.04793642461299896,0.004567071329802275,0.05326995626091957,-0.005387204233556986
3149,0.045737333595752716,0.004363394342362881,0.05087107792496681,-0.005198852624744177
3150,0.044170718640089035,0.0041567301377654076,0.04911775887012482,-0.0050318315625190735
3151,0.04206251725554466,0.003953513689339161,0.046712107956409454,-0.004832973703742027
3152,0.04010598361492157,0.0037528083194047213,0.04435844346880913,-0.004520110320299864
3153,0.03783484175801277,0.0035569078754633665,0.0420527309179306,-0.004256025422364473
3154,0.035017162561416626,0.0033680268097668886,0.03912898525595665,-0.004010629840195179
3155,0.033516522496938705,0.0031815809197723866,0.03761647269129753,-0.003763799322769046
3156,0.031156504526734352,0.0030050764326006174,0.034864429384469986,-0.0035420735366642475
3157,0.03007248416543007,0.00283142551779747,0.03349923714995384,-0.0035012047737836838
3158,0.02857367880642414,0.0026655744295567274,0.0322323739528656,-0.0033140741288661957
3159,0.026418719440698624,0.0025094817392528057,0.02969634160399437,-0.0029925736598670483
3160,0.024535100907087326,0.002360849641263485,0.027257565408945084,-0.002973800990730524
3161,0.024002816528081894,0.002215008484199643,0.026923278346657753,-0.002752654254436493
3162,0.021988840773701668,0.0020813008304685354,0.02464914508163929,-0.00257203564979136
3163,0.020237671211361885,0.0019542439840734005,0.022479897364974022,-0.002324474975466728
3164,0.019706247374415398,0.0018298919312655926,0.02169855125248432,-0.0021994784474372864
3165,0.018903449177742004,0.001713252509944141,0.020995037630200386,-0.002139079151675105
3166,0.017096413299441338,0.0016064540250226855,0.019066428765654564,-0.00203067809343338
3167,0.015345928259193897,0.0015057019190862775,0.01719706878066063,-0.00163995788898319
3168,0.01562989130616188,0.0014053593622520566,0.01737770065665245,-0.0018288228893652558
3169,0.013782833702862263,0.001317084999755025,0.015647422522306442,-0.0014979727566242218
3170,0.013237115927040577,0.0012308370787650347,0.014638427644968033,-0.0014985722955316305
3171,0.012195575051009655,0.0011510950280353427,0.01370137557387352,-0.0014872278552502394
3172,0.011502917855978012,0.0010753368260338902,0.012808502651751041,-0.0013815374113619328
3173,0.010621091350913048,0.00100469880271703,0.01197853870689869,-0.0011817974736914039
3174,0.010064289905130863,0.0009379707626067102,0.011191749013960361,-0.0011318051256239414
3175,0.009240011684596539,0.0008757813484407961,0.010458539240062237,-0.001088184304535389
3176,0.008638421073555946,0.0008174640242941678,0.009756851010024548,-0.000986443366855383
3177,0.007959704846143723,0.0007630651816725731,0.009130854159593582,-0.0008117863908410072
3178,0.007891303859651089,0.0007111855084076524,0.008516733534634113,-0.0008666905923746526
3179,0.007265736814588308,0.0006636020843870938,0.007956604473292828,-0.000876227393746376
3180,0.005911585874855518,0.0006215485045686364,0.006768970284610987,-0.0006954838754609227
3181,0.005695626139640808,0.0005794092430733144,0.006281750276684761,-0.0006799128605052829
3182,0.0058565279468894005,0.0005385932163335383,0.006484557408839464,-0.0006622605724260211
3183,0.004931099712848663,0.0005042539560236037,0.005385904107242823,-0.000480837159557268
3184,0.00511355372145772,0.00046813450171612203,0.005658392794430256,-0.0005477037047967315
3185,0.004553574603050947,0.00043773758807219565,0.00461082486435771,-0.00046583599760197103
3186,0.00461824843659997,0.00040680187521502376,0.004918724298477173,-0.0005438224761746824
3187,0.004304538946598768,0.0003796194214373827,0.004626313224434853,-0.0005130387144163251
3188,0.0039797257632017136,0.00035356334410607815,0.004293621517717838,-0.00037805389729328454
3189,0.003861252684146166,0.00032890509464778006,0.004000835586339235,-0.00039559241849929094
3190,0.0028394467663019896,0.0003086741198785603,0.0030955723486840725,-0.0002645438944455236
3191,0.0032498780637979507,0.00028545307577587664,0.0035018527414649725,-0.00032832552096806467
3192,0.00291798310354352,0.0002670980175025761,0.002600526437163353,-0.00029689553775824606
3193,0.0030417453963309526,0.0002478287206031382,0.0030483694281429052,-0.00040513856220059097
3194,0.002318305429071188,0.00023282074835151434,0.002186431782320142,-0.00028383368044160306
3195,0.002511833095923066,0.00021584943169727921,0.0026828248519450426,-0.00025662052212283015
3196,0.0025858841836452484,0.000200770897208713,0.0025008092634379864,-0.0002489711332600564
3197,0.0020570147316902876,0.00018720462685450912,0.002334082266315818,-0.00031949198455549777
3198,0.0012505570193752646,0.0001766054192557931,0.0015409043990075588,-0.00012282819079700857
3199,0.001954793930053711,0.00016212149057537317,0.0020504745189100504,-0.00027101795421913266
3200,0.00178620929364115,0.00015114682901185006,0.0019086413085460663,-0.0001346857170574367
3201,0.0016366615891456604,0.0001407750678481534,0.0017981562996283174,-0.0002725440717767924
3202,0.0014155894750729203,0.0001314557739533484,0.0016890668775886297,-0.00017229383229278028
3203,0.001348624238744378,0.00012204413360450417,0.0015790434554219246,-0.00023958258680067956
3204,0.001431971788406372,0.00011298014578642324,0.0014583690790459514,-9.773429337656125e-05
3205,0.000674471550155431,0.00010722790466388687,0.0007103182142600417,-7.108002319000661e-05
3206,0.000495113548822701,0.00010011114500230178,0.0006369507173076272,-0.00013303596642799675
3207,0.0010120508959516883,9.147220407612622e-05,0.001220064819790423,-6.128150562290102e-05
3208,0.001041472190991044,8.473743946524337e-05,0.0011373450979590416,-0.0001331103267148137
3209,0.0008427304564975202,7.891966379247606e-05,0.0010573292383924127,-0.00012839421106036752
3210,0.0010289816418662667,7.341548189288005e-05,0.0010141124948859215,-6.578867032658309e-05
3211,0.0008180480799637735,6.839400884928182e-05,0.000947997672483325,-2.3314366899285233e-06
3212,0.00022809173970017582,6.568799290107563e-05,0.0002306169772055,-3.9366183045785874e-05
3213,0.001312382984906435,5.762431101175025e-05,0.001501802820712328,-0.00018519618606660515
3214,0.00027591397520154715,5.7080040278378874e-05,0.0001174344215542078,-9.800321276998147e-05
3215,0.00018282863311469555,5.299753320286982e-05,8.244776836363599e-05,6.693868635920808e-05
3216,0.00012940619490109384,4.947964771417901e-05,2.7560639864532277e-05,5.822109233122319e-05
3217,0.0013489904813468456,4.214186628814787e-05,0.0013180807000026107,-7.90831763879396e-05
3218,2.8495096557890065e-06,4.317516504670493e-05,-2.1601401385851204e-05,2.9355151127674617e-05
3219,-3.9334870962193236e-05,4.046043613925576e-05,-7.883581565693021e-05,3.111526893917471e-05
3220,0.0005479197134263813,3.554019349394366e-05,0.0005581125733442605,-9.378391405334696e-05
3221,0.0003010575892403722,3.3521399018354714e-05,0.0005377506604418159,-4.576649371301755e-05
3222,6.10807619523257e-05,3.2662777812220156e-05,-0.0001594039931660518,-0.00010005805233959109
3223,0.0004156283685006201,2.8570351787493564e-05,0.00047930795699357986,7.428793469443917e-05
3224,0.00031390346703119576,2.6587593310978264e-05,0.0004555274499580264,5.161912849871442e-05
3225,0.00027812039479613304,2.4851713533280417e-05,0.0004327463684603572,-0.0001588569430168718
3226,0.00024365948047488928,2.347250483580865e-05,0.0004165015707258135,4.808966423297534e-06
3227,0.0002313868171768263,2.231694270449225e-05,0.00040285801514983177,6.112970368121751e-06
3228,0.0002980195276904851,2.0508179659373127e-05,0.0003932718245778233,-2.56451985478634e-05
3229,0.0002829421136993915,1.8847274986910634e-05,0.0003619384951889515,-1.317860369454138e-05
3230,0.0002693233545869589,1.7495258362032473e-05,0.0003461197193246335,-9.534083801554516e-06
3231,0.0002577422128524631,1.6401825632783584e-05,0.0003332190972287208,-8.219612936954945e-06
3232,0.0002483653952367604,1.5516696294071153e-05,0.00032277576974593103,-7.161204848671332e-06
3233,0.00024077511625364423,1.4800231838307809e-05,0.00031432227115146816,-6.304706857918063e-06
3234,0.000826644420158118,1.2443987543520052e-05,0.0009690792649053037,-7.957968773553148e-05
3235,0.0007359954179264605,1.1320995326968841e-05,0.0009676742483861744,-0.00013818823208566755
3236,0.0001327622594544664,1.1995753084192984e-05,0.00029117404483258724,-0.00013137250789441168
3237,0.00012348468590062112,1.0881753041758202e-05,0.0002682263730093837,-8.936184167396277e-05
3238,0.00011388968414394185,9.971659892471507e-06,0.0002574938698671758,-8.812871965346858e-05
3239,0.00010608611773932353,9.235019206244033e-06,0.00024880259297788143,-8.724730287212878e-05
3240,9.976868750527501e-05,8.63870809553191e-06,0.0002417667128611356,-8.653452096041292e-05
3241,9.465525363339111e-05,8.156009243975859e-06,0.00023607163166161627,-8.595731924287975e-05
3242,9.051666711457074e-05,7.765324880892877e-06,0.0002314623270649463,-8.549015910830349e-05
3243,8.716581942280754e-05,7.449043550877832e-06,0.00022773047385271639,-8.511226042173803e-05
3244,8.445333514828235e-05,7.193008514150279e-06,0.00022470936528407037,-8.480570249957964e-05
3245,8.225844794651493e-05,6.9858019742241595e-06,0.000222264978219755,-8.455848001176491e-05
3246,8.048136078286916e-05,6.818058864155319e-06,0.00022028578678146005,-8.435791096417233e-05
3247,7.904166704975069e-05,6.6822030930779874e-06,0.00021868247131351382,-8.419590449193493e-05
3248,0.0006729693850502372,5.09425353811821e-06,0.0008824256365187466,-0.00015841661661397666
3249,-1.0728605957410764e-05,6.032917553966399e-06,0.00022317403636407107,3.687056960188784e-05
3250,-3.964014467783272e-05,5.003471869713394e-06,0.00019906523812096566,-0.00014592001389246434
3251,-3.7896323192398995e-05,4.1410803532926366e-06,0.0001888267433969304,5.3956508054398e-05
3252,-5.6094904721248895e-05,3.44924569617433e-06,0.00018072588136419654,-0.00014402010128833354
3253,-5.1224746130174026e-05,2.882969283746206e-06,0.00017398256750311702,5.546026659430936e-05
3254,-6.688279245281592e-05,2.4308958472829545e-06,0.00016871104890014976,-0.00014280264440458268
3255,-5.9957346820738167e-05,2.058631025647628e-06,0.00016425663488917053,5.644626071443781e-05
3256,-7.39532770239748e-05,1.7635364883972215e-06,0.00016083648370113224,-0.0001420050102751702
3257,-6.568009848706424e-05,1.5184259609668516e-06,0.00015788311429787427,5.7091870985459536e-05
3258,-7.858500612201169e-05,1.326295773651509e-06,0.00015567803347948939,-0.00014148243644740433
3259,-6.942939944565296e-05,1.1645223594314302e-06,0.00015370739856734872,5.7514913351042196e-05
3260,-8.1619706179481e-05,1.039819949255616e-06,0.00015229811833705753,-0.00014113978249952197
3261,-7.188642484834418e-05,9.326108738605399e-07,0.00015097101277206093,5.779191997135058e-05
3262,-8.360876381630078e-05,8.520814844814595e-07,0.0001500829530414194,-0.00014091565390117466
3263,-7.349651423282921e-05,7.806050348335702e-07,0.00014917764929123223,5.797421181341633e-05
3264,-8.491238986607641e-05,7.290312851182534e-07,0.00014863102114759386,-0.0001407683885190636
3265,-7.701289723627269e-05,6.843156370450743e-07,0.0001480675273342058,4.8605885240249336e-05
3266,-8.349967538379133e-05,6.447812666010577e-07,0.00014758537872694433,-0.00013177112850826234
3267,-7.769557851133868e-05,6.18839123944781e-07,0.0001472969161113724,4.871639612247236e-05
3268,-7.881306373747066e-05,5.964733418295509e-07,0.0001470764254918322,4.547659045783803e-05
3269,-8.426807471551001e-05,5.726423069063458e-07,0.00014673334953840822,-0.00013169669546186924
3270,-7.831428956706077e-05,5.604276793746976e-07,0.00014660779561381787,4.878628169535659e-05
3271,-7.93146900832653e-05,5.49161484286742e-07,0.0001465178793296218,4.553273174678907e-05
3272,-8.467376756016165e-05,5.343608222574403e-07,0.0001462817017454654,-0.00013165146810933948
3273,-7.864305371185765e-05,5.294245397635677e-07,0.000146241785841994,4.882297071162611e-05
3274,-7.957910565892234e-05,5.241564053903858e-07,0.00014622329035773873,4.556285057333298e-05
3275,-8.488823368679732e-05,5.141200745129026e-07,0.0001460428611608222,-0.0001316273119300604
3276,-7.8817036410328e-05,5.130096383254568e-07,0.0001460479834349826,4.884266672888771e-05
3277,-7.972107414389029e-05,5.107920060254401e-07,0.00014606519835069776,4.5578868594020605e-05
3278,-8.500306284986436e-05,5.032803187532409e-07,0.0001459149643778801,-0.000131614287965931
3279,-7.890933193266392e-05,5.042849693381868e-07,0.00014594520325772464,4.8853125917958096e-05
3280,-7.979611109476537e-05,5.037155688114581e-07,0.00014598156849388033,4.5587476051878184e-05
3281,-8.50635624374263e-05,4.975620413461002e-07,0.00014584758901037276,-0.00013160759408492595
3282,-7.895886665210128e-05,4.996331313122937e-07,0.00014589002239517868,4.8858732043299824e-05
3283,-7.983574323588982e-05,4.999848783882044e-07,0.00014593767991755158,4.559111039270647e-05
3284,-8.509518374921754e-05,4.945646310261509e-07,0.00014581230061594397,-0.00013160375237930566
3285,-7.898359035607427e-05,4.972458782503963e-07,0.0001458623301004991,4.886196620645933e-05
3286,-7.985590491443872e-05,4.980429935130815e-07,0.00014591493527404964,4.559437002171762e-05
3287,-8.511203486705199e-05,4.929783585794212e-07,0.0001457935431972146,-0.00013160186063032597
3288,0.012034131214022636,0.0010960842482745647,0.013680221512913704,-0.0007413462735712528
3289,0.023882118985056877,0.002226040232926607,0.026980329304933548,-0.0024366681464016438
3290,0.03569788113236427,0.0033823500853031874,0.03989899158477783,-0.004033006262034178
3291,0.047599587589502335,0.004510454833507538,0.053179070353507996,-0.005309259984642267
3292,0.05944882705807686,0.005665653385221958,0.0660785436630249,-0.00675504794344306
3293,0.07156497240066528,0.006758048664778471,0.07962575554847717,-0.008113865740597248
3294,0.08330189436674118,0.007895117625594139,0.09300079941749573,-0.009546958841383457
3295,0.09543347358703613,0.009011339396238327,0.1061362475156784,-0.010874499566853046
3296,0.1073586642742157,0.01011458970606327,0.11980481445789337,-0.012151422910392284
3297,0.119106225669384,0.0112757608294487,0.13277000188827515,-0.013624431565403938
3298,0.13099390268325806,0.012406010180711746,0.1460590660572052,-0.014829953201115131
3299,0.14279186725616455,0.013540572486817837,0.1593971699476242,-0.016311731189489365
3300,0.1548006534576416,0.014664817601442337,0.17260771989822388,-0.017580365762114525
3301,0.16671667993068695,0.01579403318464756,0.18587511777877808,-0.018929017707705498
3302,0.17873480916023254,0.016917767003178596,0.19907164573669434,-0.02047361247241497
3303,0.19077068567276,0.018041685223579407,0.21226900815963745,-0.021649718284606934
3304,0.20271913707256317,0.01917034387588501,0.22551579773426056,-0.02296868897974491
3305,0.21445706486701965,0.020310478284955025,0.23888929188251495,-0.02437986433506012
3306,0.22659964859485626,0.021405169740319252,0.25241661071777344,-0.025753647089004517
3307,0.23819908499717712,0.022577907890081406,0.2654799520969391,-0.02704448811709881
3308,0.250108540058136,0.023710310459136963,0.27875062823295593,-0.028373654931783676
3309,0.2620384693145752,0.024842090904712677,0.29200664162635803,-0.029733797535300255
3310,0.273906946182251,0.025977538898587227,0.30529943108558655,-0.03114042803645134
3311,0.28579941391944885,0.02711220271885395,0.31858083605766296,-0.0325014553964138
3312,0.2976836562156677,0.02824842557311058,0.3318653404712677,-0.03375190123915672
3313,0.3098542392253876,0.029369862750172615,0.34496742486953735,-0.035110630095005035
3314,0.32184433937072754,0.030500853434205055,0.3581851124763489,-0.03657155856490135
3315,0.3337539732456207,0.031637806445360184,0.37145698070526123,-0.03770159184932709
3316,0.3455018401145935,0.03280782699584961,0.38442113995552063,-0.03903721272945404
3317,0.35764816403388977,0.033908095210790634,0.3979460299015045,-0.04047909751534462
3318,0.36939537525177,0.03507961332798004,0.41091230511665344,-0.04176031053066254
3319,0.3814948797225952,0.036184512078762054,0.42445752024650574,-0.0431477352976799
3320,0.3934102952480316,0.0373239628970623,0.4377221167087555,-0.04449007287621498
3321,0.40493640303611755,0.03850943222641945,0.45082974433898926,-0.04569150507450104
3322,0.41725677251815796,0.03960495442152023,0.4642394781112671,-0.047058191150426865
3323,0.42887142300605774,0.04078706353902817,0.47728288173675537,-0.04846539348363876
3324,0.4407891631126404,0.041905727237463,0.490945428609848,-0.04971305653452873
3325,0.45289352536201477,0.04303950443863869,0.504092812538147,-0.05099760740995407
3326,0.4649372398853302,0.0441775880753994,0.5172719359397888,-0.05231431499123573
3327,0.4765663743019104,0.045338358730077744,0.5307157039642334,-0.053510718047618866
3328,0.48868274688720703,0.0464744046330452,0.5438519716262817,-0.054812394082546234
3329,0.5007709860801697,0.04758827015757561,0.5574058890342712,-0.05618441849946976
3330,0.5126820206642151,0.048736944794654846,0.5706719160079956,-0.0574633963406086
3331,0.5244545936584473,0.049918390810489655,0.583613395690918,-0.05885252729058266
3332,0.5363193154335022,0.05109618231654167,0.5965037941932678,-0.06011991947889328
3333,0.548535168170929,0.05220746621489525,0.609982967376709,-0.06142016872763634
3334,0.5605013370513916,0.05335790663957596,0.623211145401001,-0.06263434886932373
3335,0.5719543099403381,0.05456062778830528,0.6363565325737,-0.06383714079856873
3336,0.5843204259872437,0.05566752701997757,0.6497410535812378,-0.06513218581676483
3337,0.596131443977356,0.056829024106264114,0.6630581021308899,-0.06655363738536835
3338,0.6085337996482849,0.057936765253543854,0.6764213442802429,-0.06774001568555832
3339,0.620095431804657,0.05916307494044304,0.689102053642273,-0.06885480135679245
3340,0.6323695182800293,0.06027933955192566,0.702538251876831,-0.07028839737176895
3341,0.6444936990737915,0.061429787427186966,0.715671718120575,-0.07147414237260818
3342,0.6562897562980652,0.06259862333536148,0.7290071249008179,-0.0726342424750328
3343,0.6680234670639038,0.06379630416631699,0.741976797580719,-0.07390470057725906
3344,0.6802180409431458,0.06492219865322113,0.7554641962051392,-0.07522480189800262
3345,0.6922202110290527,0.06608431786298752,0.7686733603477478,-0.07638639956712723
3346,0.704078197479248,0.0672546848654747,0.7819626927375793,-0.07782631367444992
3347,0.7158752679824829,0.06845489889383316,0.7949016094207764,-0.07888314872980118
3348,0.7282500267028809,0.06957732141017914,0.8082816004753113,-0.0801033154129982
3349,0.740174412727356,0.0707486942410469,0.8215345144271851,-0.08144385367631912
3350,0.7521489858627319,0.07191961258649826,0.8347632884979248,-0.08251819759607315
3351,0.7640725374221802,0.0730942040681839,0.8480191826820374,-0.08377709239721298
3352,0.775873064994812,0.0743010863661766,0.8609502911567688,-0.0850859060883522
3353,0.7879878878593445,0.0754692479968071,0.8740918040275574,-0.0862424373626709
3354,0.8000440001487732,0.07664165645837784,0.8872739672660828,-0.08741753548383713
3355,0.8121911883354187,0.07778652012348175,0.9007942080497742,-0.08864960074424744
3356,0.8242244124412537,0.07896386831998825,0.9139879941940308,-0.08973927050828934
3357,0.8361422419548035,0.08014807850122452,0.9272521138191223,-0.09100743383169174
3358,0.8481461405754089,0.08133002370595932,0.9404657483100891,-0.09214361757040024
3359,0.8598026633262634,0.08255618810653687,0.9534960389137268,-0.09317460656166077
3360,0.8720777034759521,0.08370225876569748,0.9669400453567505,-0.09460025280714035
3361,0.8842810988426208,0.08487976342439651,0.9800364971160889,-0.09557448327541351
3362,0.8961319327354431,0.08607631921768188,0.9933497309684753,-0.09666824340820312
3363,0.9083247184753418,0.08725717663764954,1.0064483880996704,-0.09795191138982773
3364,0.920388400554657,0.0884462371468544,1.0196329355239868,-0.09916935116052628
3365,0.9325526356697083,0.08963283151388168,1.032760500907898,-0.10014423727989197
3366,0.9445638656616211,0.09082815796136856,1.0459825992584229,-0.10132796317338943
3367,0.9567195773124695,0.09201859682798386,1.0591086149215698,-0.10255689173936844
3368,0.9686517119407654,0.09322246164083481,1.0723835229873657,-0.10350137948989868
3369,0.9807760119438171,0.0943935438990593,1.0859293937683105,-0.10471952706575394
3370,0.9926029443740845,0.09565611183643341,1.0984783172607422,-0.10565948486328125
3371,1.0047913789749146,0.09685235470533371,1.1116000413894653,-0.10685466974973679
3372,1.0170700550079346,0.09802181273698807,1.1250604391098022,-0.10800578445196152
3373,1.0292649269104004,0.09922211617231369,1.1381832361221313,-0.10910173505544662
3374,1.041137456893921,0.10044094920158386,1.151497483253479,-0.11014999449253082
3375,1.0532326698303223,0.10165049135684967,1.1646811962127686,-0.11126785725355148
3376,1.0653746128082275,0.10286001861095428,1.1778446435928345,-0.11224238574504852
3377,1.0774589776992798,0.10407404601573944,1.191041350364685,-0.11341006308794022
3378,1.0897941589355469,0.1052536815404892,1.2044832706451416,-0.11442764103412628
3379,1.101485013961792,0.10654160380363464,1.21713387966156,-0.11544058471918106
3380,1.1137897968292236,0.10772687196731567,1.2305995225906372,-0.11653251200914383
3381,1.1259806156158447,0.10894473642110825,1.2437493801116943,-0.11752966046333313
3382,1.1382246017456055,0.110162153840065,1.256866455078125,-0.11862774193286896
3383,1.1502845287322998,0.11139150708913803,1.2700963020324707,-0.1195586621761322
3384,1.162533164024353,0.11261367052793503,1.2832167148590088,-0.12057312577962875
3385,1.1746373176574707,0.11386966705322266,1.2960337400436401,-0.12171976268291473
3386,1.186853289604187,0.1150735393166542,1.3095767498016357,-0.12258852273225784
3387,1.1987690925598145,0.1163441613316536,1.3225106000900269,-0.12358643859624863
3388,1.2112019062042236,0.11754190176725388,1.3359344005584717,-0.124534472823143
3389,1.2232624292373657,0.11880996078252792,1.3487948179244995,-0.1255664825439453
3390,1.2355930805206299,0.12001800537109375,1.3622798919677734,-0.12652255594730377
3391,1.247718095779419,0.12126297503709793,1.3755005598068237,-0.12758082151412964
3392,1.260105848312378,0.12249791622161865,1.388575553894043,-0.1285211741924286
3393,1.2722787857055664,0.12374605238437653,1.4017843008041382,-0.12932977080345154
3394,1.2845009565353394,0.12499439716339111,1.4149620532989502,-0.13026148080825806
3395,1.2966574430465698,0.12627330422401428,1.4277989864349365,-0.13114291429519653
3396,1.3090792894363403,0.12749162316322327,1.4412593841552734,-0.1322779506444931
3397,1.3211464881896973,0.12875588238239288,1.454543113708496,-0.13304074108600616
3398,1.333480954170227,0.13000905513763428,1.467681646347046,-0.13397863507270813
3399,1.3457839488983154,0.13126657903194427,1.4808427095413208,-0.13490672409534454
3400,1.3580141067504883,0.13253088295459747,1.4940519332885742,-0.1356671005487442
3401,1.370222806930542,0.13382339477539062,1.5068926811218262,-0.13658472895622253
3402,1.3827615976333618,0.13505280017852783,1.5203264951705933,-0.13749758899211884
3403,1.3948708772659302,0.13635602593421936,1.533238172531128,-0.13829293847084045
3404,1.4074616432189941,0.13758905231952667,1.5466517210006714,-0.1391475349664688
3405,1.4195353984832764,0.13889966905117035,1.5595978498458862,-0.13993340730667114
3406,1.43222177028656,0.14013350009918213,1.5729719400405884,-0.14089705049991608
3407,1.444448471069336,0.1414177268743515,1.58623206615448,-0.14162281155586243
3408,1.4567135572433472,0.14270277321338654,1.5994716882705688,-0.14255452156066895
3409,1.4689806699752808,0.1440161168575287,1.612343430519104,-0.14317621290683746
3410,1.481647253036499,0.14526334404945374,1.6257612705230713,-0.1439245492219925
3411,1.49396550655365,0.14655470848083496,1.6389923095703125,-0.14494384825229645
3412,1.5065077543258667,0.14783881604671478,1.6521189212799072,-0.14562667906284332
3413,1.5186573266983032,0.149169921875,1.6650819778442383,-0.1463978886604309
3414,1.5314030647277832,0.15042546391487122,1.6784907579421997,-0.1472063958644867
3415,1.5435765981674194,0.1517617255449295,1.6914680004119873,-0.1477581113576889
3416,1.55612051486969,0.15305818617343903,1.7046232223510742,-0.14860546588897705
3417,1.5687254667282104,0.15433041751384735,1.7181347608566284,-0.14931268990039825
3418,1.5811012983322144,0.15566645562648773,1.731024980545044,-0.15004058182239532
3419,1.5938658714294434,0.1569373905658722,1.7444714307785034,-0.1507754921913147
3420,1.6062672138214111,0.15825392305850983,1.7577509880065918,-0.15136417746543884
3421,1.6188017129898071,0.1595676690340042,1.770962119102478,-0.15203453600406647
3422,1.631354808807373,0.1609082818031311,1.7838026285171509,-0.15276318788528442
3423,1.6437575817108154,0.1622350960969925,1.797110915184021,-0.15329526364803314
3424,1.6563163995742798,0.1635572612285614,1.8103398084640503,-0.15418602526187897
3425,1.6689711809158325,0.16487911343574524,1.8235365152359009,-0.15468502044677734
3426,1.6817456483840942,0.16617368161678314,1.8370568752288818,-0.15522287786006927
3427,1.6943964958190918,0.16750217974185944,1.8502739667892456,-0.15599146485328674
3428,1.7070647478103638,0.16883358359336853,1.8635026216506958,-0.15652470290660858
3429,1.7195987701416016,0.17019973695278168,1.8764357566833496,-0.15719228982925415
3430,1.732326626777649,0.17153561115264893,1.8896578550338745,-0.1577104777097702
3431,1.744939923286438,0.17285576462745667,1.9033286571502686,-0.15807124972343445
3432,1.7576063871383667,0.17422640323638916,1.9162310361862183,-0.1588309407234192
3433,1.7702300548553467,0.17557786405086517,1.9295493364334106,-0.15937817096710205
3434,1.7830504179000854,0.17692407965660095,1.942777395248413,-0.15990343689918518
3435,1.7959872484207153,0.1782437264919281,1.9563285112380981,-0.16044259071350098
3436,1.8085051774978638,0.1796366274356842,1.9693777561187744,-0.16078509390354156
3437,1.8216428756713867,0.18095441162586212,1.982858657836914,-0.1612795740365982
3438,1.8342986106872559,0.18232353031635284,1.9962339401245117,-0.16168524324893951
3439,1.8469722270965576,0.1837206333875656,2.0092408657073975,-0.1622379869222641
3440,1.8598421812057495,0.18508736789226532,2.022535562515259,-0.16278503835201263
3441,1.8728554248809814,0.18645158410072327,2.0357766151428223,-0.16321007907390594
3442,1.8857325315475464,0.18782605230808258,2.049103260040283,-0.16363997757434845
3443,1.8985986709594727,0.1892048567533493,2.062452793121338,-0.16411073505878448
3444,1.9115153551101685,0.19058574736118317,2.0757973194122314,-0.1643744856119156
3445,1.9247353076934814,0.19193141162395477,2.0893728733062744,-0.16475704312324524
3446,1.937414288520813,0.19335609674453735,2.1025028228759766,-0.16518668830394745
3447,1.9503428936004639,0.1947488933801651,2.1158957481384277,-0.16537219285964966
3448,1.963414192199707,0.19616374373435974,2.1288697719573975,-0.16582389175891876
3449,1.9765223264694214,0.19753113389015198,2.1425764560699463,-0.16616205871105194
3450,1.9894185066223145,0.19893772900104523,2.15604305267334,-0.1664092093706131
3451,2.002401113510132,0.200369194149971,2.1691229343414307,-0.16684767603874207
3452,2.0156242847442627,0.20174407958984375,2.182838201522827,-0.1670309603214264
3453,2.0288584232330322,0.2031480222940445,2.1961967945098877,-0.1673944741487503
3454,2.042259454727173,0.20454874634742737,2.209500551223755,-0.16763274371623993
3455,2.0554606914520264,0.20596294105052948,2.2229256629943848,-0.16780519485473633
3456,2.0688564777374268,0.20734743773937225,2.236637830734253,-0.16810055077075958
3457,2.0815515518188477,0.2088434398174286,2.2496328353881836,-0.16824744641780853
3458,2.0948150157928467,0.2102428823709488,2.2634530067443848,-0.16854119300842285
3459,2.108367681503296,0.21163398027420044,2.2771644592285156,-0.16858422756195068
3460,2.121575355529785,0.21309542655944824,2.290337324142456,-0.16885727643966675
3461,2.134934902191162,0.21452946960926056,2.3038277626037598,-0.16897396743297577
3462,2.1484007835388184,0.2159634530544281,2.317288875579834,-0.16915275156497955
3463,2.1615753173828125,0.21741487085819244,2.330922842025757,-0.1691538244485855
3464,2.174957752227783,0.21886181831359863,2.344479560852051,-0.1692291796207428
3465,2.1884818077087402,0.22030708193778992,2.35799241065979,-0.16942933201789856
3466,2.2020256519317627,0.2217562347650528,2.3715264797210693,-0.16952675580978394
3467,2.2155652046203613,0.22323589026927948,2.384735107421875,-0.16946204006671906
3468,2.229389190673828,0.22465713322162628,2.398549795150757,-0.16951817274093628
3469,2.2428815364837646,0.22612309455871582,2.4121897220611572,-0.1696372628211975
3470,2.256629228591919,0.2275572419166565,2.426100969314575,-0.16965338587760925
3471,2.2700467109680176,0.22906166315078735,2.4394826889038086,-0.1696021556854248
3472,2.2834832668304443,0.2305702567100525,2.4528889656066895,-0.16942229866981506
3473,2.2974326610565186,0.23198506236076355,2.467146873474121,-0.16953706741333008
3474,2.3109986782073975,0.2334982007741928,2.480550765991211,-0.16940036416053772
3475,2.3249619007110596,0.23497340083122253,2.494158983230591,-0.16936741769313812
3476,2.338871717453003,0.23643052577972412,2.5081818103790283,-0.16924422979354858
3477,2.352654457092285,0.23794913291931152,2.521587371826172,-0.16914580762386322
3478,2.3666937351226807,0.23943673074245453,2.5352630615234375,-0.16890639066696167
3479,2.37994647026062,0.2409888356924057,2.548978567123413,-0.168651282787323
3480,2.3942952156066895,0.2424478381872177,2.562929391860962,-0.16869404911994934
3481,2.408332109451294,0.24392549693584442,2.57706356048584,-0.1685146689414978
3482,2.422285795211792,0.24546338617801666,2.5905654430389404,-0.16823656857013702
3483,2.4360673427581787,0.2470136284828186,2.6041877269744873,-0.16791515052318573
3484,2.450395107269287,0.2485208660364151,2.6179425716400146,-0.16773509979248047
3485,2.464708089828491,0.25000816583633423,2.6321027278900146,-0.16741400957107544
3486,2.4788782596588135,0.2515329420566559,2.6460092067718506,-0.1671011596918106
3487,2.493342161178589,0.25305044651031494,2.659827470779419,-0.1668156534433365
3488,2.5076470375061035,0.2545549273490906,2.674100875854492,-0.16653431951999664
3489,2.521740436553955,0.2561251223087311,2.6878159046173096,-0.16604802012443542
3490,2.535860300064087,0.25767412781715393,2.701904535293579,-0.1657165288925171
3491,2.5505123138427734,0.25918057560920715,2.7161507606506348,-0.16543273627758026
3492,2.564680814743042,0.26076439023017883,2.7299625873565674,-0.16483040153980255
3493,2.5794990062713623,0.2623012959957123,2.743870735168457,-0.16451382637023926
3494,2.5938925743103027,0.26386165618896484,2.7580130100250244,-0.1640440821647644
3495,2.608429193496704,0.26544731855392456,2.7717905044555664,-0.16370296478271484
3496,2.6231613159179688,0.2669796943664551,2.786224603652954,-0.1630299836397171
3497,2.6377978324890137,0.2685474455356598,2.800398349761963,-0.16248464584350586
3498,2.652411460876465,0.2701221704483032,2.814628839492798,-0.16188792884349823
3499,2.667287588119507,0.2716919481754303,2.8287928104400635,-0.16139431297779083
3500,2.682349920272827,0.27323415875434875,2.843271255493164,-0.16091181337833405
3501,2.696805238723755,0.2748849391937256,2.8570258617401123,-0.16029803454875946
3502,2.7118167877197266,0.27646753191947937,2.871284008026123,-0.15952348709106445
3503,2.726940155029297,0.27802574634552,2.8858845233917236,-0.15896698832511902
3504,2.7419447898864746,0.279646635055542,2.899904489517212,-0.15827280282974243
3505,2.757199287414551,0.2812378406524658,2.9142136573791504,-0.1575499027967453
3506,2.772570848464966,0.2828047275543213,2.9288687705993652,-0.15680743753910065
3507,2.7875640392303467,0.2844448983669281,2.943054437637329,-0.15606477856636047
3508,2.802898645401001,0.28602609038352966,2.9578323364257812,-0.1552661806344986
3509,2.818232536315918,0.287639319896698,2.9723305702209473,-0.15439952909946442
3510,2.833545207977295,0.28925999999046326,2.986891269683838,-0.15354019403457642
3511,2.848780870437622,0.2908904552459717,3.001542091369629,-0.15251338481903076
3512,2.8645551204681396,0.29247933626174927,3.0163660049438477,-0.15191271901130676
3513,2.8799757957458496,0.29414135217666626,3.0307180881500244,-0.15094691514968872
3514,2.895594835281372,0.29575014114379883,3.045729160308838,-0.14981210231781006
3515,2.91111159324646,0.29742127656936646,3.060163736343384,-0.14900915324687958
3516,2.9269521236419678,0.29906025528907776,3.0748698711395264,-0.14805977046489716
3517,2.9427640438079834,0.3007074296474457,3.089650869369507,-0.14691942930221558
3518,2.9586174488067627,0.30235952138900757,3.1044766902923584,-0.14601929485797882
3519,2.974480152130127,0.3040182292461395,3.1193673610687256,-0.14483793079853058
3520,2.9903829097747803,0.30570825934410095,3.133970022201538,-0.14377093315124512
3521,3.0066049098968506,0.3073406517505646,3.149183511734009,-0.14261403679847717
3522,3.0227315425872803,0.30900999903678894,3.16416597366333,-0.14146795868873596
3523,3.0390241146087646,0.3106795847415924,3.1791558265686035,-0.14027027785778046
3524,3.0550832748413086,0.31239157915115356,3.1939752101898193,-0.13892808556556702
3525,3.0716075897216797,0.31404030323028564,3.2093472480773926,-0.13771936297416687
3526,3.0880820751190186,0.31572434306144714,3.224477767944336,-0.13644208014011383
3527,3.1045150756835938,0.31741711497306824,3.2396984100341797,-0.13520193099975586
3528,3.121114730834961,0.31911081075668335,3.2549285888671875,-0.1338743269443512
3529,3.138079881668091,0.320771723985672,3.2704243659973145,-0.1324433982372284
3530,3.1543374061584473,0.32251909375190735,3.2856128215789795,-0.13106809556484222
3531,3.1713831424713135,0.32419177889823914,3.301229476928711,-0.12966355681419373
3532,3.1883082389831543,0.32592883706092834,3.316315174102783,-0.12813417613506317
3533,3.2053558826446533,0.3276163339614868,3.332095146179199,-0.1264829933643341
3534,3.222234010696411,0.32937008142471313,3.347360849380493,-0.12508779764175415
3535,3.2393617630004883,0.3310958743095398,3.3629443645477295,-0.12348542362451553
3536,3.2564446926116943,0.3328573703765869,3.378300428390503,-0.12185192108154297
3537,3.274176597595215,0.33452308177948,3.394479990005493,-0.12030298262834549
3538,3.2915284633636475,0.3362634479999542,3.41023588180542,-0.11861825734376907
3539,3.309213161468506,0.33799952268600464,3.4259517192840576,-0.11681249737739563
3540,3.3265540599823,0.33975571393966675,3.4418909549713135,-0.11516357213258743
3541,3.3443641662597656,0.34150275588035583,3.45774245262146,-0.11329403519630432
3542,3.361863851547241,0.34329554438591003,3.4734766483306885,-0.1115112379193306
3543,3.3798885345458984,0.3450506031513214,3.4894330501556396,-0.10971983522176743
3544,3.397890090942383,0.3468143939971924,3.5054972171783447,-0.10777007043361664
3545,3.4159648418426514,0.3485836684703827,3.5216286182403564,-0.1059005856513977
3546,3.434176445007324,0.35032957792282104,3.5381338596343994,-0.10379516333341599
3547,3.4525132179260254,0.35210561752319336,3.5543670654296875,-0.1017872616648674
3548,3.4707562923431396,0.35391995310783386,3.5704100131988525,-0.09987075626850128
3549,3.489515542984009,0.3556705117225647,3.5870182514190674,-0.09776522219181061
3550,3.507629871368408,0.3575064241886139,3.6033146381378174,-0.09546379745006561
3551,3.5264651775360107,0.3592975437641144,3.6197829246520996,-0.09332428127527237
3552,3.5452308654785156,0.3610732853412628,3.6367008686065674,-0.0912487655878067
3553,3.564152240753174,0.3629053831100464,3.653028964996338,-0.08889354020357132
3554,3.58343505859375,0.36467960476875305,3.669982433319092,-0.08656121045351028
3555,3.6024701595306396,0.3664979636669159,3.6868138313293457,-0.0844319760799408
3556,3.6218249797821045,0.36831367015838623,3.7036473751068115,-0.08193455636501312
3557,3.640820264816284,0.3701774775981903,3.720404863357544,-0.07952626049518585
3558,3.6602487564086914,0.3720082938671112,3.7374424934387207,-0.0770319253206253
3559,3.6798205375671387,0.373842716217041,3.7545511722564697,-0.07451380789279938
3560,3.699739456176758,0.3756469488143921,3.771977663040161,-0.07203856110572815
3561,3.7193586826324463,0.3775244653224945,3.788994073867798,-0.06931518763303757
3562,3.7395737171173096,0.37933623790740967,3.8065648078918457,-0.0667383149266243
3563,3.7597849369049072,0.38118407130241394,3.823946475982666,-0.06395819783210754
3564,3.780113458633423,0.3830640912055969,3.841095447540283,-0.0612686462700367
3565,3.800532341003418,0.3849233388900757,3.85866117477417,-0.05841585993766785
3566,3.820675849914551,0.38682809472084045,3.8761394023895264,-0.055596958845853806
3567,3.84162974357605,0.3886329233646393,3.894426107406616,-0.05279159173369408
3568,3.8623745441436768,0.3905358612537384,3.911966323852539,-0.04987691715359688
3569,3.883107900619507,0.39242127537727356,3.929969072341919,-0.04680946096777916
3570,3.9044911861419678,0.3942667245864868,3.9482078552246094,-0.04379428178071976
3571,3.9255435466766357,0.39618754386901855,3.9660680294036865,-0.04064418748021126
3572,3.9468250274658203,0.3980826139450073,3.9843153953552246,-0.03757720813155174
3573,3.968325138092041,0.3999530076980591,4.002947807312012,-0.034315336495637894
3574,3.990003824234009,0.40188127756118774,4.02104377746582,-0.030992815271019936
3575,4.0119733810424805,0.4037550687789917,4.039822578430176,-0.027746491134166718
3576,4.0340986251831055,0.4056607484817505,4.058389186859131,-0.02431928925216198
3577,4.056244850158691,0.40757566690444946,4.077104568481445,-0.020766401663422585
3578,4.078409194946289,0.4095269739627838,4.095664024353027,-0.017381157726049423
3579,4.100952625274658,0.4114484190940857,4.114571571350098,-0.013839581981301308
3580,4.123725891113281,0.41334494948387146,4.1338791847229,-0.010088891722261906
3581,4.1464667320251465,0.4153071939945221,4.152743816375732,-0.006562990136444569
3582,4.169546604156494,0.41721364855766296,4.1722893714904785,-0.002795294625684619
3583,4.192737579345703,0.41915425658226013,4.191657543182373,0.0010234796209260821
3584,4.216310024261475,0.42106491327285767,4.211390495300293,0.004944262560456991
3585,4.239705562591553,0.42301884293556213,4.231051445007324,0.008850958198308945
3586,4.2630085945129395,0.4250143766403198,4.25060510635376,0.012853950262069702
3587,4.287278175354004,0.426933228969574,4.270658016204834,0.016882244497537613
3588,4.311305522918701,0.4288981556892395,4.290663242340088,0.020982513204216957
3589,4.335456371307373,0.4308973550796509,4.31050968170166,0.025145817548036575
3590,4.360051155090332,0.43286508321762085,4.33071756362915,0.029451973736286163
3591,4.3849101066589355,0.43480730056762695,4.351345062255859,0.03395652025938034
3592,4.409680366516113,0.4368184208869934,4.371585845947266,0.03817804530262947
3593,4.434770584106445,0.4388023912906647,4.3922343254089355,0.04266161471605301
3594,4.460056781768799,0.4407907724380493,4.413027763366699,0.04745541885495186
3595,4.48560094833374,0.4427819550037384,4.433949947357178,0.05192505940794945
3596,4.511552333831787,0.4447711706161499,4.454958438873291,0.0565207414329052
3597,4.5377726554870605,0.44673484563827515,4.476407051086426,0.061395399272441864
3598,4.563570976257324,0.44880688190460205,4.497282981872559,0.06630029529333115
3599,4.590264797210693,0.45077773928642273,4.519026756286621,0.07131880521774292
3600,4.6173295974731445,0.45274803042411804,4.540885925292969,0.07622984051704407
3601,4.64385986328125,0.4548022449016571,4.562526702880859,0.08133143186569214
3602,4.671201705932617,0.45678648352622986,4.584763050079346,0.08663969486951828
3603,4.698615074157715,0.45883598923683167,4.6066083908081055,0.09184367209672928
3604,4.725971221923828,0.4608698785305023,4.629021644592285,0.09720823168754578
3605,4.753918647766113,0.4628971517086029,4.6515021324157715,0.10269788652658463
3606,4.782384872436523,0.4648919701576233,4.674378395080566,0.10818271338939667
3607,4.810809135437012,0.4669274389743805,4.69722318649292,0.11373893916606903
3608,4.839532852172852,0.46896544098854065,4.720232963562012,0.11960571259260178
3609,4.868632793426514,0.4710035026073456,4.743397235870361,0.12541775405406952
3610,4.898114204406738,0.4730418920516968,4.766713619232178,0.13130183517932892
3611,4.927767753601074,0.4750860333442688,4.7902607917785645,0.13722823560237885
3612,4.957529067993164,0.477138489484787,4.814050674438477,0.14355261623859406
3613,4.9875335693359375,0.47922414541244507,4.8377509117126465,0.14960631728172302
3614,5.018357753753662,0.4812398850917816,4.862100601196289,0.15600384771823883
3615,5.048928260803223,0.4833029806613922,4.886520862579346,0.16243678331375122
3616,5.079931259155273,0.48536524176597595,4.911111354827881,0.1689649075269699
3617,5.111250877380371,0.4874300956726074,4.935912609100342,0.17551256716251373
3618,5.143207550048828,0.4894591271877289,4.961138725280762,0.18229995667934418
3619,5.175408840179443,0.4915212094783783,4.986312389373779,0.18925487995147705
3620,5.207732200622559,0.4936206340789795,5.011471748352051,0.196110799908638
3621,5.240342617034912,0.49569451808929443,5.037171840667725,0.20330052077770233
3622,5.273584842681885,0.49773281812667847,5.063327312469482,0.21043816208839417
3623,5.307374000549316,0.49976712465286255,5.089666366577148,0.2176876962184906
3624,5.340636730194092,0.5019153356552124,5.115599632263184,0.2252475619316101
3625,5.37501859664917,0.5039561986923218,5.142463207244873,0.23289214074611664
3626,5.409869194030762,0.5059951543807983,5.169557571411133,0.2405618280172348
3627,5.444590091705322,0.5081082582473755,5.196454048156738,0.24824258685112
3628,5.480001449584961,0.510184109210968,5.2238264083862305,0.25627604126930237
3629,5.515913963317871,0.5122577548027039,5.251437664031982,0.2643246650695801
3630,5.552288055419922,0.5143001079559326,5.279605865478516,0.27267804741859436
3631,5.588962078094482,0.5163758993148804,5.307783603668213,0.28092795610427856
3632,5.625626564025879,0.518492579460144,5.33606481552124,0.28962841629981995
3633,5.663268566131592,0.5205342769622803,5.365087985992432,0.2982557713985443
3634,5.701345443725586,0.5226054787635803,5.394106864929199,0.30705228447914124
3635,5.739296913146973,0.524721086025238,5.423288822174072,0.3159419000148773
3636,5.778231620788574,0.5267615914344788,5.4532270431518555,0.32504794001579285
3637,5.817475318908691,0.5288350582122803,5.483226776123047,0.3341835141181946
3638,5.8572516441345215,0.5309048295021057,5.5135321617126465,0.3436608910560608
3639,5.897404670715332,0.5329755544662476,5.544194221496582,0.35326072573661804
3640,5.938532829284668,0.5350314378738403,5.575062274932861,0.3629617989063263
3641,5.979569911956787,0.5370998978614807,5.606435298919678,0.37290990352630615
3642,6.021658420562744,0.5391212105751038,5.6383056640625,0.38309502601623535
3643,6.0635457038879395,0.541218638420105,5.670139789581299,0.3933694660663605
3644,6.106504440307617,0.54323810338974,5.702780723571777,0.4038466513156891
3645,6.1500630378723145,0.5452516078948975,5.7357892990112305,0.4143177270889282
3646,6.194128513336182,0.5472925901412964,5.768891334533691,0.42521873116493225
3647,6.238703727722168,0.5493301153182983,5.802401065826416,0.43621334433555603
3648,6.283426761627197,0.5514039993286133,5.836130619049072,0.4473838806152344
3649,6.329448223114014,0.553392767906189,5.870665550231934,0.4589047431945801
3650,6.376039028167725,0.5554071664810181,5.905335903167725,0.47045737504959106
3651,6.422680854797363,0.5574286580085754,5.940580368041992,0.48227113485336304
3652,6.47050666809082,0.5593981742858887,5.976412773132324,0.49420222640037537
3653,6.518416881561279,0.5614670515060425,6.011956691741943,0.5063651204109192
3654,6.567817687988281,0.5633824467658997,6.048904895782471,0.5189206600189209
3655,6.6172332763671875,0.5653983354568481,6.085618019104004,0.5316032767295837
3656,6.66763973236084,0.567334771156311,6.123312473297119,0.5445252060890198
3657,6.719149589538574,0.5692512392997742,6.161393642425537,0.5576231479644775
3658,6.770737648010254,0.5712354779243469,6.199551105499268,0.5709400177001953
3659,6.823095321655273,0.5731747150421143,6.238502025604248,0.5847465395927429
3660,6.876413345336914,0.5750970840454102,6.277926445007324,0.5985694527626038
3661,6.931151866912842,0.5769269466400146,6.318305492401123,0.6126418113708496
3662,6.98567533493042,0.5788618922233582,6.358607769012451,0.6271135210990906
3663,7.041483402252197,0.580706775188446,6.399936199188232,0.6417304873466492
3664,7.0977888107299805,0.5826079249382019,6.441338062286377,0.6565397381782532
3665,7.155316352844238,0.5844184160232544,6.483810901641846,0.6718586087226868
3666,7.213496685028076,0.586280882358551,6.5263590812683105,0.6873513460159302
3667,7.273090839385986,0.5880475044250488,6.569976329803467,0.7030813097953796
3668,7.333612442016602,0.5897935628890991,6.614212989807129,0.7192563414573669
3669,7.394442558288574,0.5915979743003845,6.6586761474609375,0.7355055212974548
3670,7.456499099731445,0.5933072566986084,6.7043137550354,0.7523286938667297
3671,7.519350051879883,0.595030665397644,6.750380516052246,0.7693231701850891
3672,7.583864688873291,0.5966809391975403,6.797274589538574,0.7866385579109192
3673,7.6488847732543945,0.5983491539955139,6.844714641571045,0.8044188618659973
3674,7.715421199798584,0.599946141242981,6.893063068389893,0.8224414587020874
3675,7.782855033874512,0.6015505790710449,6.941917419433594,0.8408504128456116
3676,7.851194381713867,0.6031287312507629,6.991584300994873,0.859536349773407
3677,7.920840263366699,0.6046357154846191,7.042290687561035,0.8786718845367432
3678,7.991465091705322,0.6061461567878723,7.093555450439453,0.8981979489326477
3679,8.063416481018066,0.6076176762580872,7.145617961883545,0.9179493188858032
3680,8.137062072753906,0.6090056300163269,7.198699951171875,0.9384251832962036
3681,8.211715698242188,0.6103932857513428,7.252430438995361,0.9589775204658508
3682,8.287294387817383,0.6117449998855591,7.307140827178955,0.9800481200218201
3683,8.364437103271484,0.61301189661026,7.362993240356445,1.001660704612732
3684,8.442513465881348,0.6143094301223755,7.419314861297607,1.023626685142517
3685,8.522711753845215,0.6154375672340393,7.477283954620361,1.046089768409729
3686,8.604144096374512,0.6166220903396606,7.535435676574707,1.0688986778259277
3687,8.68741226196289,0.6176734566688538,7.595088481903076,1.0921499729156494
3688,8.772049903869629,0.6186678409576416,7.655816078186035,1.116070032119751
3689,8.85764217376709,0.6196480989456177,7.717465877532959,1.1403765678405762
3690,8.94517993927002,0.620556652545929,7.780140399932861,1.1650021076202393
3691,9.034537315368652,0.6213571429252625,7.844174861907959,1.190319538116455
3692,9.12543773651123,0.6221231818199158,7.909111976623535,1.2163293361663818
3693,9.218116760253906,0.6228129267692566,7.975235462188721,1.2425705194473267
3694,9.312763214111328,0.6233458518981934,8.043084144592285,1.269592523574829
3695,9.408844947814941,0.6238744258880615,8.111711502075195,1.29710853099823
3696,9.507160186767578,0.6242698431015015,8.181829452514648,1.325215458869934
3697,9.607076644897461,0.6245774626731873,8.253337860107422,1.3538609743118286
3698,9.709232330322266,0.6248185634613037,8.325849533081055,1.3832693099975586
3699,9.813236236572266,0.624958872795105,8.399802207946777,1.413081407546997
3700,9.919204711914062,0.624953031539917,8.475476264953613,1.4437979459762573
3701,10.027347564697266,0.6248315572738647,8.5526123046875,1.4749276638031006
3702,10.137845039367676,0.624584972858429,8.63121509552002,1.5067063570022583
3703,10.250632286071777,0.6242080330848694,8.711338996887207,1.5394800901412964
3704,10.36561393737793,0.6237373948097229,8.792801856994629,1.5726191997528076
3705,10.483179092407227,0.6230416893959045,8.876382827758789,1.6066863536834717
3706,10.602689743041992,0.6222817301750183,8.961188316345215,1.6413452625274658
3707,10.725061416625977,0.62131667137146,9.047873497009277,1.6770836114883423
3708,10.84962272644043,0.6201909184455872,9.136394500732422,1.7132697105407715
3709,10.976960182189941,0.6188856959342957,9.226672172546387,1.7501994371414185
3710,11.106658935546875,0.6174392700195312,9.318572998046875,1.7879818677902222
3711,11.239726066589355,0.6157053112983704,9.41274356842041,1.8266847133636475
3712,11.375078201293945,0.6138128042221069,9.508678436279297,1.8661106824874878
3713,11.513002395629883,0.6117056012153625,9.606624603271484,1.906557559967041
3714,11.6541748046875,0.6093634366989136,9.706500053405762,1.9477474689483643
3715,11.798563003540039,0.6067530512809753,9.808503150939941,1.989808201789856
3716,11.945603370666504,0.6039136648178101,9.9125337600708,2.032682418823242
3717,12.095454216003418,0.6008070707321167,10.018743515014648,2.0765366554260254
3718,12.24850845336914,0.5973927974700928,10.127220153808594,2.1213839054107666
3719,12.40449333190918,0.5937034487724304,10.237821578979492,2.166961431503296
3720,12.564255714416504,0.5896677374839783,10.350650787353516,2.2135403156280518
3721,12.727031707763672,0.5853002667427063,10.465785026550293,2.2611372470855713
3722,12.892806053161621,0.5805403590202332,10.583512306213379,2.3096108436584473
3723,13.061789512634277,0.5754994750022888,10.703069686889648,2.3589067459106445
3724,13.234391212463379,0.5699970722198486,10.825237274169922,2.409271240234375
3725,13.409982681274414,0.5641315579414368,10.949562072753906,2.46055006980896
3726,13.588927268981934,0.5577643513679504,11.07657527923584,2.5126516819000244
3727,13.771232604980469,0.5509863495826721,11.205656051635742,2.5657005310058594
3728,13.956839561462402,0.5437288284301758,11.337037086486816,2.6195943355560303
3729,14.145127296447754,0.5359727144241333,11.470812797546387,2.6744768619537354
3730,14.337120056152344,0.5276592373847961,11.606837272644043,2.7299954891204834
3731,14.531872749328613,0.518768846988678,11.745223999023438,2.78647780418396
3732,14.729216575622559,0.5093482732772827,11.885600090026855,2.8437108993530273
3733,14.929694175720215,0.4992671608924866,12.028178215026855,2.9015910625457764
3734,15.132784843444824,0.48854830861091614,12.172717094421387,2.960139513015747
3735,15.338433265686035,0.47713789343833923,12.319157600402832,3.0193817615509033
3736,15.54605770111084,0.4650858938694,12.467162132263184,3.078928232192993
3737,15.755501747131348,0.4523126482963562,12.616721153259277,3.139058828353882
3738,15.966985702514648,0.43878623843193054,12.76756477355957,3.1993441581726074
3739,16.1794490814209,0.4244595170021057,12.919713973999023,3.259819269180298
3740,16.393125534057617,0.40929895639419556,13.072800636291504,3.320298910140991
3741,16.60719871520996,0.3933348059654236,13.2264404296875,3.3808236122131348
3742,16.82158851623535,0.3765132427215576,13.380370140075684,3.4410228729248047
3743,17.035240173339844,0.35881760716438293,13.534357070922852,3.500885009765625
3744,17.248212814331055,0.34022459387779236,13.687914848327637,3.560150146484375
3745,17.459457397460938,0.320665180683136,13.84090805053711,3.618455410003662
3746,17.6685791015625,0.30020684003829956,13.992594718933105,3.6761720180511475
3747,17.874835968017578,0.27889928221702576,14.142500877380371,3.732231378555298
3748,18.077604293823242,0.2565692961215973,14.290461540222168,3.786982774734497
3749,18.27638053894043,0.2332741916179657,14.435770034790039,3.8402841091156006
3750,18.4694881439209,0.20910897850990295,14.578008651733398,3.8914601802825928
3751,18.657033920288086,0.18402820825576782,14.716554641723633,3.9403693675994873
3752,18.838029861450195,0.15802283585071564,14.850931167602539,3.9870235919952393
3753,19.011306762695312,0.131180077791214,14.980646133422852,4.030842304229736
3754,19.176944732666016,0.10353098809719086,15.104997634887695,4.071681976318359
3755,19.333208084106445,0.07503329962491989,15.22375202178955,4.109405994415283
3756,19.479751586914062,0.04582146555185318,15.336289405822754,4.143678665161133
3757,19.616239547729492,0.015948796644806862,15.442118644714355,4.174298286437988
3758,19.741825103759766,-0.014520309865474701,15.540902137756348,4.201022624969482
3759,19.855865478515625,-0.045607198029756546,15.63228702545166,4.2238006591796875
3760,19.958023071289062,-0.07715240865945816,15.715994834899902,4.242181777954102
3761,20.04803466796875,-0.10902117937803268,15.791754722595215,4.256750106811523
3762,20.126157760620117,-0.14130881428718567,15.859234809875488,4.266726493835449
3763,20.190881729125977,-0.17378666996955872,15.918720245361328,4.272260665893555
3764,20.24334716796875,-0.2064315229654312,15.969863891601562,4.273429870605469
3765,20.282873153686523,-0.2391313761472702,16.012895584106445,4.270321846008301
3766,20.310060501098633,-0.2718055546283722,16.047866821289062,4.262619972229004
3767,20.325458526611328,-0.30443134903907776,16.074766159057617,4.250545978546143
3768,20.328420639038086,-0.33690547943115234,16.09406852722168,4.234355926513672
3769,20.320068359375,-0.36912497878074646,16.105955123901367,4.214219093322754
3770,20.301034927368164,-0.40099725127220154,16.110809326171875,4.190182685852051
3771,20.27117919921875,-0.43257129192352295,16.10887336730957,4.162322998046875
3772,20.23164939880371,-0.4636513888835907,16.100807189941406,4.130814075469971
3773,20.18287467956543,-0.49432411789894104,16.086641311645508,4.096126556396484
3774,20.125490188598633,-0.5244373083114624,16.067197799682617,4.05810022354126
3775,20.06005096435547,-0.5540319681167603,16.042659759521484,4.017186164855957
3776,19.987289428710938,-0.5830219388008118,16.01365089416504,3.973585844039917
3777,19.908079147338867,-0.6114064455032349,15.980473518371582,3.9275691509246826
3778,19.822345733642578,-0.6391674280166626,15.943763732910156,3.8790109157562256
3779,19.7321720123291,-0.6662526726722717,15.903717041015625,3.8282992839813232
3780,19.636667251586914,-0.6926875114440918,15.860982894897461,3.775646448135376
3781,19.537227630615234,-0.7184567451477051,15.815765380859375,3.721442461013794
3782,19.43427848815918,-0.7435579895973206,15.768482208251953,3.665712356567383
3783,19.328067779541016,-0.767993152141571,15.719557762145996,3.6085617542266846
3784,19.219762802124023,-0.791734516620636,15.669300079345703,3.5501832962036133
3785,19.108640670776367,-0.8148460388183594,15.618027687072754,3.49092435836792
3786,18.99648666381836,-0.8372989296913147,15.56587028503418,3.430600166320801
3787,18.882966995239258,-0.8591087460517883,15.513239860534668,3.3696515560150146
3788,18.76842498779297,-0.8802428245544434,15.460655212402344,3.307997226715088
3789,18.653797149658203,-0.9007743000984192,15.407800674438477,3.2460198402404785
3790,18.538602828979492,-0.920725405216217,15.35507869720459,3.183427095413208
3791,18.42322540283203,-0.9400641322135925,15.302901268005371,3.1205945014953613
3792,18.30868148803711,-0.9588614702224731,15.25085163116455,3.0575852394104004
3793,18.194364547729492,-0.9770373106002808,15.199947357177734,2.9944424629211426
3794,18.08091926574707,-0.9946647882461548,15.149826049804688,2.931051254272461
3795,17.968347549438477,-1.0118027925491333,15.10035514831543,2.8677425384521484
3796,17.856525421142578,-1.028470516204834,15.051700592041016,2.80460262298584
3797,17.746042251586914,-1.0445960760116577,15.004420280456543,2.741502523422241
3798,17.63747215270996,-1.0601495504379272,14.958754539489746,2.6786768436431885
3799,17.529766082763672,-1.075361967086792,14.913663864135742,2.615812301635742
3800,17.423606872558594,-1.0900804996490479,14.870176315307617,2.5534274578094482
3801,17.3194522857666,-1.1043154001235962,14.828261375427246,2.4913578033447266
3802,17.217008590698242,-1.118164300918579,14.78748607635498,2.42952823638916
3803,17.116395950317383,-1.1315637826919556,14.748444557189941,2.368069887161255
3804,17.017244338989258,-1.144608736038208,14.71070671081543,2.3068349361419678
3805,16.919876098632812,-1.1573445796966553,14.673933982849121,2.2459280490875244
3806,16.824844360351562,-1.1696264743804932,14.639178276062012,2.185439109802246
3807,16.731874465942383,-1.1815105676651,14.606228828430176,2.1255416870117188
3808,16.640592575073242,-1.1930878162384033,14.574642181396484,2.06579327583313
3809,16.551368713378906,-1.2043261528015137,14.544610977172852,2.0067503452301025
3810,16.463590621948242,-1.2152845859527588,14.516024589538574,1.947865605354309
3811,16.378583908081055,-1.2258429527282715,14.489423751831055,1.8894870281219482
3812,16.295734405517578,-1.236127257347107,14.464098930358887,1.8315004110336304
3813,16.214162826538086,-1.2461645603179932,14.440265655517578,1.7739838361740112
3814,16.13514518737793,-1.2558355331420898,14.41848087310791,1.7170048952102661
3815,16.057796478271484,-1.2653369903564453,14.39751148223877,1.660213589668274
3816,15.982681274414062,-1.2744964361190796,14.37866497039795,1.6040269136428833
3817,15.909642219543457,-1.283392310142517,14.3613920211792,1.5483589172363281
3818,15.838635444641113,-1.2920339107513428,14.34570598602295,1.4928053617477417
3819,15.769452095031738,-1.3004322052001953,14.331640243530273,1.4379931688308716
3820,15.702056884765625,-1.3086589574813843,14.318625450134277,1.3834127187728882
3821,15.637335777282715,-1.316508173942566,14.308172225952148,1.3294156789779663
3822,15.573953628540039,-1.3242721557617188,14.298279762268066,1.2757610082626343
3823,15.512944221496582,-1.331710696220398,14.290725708007812,1.222342848777771
3824,15.453551292419434,-1.3390045166015625,14.28422737121582,1.169434666633606
3825,15.396039962768555,-1.3460891246795654,14.279305458068848,1.116735816001892
3826,15.340681076049805,-1.3529634475708008,14.27586555480957,1.0646024942398071
3827,15.287179946899414,-1.3596082925796509,14.274284362792969,1.0128426551818848
3828,15.235273361206055,-1.3660961389541626,14.27403736114502,0.961397111415863
3829,15.185579299926758,-1.372354507446289,14.275541305541992,0.9102465510368347
3830,15.137890815734863,-1.3784528970718384,14.278251647949219,0.8595144748687744
3831,15.0920991897583,-1.384338140487671,14.28278923034668,0.8089951872825623
3832,15.047831535339355,-1.3900530338287354,14.288955688476562,0.759041428565979
3833,15.00546932220459,-1.3956212997436523,14.296348571777344,0.7090722322463989
3834,14.964835166931152,-1.4010202884674072,14.305310249328613,0.6596465110778809
3835,14.9260892868042,-1.4062485694885254,14.315800666809082,0.6104994416236877
3836,14.889392852783203,-1.4113048315048218,14.32776927947998,0.561362624168396
3837,14.85439682006836,-1.416200876235962,14.341315269470215,0.5128564238548279
3838,14.821210861206055,-1.4208788871765137,14.35702133178711,0.4643222689628601
3839,14.789875030517578,-1.42545485496521,14.373663902282715,0.4162801504135132
3840,14.760388374328613,-1.429844856262207,14.39216136932373,0.3682590425014496
3841,14.732476234436035,-1.4341161251068115,14.411993026733398,0.3207534849643707
3842,14.706513404846191,-1.4382308721542358,14.433357238769531,0.27313750982284546
3843,14.682418823242188,-1.442192554473877,14.45628833770752,0.22604310512542725
3844,14.660158157348633,-1.4459763765335083,14.481112480163574,0.17890073359012604
3845,14.639426231384277,-1.4496209621429443,14.507635116577148,0.1319035291671753
3846,14.620637893676758,-1.4531426429748535,14.53542709350586,0.08516566455364227
3847,14.603577613830566,-1.4565213918685913,14.564882278442383,0.03871554881334305
3848,14.588125228881836,-1.4597623348236084,14.596054077148438,-0.00759871443733573
3849,14.574580192565918,-1.462856411933899,14.628868103027344,-0.05396563932299614
3850,14.56348991394043,-1.465759038925171,14.663474082946777,-0.10016114264726639
3851,14.553584098815918,-1.468567967414856,14.699685096740723,-0.14620739221572876
3852,14.545394897460938,-1.471238136291504,14.73767375946045,-0.19207708537578583
3853,14.539726257324219,-1.4737162590026855,14.777494430541992,-0.2378980815410614
3854,14.535371780395508,-1.4760977029800415,14.818963050842285,-0.2835892140865326
3855,14.532846450805664,-1.4783380031585693,14.862247467041016,-0.3292969763278961
3856,14.53249740600586,-1.4803979396820068,14.907580375671387,-0.3749984800815582
3857,14.534207344055176,-1.4823088645935059,14.954713821411133,-0.42059436440467834
3858,14.537057876586914,-1.4841569662094116,15.003371238708496,-0.4662117660045624
3859,14.54245662689209,-1.4857839345932007,15.054375648498535,-0.5119744539260864
3860,14.549762725830078,-1.487293004989624,15.107029914855957,-0.5573917031288147
3861,14.55892276763916,-1.4886330366134644,15.162052154541016,-0.6029047966003418
3862,14.57016372680664,-1.4898204803466797,15.219077110290527,-0.6486784815788269
3863,14.58326530456543,-1.4909160137176514,15.277573585510254,-0.6943525671958923
3864,14.598551750183105,-1.4918277263641357,15.33846378326416,-0.7401202321052551
3865,14.616067886352539,-1.492552399635315,15.401793479919434,-0.7859243750572205
3866,14.635489463806152,-1.4931281805038452,15.467414855957031,-0.8319113254547119
3867,14.657147407531738,-1.4935661554336548,15.534920692443848,-0.877906858921051
3868,14.680867195129395,-1.4938465356826782,15.60478687286377,-0.9240007400512695
3869,14.706953048706055,-1.4939292669296265,15.677298545837402,-0.9703121185302734
3870,14.735383033752441,-1.4938390254974365,15.75220012664795,-1.0167512893676758
3871,14.766122817993164,-1.493575096130371,15.829585075378418,-1.0633615255355835
3872,14.79897403717041,-1.4931695461273193,15.909273147583008,-1.1101826429367065
3873,14.834470748901367,-1.4925460815429688,15.991809844970703,-1.1573737859725952
3874,14.872556686401367,-1.4917296171188354,16.076974868774414,-1.2046505212783813
3875,14.912675857543945,-1.4907680749893188,16.164756774902344,-1.2521542310714722
3876,14.95571231842041,-1.4895679950714111,16.25556182861328,-1.2998100519180298
3877,15.001326560974121,-1.4881658554077148,16.349300384521484,-1.3480733633041382
3878,15.049459457397461,-1.4865866899490356,16.445756912231445,-1.396506667137146
3879,15.100081443786621,-1.4848034381866455,16.545433044433594,-1.4452788829803467
3880,15.15420150756836,-1.4827139377593994,16.648683547973633,-1.4943647384643555
3881,15.210973739624023,-1.4804526567459106,16.75457763671875,-1.5440202951431274
3882,15.270535469055176,-1.477935552597046,16.864337921142578,-1.5938372611999512
3883,15.333476066589355,-1.4751273393630981,16.977779388427734,-1.6441692113876343
3884,15.399494171142578,-1.4720860719680786,17.09446144104004,-1.695047378540039
3885,15.468607902526855,-1.4687801599502563,17.214935302734375,-1.7465122938156128
3886,13.968321800231934,-1.3131752014160156,15.580394744873047,-1.6005100011825562
3887,11.124531745910645,-1.0401149988174438,12.437115669250488,-1.3065747022628784
3888,8.708161354064941,-0.8106867671012878,9.753140449523926,-1.0432525873184204
3889,6.66767692565918,-0.6185340285301208,7.478055000305176,-0.8106436729431152
3890,4.951598644256592,-0.4581946134567261,5.559200763702393,-0.6088138818740845
3891,3.517503023147583,-0.3249680995941162,3.952026605606079,-0.436209112405777
3892,2.327019453048706,-0.2148173302412033,2.61596941947937,-0.29078561067581177
3893,1.3456319570541382,-0.12427430599927902,1.5137858390808105,-0.16960614919662476
3894,0.5436508655548096,-0.05036332458257675,0.6120907664299011,-0.07007641345262527
3895,-0.10580149292945862,0.009467700496315956,-0.11804986000061035,0.010775980539619923
3896,-0.6261016130447388,0.05740724876523018,-0.7028792500495911,0.07541186362504959
3897,-1.0370465517044067,0.0953272357583046,-1.1646729707717896,0.12662605941295624
3898,-1.3566991090774536,0.12484333664178848,-1.523687720298767,0.1659921109676361
3899,-1.5988385677337646,0.1473352313041687,-1.7953721284866333,0.19563372433185577
3900,-1.7761317491531372,0.1639634370803833,-1.9940654039382935,0.2171669453382492
3901,-1.902126669883728,0.17571331560611725,-2.134828805923462,0.2322351634502411
3902,-1.9826759099960327,0.18343070149421692,-2.2246510982513428,0.24162159860134125
3903,-2.0277938842773438,0.1878420114517212,-2.274707794189453,0.2465158998966217
3904,-2.0454297065734863,0.18959304690361023,-2.293755292892456,0.24792946875095367
3905,-2.038600206375122,0.1892050802707672,-2.285433530807495,0.24654406309127808
3906,-2.0255329608917236,0.18826034665107727,-2.2702200412750244,0.24429729580879211
3907,-2.0126166343688965,0.18730391561985016,-2.2549078464508057,0.2421259731054306
3908,-1.9998250007629395,0.1863124966621399,-2.23994779586792,0.23992817103862762
3909,-1.9871222972869873,0.1853116750717163,-2.2249507904052734,0.23778696358203888
3910,-1.9744101762771606,0.18430806696414948,-2.2099781036376953,0.23549751937389374
3911,-1.9616138935089111,0.18330442905426025,-2.1950783729553223,0.23335711658000946
3912,-1.9489363431930542,0.18229065835475922,-2.180121898651123,0.23109161853790283
3913,-1.936486840248108,0.18123558163642883,-2.1654369831085205,0.22911404073238373
3914,-1.9234169721603394,0.18025971949100494,-2.1503665447235107,0.22669027745723724
3915,-1.9108272790908813,0.17922915518283844,-2.1353962421417236,0.22458508610725403
3916,-1.8981037139892578,0.17820170521736145,-2.120530128479004,0.22252780199050903
3917,-1.8852999210357666,0.17717497050762177,-2.1057353019714355,0.22035855054855347
3918,-1.8726550340652466,0.17613576352596283,-2.090852737426758,0.2182057499885559
3919,-1.8599271774291992,0.17509694397449493,-2.0760345458984375,0.2161637246608734
3920,-1.8472673892974854,0.17405067384243011,-2.0611910820007324,0.21406146883964539
3921,-1.834563970565796,0.17300322651863098,-2.04638409614563,0.21198758482933044
3922,-1.8217757940292358,0.17195668816566467,-2.031644582748413,0.20988059043884277
3923,-1.8091837167739868,0.17087112367153168,-2.017204999923706,0.20781688392162323
3924,-1.7965047359466553,0.1698111742734909,-2.002425193786621,0.20569592714309692
3925,-1.7835687398910522,0.16878512501716614,-1.987412929534912,0.20370280742645264
3926,-1.7707992792129517,0.16772229969501495,-1.9727057218551636,0.20180030167102814
3927,-1.7584880590438843,0.1666073054075241,-1.9581363201141357,0.19972936809062958
3928,-1.7454992532730103,0.16557331383228302,-1.943190336227417,0.19772569835186005
3929,-1.732669472694397,0.1645032912492752,-1.9285593032836914,0.1956384778022766
3930,-1.7201752662658691,0.16338679194450378,-1.9141303300857544,0.19378818571567535
3931,-1.7073626518249512,0.16233272850513458,-1.899105429649353,0.19182853400707245
3932,-1.6947658061981201,0.16121503710746765,-1.8847609758377075,0.18985570967197418
3933,-1.6817501783370972,0.1601889580488205,-1.8694729804992676,0.1880369633436203
3934,-1.6693004369735718,0.1590321660041809,-1.8554624319076538,0.18599005043506622
3935,-1.6564913988113403,0.157963827252388,-1.840470790863037,0.1841372847557068
3936,-1.6438262462615967,0.15686078369617462,-1.8258038759231567,0.18206042051315308
3937,-1.6312921047210693,0.15572230517864227,-1.8114633560180664,0.18020132184028625
3938,-1.6184687614440918,0.15462036430835724,-1.7969046831130981,0.17828957736492157
3939,-1.605398416519165,0.15357621014118195,-1.7817062139511108,0.17654818296432495
3940,-1.592766284942627,0.15243293344974518,-1.7674453258514404,0.17470234632492065
3941,-1.5800954103469849,0.15131334960460663,-1.752821683883667,0.1726614385843277
3942,-1.567413091659546,0.15019090473651886,-1.7382069826126099,0.17074908316135406
3943,-1.5549325942993164,0.14902986586093903,-1.7238705158233643,0.1690157800912857
3944,-1.5420140027999878,0.1479126513004303,-1.7094112634658813,0.16721227765083313
3945,-1.5290453433990479,0.146819606423378,-1.6945860385894775,0.1654389202594757
3946,-1.516486644744873,0.14567776024341583,-1.6799261569976807,0.16355012357234955
3947,-1.503893256187439,0.14450983703136444,-1.6656767129898071,0.16188938915729523
3948,-1.491063117980957,0.1433756798505783,-1.6511852741241455,0.16005294024944305
3949,-1.4782720804214478,0.14223632216453552,-1.6366734504699707,0.15828651189804077
3950,-1.4654396772384644,0.14112083613872528,-1.6218010187149048,0.15638534724712372
3951,-1.4528602361679077,0.13993951678276062,-1.6075657606124878,0.15477986633777618
3952,-1.44013249874115,0.13878777623176575,-1.5930291414260864,0.1530497521162033
3953,-1.4274516105651855,0.1376309096813202,-1.5784724950790405,0.15120796859264374
3954,-1.4144729375839233,0.13648588955402374,-1.5640873908996582,0.1495543122291565
3955,-1.402019739151001,0.13528649508953094,-1.5497950315475464,0.14789074659347534
3956,-1.3887275457382202,0.13420090079307556,-1.5348228216171265,0.14606735110282898
3957,-1.375916838645935,0.13303864002227783,-1.5203546285629272,0.1443326622247696
3958,-1.3634240627288818,0.1318328082561493,-1.5060882568359375,0.1427539587020874
3959,-1.3504033088684082,0.1306999921798706,-1.4913610219955444,0.1409756988286972
3960,-1.3375569581985474,0.1295311599969864,-1.4769223928451538,0.13920512795448303
3961,-1.3250371217727661,0.12831789255142212,-1.4626799821853638,0.13774307072162628
3962,-1.312274694442749,0.1271393895149231,-1.4481948614120483,0.13600564002990723
3963,-1.2991048097610474,0.1260027289390564,-1.4335604906082153,0.1343405693769455
3964,-1.2865569591522217,0.12478314340114594,-1.4193463325500488,0.13265801966190338
3965,-1.2736129760742188,0.12362956255674362,-1.4045833349227905,0.1311154067516327
3966,-1.2609546184539795,0.1224103793501854,-1.3904294967651367,0.12949836254119873
3967,-1.2480155229568481,0.12122686952352524,-1.3760591745376587,0.12780022621154785
3968,-1.2351559400558472,0.12003686279058456,-1.3616368770599365,0.1262337863445282
3969,-1.222636342048645,0.11882682889699936,-1.3470280170440674,0.1247384250164032
3970,-1.2096391916275024,0.11763875186443329,-1.3326901197433472,0.12303084135055542
3971,-1.196820616722107,0.11643882840871811,-1.3182446956634521,0.12159714847803116
3972,-1.183908462524414,0.1152414008975029,-1.3038625717163086,0.11988746374845505
3973,-1.1708483695983887,0.11407318711280823,-1.2891747951507568,0.11835096031427383
3974,-1.158244013786316,0.11283040791749954,-1.2750028371810913,0.1168486699461937
3975,-1.145041823387146,0.11166445165872574,-1.2603987455368042,0.11522646993398666
3976,-1.1324702501296997,0.11041513085365295,-1.2462049722671509,0.11384275555610657
3977,-1.1195697784423828,0.1092049703001976,-1.2318141460418701,0.1122308298945427
3978,-1.1069947481155396,0.1079513281583786,-1.2176299095153809,0.11065804213285446
3979,-1.0938208103179932,0.10677427053451538,-1.2030072212219238,0.109177365899086
3980,-1.0810166597366333,0.10555218160152435,-1.1885634660720825,0.10763136297464371
3981,-1.0680696964263916,0.10433456301689148,-1.1741971969604492,0.10619833320379257
3982,-1.0552648305892944,0.10310811549425125,-1.159755825996399,0.10458781570196152
3983,-1.042210578918457,0.10189146548509598,-1.1454472541809082,0.10312622785568237
3984,-1.0293387174606323,0.10066324472427368,-1.131037950515747,0.10179442167282104
3985,-1.016222596168518,0.09946999698877335,-1.116389274597168,0.10017421841621399
3986,-1.0035321712493896,0.0982043519616127,-1.10225510597229,0.09881311655044556
3987,-0.9905973076820374,0.09697312116622925,-1.0878844261169434,0.0972864031791687
3988,-0.9776653051376343,0.09573977440595627,-1.0735081434249878,0.09578921645879745
3989,-0.9648460745811462,0.09449893981218338,-1.0590664148330688,0.09434019774198532
3990,-0.9517928957939148,0.09326718747615814,-1.04475736618042,0.09286120533943176
3991,-0.9391135573387146,0.09199042618274689,-1.0306179523468018,0.09151109308004379
3992,-0.9261996746063232,0.09074787050485611,-1.0162262916564941,0.09014184772968292
3993,-0.9129142165184021,0.08954664319753647,-1.0016573667526245,0.08861067146062851
3994,-0.9000285863876343,0.08829887211322784,-0.987251877784729,0.08717034757137299
3995,-0.8870390057563782,0.08705399185419083,-0.972896158695221,0.08591938018798828
3996,-0.8740535378456116,0.08580757677555084,-0.9585422277450562,0.08440407365560532
3997,-0.860922634601593,0.08459077030420303,-0.9438837170600891,0.08306840807199478
3998,-0.8480843305587769,0.08330859243869781,-0.9298247694969177,0.08164460211992264
3999,-0.8352269530296326,0.08205001801252365,-0.9153959155082703,0.08033294975757599
4000,-0.8221437335014343,0.08080126345157623,-0.901089608669281,0.07877420634031296
4001,-0.8089965581893921,0.07957778871059418,-0.8864343762397766,0.07756245881319046
4002,-0.7963247299194336,0.07825585454702377,-0.8726562261581421,0.07616230100393295
4003,-0.7832047343254089,0.0770283192396164,-0.857987105846405,0.07469335943460464
4004,-0.7702307105064392,0.07576663047075272,-0.8436138033866882,0.07346165925264359
4005,-0.7571746706962585,0.07450807839632034,-0.8292840123176575,0.0719602108001709
4006,-0.7442182898521423,0.07324249297380447,-0.8148954510688782,0.07073773443698883
4007,-0.7312792539596558,0.07197491079568863,-0.8004974722862244,0.06936639547348022
4008,-0.7179672718048096,0.07074806094169617,-0.7859247922897339,0.06804928183555603
4009,-0.705094039440155,0.0694492757320404,-0.7718675136566162,0.06668093800544739
4010,-0.6922268271446228,0.06814844906330109,-0.7578026652336121,0.06544827669858932
4011,-0.6790886521339417,0.06690895557403564,-0.7431337237358093,0.06405822932720184
4012,-0.666081964969635,0.0656370222568512,-0.7287628054618835,0.06276844441890717
4013,-0.652970016002655,0.06436871737241745,-0.7144518494606018,0.06135730445384979
4014,-0.6401047706604004,0.06306211650371552,-0.7003797292709351,0.06012044474482536
4015,-0.6268372535705566,0.06182301789522171,-0.6857675313949585,0.05892167240381241
4016,-0.6137300729751587,0.060550328344106674,-0.6714521646499634,0.05747978761792183
4017,-0.6006401181221008,0.059300705790519714,-0.6567403078079224,0.05615983530879021
4018,-0.5879355072975159,0.05795617029070854,-0.6429561376571655,0.05489210784435272
4019,-0.574773371219635,0.05670665204524994,-0.6282782554626465,0.053853921592235565
4020,-0.5616651773452759,0.05542908236384392,-0.6139551401138306,0.0524238757789135
4021,-0.5485569834709167,0.05415009707212448,-0.5996275544166565,0.051124680787324905
4022,-0.5354214310646057,0.05287133902311325,-0.5853128433227539,0.04979940503835678
4023,-0.5224541425704956,0.05158328264951706,-0.5709066390991211,0.04855218157172203
4024,-0.5091736316680908,0.050333987921476364,-0.5562906265258789,0.04725181311368942
4025,-0.496142715215683,0.0490216426551342,-0.5422921180725098,0.04601948335766792
4026,-0.4832233488559723,0.04772833734750748,-0.5278512239456177,0.0448007695376873
4027,-0.4700431227684021,0.04644610732793808,-0.5135557651519775,0.04346441105008125
4028,-0.4569326341152191,0.0451594777405262,-0.4992171823978424,0.04226398095488548
4029,-0.4440608620643616,0.0438358411192894,-0.4851233661174774,0.04106023535132408
4030,-0.43074753880500793,0.042581863701343536,-0.47051912546157837,0.03974972292780876
4031,-0.4177115559577942,0.04128886014223099,-0.4561368525028229,0.03856932371854782
4032,-0.4046608805656433,0.039970871061086655,-0.4421367943286896,0.03730395436286926
4033,-0.3915233612060547,0.03870600461959839,-0.4274332523345947,0.03603855520486832
4034,-0.3783603012561798,0.037416230887174606,-0.41311654448509216,0.034863948822021484
4035,-0.3652116060256958,0.03612538054585457,-0.39878788590431213,0.03362814337015152
4036,-0.35212242603302,0.034830860793590546,-0.38442906737327576,0.03237326070666313
4037,-0.33894670009613037,0.033539626747369766,-0.3701184093952179,0.031047968193888664
4038,-0.32604870200157166,0.032209668308496475,-0.35602670907974243,0.02988256700336933
4039,-0.3126670718193054,0.030951688066124916,-0.3414442241191864,0.028637178242206573
4040,-0.2995922565460205,0.02965363673865795,-0.32707396149635315,0.02738424576818943
4041,-0.28650200366973877,0.028355494141578674,-0.3127085268497467,0.026237649843096733
4042,-0.27347251772880554,0.027054177597165108,-0.29831257462501526,0.02494928427040577
4043,-0.2603835463523865,0.02572973445057869,-0.28431835770606995,0.02381906285881996
4044,-0.24708034098148346,0.024465182796120644,-0.26968812942504883,0.022563232108950615
4045,-0.23396077752113342,0.02316606417298317,-0.255341500043869,0.021293530240654945
4046,-0.22080056369304657,0.021868672221899033,-0.24100719392299652,0.020095359534025192
4047,-0.20811675488948822,0.02052317187190056,-0.22679540514945984,0.019011488184332848
4048,-0.19453935325145721,0.01926920749247074,-0.21230719983577728,0.017829960212111473
4049,-0.181358203291893,0.017971502617001534,-0.1979854702949524,0.016541870310902596
4050,-0.16826176643371582,0.016669252887368202,-0.18362121284008026,0.015263141132891178
4051,-0.15507282316684723,0.015371114015579224,-0.16929848492145538,0.014074842445552349
4052,-0.14207574725151062,0.014063377864658833,-0.15488004684448242,0.012865698896348476
4053,-0.12886038422584534,0.012765799649059772,-0.14056529104709625,0.011796361766755581
4054,-0.1158156543970108,0.011459851637482643,-0.12617173790931702,0.01052773930132389
4055,-0.10283321887254715,0.010125642642378807,-0.11211305111646652,0.009402287192642689
4056,-0.08952639251947403,0.008856482803821564,-0.09748022258281708,0.008193290792405605
4057,-0.0763864815235138,0.007529396563768387,-0.08350452035665512,0.006987941451370716
4058,-0.06309963762760162,0.006259136833250523,-0.0688614770770073,0.005701757501810789
4059,-0.049898482859134674,0.004959356039762497,-0.054542042315006256,0.004630564246326685
4060,-0.037098851054906845,0.0036158780567348003,-0.0403929203748703,0.003337535774335265
4061,-0.023463334888219833,0.002386597916483879,-0.02555454708635807,0.0021472007501870394
4062,-0.01025885995477438,0.0010870564728975296,-0.011239745654165745,0.000904160609934479
4063,0.0025761129800230265,-0.000279825966572389,0.0025220385286957026,-0.00033432646887376904
4064,0.015620690770447254,-0.0015871968353167176,0.016923418268561363,-0.0014047902077436447
4065,0.02874578721821308,-0.0028903919737786055,0.03127848356962204,-0.0026857228949666023
4066,0.041982367634773254,-0.004163549281656742,0.04594941809773445,-0.0038600831758230925
4067,0.05526575818657875,-0.005459279287606478,0.060223549604415894,-0.005064135417342186
4068,0.0683271586894989,-0.006765297614037991,0.07461182773113251,-0.006298118736594915
4069,0.08151011168956757,-0.008065741509199142,0.08894078433513641,-0.007352277636528015
4070,0.09467703849077225,-0.009366308338940144,0.10327093303203583,-0.00869970303028822
4071,0.10755836963653564,-0.010705464519560337,0.1173839122056961,-0.009762349538505077
4072,0.12088014930486679,-0.011973661370575428,0.13200441002845764,-0.011029325425624847
4073,0.13407833874225616,-0.013272113166749477,0.14632216095924377,-0.012253552675247192
4074,0.1471400260925293,-0.014601806178689003,0.16034035384655,-0.013375697657465935
4075,0.16035699844360352,-0.015873968601226807,0.17501318454742432,-0.014692690223455429
4076,0.17356359958648682,-0.017171381041407585,0.18932488560676575,-0.015819353982806206
4077,0.18657195568084717,-0.018477657809853554,0.20373795926570892,-0.01700090616941452
4078,0.1995411217212677,-0.019810546189546585,0.2177993804216385,-0.018086275085806847
4079,0.21289506554603577,-0.02107454277575016,0.23240162432193756,-0.019392069429159164
4080,0.22613832354545593,-0.022368548437952995,0.24668985605239868,-0.02056039310991764
4081,0.23899297416210175,-0.023705098778009415,0.26080137491226196,-0.021917754784226418
4082,0.25210702419281006,-0.02500409632921219,0.27516329288482666,-0.022946299985051155
4083,0.26554930210113525,-0.026262296363711357,0.2897103428840637,-0.02426421456038952
4084,0.2785489559173584,-0.02756553515791893,0.3041251003742218,-0.02541368640959263
4085,0.29185014963150024,-0.028853539377450943,0.3183765113353729,-0.026809386909008026
4086,0.304601788520813,-0.03019276261329651,0.3325442373752594,-0.027811313048005104
4087,0.31795334815979004,-0.0314524844288826,0.34713906049728394,-0.02913505584001541
4088,0.3309544324874878,-0.03275348246097565,0.3615460693836212,-0.03023422881960869
4089,0.3442177176475525,-0.03404054418206215,0.37581169605255127,-0.0316757969558239
4090,0.35735782980918884,-0.03533346951007843,0.39014485478401184,-0.0327749028801918
4091,0.3703792989253998,-0.03663088381290436,0.4045364558696747,-0.03403918817639351
4092,0.38363704085350037,-0.03791653737425804,0.41879966855049133,-0.03531481698155403
4093,0.3967161178588867,-0.03920953348278999,0.4331609606742859,-0.03656042739748955
4094,0.40978673100471497,-0.04050217568874359,0.44752269983291626,-0.03783298656344414
4095,0.42277055978775024,-0.041798289865255356,0.4619322121143341,-0.038955483585596085
4096,0.43597644567489624,-0.04308276250958443,0.4762182831764221,-0.04027175530791283
4097,0.44908034801483154,-0.044370949268341064,0.49056023359298706,-0.041564568877220154
4098,0.4619380831718445,-0.04569527134299278,0.5046539306640625,-0.042740706354379654
4099,0.47527480125427246,-0.04694579169154167,0.5192427039146423,-0.04401068016886711
4100,0.488222599029541,-0.04823876544833183,0.5336584448814392,-0.045283347368240356
4101,0.5012028813362122,-0.04955390840768814,0.5476880073547363,-0.04646846279501915
4102,0.5144349932670593,-0.05080617219209671,0.5623263120651245,-0.04779632017016411
4103,0.5276010632514954,-0.052085328847169876,0.5766225457191467,-0.04915681481361389
4104,0.5406783223152161,-0.05336795374751091,0.5909655094146729,-0.05037124454975128
4105,0.5537406802177429,-0.05464998632669449,0.6053206920623779,-0.05151338130235672
4106,0.5667122006416321,-0.05593506246805191,0.6197131276130676,-0.05287441983819008
4107,0.5796442627906799,-0.05724548175930977,0.633754312992096,-0.05421295389533043
4108,0.5929021835327148,-0.05848976969718933,0.6483734846115112,-0.055399391800165176
4109,0.6056450009346008,-0.0598067007958889,0.6625088453292847,-0.05680134519934654
4110,0.6192632913589478,-0.061006344854831696,0.6773076057434082,-0.058039888739585876
4111,0.6321821808815002,-0.0623125359416008,0.6913477182388306,-0.059340301901102066
4112,0.6451818943023682,-0.06358852237462997,0.705718457698822,-0.06069140508770943
4113,0.6585116386413574,-0.06482262164354324,0.7202897071838379,-0.061978504061698914
4114,0.6712027788162231,-0.06613528728485107,0.7344470620155334,-0.06335019320249557
4115,0.6842003464698792,-0.06740754097700119,0.7488148212432861,-0.0645861104130745
4116,0.6972438097000122,-0.06867571920156479,0.7631539702415466,-0.06600701808929443
4117,0.7103635668754578,-0.06993914395570755,0.7774527072906494,-0.06727515161037445
4118,0.7232913374900818,-0.07121012359857559,0.7918583154678345,-0.06846513599157333
4119,0.7362934947013855,-0.07247582077980042,0.8062151670455933,-0.06986439228057861
4120,0.7492268085479736,-0.07374338060617447,0.8206068277359009,-0.07123752683401108
4121,0.7624001502990723,-0.07499749213457108,0.8348703980445862,-0.07267699390649796
4122,0.7753983736038208,-0.07625894993543625,0.8492253422737122,-0.07396683841943741
4123,0.7883155941963196,-0.07752249389886856,0.8636296391487122,-0.07516443729400635
4124,0.8009849786758423,-0.07882071286439896,0.8777780532836914,-0.07669001817703247
4125,0.8143296241760254,-0.08003523200750351,0.8923228979110718,-0.07805898785591125
4126,0.8272756934165955,-0.08129224181175232,0.906697690486908,-0.07947459071874619
4127,0.8403335809707642,-0.08254235237836838,0.9210169911384583,-0.08069994300603867
4128,0.8532278537750244,-0.0837981104850769,0.9354180693626404,-0.08217025548219681
4129,0.8662325739860535,-0.0850466936826706,0.9497573375701904,-0.08366924524307251
4130,0.8791915774345398,-0.08629564940929413,0.9641253352165222,-0.08507070690393448
4131,0.8921536207199097,-0.08754296600818634,0.9784857034683228,-0.08645585179328918
4132,0.904758095741272,-0.08883054554462433,0.9926646947860718,-0.08773571997880936
4133,0.9182632565498352,-0.08999781310558319,1.0074865818023682,-0.089227095246315
4134,0.931215763092041,-0.0912395790219307,1.0218496322631836,-0.09068624675273895
4135,0.9439134001731873,-0.09251663088798523,1.0359708070755005,-0.09211507439613342
4136,0.9566883444786072,-0.09378799796104431,1.0500504970550537,-0.09349372237920761
4137,0.9695100784301758,-0.09503024071455002,1.0644862651824951,-0.0948491096496582
4138,0.9826582074165344,-0.09622972458600998,1.0791161060333252,-0.09636357426643372
4139,0.9957575798034668,-0.09742920845746994,1.0937753915786743,-0.09790296107530594
4140,1.008762001991272,-0.0986567959189415,1.1081024408340454,-0.09925692528486252
4141,1.021445870399475,-0.09992194175720215,1.1222268342971802,-0.10075978189706802
4142,1.0342299938201904,-0.1011803150177002,1.1362948417663574,-0.10219408571720123
4143,1.047217845916748,-0.10237691551446915,1.1510127782821655,-0.1036892831325531
4144,1.0603595972061157,-0.10356380045413971,1.165644645690918,-0.10519913583993912
4145,1.0730293989181519,-0.10482116788625717,1.1797752380371094,-0.10662894695997238
4146,1.0859161615371704,-0.10604071617126465,1.1941635608673096,-0.10820009559392929
4147,1.0988248586654663,-0.10725699365139008,1.2085412740707397,-0.10971572995185852
4148,1.1114201545715332,-0.10851100832223892,1.222713589668274,-0.11119314283132553
4149,1.1247962713241577,-0.1096501275897026,1.2375928163528442,-0.11282837390899658
4150,1.1373894214630127,-0.1108996719121933,1.2517629861831665,-0.11434444040060043
4151,1.1502212285995483,-0.1121104508638382,1.266181230545044,-0.11589327454566956
4152,1.1630321741104126,-0.11331959813833237,1.2806214094161987,-0.1173391118645668
4153,1.175959825515747,-0.1145206019282341,1.2949836254119873,-0.1190023422241211
4154,1.1887853145599365,-0.1157240942120552,1.3094121217727661,-0.12054890394210815
4155,1.201697826385498,-0.11692092567682266,1.3237887620925903,-0.12211992591619492
4156,1.214508295059204,-0.11812043935060501,1.3382216691970825,-0.12369535863399506
4157,1.2272777557373047,-0.11931947618722916,1.352683186531067,-0.12518514692783356
4158,1.2403315305709839,-0.12050136178731918,1.3669787645339966,-0.12690989673137665
4159,1.2531639337539673,-0.12169171869754791,1.3814067840576172,-0.12851926684379578
4160,1.2659155130386353,-0.12288359552621841,1.3958786725997925,-0.13016347587108612
4161,1.278637170791626,-0.12407486140727997,1.4103717803955078,-0.13161970674991608
4162,1.2912565469741821,-0.12529273331165314,1.4245343208312988,-0.13326777517795563
4163,1.3041572570800781,-0.12644456326961517,1.4393151998519897,-0.1348928064107895
4164,1.3172132968902588,-0.1275855004787445,1.4540034532546997,-0.13673298060894012
4165,1.330036997795105,-0.12876038253307343,1.468445897102356,-0.13833270967006683
4166,1.3426318168640137,-0.12996871769428253,1.4826310873031616,-0.13994047045707703
4167,1.355402946472168,-0.13114051520824432,1.4971095323562622,-0.1415753811597824
4168,1.368170142173767,-0.13230974972248077,1.5115840435028076,-0.1433444321155548
4169,1.3811885118484497,-0.1334388703107834,1.5263111591339111,-0.14502990245819092
4170,1.3940253257751465,-0.1345985382795334,1.5407559871673584,-0.14682264626026154
4171,1.4065412282943726,-0.13579702377319336,1.5550028085708618,-0.1483147293329239
4172,1.419278621673584,-0.13695600628852844,1.5695091485977173,-0.15013250708580017
4173,1.432116985321045,-0.1381070464849472,1.5839604139328003,-0.15190733969211578
4174,1.4450222253799438,-0.1392272263765335,1.5987704992294312,-0.1536300629377365
4175,1.4575254917144775,-0.14041371643543243,1.6130367517471313,-0.15541505813598633
4176,1.470566749572754,-0.14152084290981293,1.6277700662612915,-0.1572602540254593
4177,1.483144760131836,-0.14269782602787018,1.6420009136199951,-0.15894824266433716
4178,1.4960436820983887,-0.1438061147928238,1.6568323373794556,-0.16070939600467682
4179,1.508845567703247,-0.14494065940380096,1.6713297367095947,-0.16255265474319458
4180,1.5213282108306885,-0.14611293375492096,1.6856318712234497,-0.16433675587177277
4181,1.534085750579834,-0.14724358916282654,1.7001683712005615,-0.16611874103546143
4182,1.5470300912857056,-0.14833728969097137,1.714987874031067,-0.16791878640651703
4183,1.5595718622207642,-0.1494971066713333,1.7292715311050415,-0.1696932464838028
4184,1.5724681615829468,-0.15058617293834686,1.7441338300704956,-0.17165328562259674
4185,1.5851213932037354,-0.15173403918743134,1.7583608627319336,-0.1733921319246292
4186,1.5981783866882324,-0.15278366208076477,1.773540735244751,-0.17532819509506226
4187,1.6104857921600342,-0.15396715700626373,1.7875853776931763,-0.17724290490150452
4188,1.6233621835708618,-0.1550443172454834,1.8024942874908447,-0.17905551195144653
4189,1.6361303329467773,-0.15614813566207886,1.8170690536499023,-0.18103356659412384
4190,1.648805856704712,-0.1572534590959549,1.8317164182662964,-0.18287234008312225
4191,1.6612160205841064,-0.15839378535747528,1.8461281061172485,-0.18478474020957947
4192,1.6740206480026245,-0.1594853550195694,1.8607101440429688,-0.18672597408294678
4193,1.686508297920227,-0.16061486303806305,1.8750941753387451,-0.18858805298805237
4194,1.6994184255599976,-0.1616695523262024,1.8900262117385864,-0.19058586657047272
4195,1.7124173641204834,-0.16271598637104034,1.9049105644226074,-0.1926453709602356
4196,1.7247625589370728,-0.16384278237819672,1.9194105863571167,-0.19445981085300446
4197,1.7377890348434448,-0.16488072276115417,1.9343031644821167,-0.1964288055896759
4198,1.7504092454910278,-0.16596083343029022,1.949045181274414,-0.1985824704170227
4199,1.7630892992019653,-0.16703450679779053,1.9637757539749146,-0.20044773817062378
4200,1.775920033454895,-0.1680963784456253,1.9784140586853027,-0.20249465107917786
4201,1.4301822185516357,-0.1350051909685135,1.5933444499969482,-0.16205018758773804
4202,1.1345484256744385,-0.10715530812740326,1.2644174098968506,-0.1294836848974228
4203,0.8862764835357666,-0.08369901031255722,0.9880760312080383,-0.10154732316732407
4204,0.6771098375320435,-0.06399518996477127,0.7549276947975159,-0.07810848206281662
4205,0.5023871660232544,-0.047478191554546356,0.5605500340461731,-0.057982414960861206
4206,0.35638898611068726,-0.033686645328998566,0.3975365161895752,-0.04133414849638939
4207,0.23486974835395813,-0.022234110161662102,0.2620711922645569,-0.02727268449962139
4208,0.1351577341556549,-0.012785031460225582,0.15093477070331573,-0.01572481170296669
4209,0.05301159620285034,-0.005049730185419321,0.05936046317219734,-0.0063627054914832115
4210,-0.013353677466511726,0.0012267687125131488,-0.014952794648706913,0.0013625678839161992
4211,-0.06653691083192825,0.006265388801693916,-0.07393766194581985,0.007513455115258694
4212,-0.10850311815738678,0.010256917215883732,-0.12119907885789871,0.012264221906661987
4213,-0.14240223169326782,0.013368494808673859,-0.15874457359313965,0.01615273393690586
4214,-0.1671021431684494,0.015746723860502243,-0.1862199753522873,0.019127873703837395
4215,-0.18565717339515686,0.017510073259472847,-0.20708467066287994,0.021175136789679527
4216,-0.1990213394165039,0.018770672380924225,-0.22199267148971558,0.022870944812893867
4217,-0.2074190378189087,0.019615238532423973,-0.23130916059017181,0.023848580196499825
4218,-0.2132427990436554,0.020108826458454132,-0.2378213107585907,0.024488510563969612
4219,-0.2149019092321396,0.020323636010289192,-0.23967334628105164,0.02474871091544628
4220,-0.2155202478170395,0.020300710573792458,-0.24007774889469147,0.024676291272044182
4221,-0.2132040411233902,0.020095234736800194,-0.23765745759010315,0.024485236033797264
4222,-0.20890407264232635,0.019743354991078377,-0.2327943742275238,0.023969091475009918
4223,-0.2037626951932907,0.01927320286631584,-0.22723133862018585,0.0233144573867321
4224,-0.19838596880435944,0.018709832802414894,-0.22125117480754852,0.022684209048748016
4225,-0.191853865981102,0.018082570284605026,-0.21384450793266296,0.021990852430462837
4226,-0.18416324257850647,0.01741030439734459,-0.20519787073135376,0.021142495796084404
4227,-0.17654944956302643,0.016702860593795776,-0.19683672487735748,0.02020939439535141
4228,-0.16885294020175934,0.01597527414560318,-0.18824827671051025,0.019265878945589066
4229,-0.1616627722978592,0.015235399827361107,-0.18018105626106262,0.01842990517616272
4230,-0.15321236848831177,0.014501918107271194,-0.1708199828863144,0.017593182623386383
4231,-0.14548440277576447,0.013771341182291508,-0.1622033715248108,0.01674640364944935
4232,-0.13794590532779694,0.013053083792328835,-0.15373161435127258,0.01568695157766342
4233,-0.13039259612560272,0.01235153153538704,-0.14543715119361877,0.014944428578019142
4234,-0.1232239156961441,0.011669348925352097,-0.13738209009170532,0.014216146431863308
4235,-0.11681260913610458,0.011006412096321583,-0.1302398443222046,0.013339223340153694
4236,-0.11012241989374161,0.010370892472565174,-0.12274184823036194,0.012553384527564049
4237,-0.10310519486665726,0.009764615446329117,-0.11490324139595032,0.011730453930795193
4238,-0.09690698981285095,0.009180919267237186,-0.10801512748003006,0.011051639914512634
4239,-0.09153648465871811,0.008620232343673706,-0.10208697617053986,0.010404248721897602
4240,-0.08545377105474472,0.008093015290796757,-0.09519221633672714,0.00989566557109356
4241,-0.08012986928224564,0.007588626816868782,-0.08923061937093735,0.009189103730022907
4242,-0.0745244175195694,0.007113967090845108,-0.0829617902636528,0.008553116582334042
4243,-0.07018327713012695,0.006658343598246574,-0.07826008647680283,0.007977582514286041
4244,-0.06626392155885696,0.006227134261280298,-0.07385927438735962,0.0075336904264986515
4245,-0.061400849372148514,0.005826549604535103,-0.06845135241746902,0.0069377003237605095
4246,-0.05727595463395119,0.005446044262498617,-0.06397997587919235,0.00655020447447896
4247,-0.054011642932891846,0.005084260832518339,-0.06038452312350273,0.006242547184228897
4248,-0.05002175271511078,0.004750515799969435,-0.05577792227268219,0.005623701959848404
4249,-0.04704137146472931,0.004430551081895828,-0.05266590043902397,0.005456510931253433
4250,-0.04409172013401985,0.004132886882871389,-0.04916958510875702,0.00494565861299634
4251,-0.04051338881254196,0.0038573555648326874,-0.04523805156350136,0.004572365432977676
4252,-0.03844442218542099,0.0035917991772294044,-0.04278908297419548,0.004387629684060812
4253,-0.0358586460351944,0.0033470233902335167,-0.039905473589897156,0.004164264537394047
4254,-0.032917868345975876,0.003121132729575038,-0.036558423191308975,0.0037410042714327574
4255,-0.030508989468216896,0.002907246584072709,-0.03403869643807411,0.0034459943417459726
4256,-0.028358791023492813,0.0027068040799349546,-0.0316772423684597,0.0032415762543678284
4257,-0.026481373235583305,0.002519347006455064,-0.029466839507222176,0.002929994836449623
4258,-0.02467789314687252,0.0023443063255399466,-0.02741522714495659,0.0029323094058781862
4259,-0.022915400564670563,0.0021813770290464163,-0.025494074448943138,0.0026409418787807226
4260,-0.021141374483704567,0.0020295835565775633,-0.023710822686553,0.0023663071915507317
4261,-0.019746266305446625,0.0018870907370001078,-0.022029103711247444,0.0023142334539443254
4262,-0.019081519916653633,0.0017506178701296449,-0.02110142819583416,0.0022565494291484356
4263,-0.01714959181845188,0.0016306802863255143,-0.018994012847542763,0.0019565236289054155
4264,-0.01586754620075226,0.0015158276073634624,-0.017642632126808167,0.0018040190916508436
4265,-0.014734155498445034,0.001408273819833994,-0.016373302787542343,0.001689018215984106
4266,-0.013630387373268604,0.0013087020488455892,-0.015202383510768414,0.001611960120499134
4267,-0.012641464360058308,0.0012157958699390292,-0.01410599797964096,0.0015158962924033403
4268,-0.011596767231822014,0.0011299450416117907,-0.01309683546423912,0.0013448660029098392
4269,-0.011542575433850288,0.0010451126145198941,-0.012778226286172867,0.0012679229257628322
4270,-0.01015213131904602,0.0009742134134285152,-0.011271515861153603,0.001178039237856865
4271,-0.00937414076179266,0.0009051344241015613,-0.010458222590386868,0.0011179555440321565
4272,-0.008730136789381504,0.0008401897503063083,-0.0096941739320755,0.0010023810900747776
4273,-0.008548151701688766,0.0007767970091663301,-0.009618353098630905,0.0009086990030482411
4274,-0.007419130299240351,0.0007239707047119737,-0.008311320096254349,0.0009230829309672117
4275,-0.007053259294480085,0.0006711980677209795,-0.007688149344176054,0.0009205728420056403
4276,-0.0059449817053973675,0.0006265970296226442,-0.006492257118225098,0.0006152266869321465
4277,-0.006482069846242666,0.0005753154982812703,-0.00725562172010541,0.000658152624964714
4278,-0.005459052976220846,0.0005372868617996573,-0.006112954113632441,0.0006891547236591578
4279,-0.005479375831782818,0.0004952324088662863,-0.006301766261458397,0.0006383558502420783
4280,-0.004641687031835318,0.000462202267954126,-0.0052296374924480915,0.00045559575664810836
4281,-0.004309374839067459,0.0004283380403649062,-0.004829372279345989,0.0005092574865557253
4282,-0.004580806940793991,0.00039428245509043336,-0.0051099020056426525,0.0006204390665516257
4283,-0.0037715809885412455,0.00036928176996298134,-0.004145619459450245,0.00039128688513301313
4284,-0.003509750822558999,0.00034261264954693615,-0.0038179587572813034,0.00039252842543646693
4285,-0.0030822556000202894,0.0003185797540936619,-0.003549662185832858,0.00031992350704967976
4286,-0.003011207329109311,0.0002948258479591459,-0.003267711028456688,0.00035466355620883405
4287,-0.002648072550073266,0.00027399652753956616,-0.0030116119887679815,0.00027771134045906365
4288,-0.0029884823597967625,0.0002507810131646693,-0.0034224181436002254,0.0002690238761715591
4289,-0.0028616045601665974,0.00023219094146043062,-0.003214218420907855,0.0002580438449513167
4290,-0.0026847494300454855,0.00021514239779207855,-0.0030143281910568476,0.0003473594842944294
4291,-0.0013856630539521575,0.00020610966021195054,-0.0015175013104453683,0.00014536094386130571
4292,-0.0024623493663966656,0.00018422477296553552,-0.0026353655848652124,0.00021867993928026408
4293,-0.002195043722167611,0.00017076946096494794,-0.002477274276316166,0.00031812870292924345
4294,-0.001391847850754857,0.00016202036931645125,-0.0016937736654654145,0.00010362952889408916
4295,-0.0014261086471378803,0.00014984729932621121,-0.0015590348048135638,0.00021422423014882952
4296,-0.001675447798334062,0.00013621877587866038,-0.0020843346137553453,0.00015759827510919422
4297,-0.001169395400211215,0.00012883692397736013,-0.0013016359880566597,0.0001674696250120178
4298,-0.0016323309391736984,0.00011612976231845096,-0.001836160896345973,8.9307373855263e-05
4299,-0.0014725688379257917,0.00010752510570455343,-0.0017233372200280428,0.00013962198863737285
4300,-0.0008803682867437601,0.00010255549568682909,-0.0009920961456373334,0.00013836674042977393
4301,-0.0007516986224800348,9.545937064103782e-05,-0.0009091756073758006,-2.049023169092834e-05
4302,-0.0008238607551902533,8.83013490238227e-05,-0.0008358624181710184,4.528096178546548e-05
4303,-0.000673088594339788,8.209537190850824e-05,-0.0007631532498635352,8.293240534840152e-05
4304,-0.0011302910279482603,7.284445018740371e-05,-0.0013247820315882564,0.00019680945842992514
4305,-0.0006388539331965148,7.040726632112637e-05,-0.0006112047121860087,3.607957478379831e-05
4306,-0.0003980790206696838,6.565754301846027e-05,-0.0005687724333256483,4.514804095379077e-05
4307,-0.0002945172891486436,6.119880708865821e-05,-0.0005063886637799442,2.2060541596147232e-05
4308,-0.000602626649197191,5.549321213038638e-05,-0.00044683602754957974,0.00015335166244767606
4309,-0.000314918695949018,5.238319135969505e-05,-0.0004013948782812804,9.24498017411679e-05
4310,-0.0008288767421618104,4.536827691481449e-05,-0.0010008409153670073,6.368402864609379e-06
4311,-0.00037395732942968607,4.506535697146319e-05,-0.00032446387922391295,3.506644497974776e-05
4312,-0.00020882862736470997,4.25205216743052e-05,-0.0002858957159332931,-2.770600258372724e-05
4313,-0.0002710467088036239,3.963843482779339e-05,-0.0002627602079883218,5.184058318263851e-05
4314,-0.00024430788471363485,3.66080021194648e-05,-0.0002143691381206736,6.195848254719749e-05
4315,-0.00019338502897880971,3.4214361221529543e-05,-0.0001869343250291422,4.040003113914281e-05
4316,-0.0005395426414906979,2.93360080831917e-05,-0.0008250424289144576,0.0001283312012674287
4317,-0.00021806191944051534,2.93148732453119e-05,-0.00012739613885059953,-6.39739228063263e-05
4318,-6.709598528686911e-05,2.835315535776317e-05,-0.00012938956206198782,-4.0640061342855915e-05
4319,-2.740953459579032e-05,2.6428899218444712e-05,-9.480191511102021e-05,-5.125762618263252e-05
4320,-0.0006138597964309156,2.1974243281874806e-05,-0.0007372947293333709,1.6919140762183815e-05
4321,-0.00014907961303833872,2.2979431378189474e-05,-6.603436486329883e-05,-1.6176936696865596e-05
4322,8.494101348333061e-05,2.155787115043495e-05,-3.7495323340408504e-05,-2.578758903837297e-05
4323,0.0001048670310410671,1.976509520318359e-05,-1.618106398382224e-05,-2.5184304831782356e-05
4324,0.00011799249477917328,1.8290465959580615e-05,1.2399149227348971e-06,-3.6420009564608335e-05
4325,-5.7032328186323866e-05,1.6497549950145185e-05,2.4618413590360433e-05,1.1745850315492135e-05
4326,-0.0005790439900010824,1.3490775927493814e-05,-0.0006383565487340093,4.211128180031665e-05
4327,-0.0006301983958110213,1.194514970848104e-05,-0.0006194237503223121,9.891334775602445e-05
4328,4.730854561785236e-05,1.4101908163866028e-05,5.019141099182889e-05,4.1167091694660485e-05
4329,6.587479583686218e-05,1.2644361049751751e-05,6.764839781681076e-05,5.0180584366898984e-05
4330,7.841416663723066e-05,1.144488214777084e-05,8.177710697054863e-05,4.8234207497444004e-05
4331,8.897671068552881e-05,1.046444958774373e-05,9.336559742223471e-05,4.7611683839932084e-05
4332,9.466121264267713e-05,9.652087101130746e-06,0.00010311454389011487,3.517032746458426e-05
4333,0.00010442621714901179,9.00455688679358e-06,0.0001105847186408937,4.582668771035969e-05
4334,0.00010730280337156728,8.458517186227255e-06,0.00011719404574250802,3.374248626641929e-05
4335,-0.00043712329352274537,6.707693046337226e-06,-0.0005452958284877241,9.276983473682776e-05
4336,-0.001100660301744938,4.788822025147965e-06,-0.0012146902736276388,0.0002383136743446812
4337,-2.8961811040062457e-05,9.673667591414414e-06,0.00010215749352937564,-7.034476584522054e-05
4338,-2.650665737746749e-05,7.913627996458672e-06,0.0001236040989169851,0.00010072709119413048
4339,0.00018112895486410707,9.117796253121924e-06,9.667029371485114e-05,-9.024003520607948e-05
4340,-1.4722922969667707e-05,7.289911081898026e-06,0.0001334117550868541,-4.962706589139998e-05
4341,-0.00040076515870168805,5.229018370300764e-06,-0.0005300638731569052,-5.80554005864542e-05
4342,0.00020816561300307512,7.340510364883812e-06,0.0001299850264331326,9.17385914362967e-05
4343,-0.00040228600846603513,5.053480890637729e-06,-0.0005276932497508824,0.00012510702072177082
4344,0.00020938500529155135,7.228580670926021e-06,0.000131307722767815,9.171603596769273e-05
4345,-0.0003984438080806285,4.972556325810729e-06,-0.0005268820677883923,-6.029449650668539e-05
4346,0.00021338576334528625,7.169897799030878e-06,0.00013171951286494732,-9.178571781376377e-05
4347,-0.00039911404019221663,4.915911631542258e-06,-0.0005261824699118733,-6.552545528393239e-05
4348,0.0002130829234374687,7.094326520018512e-06,0.0001328393118456006,0.00010035061131929979
4349,-0.0003957615699619055,4.862349669565447e-06,-0.0005252960836514831,-5.606015838566236e-05
4350,0.00021439148986246437,7.075496341713006e-06,0.00013283445150591433,-9.188229887513444e-05
4351,-0.0003983094939030707,4.8399288061773404e-06,-0.0005252863047644496,-6.561680493177846e-05
4352,-0.00038490124279633164,5.9016665545641445e-06,-0.0005354202585294843,0.00017505745927337557
4353,-0.00041584440623410046,4.474447905522538e-06,-0.0005333278677426279,-2.4535243937862106e-05
4354,-0.00033009969047270715,3.404735480216914e-06,-0.0005192459211684763,1.014922781905625e-05
4355,0.0001169139432022348,5.002433226763969e-06,0.0001466811663703993,5.818956196890213e-06
4356,0.00011054798233089969,5.58762212676811e-06,0.00013992327149026096,5.4559668569709174e-06
4357,-0.00034740808769129217,3.481262410787167e-06,-0.0005083347205072641,2.6234205506625585e-05
4358,0.00012166018859716132,4.7936910050339065e-06,0.00015990353131201118,-2.118950396834407e-05
4359,0.00010996696073561907,5.4041779549152125e-06,0.00014211067173164338,-4.335291578172473e-06
4360,-0.0003460515581537038,3.3351313959428808e-06,-0.0005066368612460792,2.5473016648902558e-05
4361,0.00012291014718357474,4.675630862038815e-06,0.00016129632422234863,-2.1332934920792468e-05
4362,0.00011098129471065477,5.308401796355611e-06,0.0001432402932550758,-4.44966099166777e-06
4363,-0.00034523470094427466,3.258021934016142e-06,-0.0005057270172983408,2.5380437364219688e-05
4364,0.0001235727104358375,4.613065812009154e-06,0.00016203428094740957,-2.1407713575172238e-05
4365,0.00011151857324875891,5.2576715461327694e-06,0.00014383862435352057,-4.510092367127072e-06
4366,-0.0003448022180236876,3.217196081095608e-06,-0.0005052454071119428,2.533207953092642e-05
4367,0.0001239237462868914,4.579942924465286e-06,0.00016242517449427396,-2.14471947401762e-05
4368,0.00011180425644852221,5.230720944382483e-06,0.0001441568456357345,-4.542500846582698e-06
4369,-0.00034457253059372306,3.195497583874385e-06,-0.0005049895262345672,2.5305667804786935e-05
4370,0.00012410998169798404,4.5623560254171025e-06,0.00016263262659776956,-2.146839142369572e-05
4371,0.00011195550177944824,5.216450517764315e-06,0.00014432528405450284,-4.559517037705518e-06
4372,-0.0003444503527134657,3.1839936127653345e-06,-0.0005048534949310124,2.5292323698522523e-05
4373,0.00012420900748111308,4.55300278190407e-06,0.00016274291556328535,-2.147950181097258e-05
4374,0.00011203547910554335,5.208883521845564e-06,0.00014441434177570045,-4.568595159071265e-06
4375,-0.000944164174143225,2.157438530048239e-06,-0.0011750436387956142,0.00010020734771387652
4376,-0.000473155319923535,3.066337967538857e-06,-0.0005149496137164533,8.877737855073065e-05
4377,-0.00041217272519133985,1.961382849913207e-06,-0.0004998964723199606,0.000145106139825657
4378,-0.0004273587837815285,2.0164213765383465e-06,-0.0004922599182464182,-9.198435873258859e-05
4379,0.00014104759611655027,3.213158834114438e-06,0.00017830135766416788,-0.00013046592357568443
4380,0.00012677557242568582,3.6457738588069333e-06,0.00016165438864845783,-0.00012630953278858215
4381,-0.0004179153766017407,1.5655539300496457e-06,-0.000484663964016363,0.00011207228089915588
4382,0.000141995566082187,2.868591082005878e-06,0.0001826502993935719,5.509320180863142e-05
4383,0.00012420215352904052,3.3321691716992063e-06,0.00016552070155739784,4.783413533004932e-05
4384,-0.00041063930257223547,1.333546606474556e-06,-0.000482087314594537,-6.655699689872563e-05
4385,0.0001495648903073743,2.6311427063774318e-06,0.00018512422684580088,-0.0001221278216689825
4386,0.00013423778000287712,3.1780325571162393e-06,0.00016714872617740184,-0.00011735312000382692
4387,-0.00040305062429979444,1.196291236738034e-06,-0.00048044201685115695,0.00011390334839234129
4388,0.00014316823217086494,2.543142500144313e-06,0.00018654837913345546,4.589181116898544e-05
4389,0.0001271943183382973,3.0655457976536127e-06,0.00016868730017449707,4.803502815775573e-05
4390,-0.0004022949724458158,1.115996155931498e-06,-0.00047930696746334434,0.00011281841580057517
4391,0.0001438601320842281,2.4777457383606816e-06,0.00018732000899035484,4.5810345909558237e-05
4392,0.00013545449473895133,3.064608108616085e-06,0.0001684860180830583,-0.00011743223876692355
4393,-0.0004082453087903559,1.1065505987062352e-06,-0.0004794072883669287,-6.687181303277612e-05
4394,0.0001515162002760917,2.4469559321005363e-06,0.00018729739531408995,-0.00012234796304255724
4395,0.00013581989333033562,3.028649189218413e-06,0.00016891071572899818,-0.00011753160652006045
4396,-0.0004017760220449418,1.0759915767266648e-06,-0.00047902241931296885,0.00011375965550541878
4397,0.00014420274237636477,2.4454991489619715e-06,0.00018770039605442435,4.5775472244713455e-05
4398,0.00012803314893972129,2.98634381579177e-06,0.00016962153313215822,4.794028427568264e-05
4399,-0.00040161932702176273,1.0522201137064258e-06,-0.0004785546916536987,0.00011274249845882878
4400,0.00014440817176364362,2.4259927613456966e-06,0.0001879304036265239,4.5748380216537043e-05
4401,0.00013589848822448403,3.022701093868818e-06,0.0001689804339548573,-0.00011748213728424162
4402,-0.00040788837941363454,1.0728225561251747e-06,-0.0004790098173543811,-6.691234739264473e-05
4403,0.00015180579794105142,2.41960515268147e-06,0.0001876199821708724,-0.0001223806757479906
4404,0.00013605561980511993,3.006405904670828e-06,0.00016917336324695498,-0.00011755824380088598
4405,-0.00040158670162782073,1.0580945399851771e-06,-0.00047881147474981844,0.00011373784218449146
4406,0.00014435587218031287,2.431021357551799e-06,0.0001878710900200531,4.575771527015604e-05
4407,0.0001281577569898218,2.9745813208137406e-06,0.00016976041661109775,4.7926296247169375e-05
4408,-0.00040151915163733065,1.0427501138110529e-06,-0.0004784429329447448,0.0001127310169977136
4409,0.0001444894733140245,2.418334588583093e-06,0.0001880208437796682,4.5739532652078196e-05
4410,0.00013596427743323147,3.0164587769831996e-06,0.00016905387747101486,-0.00011749006807804108
4411,-0.0004078343336004764,1.0677763384592254e-06,-0.000478949659736827,-6.691821909043938e-05
4412,0.0001518490753369406,2.415527887933422e-06,0.00018766813445836306,-0.00012238543422427028
4413,0.00013609042798634619,3.0031189908186207e-06,0.00016921202768571675,-0.00011756202002288774
4414,-0.00040155855822376907,1.0554512073213118e-06,-0.0004787802172359079,0.00011373492452548817
4415,0.00014437911158893257,2.428841526125325e-06,0.00018789699242915958,4.575504863169044e-05
4416,0.00012817623792216182,2.9728205390711082e-06,0.00016978097846731544,4.792418985744007e-05
4417,-0.0004015040467493236,1.0413360769234714e-06,-0.0004784262855537236,0.0001127297364291735
4418,0.00014450136222876608,2.4172065877792193e-06,0.00018803408602252603,4.573823753162287e-05
4419,0.00013597433280665427,3.0155231343087507e-06,0.0001690649223746732,-0.00011749099940061569
4420,-0.0004078267957083881,1.067031575985311e-06,-0.0004789411905221641,-6.691921589663252e-05
4421,0.00015185581287369132,2.414904201941681e-06,0.0001876755995908752,-0.00012238617637194693
4422,0.0001360955648124218,3.0026274089323124e-06,0.00016921771748457104,-0.00011756269668694586
4423,-0.00040155433816835284,1.0550473916737246e-06,-0.00047877541510388255,0.0001137342260335572
4424,0.0001443828659830615,2.4284909159177914e-06,0.0001879010087577626,4.575524144456722e-05
4425,0.0001281790464418009,2.9725699732807698e-06,0.0001697839325061068,4.7924120735842735e-05
4426,-0.0004015019803773612,1.041133714352327e-06,-0.0004784238408319652,0.00011272913252469152
4427,0.00014450379239860922,2.416966935925302e-06,0.00018803686543833464,4.573769183480181e-05
4428,0.00013597638462670147,3.0153248644637642e-06,0.00016906732344068587,-0.00011749147961381823
4429,-0.00040782499127089977,1.0668745744624175e-06,-0.00047893926966935396,-6.691905582556501e-05
4430,-0.030955344438552856,0.002899332670494914,-0.034334998577833176,0.0030508898198604584
4431,-0.061242956668138504,0.005825387313961983,-0.06808313727378845,0.0066779921762645245
4432,-0.09197701513767242,0.008678623475134373,-0.1023535504937172,0.010369742289185524
4433,-0.12243569642305374,0.0115711884573102,-0.13638605177402496,0.013877800665795803
4434,-0.15293610095977783,0.014460671693086624,-0.1703837513923645,0.017468230798840523
4435,-0.18335410952568054,0.017379002645611763,-0.2040162980556488,0.020895151421427727
4436,-0.2139533907175064,0.020238498225808144,-0.23832254111766815,0.02437162958085537
4437,-0.2444722056388855,0.023125626146793365,-0.2722536325454712,0.02795836143195629
4438,-0.27502572536468506,0.026010479778051376,-0.30614709854125977,0.03137250617146492
4439,-0.30513161420822144,0.028942875564098358,-0.3398902416229248,0.03473833203315735
4440,-0.33556675910949707,0.031832389533519745,-0.37379875779151917,0.03820009157061577
4441,-0.3660695552825928,0.03471767157316208,-0.4076366424560547,0.04153154045343399
4442,-0.3966825306415558,0.03757122531533241,-0.44176948070526123,0.045055657625198364
4443,-0.426909863948822,0.04049321636557579,-0.4753018021583557,0.04842974245548248
4444,-0.45731791853904724,0.04337959736585617,-0.509079098701477,0.05199301242828369
4445,-0.48777955770492554,0.04623807966709137,-0.5431873202323914,0.05534481257200241
4446,-0.5181450843811035,0.04912426695227623,-0.5769082307815552,0.05875185877084732
4447,-0.5484582781791687,0.0520121231675148,-0.6106095314025879,0.062114566564559937
4448,-0.5787469148635864,0.05489936098456383,-0.6442779302597046,0.06551496684551239
4449,-0.6088933944702148,0.057817328721284866,-0.6775739192962646,0.06884883344173431
4450,-0.639092206954956,0.06070605665445328,-0.7111874222755432,0.07220681756734848
4451,-0.6694799661636353,0.06355883926153183,-0.7450259327888489,0.0755096897482872
4452,-0.6996487975120544,0.0664457231760025,-0.7785335779190063,0.07882281392812729
4453,-0.7295773029327393,0.06936805695295334,-0.8117228150367737,0.08203980326652527
4454,-0.7599579691886902,0.07221518456935883,-0.8453671336174011,0.08540932089090347
4455,-0.7900624871253967,0.07509927451610565,-0.8787108659744263,0.0887213945388794
4456,-0.8198608756065369,0.07802187651395798,-0.9117722511291504,0.09191916137933731
4457,-0.8501530885696411,0.0808672308921814,-0.9452567100524902,0.09515776485204697
4458,-0.879948079586029,0.08376084268093109,-0.9785675406455994,0.09835876524448395
4459,-0.9100252985954285,0.08663725852966309,-1.0116221904754639,0.10157328844070435
4460,-0.9396546483039856,0.0895591750741005,-1.0444674491882324,0.10475460439920425
4461,-0.9696675539016724,0.09240944683551788,-1.0777944326400757,0.10793054848909378
4462,-0.9994121789932251,0.09531984478235245,-1.1104042530059814,0.1110086441040039
4463,-1.0292154550552368,0.09820017963647842,-1.1432819366455078,0.11411883682012558
4464,-1.0591572523117065,0.10104598850011826,-1.176384449005127,0.1171831339597702
4465,-1.0884705781936646,0.10397066920995712,-1.208974003791809,0.12023346871137619
4466,-1.1186895370483398,0.10677137970924377,-1.2421092987060547,0.1234428808093071
4467,-1.1481537818908691,0.10968229174613953,-1.274416446685791,0.12633490562438965
4468,-1.1773828268051147,0.11260160058736801,-1.3067619800567627,0.12942247092723846
4469,-1.2069289684295654,0.1154775470495224,-1.3392109870910645,0.13228125870227814
4470,-1.236319661140442,0.11835744231939316,-1.3716477155685425,0.13533452153205872
4471,-1.2657363414764404,0.12123310565948486,-1.4039578437805176,0.1382932811975479
4472,-1.2952442169189453,0.1240759864449501,-1.4365029335021973,0.1412249654531479
4473,-1.3245104551315308,0.1269524097442627,-1.468685507774353,0.1440913826227188
4474,-1.353616714477539,0.12985825538635254,-1.5004594326019287,0.14678722620010376
4475,-1.382758617401123,0.13273394107818604,-1.5324856042861938,0.14960570633411407
4476,-1.4121302366256714,0.135568767786026,-1.5646560192108154,0.1525547057390213
4477,-1.4410172700881958,0.13847458362579346,-1.5962046384811401,0.15525704622268677
4478,-1.470282793045044,0.14130793511867523,-1.6282039880752563,0.15785139799118042
4479,-1.498976230621338,0.1442154347896576,-1.6596184968948364,0.16068856418132782
4480,-1.5278198719024658,0.14708678424358368,-1.6912258863449097,0.1632637083530426
4481,-1.5570098161697388,0.14991189539432526,-1.722886323928833,0.16597002744674683
4482,-1.5852892398834229,0.15285319089889526,-1.7537835836410522,0.16843222081661224
4483,-1.614277958869934,0.1556793451309204,-1.7853111028671265,0.1712023764848709
4484,-1.642926812171936,0.15854409337043762,-1.8165156841278076,0.17363546788692474
4485,-1.6714940071105957,0.16140806674957275,-1.8476338386535645,0.17621810734272003
4486,-1.6999201774597168,0.16427487134933472,-1.8787033557891846,0.17867591977119446
4487,-1.7284013032913208,0.16713447868824005,-1.9096070528030396,0.18105024099349976
4488,-1.7569530010223389,0.16998577117919922,-1.9403318166732788,0.1834770292043686
4489,-1.7851908206939697,0.17284804582595825,-1.971098780632019,0.18594986200332642
4490,-1.813529372215271,0.175700843334198,-2.0016727447509766,0.18823803961277008
4491,-1.841686487197876,0.17855781316757202,-2.0322113037109375,0.19052305817604065
4492,-1.8698664903640747,0.18140873312950134,-2.062594175338745,0.19280771911144257
4493,-1.8980988264083862,0.18422746658325195,-2.0931949615478516,0.19502165913581848
4494,-1.9259577989578247,0.18710914254188538,-2.1230874061584473,0.1972627341747284
4495,-1.9539941549301147,0.18995219469070435,-2.1531288623809814,0.19936400651931763
4496,-1.9817978143692017,0.19280238449573517,-2.183152437210083,0.20132435858249664
4497,-2.009462594985962,0.19567814469337463,-2.2127256393432617,0.20341847836971283
4498,-2.037386894226074,0.1984865665435791,-2.2427706718444824,0.2055538296699524
4499,-2.0652313232421875,0.20129366219043732,-2.272716760635376,0.20756559073925018
4500,-2.092557191848755,0.20417053997516632,-2.302043914794922,0.20932736992835999
4501,-2.1198248863220215,0.2070446014404297,-2.3312480449676514,0.21123802661895752
4502,-2.147562265396118,0.2098408192396164,-2.360809087753296,0.2130376696586609
4503,-2.1748499870300293,0.2127027064561844,-2.3897008895874023,0.21494263410568237
4504,-2.2022900581359863,0.21550209820270538,-2.419123411178589,0.21675151586532593
4505,-2.229548454284668,0.21832966804504395,-2.4481124877929688,0.21845386922359467
4506,-2.2565250396728516,0.22118932008743286,-2.4767274856567383,0.2202262282371521
4507,-2.283712387084961,0.22400906682014465,-2.5054523944854736,0.2217613011598587
4508,-2.310870409011841,0.22679919004440308,-2.534419298171997,0.22339823842048645
4509,-2.3378758430480957,0.2296154648065567,-2.562941074371338,0.22493000328540802
4510,-2.3646388053894043,0.2324620485305786,-2.5910565853118896,0.22659927606582642
4511,-2.3916049003601074,0.23524364829063416,-2.619666814804077,0.2280641794204712
4512,-2.4181923866271973,0.23808683454990387,-2.647578239440918,0.2293926626443863
4513,-2.4451406002044678,0.24085694551467896,-2.6758909225463867,0.2307892143726349
4514,-2.471512794494629,0.24369825422763824,-2.703603744506836,0.2321043759584427
4515,-2.4983086585998535,0.24646268784999847,-2.7316901683807373,0.2335563749074936
4516,-2.52457594871521,0.2492966651916504,-2.759152412414551,0.2346619814634323
4517,-2.5511906147003174,0.25205743312835693,-2.7870259284973145,0.23593156039714813
4518,-2.5775210857391357,0.25485047698020935,-2.8145241737365723,0.23697160184383392
4519,-2.6033389568328857,0.2577108144760132,-2.8413898944854736,0.23805096745491028
4520,-2.6301112174987793,0.26041993498802185,-2.869089126586914,0.23922891914844513
4521,-2.656202554702759,0.2632043659687042,-2.896245241165161,0.24035148322582245
4522,-2.6820223331451416,0.26602038741111755,-2.9230260848999023,0.24104750156402588
4523,-2.7079288959503174,0.26880013942718506,-2.9499735832214355,0.24202577769756317
4524,-2.734114170074463,0.27153536677360535,-2.9769952297210693,0.24288955330848694
4525,-2.7595906257629395,0.27434682846069336,-3.0034902095794678,0.24362783133983612
4526,-2.7855477333068848,0.2771037817001343,-3.029954671859741,0.24448366463184357
4527,-2.8114571571350098,0.27983173727989197,-3.05666184425354,0.24505116045475006
4528,-2.8368194103240967,0.2826274335384369,-3.0827553272247314,0.24585388600826263
4529,-2.862468957901001,0.28537803888320923,-3.108920097351074,0.24658241868019104
4530,-2.888275146484375,0.2880895137786865,-3.135227680206299,0.24710771441459656
4531,-2.9138216972351074,0.29083114862442017,-3.1611454486846924,0.24758940935134888
4532,-2.9388718605041504,0.2936132252216339,-3.186797618865967,0.24806374311447144
4533,-2.964160919189453,0.29635223746299744,-3.2125539779663086,0.24829554557800293
4534,-2.9891300201416016,0.29912370443344116,-3.2379465103149414,0.24871216714382172
4535,-3.014636993408203,0.30181342363357544,-3.2636616230010986,0.24886420369148254
4536,-3.0397984981536865,0.3045361638069153,-3.2890284061431885,0.24934892356395721
4537,-3.0648646354675293,0.307256281375885,-3.3143041133880615,0.24943725764751434
4538,-3.089909553527832,0.30996984243392944,-3.3394412994384766,0.24963459372520447
4539,-3.114792585372925,0.31268349289894104,-3.364518165588379,0.24955298006534576
4540,-3.139899253845215,0.3153539299964905,-3.3897013664245605,0.24969425797462463
4541,-3.1646668910980225,0.3180830776691437,-3.414182186126709,0.24962738156318665
4542,-3.1893279552459717,0.3207837641239166,-3.438934803009033,0.24960242211818695
4543,-3.214186191558838,0.32346847653388977,-3.4634549617767334,0.2493499219417572
4544,-3.2389042377471924,0.3261260390281677,-3.48825740814209,0.24930229783058167
4545,-3.263401985168457,0.32883667945861816,-3.5123136043548584,0.24893811345100403
4546,-3.287862539291382,0.3315156400203705,-3.5366053581237793,0.24870876967906952
4547,-3.312610387802124,0.3341744542121887,-3.56062650680542,0.24834950268268585
4548,-3.336857557296753,0.33684754371643066,-3.584747076034546,0.24785318970680237
4549,-3.361309766769409,0.3395034372806549,-3.608642339706421,0.2473691701889038
4550,-3.3853471279144287,0.34219521284103394,-3.6322383880615234,0.2467937171459198
4551,-3.409764528274536,0.34483692049980164,-3.6558837890625,0.2462313175201416
4552,-3.4340429306030273,0.347476989030838,-3.6794581413269043,0.24566489458084106
4553,-3.458104133605957,0.35011807084083557,-3.7030091285705566,0.2450002133846283
4554,-3.4827756881713867,0.35267454385757446,-3.726854085922241,0.2442099004983902
4555,-3.5065062046051025,0.35533958673477173,-3.7499499320983887,0.24320608377456665
4556,-3.5305402278900146,0.3579578399658203,-3.7731285095214844,0.24246075749397278
4557,-3.554577350616455,0.36056795716285706,-3.7961857318878174,0.24149967730045319
4558,-3.5789361000061035,0.36313074827194214,-3.819324254989624,0.24058033525943756
4559,-3.6025166511535645,0.3657694458961487,-3.841994047164917,0.23942595720291138
4560,-3.6263654232025146,0.3683629035949707,-3.864769220352173,0.23843422532081604
4561,-3.6502268314361572,0.3709474802017212,-3.887424945831299,0.23727749288082123
4562,-3.673985242843628,0.37352827191352844,-3.91001033782959,0.23592406511306763
4563,-3.6976640224456787,0.3761040270328522,-3.9325108528137207,0.23469972610473633
4564,-3.7215309143066406,0.37866339087486267,-3.9548215866088867,0.23330821096897125
4565,-3.745192766189575,0.3812229335308075,-3.9771065711975098,0.23192474246025085
4566,-3.7686281204223633,0.38380905985832214,-3.9990339279174805,0.23050251603126526
4567,-3.7923645973205566,0.3863230347633362,-4.021414279937744,0.22884103655815125
4568,-3.8159801959991455,0.3888590633869171,-4.043394088745117,0.22724159061908722
4569,-3.8395493030548096,0.3913884460926056,-4.065288066864014,0.22558240592479706
4570,-3.8630664348602295,0.39391112327575684,-4.087100982666016,0.22397391498088837
4571,-3.8867135047912598,0.396420419216156,-4.108755111694336,0.22213003039360046
4572,-3.910193920135498,0.39892756938934326,-4.130380153656006,0.2203087955713272
4573,-3.9337618350982666,0.40142250061035156,-4.1518707275390625,0.218406543135643
4574,-3.9570412635803223,0.4039204716682434,-4.173384189605713,0.21635892987251282
4575,-3.9803645610809326,0.40640753507614136,-4.194786071777344,0.21438835561275482
4576,-4.003698825836182,0.40888553857803345,-4.216087818145752,0.21234233677387238
4577,-4.027313709259033,0.41131776571273804,-4.237522602081299,0.21006473898887634
4578,-4.05031681060791,0.41381701827049255,-4.2584404945373535,0.20795349776744843
4579,-4.073658466339111,0.4162682294845581,-4.279471397399902,0.20557092130184174
4580,-4.0972065925598145,0.4186760187149048,-4.300669193267822,0.20333848893642426
4581,-4.120428085327148,0.42114028334617615,-4.32124137878418,0.20074252784252167
4582,-4.14373254776001,0.4235660135746002,-4.342032432556152,0.198296919465065
4583,-4.167001724243164,0.4259836971759796,-4.362762451171875,0.19576437771320343
4584,-4.190335750579834,0.4283902049064636,-4.383382797241211,0.19317632913589478
4585,-4.213376998901367,0.4308250844478607,-4.403709888458252,0.19046904146671295
4586,-4.236826419830322,0.4331824481487274,-4.424471378326416,0.18772931396961212
4587,-4.260012626647949,0.435566782951355,-4.4449310302734375,0.18497298657894135
4588,-4.283109664916992,0.43794575333595276,-4.465351581573486,0.18201343715190887
4589,-4.306355953216553,0.4403093755245209,-4.4856486320495605,0.17904847860336304
4590,-4.329936981201172,0.44262510538101196,-4.506076335906982,0.1758989691734314
4591,-4.3531107902526855,0.44497281312942505,-4.526266574859619,0.1729974001646042
4592,-4.3763885498046875,0.4473073184490204,-4.546356201171875,0.1697831153869629
4593,-4.399542331695557,0.44966334104537964,-4.566105365753174,0.16647154092788696
4594,-4.422853469848633,0.45197775959968567,-4.586061000823975,0.16325430572032928
4595,-4.446164131164551,0.45428264141082764,-4.605963230133057,0.15986372530460358
4596,-4.469479084014893,0.45657774806022644,-4.625808238983154,0.15658804774284363
4597,-4.492710590362549,0.4588662087917328,-4.645638465881348,0.1529460996389389
4598,-4.516029357910156,0.4611421227455139,-4.665379524230957,0.14941202104091644
4599,-4.539208889007568,0.4634135067462921,-4.685126781463623,0.1456218808889389
4600,-4.562874794006348,0.4656303822994232,-4.7049736976623535,0.14212566614151
4601,-4.585933685302734,0.4679126441478729,-4.724356174468994,0.13832619786262512
4602,-4.609516143798828,0.4701133668422699,-4.7441487312316895,0.1343524307012558
4603,-4.632714748382568,0.47237107157707214,-4.763396263122559,0.13042208552360535
4604,-4.6562066078186035,0.474581778049469,-4.782823085784912,0.1264093965291977
4605,-4.679995536804199,0.476745069026947,-4.802432537078857,0.12225037813186646
4606,-4.703631401062012,0.4789307117462158,-4.821739196777344,0.11815599352121353
4607,-4.726884365081787,0.4811464548110962,-4.8408355712890625,0.11400260776281357
4608,-4.750458717346191,0.4833138883113861,-4.860112190246582,0.10968032479286194
4609,-4.774074077606201,0.485469788312912,-4.879347801208496,0.10533476620912552
4610,-4.797726631164551,0.48761415481567383,-4.898547172546387,0.10092107951641083
4611,-4.821505546569824,0.4897169768810272,-4.918002605438232,0.09627461433410645
4612,-4.845225811004639,0.49183833599090576,-4.937139987945557,0.09170300513505936
4613,-4.869149208068848,0.4939422309398651,-4.956191062927246,0.08702566474676132
4614,-4.892853260040283,0.49604332447052,-4.975306510925293,0.0822729766368866
4615,-4.916859149932861,0.498123437166214,-4.99430513381958,0.07758598774671555
4616,-4.940765380859375,0.5001964569091797,-5.013330936431885,0.07259175926446915
4617,-4.964856147766113,0.5022525787353516,-5.03228759765625,0.06753401458263397
4618,-4.988969326019287,0.504297137260437,-5.051234245300293,0.062486205250024796
4619,-5.012974739074707,0.5063346028327942,-5.070216655731201,0.057426951825618744
4620,-5.037240505218506,0.5083253383636475,-5.089427947998047,0.05212927237153053
4621,-5.061036586761475,0.5104026198387146,-5.107856273651123,0.04674869775772095
4622,-5.085464000701904,0.5123658180236816,-5.127026081085205,0.04146195575594902
4623,-5.11004638671875,0.5143130421638489,-5.146149635314941,0.03599167615175247
4624,-5.134613513946533,0.5162769556045532,-5.164977550506592,0.03030843287706375
4625,-5.159036159515381,0.5182343125343323,-5.183871746063232,0.02477302774786949
4626,-5.18359899520874,0.5202036499977112,-5.202417373657227,0.019163573160767555
4627,-5.208388328552246,0.5220988988876343,-5.221540451049805,0.013399990275502205
4628,-5.233147621154785,0.5240111351013184,-5.240384578704834,0.007381266914308071
4629,-5.257784843444824,0.5259161591529846,-5.25929069519043,0.0013359511503949761
4630,-5.282474517822266,0.5278351306915283,-5.277899742126465,-0.004600307904183865
4631,-5.30752420425415,0.5296759605407715,-5.297041416168213,-0.01083481963723898
4632,-5.3328118324279785,0.5315247178077698,-5.31583309173584,-0.017004547640681267
4633,-5.357975482940674,0.5333656668663025,-5.334701061248779,-0.023282894864678383
4634,-5.38329553604126,0.5351897478103638,-5.353557586669922,-0.029769908636808395
4635,-5.408627033233643,0.5370013117790222,-5.37245512008667,-0.03625323623418808
4636,-5.434285640716553,0.5387908816337585,-5.391288757324219,-0.04276891425251961
4637,-5.459981918334961,0.5405663251876831,-5.410167217254639,-0.04942282661795616
4638,-5.485456943511963,0.5423369407653809,-5.429161548614502,-0.056354910135269165
4639,-5.511220455169678,0.5440859794616699,-5.448121070861816,-0.06307611614465714
4640,-5.536927223205566,0.5458240509033203,-5.467156410217285,-0.07013516128063202
4641,-5.56320858001709,0.5475316643714905,-5.486073970794678,-0.07707391679286957
4642,-5.589362621307373,0.5492024421691895,-5.505401611328125,-0.08412852883338928
4643,-5.6155829429626465,0.5509145855903625,-5.524160385131836,-0.0914992243051529
4644,-5.642434120178223,0.5525380373001099,-5.5434088706970215,-0.09878715872764587
4645,-5.668680191040039,0.5542231798171997,-5.5623064041137695,-0.1061706393957138
4646,-5.695486545562744,0.5558218359947205,-5.581716537475586,-0.1136198416352272
4647,-5.722187519073486,0.557438313961029,-5.6009345054626465,-0.12138289213180542
4648,-5.74906063079834,0.559036135673523,-5.62018346786499,-0.12907260656356812
4649,-5.776224613189697,0.5606116652488708,-5.639430522918701,-0.13681450486183167
4650,-5.803413391113281,0.562172532081604,-5.658761978149414,-0.1446646749973297
4651,-5.831119537353516,0.5636757612228394,-5.678330421447754,-0.15281857550144196
4652,-5.858475208282471,0.5652323961257935,-5.69749641418457,-0.16077348589897156
4653,-5.886462211608887,0.5666986703872681,-5.717182636260986,-0.168986976146698
4654,-5.914184093475342,0.5681871175765991,-5.736746788024902,-0.1773449182510376
4655,-5.941936016082764,0.5696890950202942,-5.756103515625,-0.18580955266952515
4656,-5.970365524291992,0.5710989236831665,-5.775979042053223,-0.19428926706314087
4657,-5.998675346374512,0.5725260376930237,-5.795703887939453,-0.20287242531776428
4658,-6.027379035949707,0.5738978981971741,-5.815728187561035,-0.2118118703365326
4659,-6.05580472946167,0.5753202438354492,-5.835358142852783,-0.22053320705890656
4660,-6.084829807281494,0.5766812562942505,-5.85523796081543,-0.2294503003358841
4661,-6.11395263671875,0.5780235528945923,-5.875218391418457,-0.23872031271457672
4662,-6.143529415130615,0.579308271408081,-5.895505905151367,-0.24773189425468445
4663,-6.172621726989746,0.5806488990783691,-5.915464878082275,-0.2570875883102417
4664,-6.202475547790527,0.5818933844566345,-5.935946941375732,-0.2666223347187042
4665,-6.232133865356445,0.5831561088562012,-5.956335544586182,-0.27595674991607666
4666,-6.2622785568237305,0.5843887329101562,-5.9767303466796875,-0.28568902611732483
4667,-6.292738914489746,0.585595428943634,-5.997192859649658,-0.29550719261169434
4668,-6.323136806488037,0.5867869257926941,-6.017832279205322,-0.30526986718177795
4669,-6.3538312911987305,0.5879530906677246,-6.038545608520508,-0.31525328755378723
4670,-6.385207176208496,0.5890530347824097,-6.059534549713135,-0.3255000710487366
4671,-6.416259288787842,0.5901737213134766,-6.080487251281738,-0.3357034921646118
4672,-6.447286128997803,0.5913063287734985,-6.1013264656066895,-0.34610092639923096
4673,-6.479066371917725,0.5923407673835754,-6.122729778289795,-0.35661953687667847
4674,-6.511022567749023,0.5933818221092224,-6.1439738273620605,-0.3670555055141449
4675,-6.5434794425964355,0.5943602919578552,-6.165562629699707,-0.3779146373271942
4676,-6.575561046600342,0.5953892469406128,-6.1868577003479,-0.3888198137283325
4677,-6.608384609222412,0.59634929895401,-6.208445072174072,-0.39970481395721436
4678,-6.641366481781006,0.5972551107406616,-6.230483055114746,-0.4108491539955139
4679,-6.6745524406433105,0.5981646776199341,-6.252385139465332,-0.4222223162651062
4680,-6.7080912590026855,0.5990452766418457,-6.274399757385254,-0.4336114227771759
4681,-6.741616249084473,0.5998742580413818,-6.296936988830566,-0.4450565278530121
4682,-6.775696754455566,0.6007285118103027,-6.318957805633545,-0.45676538348197937
4683,-6.809909343719482,0.6015274524688721,-6.341460227966309,-0.46868154406547546
4684,-6.844810962677002,0.6022560596466064,-6.364309310913086,-0.4806596040725708
4685,-6.879661560058594,0.6029938459396362,-6.387123107910156,-0.4926076829433441
4686,-6.914926052093506,0.6036978960037231,-6.410068035125732,-0.5050052404403687
4687,-6.95026969909668,0.6044080257415771,-6.432950019836426,-0.5172662138938904
4688,-6.986607551574707,0.6049764752388,-6.456705093383789,-0.5298614501953125
4689,-7.022325038909912,0.6056290864944458,-6.480003356933594,-0.5425558090209961
4690,-7.059234619140625,0.6061652302742004,-6.503846645355225,-0.5553906559944153
4691,-7.096093654632568,0.6067087054252625,-6.52768611907959,-0.568233847618103
4692,-7.132876873016357,0.6072591543197632,-6.5515289306640625,-0.5814487338066101
4693,-7.170858383178711,0.6076922416687012,-6.575925827026367,-0.5947716236114502
4694,-7.208695411682129,0.60813307762146,-6.600369930267334,-0.6080119013786316
4695,-7.246903419494629,0.6085368990898132,-6.625009059906006,-0.6218602061271667
4696,-7.285496711730957,0.6088725924491882,-6.650143146514893,-0.6356343626976013
4697,-7.324682712554932,0.6091972589492798,-6.675148010253906,-0.6495837569236755
4698,-7.3643059730529785,0.6094504594802856,-6.700654029846191,-0.6635942459106445
4699,-7.403949737548828,0.6097052097320557,-6.726181983947754,-0.6778994202613831
4700,-7.443885803222656,0.6099550724029541,-6.751677989959717,-0.6922286748886108
4701,-7.484707355499268,0.6100887060165405,-6.777865886688232,-0.7068631649017334
4702,-7.52575159072876,0.6102171540260315,-6.804053783416748,-0.7217270135879517
4703,-7.567378044128418,0.6102674007415771,-6.830739498138428,-0.7366490960121155
4704,-7.609189033508301,0.6103129982948303,-6.857441425323486,-0.7517731189727783
4705,-7.651039123535156,0.6103561520576477,-6.884215831756592,-0.7669179439544678
4706,-7.694129467010498,0.6102707386016846,-6.911628723144531,-0.7824839353561401
4707,-7.737342834472656,0.6101795434951782,-6.9391069412231445,-0.7981120944023132
4708,-7.780876636505127,0.6100444793701172,-6.966880798339844,-0.8141908645629883
4709,-7.8255534172058105,0.6097807288169861,-6.995358943939209,-0.8300600051879883
4710,-7.869748592376709,0.6096215844154358,-7.023200035095215,-0.8463212847709656
4711,-7.915229320526123,0.6092615127563477,-7.052290439605713,-0.8627365231513977
4712,-7.960744380950928,0.6089270114898682,-7.081217288970947,-0.879323422908783
4713,-8.006722450256348,0.6085412502288818,-7.11045503616333,-0.8961229920387268
4714,-8.053138732910156,0.6081031560897827,-7.140017986297607,-0.9132355451583862
4715,-8.100568771362305,0.6075661182403564,-7.170069694519043,-0.9304391145706177
4716,-8.148390769958496,0.6070101261138916,-7.200190544128418,-0.9478247761726379
4717,-8.196362495422363,0.6064044833183289,-7.2307353019714355,-0.9654357433319092
4718,-8.244922637939453,0.6057396531105042,-7.261605262756348,-0.9832064509391785
4719,-8.294502258300781,0.6049352884292603,-7.293278217315674,-1.0013859272003174
4720,-8.343964576721191,0.6041882038116455,-7.324606895446777,-1.0195616483688354
4721,-8.394311904907227,0.6033366918563843,-7.356507301330566,-1.0379682779312134
4722,-8.445581436157227,0.6024139523506165,-7.388689994812012,-1.05661940574646
4723,-8.49738883972168,0.6013911366462708,-7.421533584594727,-1.0755772590637207
4724,-8.549588203430176,0.6003039479255676,-7.45481014251709,-1.0946969985961914
4725,-8.601873397827148,0.599229097366333,-7.48802375793457,-1.1139492988586426
4726,-8.655492782592773,0.5979969501495361,-7.522024154663086,-1.1336956024169922
4727,-8.709656715393066,0.59673011302948,-7.556163311004639,-1.1534465551376343
4728,-8.764577865600586,0.5953497886657715,-7.590963363647461,-1.1734743118286133
4729,-8.819778442382812,0.5939359068870544,-7.625977516174316,-1.193677544593811
4730,-8.875885963439941,0.5924016237258911,-7.661631107330322,-1.2142221927642822
4731,-8.932470321655273,0.5908268094062805,-7.697478771209717,-1.234838843345642
4732,-8.989773750305176,0.589130699634552,-7.734023571014404,-1.2558780908584595
4733,-9.047506332397461,0.5873922109603882,-7.770785808563232,-1.276910424232483
4734,-9.1063232421875,0.5855580568313599,-7.807908058166504,-1.2983150482177734
4735,-9.1658353805542,0.5836350321769714,-7.845473289489746,-1.3200029134750366
4736,-9.22618579864502,0.581541121006012,-7.8840203285217285,-1.3421084880828857
4737,-9.286365509033203,0.5794816017150879,-7.922407627105713,-1.3642089366912842
4738,-9.348038673400879,0.577235758304596,-7.961653709411621,-1.3864485025405884
4739,-9.41068172454834,0.5748856663703918,-8.00130558013916,-1.4091637134552002
4740,-9.473624229431152,0.5724784135818481,-8.041269302368164,-1.4320176839828491
4741,-9.536931991577148,0.5699719190597534,-8.081798553466797,-1.4551888704299927
4742,-9.601731300354004,0.5673056244850159,-8.12292766571045,-1.4785995483398438
4743,-9.666738510131836,0.5645759701728821,-8.164406776428223,-1.5021346807479858
4744,-9.732967376708984,0.561644434928894,-8.20681381225586,-1.5262125730514526
4745,-9.799234390258789,0.5587260127067566,-8.249080657958984,-1.5502578020095825
4746,-9.866598129272461,0.5556414723396301,-8.292055130004883,-1.5745234489440918
4747,-9.935154914855957,0.5523448586463928,-8.335970878601074,-1.5992811918258667
4748,-10.003952026367188,0.5490496754646301,-8.379717826843262,-1.6240417957305908
4749,-10.073960304260254,0.545494019985199,-8.424674034118652,-1.6492083072662354
4750,-10.144354820251465,0.5418906211853027,-8.46970272064209,-1.6743923425674438
4751,-10.215660095214844,0.5381041169166565,-8.515467643737793,-1.7000045776367188
4752,-10.287179946899414,0.5342230200767517,-8.561600685119629,-1.7259029150009155
4753,-10.360353469848633,0.53014075756073,-8.608308792114258,-1.7519441843032837
4754,-10.433900833129883,0.5259337425231934,-8.655466079711914,-1.778249740600586
4755,-10.507827758789062,0.5215757489204407,-8.703210830688477,-1.8046934604644775
4756,-10.582420349121094,0.5170592665672302,-8.751469612121582,-1.8312326669692993
4757,-10.65820598602295,0.5123489499092102,-8.800230979919434,-1.8582758903503418
4758,-10.734642028808594,0.5074933171272278,-8.849356651306152,-1.8853589296340942
4759,-10.811777114868164,0.5024424195289612,-8.899083137512207,-1.9125304222106934
4760,-10.889152526855469,0.4972623288631439,-8.949095726013184,-1.9400373697280884
4761,-10.967398643493652,0.4918525815010071,-8.99975872039795,-1.967626690864563
4762,-11.046278953552246,0.4862767457962036,-9.050714492797852,-1.9955086708068848
4763,-11.12565803527832,0.48048731684684753,-9.102225303649902,-2.0234763622283936
4764,-11.205869674682617,0.4745196998119354,-9.153951644897461,-2.051469326019287
4765,-11.285948753356934,0.4683568477630615,-9.206169128417969,-2.07985782623291
4766,-11.366988182067871,0.46195945143699646,-9.258769035339355,-2.107959508895874
4767,-11.448189735412598,0.45537468791007996,-9.311606407165527,-2.136464834213257
4768,-11.529884338378906,0.4485490918159485,-9.364831924438477,-2.1648523807525635
4769,-11.61166000366211,0.4415037930011749,-9.41836166381836,-2.193307876586914
4770,-11.6940279006958,0.43425002694129944,-9.471914291381836,-2.2220170497894287
4771,-11.77651596069336,0.4267427921295166,-9.52578067779541,-2.2506093978881836
4772,-11.858881950378418,0.4190264940261841,-9.579736709594727,-2.278998851776123
4773,-11.941617965698242,0.4110163152217865,-9.633917808532715,-2.307615280151367
4774,-12.023931503295898,0.4028388261795044,-9.687917709350586,-2.335897922515869
4775,-12.106392860412598,0.39438414573669434,-9.741937637329102,-2.3643534183502197
4776,-12.188475608825684,0.3856283128261566,-9.796138763427734,-2.3925931453704834
4777,-12.270496368408203,0.3766377866268158,-9.85004997253418,-2.4206652641296387
4778,-12.3519287109375,0.36741405725479126,-9.90371322631836,-2.4483635425567627
4779,-12.433255195617676,0.35787153244018555,-9.9572114944458,-2.4759583473205566
4780,-12.513602256774902,0.3481430411338806,-10.010133743286133,-2.5034544467926025
4781,-12.593305587768555,0.3380935490131378,-10.06283187866211,-2.530385971069336
4782,-12.671990394592285,0.32774996757507324,-10.115152359008789,-2.556901693344116
4783,-12.749669075012207,0.31718671321868896,-10.166698455810547,-2.583137273788452
4784,-12.826416015625,0.30637720227241516,-10.217439651489258,-2.608914613723755
4785,-12.902144432067871,0.295212984085083,-10.26759147644043,-2.63445782661438
4786,-12.9760160446167,0.28380894660949707,-10.316911697387695,-2.6591603755950928
4787,-13.04853343963623,0.27216121554374695,-10.365154266357422,-2.683170795440674
4788,-13.11913013458252,0.26022008061408997,-10.412430763244629,-2.706796407699585
4789,-13.188085556030273,0.24804222583770752,-10.45843505859375,-2.7294881343841553
4790,-13.25474739074707,0.2355499416589737,-10.503326416015625,-2.751847505569458
4791,-13.319463729858398,0.22288501262664795,-10.546628952026367,-2.7730252742767334
4792,-13.38194465637207,0.20988744497299194,-10.588603973388672,-2.793477773666382
4793,-13.441916465759277,0.19670404493808746,-10.628890037536621,-2.8128414154052734
4794,-13.499025344848633,0.18328770995140076,-10.66750717163086,-2.8315353393554688
4795,-13.553455352783203,0.1696464866399765,-10.704323768615723,-2.8490426540374756
4796,-13.604683876037598,0.1557912528514862,-10.739297866821289,-2.8655741214752197
4797,-13.653176307678223,0.14170143008232117,-10.772244453430176,-2.8810746669769287
4798,-13.698331832885742,0.12747806310653687,-10.803067207336426,-2.895315647125244
4799,-13.740324974060059,0.11301661282777786,-10.831741333007812,-2.908555746078491
4800,-13.778473854064941,0.0984487384557724,-10.858205795288086,-2.920424222946167
4801,-13.8130464553833,0.08367297053337097,-10.88242244720459,-2.930870532989502
4802,-13.84442138671875,0.06878764182329178,-10.90410041809082,-2.9403347969055176
4803,-13.871615409851074,0.05381360650062561,-10.92342472076416,-2.9483370780944824
4804,-13.8950834274292,0.038706760853528976,-10.940260887145996,-2.95499587059021
4805,-13.91444206237793,0.023544589057564735,-10.954610824584961,-2.9602389335632324
4806,-13.930112838745117,0.008225989528000355,-10.966375350952148,-2.9640514850616455
4807,-13.942039489746094,-0.006997923366725445,-10.975499153137207,-2.9666075706481934
4808,-13.949674606323242,-0.022312160581350327,-10.982118606567383,-2.9677469730377197
4809,-13.953350067138672,-0.037698984146118164,-10.986154556274414,-2.9673614501953125
4810,-13.953265190124512,-0.05299491062760353,-10.98759651184082,-2.9657976627349854
4811,-13.949105262756348,-0.06829853355884552,-10.986526489257812,-2.9628207683563232
4812,-13.941180229187012,-0.08356234431266785,-10.98294734954834,-2.958265781402588
4813,-13.92934513092041,-0.0987699031829834,-10.976910591125488,-2.9525716304779053
4814,-13.913872718811035,-0.1138748973608017,-10.968499183654785,-2.9452977180480957
4815,-13.894647598266602,-0.12894916534423828,-10.957670211791992,-2.937016487121582
4816,-13.87192440032959,-0.14386025071144104,-10.944636344909668,-2.927375078201294
4817,-13.845755577087402,-0.15871010720729828,-10.929333686828613,-2.916395664215088
4818,-13.81603717803955,-0.17339707911014557,-10.912006378173828,-2.904268264770508
4819,-13.78347110748291,-0.1878514587879181,-10.89273452758789,-2.8910021781921387
4820,-13.74815559387207,-0.2022324651479721,-10.871320724487305,-2.876603126525879
4821,-13.709737777709961,-0.2163878083229065,-10.84823989868164,-2.8611457347869873
4822,-13.66811752319336,-0.23044846951961517,-10.823358535766602,-2.8446097373962402
4823,-13.624247550964355,-0.24423407018184662,-10.796979904174805,-2.8270392417907715
4824,-13.577606201171875,-0.25785115361213684,-10.76906967163086,-2.8088393211364746
4825,-13.529078483581543,-0.2712635397911072,-10.739694595336914,-2.7895143032073975
4826,-13.478389739990234,-0.2844638526439667,-10.709031105041504,-2.769423007965088
4827,-13.425793647766113,-0.297420471906662,-10.677258491516113,-2.7484970092773438
4828,-13.371301651000977,-0.3102109432220459,-10.644264221191406,-2.726848602294922
4829,-13.315287590026855,-0.322721928358078,-10.6104154586792,-2.704777717590332
4830,-13.257698059082031,-0.335033655166626,-10.575644493103027,-2.681920289993286
4831,-13.198891639709473,-0.3471153676509857,-10.540084838867188,-2.658403158187866
4832,-13.138628959655762,-0.3589147925376892,-10.504093170166016,-2.634463310241699
4833,-13.077034950256348,-0.37056469917297363,-10.467308044433594,-2.6099700927734375
4834,-13.015213012695312,-0.38195306062698364,-10.429990768432617,-2.58492112159729
4835,-12.952217102050781,-0.3930876851081848,-10.392443656921387,-2.5597262382507324
4836,-12.888497352600098,-0.40399405360221863,-10.354623794555664,-2.5339012145996094
4837,-12.824084281921387,-0.41470012068748474,-10.31648063659668,-2.5080153942108154
4838,-12.759617805480957,-0.42515403032302856,-10.278230667114258,-2.481516122817993
4839,-12.69483470916748,-0.4353848993778229,-10.239876747131348,-2.4550583362579346
4840,-12.62956714630127,-0.44539928436279297,-10.201567649841309,-2.4283735752105713
4841,-12.564164161682129,-0.45524701476097107,-10.163098335266113,-2.401303768157959
4842,-12.498899459838867,-0.46485599875450134,-10.124815940856934,-2.374016046524048
4843,-12.433548927307129,-0.4742331802845001,-10.086828231811523,-2.3468525409698486
4844,-12.368496894836426,-0.4834280014038086,-10.048905372619629,-2.3195340633392334
4845,-12.303537368774414,-0.49240052700042725,-10.011405944824219,-2.291936159133911
4846,-12.238798141479492,-0.50119948387146,-9.97408676147461,-2.2646045684814453
4847,-12.174424171447754,-0.5097609758377075,-9.937372207641602,-2.237013339996338
4848,-12.11020565032959,-0.5181834101676941,-9.90085220336914,-2.2094686031341553
4849,-12.04671859741211,-0.5264196395874023,-9.864683151245117,-2.182084798812866
4850,-11.983675956726074,-0.5344786643981934,-9.828993797302246,-2.1545400619506836
4851,-11.921021461486816,-0.5423426032066345,-9.79395580291748,-2.1270055770874023
4852,-11.858644485473633,-0.5500632524490356,-9.759361267089844,-2.099672794342041
4853,-11.797365188598633,-0.5576138496398926,-9.725201606750488,-2.072312831878662
4854,-11.736883163452148,-0.5649375915527344,-9.691960334777832,-2.0450122356414795
4855,-11.676701545715332,-0.5721972584724426,-9.65886116027832,-2.0178654193878174
4856,-11.617059707641602,-0.5792862176895142,-9.626529693603516,-1.9907615184783936
4857,-11.558231353759766,-0.5862056612968445,-9.594921112060547,-1.9638391733169556
4858,-11.500785827636719,-0.5929966568946838,-9.563671112060547,-1.9368939399719238
4859,-11.443634986877441,-0.5996132493019104,-9.533428192138672,-1.9101917743682861
4860,-11.387014389038086,-0.6061633229255676,-9.503493309020996,-1.8835054636001587
4861,-11.330970764160156,-0.6125850677490234,-9.474262237548828,-1.857146143913269
4862,-11.276618957519531,-0.6187868118286133,-9.446054458618164,-1.8306095600128174
4863,-11.22264575958252,-0.6249553561210632,-9.418058395385742,-1.8045082092285156
4864,-11.169208526611328,-0.6310092806816101,-9.390814781188965,-1.7784658670425415
4865,-11.117042541503906,-0.636902928352356,-9.364429473876953,-1.7524887323379517
4866,-11.06554126739502,-0.6426874399185181,-9.338768005371094,-1.7268158197402954
4867,-11.014875411987305,-0.6484050750732422,-9.313520431518555,-1.7012892961502075
4868,-10.964884757995605,-0.6540210247039795,-9.289008140563965,-1.6758086681365967
4869,-10.915887832641602,-0.6594955325126648,-9.265424728393555,-1.650543451309204
4870,-10.868030548095703,-0.6648679971694946,-9.24246597290039,-1.6255033016204834
4871,-10.820612907409668,-0.6701915264129639,-9.220020294189453,-1.6005094051361084
4872,-10.774497032165527,-0.6753777861595154,-9.19843578338623,-1.5757756233215332
4873,-10.728720664978027,-0.6804842948913574,-9.177654266357422,-1.551223635673523
4874,-10.68403434753418,-0.6855406761169434,-9.15722370147705,-1.526672601699829
4875,-10.640039443969727,-0.6905151605606079,-9.137511253356934,-1.5024709701538086
4876,-10.597326278686523,-0.6953660845756531,-9.118661880493164,-1.4782657623291016
4877,-10.554827690124512,-0.7001863718032837,-9.100353240966797,-1.4543684720993042
4878,-10.513278007507324,-0.7048934698104858,-9.082978248596191,-1.43048894405365
4879,-10.473172187805176,-0.7094806432723999,-9.066412925720215,-1.4068326950073242
4880,-10.433300018310547,-0.7141176462173462,-9.049796104431152,-1.3834760189056396
4881,-10.394322395324707,-0.7186490297317505,-9.034120559692383,-1.3600196838378906
4882,-10.35628604888916,-0.7230761647224426,-9.019355773925781,-1.3368477821350098
4883,-10.319025993347168,-0.7274399995803833,-9.005254745483398,-1.3138630390167236
4884,-10.28236198425293,-0.731782078742981,-8.99157428741455,-1.290876030921936
4885,-10.246781349182129,-0.7360593676567078,-8.978468894958496,-1.268099308013916
4886,-10.211841583251953,-0.7402461171150208,-8.966330528259277,-1.245534896850586
4887,-10.177818298339844,-0.7443745136260986,-8.954802513122559,-1.223052740097046
4888,-10.144219398498535,-0.7484903931617737,-8.943707466125488,-1.2007423639297485
4889,-10.111559867858887,-0.7525507807731628,-8.933202743530273,-1.1785430908203125
4890,-10.079830169677734,-0.7565222978591919,-8.92357349395752,-1.1565073728561401
4891,-10.048992156982422,-0.7604759335517883,-8.914247512817383,-1.134655475616455
4892,-10.018543243408203,-0.7643895745277405,-8.905638694763184,-1.1126295328140259
4893,-9.98887825012207,-0.7682220339775085,-8.89791202545166,-1.091127872467041
4894,-9.96013355255127,-0.772006094455719,-8.890762329101562,-1.0695176124572754
4895,-9.931734085083008,-0.7758222818374634,-8.883736610412598,-1.0479609966278076
4896,-9.904398918151855,-0.7795554399490356,-8.877519607543945,-1.0266387462615967
4897,-9.877524375915527,-0.7832189798355103,-8.872260093688965,-1.0055832862854004
4898,-9.851776123046875,-0.7868350148200989,-8.8674955368042,-0.9844805002212524
4899,-9.826740264892578,-0.7904127240180969,-8.863325119018555,-0.9634354710578918
4900,-9.802206993103027,-0.7939897775650024,-8.859502792358398,-0.9426758289337158
4901,-9.778160095214844,-0.797568142414093,-8.856032371520996,-0.9218997359275818
4902,-9.754986763000488,-0.8010421991348267,-8.85368537902832,-0.9011831283569336
4903,-9.732278823852539,-0.8045194149017334,-8.851686477661133,-0.8805258870124817
4904,-9.710550308227539,-0.8079242706298828,-8.850479125976562,-0.860180139541626
4905,-9.689472198486328,-0.8113294839859009,-8.849570274353027,-0.8397220373153687
4906,-9.669195175170898,-0.8146365284919739,-8.849782943725586,-0.8195183277130127
4907,-9.649181365966797,-0.8180186152458191,-8.849794387817383,-0.7991847395896912
4908,-9.629931449890137,-0.8213364481925964,-8.850645065307617,-0.7790247797966003
4909,-9.61151123046875,-0.8245895504951477,-8.85230827331543,-0.7592042088508606
4910,-9.593391418457031,-0.8278546333312988,-8.854345321655273,-0.7391176223754883
4911,-9.576092720031738,-0.8310882449150085,-8.856903076171875,-0.7190659642219543
4912,-9.559436798095703,-0.8342633843421936,-8.860315322875977,-0.6995522379875183
4913,-9.543614387512207,-0.8374403119087219,-8.863945960998535,-0.6796436309814453
4914,-9.528600692749023,-0.8405562043190002,-8.868388175964355,-0.6600006818771362
4915,-9.5136137008667,-0.8437243103981018,-8.872962951660156,-0.6403726935386658
4916,-9.499570846557617,-0.8467986583709717,-8.878609657287598,-0.6207946538925171
4917,-9.486071586608887,-0.8498521447181702,-8.884834289550781,-0.6013306975364685
4918,-9.473081588745117,-0.8529156446456909,-8.891357421875,-0.5819634795188904
4919,-9.46085262298584,-0.855953574180603,-8.898399353027344,-0.5625677108764648
4920,-9.44990348815918,-0.85892254114151,-8.906119346618652,-0.5430668592453003
4921,-9.438562393188477,-0.8619260191917419,-8.91437816619873,-0.5239526629447937
4922,-9.42824935913086,-0.8648678064346313,-8.923383712768555,-0.5047034621238708
4923,-9.417923927307129,-0.8678655028343201,-8.932528495788574,-0.48546212911605835
4924,-9.40900707244873,-0.8707621097564697,-8.942607879638672,-0.46639284491539
4925,-9.400351524353027,-0.87367844581604,-8.953049659729004,-0.4471662640571594
4926,-9.392376899719238,-0.8765730857849121,-8.964035034179688,-0.4281195402145386
4927,-9.384848594665527,-0.8794239163398743,-8.975933074951172,-0.4089895188808441
4928,-9.377848625183105,-0.8823167681694031,-8.987820625305176,-0.3899611830711365
4929,-9.371928215026855,-0.8851197361946106,-9.000741004943848,-0.37094229459762573
4930,-9.366602897644043,-0.8879048228263855,-9.01423454284668,-0.3521382510662079
4931,-9.361231803894043,-0.8907197713851929,-9.028191566467285,-0.33309414982795715
4932,-9.357070922851562,-0.8934711217880249,-9.04284954071045,-0.3140181601047516
4933,-9.352853775024414,-0.8962527513504028,-9.05798053741455,-0.295179158449173
4934,-9.349842071533203,-0.8989713788032532,-9.07381820678711,-0.27633169293403625
4935,-9.347074508666992,-0.9017411470413208,-9.089741706848145,-0.25737622380256653
4936,-9.344983100891113,-0.9044637680053711,-9.106534004211426,-0.23839852213859558
4937,-9.34381103515625,-0.9071030616760254,-9.124438285827637,-0.21951505541801453
4938,-9.3428955078125,-0.9097937345504761,-9.142434120178223,-0.2006775140762329
4939,-9.342803955078125,-0.9124616980552673,-9.160965919494629,-0.18169531226158142
4940,-9.34305477142334,-0.9151214957237244,-9.18018627166748,-0.16272063553333282
4941,-9.343982696533203,-0.9177632927894592,-9.199996948242188,-0.14371995627880096
4942,-9.345507621765137,-0.9203900694847107,-9.220422744750977,-0.12491114437580109
4943,-9.347700119018555,-0.9229709506034851,-9.241765975952148,-0.10590951144695282
4944,-9.350276947021484,-0.9255715012550354,-9.26349925994873,-0.08694644272327423
4945,-9.35395336151123,-0.9281132221221924,-9.28602409362793,-0.06798028200864792
4946,-9.358261108398438,-0.9306670427322388,-9.30887222290039,-0.04891955852508545
4947,-9.362466812133789,-0.9332281947135925,-9.332601547241211,-0.029926177114248276
4948,-9.368094444274902,-0.9357202649116516,-9.357037544250488,-0.010758910328149796
4949,-9.374046325683594,-0.9382067918777466,-9.382231712341309,0.008360300213098526
4950,-9.38050651550293,-0.9407092928886414,-9.407820701599121,0.027551276609301567
4951,-9.387309074401855,-0.9432329535484314,-9.43387222290039,0.04674149304628372
4952,-9.39549446105957,-0.9456339478492737,-9.461301803588867,0.06592536717653275
4953,-9.403621673583984,-0.9481244683265686,-9.488716125488281,0.08521850407123566
4954,-9.41298770904541,-0.9504973888397217,-9.517577171325684,0.10462840646505356
4955,-9.422611236572266,-0.9529215693473816,-9.546655654907227,0.12405268847942352
4956,-9.432768821716309,-0.9553608298301697,-9.576181411743164,0.14335328340530396
4957,-9.444243431091309,-0.9576802253723145,-9.607159614562988,0.16310030221939087
4958,-9.455669403076172,-0.9600884318351746,-9.638179779052734,0.18248793482780457
4959,-9.468113899230957,-0.9624141454696655,-9.670465469360352,0.20222099125385284
4960,-9.48114013671875,-0.9647524356842041,-9.703238487243652,0.22193476557731628
4961,-9.495170593261719,-0.9670356512069702,-9.736989974975586,0.2417069524526596
4962,-9.509745597839355,-0.9693598747253418,-9.770939826965332,0.2615146338939667
4963,-9.524986267089844,-0.9716405272483826,-9.806022644042969,0.28167203068733215
4964,-9.540787696838379,-0.9738551378250122,-9.842631340026855,0.30148765444755554
4965,-9.557660102844238,-0.976064145565033,-9.87961483001709,0.32180044054985046
4966,-9.575185775756836,-0.9782836437225342,-9.917135238647461,0.34203195571899414
4967,-9.593130111694336,-0.9805213809013367,-9.95530891418457,0.3623450696468353
4968,-9.612360954284668,-0.9826661348342896,-9.994803428649902,0.38278523087501526
4969,-9.632415771484375,-0.9847615361213684,-10.035489082336426,0.403310090303421
4970,-9.652565002441406,-0.9869396090507507,-10.076351165771484,0.4241439402103424
4971,-9.673848152160645,-0.9890564680099487,-10.118328094482422,0.4447486698627472
4972,-9.695732116699219,-0.991158127784729,-10.161319732666016,0.4656737744808197
4973,-9.718642234802246,-0.9932019710540771,-10.205514907836914,0.4866744875907898
4974,-9.742830276489258,-0.9951778054237366,-10.250832557678223,0.5080536603927612
4975,-9.76700496673584,-0.9972149133682251,-10.296820640563965,0.5292436480522156
4976,-9.792600631713867,-0.9992032051086426,-10.343585014343262,0.5508597493171692
4977,-9.819296836853027,-1.0011303424835205,-10.391624450683594,0.5722811818122864
4978,-9.84657096862793,-1.0030674934387207,-10.440507888793945,0.5941333174705505
4979,-9.87440299987793,-1.0050164461135864,-10.490267753601074,0.6160345673561096
4980,-9.903871536254883,-1.0068292617797852,-10.541855812072754,0.6380434036254883
4981,-9.933857917785645,-1.008679986000061,-10.5940523147583,0.6604766845703125
4982,-9.96490478515625,-1.0104695558547974,-10.647706031799316,0.6827352643013
4983,-9.997047424316406,-1.0122205018997192,-10.702482223510742,0.7054657340049744
4984,-10.029879570007324,-1.013976812362671,-10.758240699768066,0.7282540202140808
4985,-10.063937187194824,-1.0156883001327515,-10.815136909484863,0.7512454390525818
4986,-10.099326133728027,-1.0172990560531616,-10.87386417388916,0.774613618850708
4987,-10.134953498840332,-1.0189844369888306,-10.93320083618164,0.7978781461715698
4988,-10.172409057617188,-1.020546317100525,-10.994216918945312,0.8214460611343384
4989,-10.210780143737793,-1.0220749378204346,-11.056678771972656,0.8454641103744507
4990,-10.25040340423584,-1.0235806703567505,-11.12010669708252,0.8694769740104675
4991,-10.29141616821289,-1.0249804258346558,-11.185571670532227,0.8938642144203186
4992,-10.333138465881348,-1.0264298915863037,-11.251631736755371,0.918681263923645
4993,-10.376449584960938,-1.0277639627456665,-11.31973648071289,0.9433738589286804
4994,-10.420949935913086,-1.029049277305603,-11.389394760131836,0.9686397314071655
4995,-10.466516494750977,-1.0303162336349487,-11.46037483215332,0.9938918352127075
4996,-10.5136137008667,-1.0314912796020508,-11.533230781555176,1.0196969509124756
4997,-10.561982154846191,-1.0326123237609863,-11.607784271240234,1.0456417798995972
4998,-10.61193561553955,-1.0336618423461914,-11.68392562866211,1.072062611579895
4999,-10.66312026977539,-1.0346567630767822,-11.761933326721191,1.098565697669983
