time,sensor_fx,sensor_fy,sensor_fz,sensor_force_magnitude
0,0.0,0.0,0.0,0.0
1,0.0,0.0,0.0,0.0
2,0.0,0.0,0.0,0.0
3,0.0,0.0,0.0,0.0
4,0.0,0.0,0.0,0.0
5,0.0,0.0,0.0,0.0
6,0.0,0.0,0.0,0.0
7,0.0,0.0,0.0,0.0
8,0.0,0.0,0.0,0.0
9,0.0,0.0,0.0,0.0
10,0.0,0.0,0.0,0.0
11,0.0,0.0,0.0,0.0
12,0.0,0.0,0.0,0.0
13,0.0,0.0,0.0,0.0
14,0.0,0.0,0.0,0.0
15,0.0,0.0,0.0,0.0
16,0.0,0.0,0.0,0.0
17,0.0,0.0,0.0,0.0
18,0.0,0.0,0.0,0.0
19,0.0,0.0,0.0,0.0
20,0.0,0.0,0.0,0.0
21,0.0,0.0,0.0,0.0
22,0.0,0.0,0.0,0.0
23,0.0,0.0,0.0,0.0
24,0.0,0.0,0.0,0.0
25,0.0,0.0,0.0,0.0
26,0.0,0.0,0.0,0.0
27,0.0,0.0,0.0,0.0
28,0.0,0.0,0.0,0.0
29,0.0,0.0,0.0,0.0
30,0.0,0.0,0.0,0.0
31,0.0,0.0,0.0,0.0
32,0.0,0.0,0.0,0.0
33,0.0,0.0,0.0,0.0
34,0.0,0.0,0.0,0.0
35,0.0,0.0,0.0,0.0
36,0.0,0.0,0.0,0.0
37,0.0,0.0,0.0,0.0
38,0.0,0.0,0.0,0.0
39,0.0,0.0,0.0,0.0
40,0.0,0.0,0.0,0.0
41,0.0,0.0,0.0,0.0
42,0.0,0.0,0.0,0.0
43,0.0,0.0,0.0,0.0
44,0.0,0.0,0.0,0.0
45,0.0,0.0,0.0,0.0
46,0.0,0.0,0.0,0.0
47,0.0,0.0,0.0,0.0
48,0.0,0.0,0.0,0.0
49,0.0,0.0,0.0,0.0
50,0.0,0.0,0.0,0.0
51,0.0,0.0,0.0,0.0
52,0.0,0.0,0.0,0.0
53,0.0,0.0,0.0,0.0
54,0.0,0.0,0.0,0.0
55,0.0,0.0,0.0,0.0
56,0.0,0.0,0.0,0.0
57,0.0,0.0,0.0,0.0
58,0.0,0.0,0.0,0.0
59,0.0,0.0,0.0,0.0
60,0.0,0.0,0.0,0.0
61,0.0,0.0,0.0,0.0
62,0.0,0.0,0.0,0.0
63,0.0,0.0,0.0,0.0
64,0.0,0.0,0.0,0.0
65,0.0,0.0,0.0,0.0
66,0.0,0.0,0.0,0.0
67,0.0,0.0,0.0,0.0
68,0.0,0.0,0.0,0.0
69,0.0,0.0,0.0,0.0
70,0.0,0.0,0.0,0.0
71,0.0,0.0,0.0,0.0
72,0.0,0.0,0.0,0.0
73,0.0,0.0,0.0,0.0
74,0.0,0.0,0.0,0.0
75,0.0,0.0,0.0,0.0
76,0.0,0.0,0.0,0.0
77,0.0,0.0,0.0,0.0
78,0.0,0.0,0.0,0.0
79,0.0,0.0,0.0,0.0
80,0.0,0.0,0.0,0.0
81,0.0,0.0,0.0,0.0
82,0.0,0.0,0.0,0.0
83,0.0,0.0,0.0,0.0
84,0.0,0.0,0.0,0.0
85,0.0,0.0,0.0,0.0
86,0.0,0.0,0.0,0.0
87,0.0,0.0,0.0,0.0
88,0.0,0.0,0.0,0.0
89,0.0,0.0,0.0,0.0
90,0.0,0.0,0.0,0.0
91,0.0,0.0,0.0,0.0
92,0.0,0.0,0.0,0.0
93,0.0,0.0,0.0,0.0
94,0.0,0.0,0.0,0.0
95,0.0,0.0,0.0,0.0
96,0.0,0.0,0.0,0.0
97,0.0,0.0,0.0,0.0
98,0.0,0.0,0.0,0.0
99,0.0,0.0,0.0,0.0
100,0.0,0.0,0.0,0.0
101,0.0,0.0,0.0,0.0
102,0.0,0.0,0.0,0.0
103,0.0,0.0,0.0,0.0
104,0.0,0.0,0.0,0.0
105,0.0,0.0,0.0,0.0
106,0.0,0.0,0.0,0.0
107,0.0,0.0,0.0,0.0
108,0.0,0.0,0.0,0.0
109,0.0,0.0,0.0,0.0
110,0.0,0.0,0.0,0.0
111,0.0,0.0,0.0,0.0
112,0.0,0.0,0.0,0.0
113,0.0,0.0,0.0,0.0
114,0.0,0.0,0.0,0.0
115,0.0,0.0,0.0,0.0
116,0.0,0.0,0.0,0.0
117,0.0,0.0,0.0,0.0
118,0.0,0.0,0.0,0.0
119,0.0,0.0,0.0,0.0
120,0.0,0.0,0.0,0.0
121,0.0,0.0,0.0,0.0
122,0.0,0.0,0.0,0.0
123,0.0,0.0,0.0,0.0
124,0.0,0.0,0.0,0.0
125,0.0,0.0,0.0,0.0
126,0.0,0.0,0.0,0.0
127,0.0,0.0,0.0,0.0
128,0.0,0.0,0.0,0.0
129,0.0,0.0,0.0,0.0
130,0.0,0.0,0.0,0.0
131,0.0,0.0,0.0,0.0
132,0.0,0.0,0.0,0.0
133,0.0,0.0,0.0,0.0
134,0.0,0.0,0.0,0.0
135,0.0,0.0,0.0,0.0
136,0.0,0.0,0.0,0.0
137,0.0,0.0,0.0,0.0
138,0.0,0.0,0.0,0.0
139,0.0,0.0,0.0,0.0
140,0.0,0.0,0.0,0.0
141,0.0,0.0,0.0,0.0
142,0.0,0.0,0.0,0.0
143,0.0,0.0,0.0,0.0
144,0.0,0.0,0.0,0.0
145,0.0,0.0,0.0,0.0
146,0.0,0.0,0.0,0.0
147,0.0,0.0,0.0,0.0
148,0.0,0.0,0.0,0.0
149,0.0,0.0,0.0,0.0
150,0.0,0.0,0.0,0.0
151,0.0,0.0,0.0,0.0
152,0.0,0.0,0.0,0.0
153,0.0,0.0,0.0,0.0
154,0.0,0.0,0.0,0.0
155,0.0,0.0,0.0,0.0
156,0.0,0.0,0.0,0.0
157,0.0,0.0,0.0,0.0
158,0.0,0.0,0.0,0.0
159,0.0,0.0,0.0,0.0
160,0.0,0.0,0.0,0.0
161,0.0,0.0,0.0,0.0
162,0.0,0.0,0.0,0.0
163,0.0,0.0,0.0,0.0
164,0.0,0.0,0.0,0.0
165,0.0,0.0,0.0,0.0
166,0.0,0.0,0.0,0.0
167,0.0,0.0,0.0,0.0
168,0.0,0.0,0.0,0.0
169,0.0,0.0,0.0,0.0
170,0.0,0.0,0.0,0.0
171,0.0,0.0,0.0,0.0
172,0.0,0.0,0.0,0.0
173,0.0,0.0,0.0,0.0
174,0.0,0.0,0.0,0.0
175,0.0,0.0,0.0,0.0
176,0.0,0.0,0.0,0.0
177,0.0,0.0,0.0,0.0
178,0.0,0.0,0.0,0.0
179,0.0,0.0,0.0,0.0
180,0.0,0.0,0.0,0.0
181,0.0,0.0,0.0,0.0
182,0.0,0.0,0.0,0.0
183,0.0,0.0,0.0,0.0
184,0.0,0.0,0.0,0.0
185,0.0,0.0,0.0,0.0
186,0.0,0.0,0.0,0.0
187,0.0,0.0,0.0,0.0
188,0.0,0.0,0.0,0.0
189,0.0,0.0,0.0,0.0
190,0.0,0.0,0.0,0.0
191,0.0,0.0,0.0,0.0
192,0.0,0.0,0.0,0.0
193,0.0,0.0,0.0,0.0
194,0.0,0.0,0.0,0.0
195,0.0,0.0,0.0,0.0
196,0.0,0.0,0.0,0.0
197,0.0,0.0,0.0,0.0
198,0.0,0.0,0.0,0.0
199,0.0,0.0,0.0,0.0
200,0.0,0.0,0.0,0.0
201,0.0,0.0,0.0,0.0
202,0.0,0.0,0.0,0.0
203,0.0,0.0,0.0,0.0
204,0.0,0.0,0.0,0.0
205,0.0,0.0,0.0,0.0
206,0.0,0.0,0.0,0.0
207,0.0,0.0,0.0,0.0
208,0.0,0.0,0.0,0.0
209,0.0,0.0,0.0,0.0
210,0.0,0.0,0.0,0.0
211,0.0,0.0,0.0,0.0
212,0.0,0.0,0.0,0.0
213,0.0,0.0,0.0,0.0
214,0.0,0.0,0.0,0.0
215,0.0,0.0,0.0,0.0
216,0.0,0.0,0.0,0.0
217,0.0,0.0,0.0,0.0
218,0.0,0.0,0.0,0.0
219,0.0,0.0,0.0,0.0
220,0.0,0.0,0.0,0.0
221,0.0,0.0,0.0,0.0
222,0.0,0.0,0.0,0.0
223,0.0,0.0,0.0,0.0
224,0.0,0.0,0.0,0.0
225,0.0,0.0,0.0,0.0
226,0.0,0.0,0.0,0.0
227,0.0,0.0,0.0,0.0
228,0.0,0.0,0.0,0.0
229,0.0,0.0,0.0,0.0
230,0.0,0.0,0.0,0.0
231,0.0,0.0,0.0,0.0
232,0.0,0.0,0.0,0.0
233,0.0,0.0,0.0,0.0
234,0.0,0.0,0.0,0.0
235,0.0,0.0,0.0,0.0
236,0.0,0.0,0.0,0.0
237,0.0,0.0,0.0,0.0
238,0.0,0.0,0.0,0.0
239,0.0,0.0,0.0,0.0
240,0.0,0.0,0.0,0.0
241,0.0,0.0,0.0,0.0
242,0.0,0.0,0.0,0.0
243,0.0,0.0,0.0,0.0
244,0.0,0.0,0.0,0.0
245,0.0,0.0,0.0,0.0
246,0.0,0.0,0.0,0.0
247,0.0,0.0,0.0,0.0
248,0.0,0.0,0.0,0.0
249,0.0,0.0,0.0,0.0
250,0.0,0.0,0.0,0.0
251,0.0,0.0,0.0,0.0
252,0.0,0.0,0.0,0.0
253,0.0,0.0,0.0,0.0
254,0.0,0.0,0.0,0.0
255,0.0,0.0,0.0,0.0
256,0.0,0.0,0.0,0.0
257,0.0,0.0,0.0,0.0
258,0.0,0.0,0.0,0.0
259,0.0,0.0,0.0,0.0
260,0.0,0.0,0.0,0.0
261,0.0,0.0,0.0,0.0
262,0.0,0.0,0.0,0.0
263,0.0,0.0,0.0,0.0
264,0.0,0.0,0.0,0.0
265,0.0,0.0,0.0,0.0
266,0.0,0.0,0.0,0.0
267,0.0,0.0,0.0,0.0
268,0.0,0.0,0.0,0.0
269,0.0,0.0,0.0,0.0
270,0.0,0.0,0.0,0.0
271,0.0,0.0,0.0,0.0
272,0.0,0.0,0.0,0.0
273,0.0,0.0,0.0,0.0
274,0.0,0.0,0.0,0.0
275,0.0,0.0,0.0,0.0
276,0.0,0.0,0.0,0.0
277,0.0,0.0,0.0,0.0
278,0.0,0.0,0.0,0.0
279,0.0,0.0,0.0,0.0
280,0.0,0.0,0.0,0.0
281,0.0,0.0,0.0,0.0
282,0.0,0.0,0.0,0.0
283,0.0,0.0,0.0,0.0
284,0.0,0.0,0.0,0.0
285,0.0,0.0,0.0,0.0
286,0.0,0.0,0.0,0.0
287,0.0,0.0,0.0,0.0
288,0.0,0.0,0.0,0.0
289,0.0,0.0,0.0,0.0
290,0.0,0.0,0.0,0.0
291,0.0,0.0,0.0,0.0
292,0.0,0.0,0.0,0.0
293,0.0,0.0,0.0,0.0
294,0.0,0.0,0.0,0.0
295,0.0,0.0,0.0,0.0
296,0.0,0.0,0.0,0.0
297,0.0,0.0,0.0,0.0
298,0.0,0.0,0.0,0.0
299,0.0,0.0,0.0,0.0
300,0.0,0.0,0.0,0.0
301,0.0,0.0,0.0,0.0
302,0.0,0.0,0.0,0.0
303,0.0,0.0,0.0,0.0
304,0.0,0.0,0.0,0.0
305,0.0,0.0,0.0,0.0
306,0.0,0.0,0.0,0.0
307,0.0,0.0,0.0,0.0
308,0.0,0.0,0.0,0.0
309,0.0,0.0,0.0,0.0
310,0.0,0.0,0.0,0.0
311,0.0,0.0,0.0,0.0
312,0.0,0.0,0.0,0.0
313,0.0,0.0,0.0,0.0
314,0.0,0.0,0.0,0.0
315,0.0,0.0,0.0,0.0
316,0.0,0.0,0.0,0.0
317,0.0,0.0,0.0,0.0
318,0.0,0.0,0.0,0.0
319,0.0,0.0,0.0,0.0
320,0.0,0.0,0.0,0.0
321,0.0,0.0,0.0,0.0
322,0.0,0.0,0.0,0.0
323,0.0,0.0,0.0,0.0
324,0.0,0.0,0.0,0.0
325,0.0,0.0,0.0,0.0
326,0.0,0.0,0.0,0.0
327,0.0,0.0,0.0,0.0
328,0.0,0.0,0.0,0.0
329,0.0,0.0,0.0,0.0
330,0.0,0.0,0.0,0.0
331,0.0,0.0,0.0,0.0
332,0.0,0.0,0.0,0.0
333,0.0,0.0,0.0,0.0
334,0.0,0.0,0.0,0.0
335,0.0,0.0,0.0,0.0
336,0.0,0.0,0.0,0.0
337,0.0,0.0,0.0,0.0
338,0.0,0.0,0.0,0.0
339,0.0,0.0,0.0,0.0
340,0.0,0.0,0.0,0.0
341,0.0,0.0,0.0,0.0
342,0.0,0.0,0.0,0.0
343,0.0,0.0,0.0,0.0
344,0.0,0.0,0.0,0.0
345,0.0,0.0,0.0,0.0
346,0.0,0.0,0.0,0.0
347,0.0,0.0,0.0,0.0
348,0.0,0.0,0.0,0.0
349,0.0,0.0,0.0,0.0
350,0.0,0.0,0.0,0.0
351,0.0,0.0,0.0,0.0
352,0.0,0.0,0.0,0.0
353,0.0,0.0,0.0,0.0
354,0.0,0.0,0.0,0.0
355,0.0,0.0,0.0,0.0
356,0.0,0.0,0.0,0.0
357,0.0,0.0,0.0,0.0
358,0.0,0.0,0.0,0.0
359,0.0,0.0,0.0,0.0
360,0.0,0.0,0.0,0.0
361,0.0,0.0,0.0,0.0
362,0.0,0.0,0.0,0.0
363,0.0,0.0,0.0,0.0
364,0.0,0.0,0.0,0.0
365,0.0,0.0,0.0,0.0
366,0.0,0.0,0.0,0.0
367,0.0,0.0,0.0,0.0
368,0.0,0.0,0.0,0.0
369,0.0,0.0,0.0,0.0
370,0.0,0.0,0.0,0.0
371,0.0,0.0,0.0,0.0
372,0.0,0.0,0.0,0.0
373,0.0,0.0,0.0,0.0
374,0.0,0.0,0.0,0.0
375,0.0,0.0,0.0,0.0
376,0.0,0.0,0.0,0.0
377,0.0,0.0,0.0,0.0
378,0.0,0.0,0.0,0.0
379,0.0,0.0,0.0,0.0
380,0.0,0.0,0.0,0.0
381,0.0,0.0,0.0,0.0
382,0.0,0.0,0.0,0.0
383,0.0,0.0,0.0,0.0
384,0.0,0.0,0.0,0.0
385,0.0,0.0,0.0,0.0
386,0.0,0.0,0.0,0.0
387,0.0,0.0,0.0,0.0
388,0.0,0.0,0.0,0.0
389,0.0,0.0,0.0,0.0
390,0.0,0.0,0.0,0.0
391,0.0,0.0,0.0,0.0
392,0.0,0.0,0.0,0.0
393,0.0,0.0,0.0,0.0
394,0.0,0.0,0.0,0.0
395,0.0,0.0,0.0,0.0
396,0.0,0.0,0.0,0.0
397,0.0,0.0,0.0,0.0
398,0.0,0.0,0.0,0.0
399,0.0,0.0,0.0,0.0
400,0.0,0.0,0.0,0.0
401,0.0,0.0,0.0,0.0
402,0.0,0.0,0.0,0.0
403,0.0,0.0,0.0,0.0
404,0.0,0.0,0.0,0.0
405,0.0,0.0,0.0,0.0
406,0.0,0.0,0.0,0.0
407,0.0,0.0,0.0,0.0
408,0.0,0.0,0.0,0.0
409,0.0,0.0,0.0,0.0
410,0.0,0.0,0.0,0.0
411,0.0,0.0,0.0,0.0
412,0.0,0.0,0.0,0.0
413,0.0,0.0,0.0,0.0
414,0.0,0.0,0.0,0.0
415,0.0,0.0,0.0,0.0
416,0.0,0.0,0.0,0.0
417,0.0,0.0,0.0,0.0
418,0.0,0.0,0.0,0.0
419,0.0,0.0,0.0,0.0
420,0.0,0.0,0.0,0.0
421,0.0,0.0,0.0,0.0
422,0.0,0.0,0.0,0.0
423,0.0,0.0,0.0,0.0
424,0.0,0.0,0.0,0.0
425,0.0,0.0,0.0,0.0
426,0.0,0.0,0.0,0.0
427,0.0,0.0,0.0,0.0
428,0.0,0.0,0.0,0.0
429,0.0,0.0,0.0,0.0
430,0.0,0.0,0.0,0.0
431,0.0,0.0,0.0,0.0
432,0.0,0.0,0.0,0.0
433,0.0,0.0,0.0,0.0
434,0.0,0.0,0.0,0.0
435,0.0,0.0,0.0,0.0
436,0.0,0.0,0.0,0.0
437,0.0,0.0,0.0,0.0
438,0.0,0.0,0.0,0.0
439,0.0,0.0,0.0,0.0
440,0.0,0.0,0.0,0.0
441,0.0,0.0,0.0,0.0
442,0.0,0.0,0.0,0.0
443,0.0,0.0,0.0,0.0
444,0.0,0.0,0.0,0.0
445,0.0,0.0,0.0,0.0
446,0.0,0.0,0.0,0.0
447,0.0,0.0,0.0,0.0
448,0.0,0.0,0.0,0.0
449,0.0,0.0,0.0,0.0
450,0.0,0.0,0.0,0.0
451,0.0,0.0,0.0,0.0
452,0.0,0.0,0.0,0.0
453,0.0,0.0,0.0,0.0
454,0.0,0.0,0.0,0.0
455,0.0,0.0,0.0,0.0
456,0.0,0.0,0.0,0.0
457,0.0,0.0,0.0,0.0
458,0.0,0.0,0.0,0.0
459,0.0,0.0,0.0,0.0
460,0.0,0.0,0.0,0.0
461,0.0,0.0,0.0,0.0
462,0.0,0.0,0.0,0.0
463,0.0,0.0,0.0,0.0
464,0.0,0.0,0.0,0.0
465,0.0,0.0,0.0,0.0
466,0.0,0.0,0.0,0.0
467,0.0,0.0,0.0,0.0
468,0.0,0.0,0.0,0.0
469,0.0,0.0,0.0,0.0
470,0.0,0.0,0.0,0.0
471,0.0,0.0,0.0,0.0
472,0.0,0.0,0.0,0.0
473,0.0,0.0,0.0,0.0
474,0.0,0.0,0.0,0.0
475,0.0,0.0,0.0,0.0
476,0.0,0.0,0.0,0.0
477,0.0,0.0,0.0,0.0
478,0.0,0.0,0.0,0.0
479,0.0,0.0,0.0,0.0
480,0.0,0.0,0.0,0.0
481,0.0,0.0,0.0,0.0
482,0.0,0.0,0.0,0.0
483,0.0,0.0,0.0,0.0
484,0.0,0.0,0.0,0.0
485,0.0,0.0,0.0,0.0
486,0.0,0.0,0.0,0.0
487,0.0,0.0,0.0,0.0
488,0.0,0.0,0.0,0.0
489,0.0,0.0,0.0,0.0
490,0.0,0.0,0.0,0.0
491,0.0,0.0,0.0,0.0
492,0.0,0.0,0.0,0.0
493,0.0,0.0,0.0,0.0
494,0.0,0.0,0.0,0.0
495,0.0,0.0,0.0,0.0
496,0.0,0.0,0.0,0.0
497,0.0,0.0,0.0,0.0
498,0.0,0.0,0.0,0.0
499,0.0,0.0,0.0,0.0
500,0.0,0.0,0.0,0.0
501,0.0,0.0,0.0,0.0
502,0.0,0.0,0.0,0.0
503,0.0,0.0,0.0,0.0
504,0.0,0.0,0.0,0.0
505,0.0,0.0,0.0,0.0
506,0.0,0.0,0.0,0.0
507,0.0,0.0,0.0,0.0
508,0.0,0.0,0.0,0.0
509,0.0,0.0,0.0,0.0
510,0.0,0.0,0.0,0.0
511,0.0,0.0,0.0,0.0
512,0.0,0.0,0.0,0.0
513,0.0,0.0,0.0,0.0
514,0.0,0.0,0.0,0.0
515,0.0,0.0,0.0,0.0
516,0.0,0.0,0.0,0.0
517,0.0,0.0,0.0,0.0
518,0.0,0.0,0.0,0.0
519,0.0,0.0,0.0,0.0
520,0.0,0.0,0.0,0.0
521,0.0,0.0,0.0,0.0
522,0.0,0.0,0.0,0.0
523,0.0,0.0,0.0,0.0
524,0.0,0.0,0.0,0.0
525,0.0,0.0,0.0,0.0
526,0.0,0.0,0.0,0.0
527,0.0,0.0,0.0,0.0
528,0.0,0.0,0.0,0.0
529,0.0,0.0,0.0,0.0
530,0.0,0.0,0.0,0.0
531,0.0,0.0,0.0,0.0
532,0.0,0.0,0.0,0.0
533,0.0,0.0,0.0,0.0
534,0.0,0.0,0.0,0.0
535,0.0,0.0,0.0,0.0
536,0.0,0.0,0.0,0.0
537,0.0,0.0,0.0,0.0
538,0.0,0.0,0.0,0.0
539,0.0,0.0,0.0,0.0
540,0.0,0.0,0.0,0.0
541,0.0,0.0,0.0,0.0
542,0.0,0.0,0.0,0.0
543,0.0,0.0,0.0,0.0
544,0.0,0.0,0.0,0.0
545,0.0,0.0,0.0,0.0
546,0.0,0.0,0.0,0.0
547,0.0,0.0,0.0,0.0
548,0.0,0.0,0.0,0.0
549,0.0,0.0,0.0,0.0
550,0.0,0.0,0.0,0.0
551,0.0,0.0,0.0,0.0
552,0.0,0.0,0.0,0.0
553,0.0,0.0,0.0,0.0
554,0.0,0.0,0.0,0.0
555,0.0,0.0,0.0,0.0
556,0.0,0.0,0.0,0.0
557,0.0,0.0,0.0,0.0
558,0.0,0.0,0.0,0.0
559,0.0,0.0,0.0,0.0
560,0.0,0.0,0.0,0.0
561,0.0,0.0,0.0,0.0
562,0.0,0.0,0.0,0.0
563,0.0,0.0,0.0,0.0
564,0.0,0.0,0.0,0.0
565,0.0,0.0,0.0,0.0
566,0.0,0.0,0.0,0.0
567,0.0,0.0,0.0,0.0
568,0.0,0.0,0.0,0.0
569,0.0,0.0,0.0,0.0
570,0.0,0.0,0.0,0.0
571,0.0,0.0,0.0,0.0
572,0.0,0.0,0.0,0.0
573,0.0,0.0,0.0,0.0
574,0.0,0.0,0.0,0.0
575,0.0,0.0,0.0,0.0
576,0.0,0.0,0.0,0.0
577,0.0,0.0,0.0,0.0
578,0.0,0.0,0.0,0.0
579,0.0,0.0,0.0,0.0
580,0.0,0.0,0.0,0.0
581,0.0,0.0,0.0,0.0
582,0.0,0.0,0.0,0.0
583,0.0,0.0,0.0,0.0
584,0.0,0.0,0.0,0.0
585,0.0,0.0,0.0,0.0
586,0.0,0.0,0.0,0.0
587,0.0,0.0,0.0,0.0
588,0.0,0.0,0.0,0.0
589,0.0,0.0,0.0,0.0
590,0.0,0.0,0.0,0.0
591,0.0,0.0,0.0,0.0
592,0.0,0.0,0.0,0.0
593,0.0,0.0,0.0,0.0
594,0.0,0.0,0.0,0.0
595,0.0,0.0,0.0,0.0
596,0.0,0.0,0.0,0.0
597,0.0,0.0,0.0,0.0
598,0.0,0.0,0.0,0.0
599,0.0,0.0,0.0,0.0
600,0.0,0.0,0.0,0.0
601,0.0,0.0,0.0,0.0
602,0.0,0.0,0.0,0.0
603,0.0,0.0,0.0,0.0
604,0.0,0.0,0.0,0.0
605,0.0,0.0,0.0,0.0
606,0.0,0.0,0.0,0.0
607,0.0,0.0,0.0,0.0
608,0.0,0.0,0.0,0.0
609,0.0,0.0,0.0,0.0
610,0.0,0.0,0.0,0.0
611,0.0,0.0,0.0,0.0
612,0.0,0.0,0.0,0.0
613,0.0,0.0,0.0,0.0
614,0.0,0.0,0.0,0.0
615,0.0,0.0,0.0,0.0
616,0.0,0.0,0.0,0.0
617,0.0,0.0,0.0,0.0
618,0.0,0.0,0.0,0.0
619,0.0,0.0,0.0,0.0
620,0.0,0.0,0.0,0.0
621,0.0,0.0,0.0,0.0
622,0.0,0.0,0.0,0.0
623,0.0,0.0,0.0,0.0
624,0.0,0.0,0.0,0.0
625,0.0,0.0,0.0,0.0
626,0.0,0.0,0.0,0.0
627,0.0,0.0,0.0,0.0
628,0.0,0.0,0.0,0.0
629,0.0,0.0,0.0,0.0
630,0.0,0.0,0.0,0.0
631,0.0,0.0,0.0,0.0
632,0.0,0.0,0.0,0.0
633,0.0,0.0,0.0,0.0
634,0.0,0.0,0.0,0.0
635,0.0,0.0,0.0,0.0
636,0.0,0.0,0.0,0.0
637,0.0,0.0,0.0,0.0
638,0.0,0.0,0.0,0.0
639,0.0,0.0,0.0,0.0
640,0.0,0.0,0.0,0.0
641,0.0,0.0,0.0,0.0
642,0.0,0.0,0.0,0.0
643,0.0,0.0,0.0,0.0
644,0.0,0.0,0.0,0.0
645,0.0,0.0,0.0,0.0
646,0.0,0.0,0.0,0.0
647,0.0,0.0,0.0,0.0
648,0.0,0.0,0.0,0.0
649,0.0,0.0,0.0,0.0
650,0.0,0.0,0.0,0.0
651,0.0,0.0,0.0,0.0
652,0.0,0.0,0.0,0.0
653,0.0,0.0,0.0,0.0
654,0.0,0.0,0.0,0.0
655,0.0,0.0,0.0,0.0
656,0.0,0.0,0.0,0.0
657,0.0,0.0,0.0,0.0
658,0.0,0.0,0.0,0.0
659,0.0,0.0,0.0,0.0
660,0.0,0.0,0.0,0.0
661,0.0,0.0,0.0,0.0
662,0.0,0.0,0.0,0.0
663,0.0,0.0,0.0,0.0
664,0.0,0.0,0.0,0.0
665,0.0,0.0,0.0,0.0
666,0.0,0.0,0.0,0.0
667,0.0,0.0,0.0,0.0
668,0.0,0.0,0.0,0.0
669,0.0,0.0,0.0,0.0
670,0.0,0.0,0.0,0.0
671,0.0,0.0,0.0,0.0
672,0.0,0.0,0.0,0.0
673,0.0,0.0,0.0,0.0
674,0.0,0.0,0.0,0.0
675,0.0,0.0,0.0,0.0
676,0.0,0.0,0.0,0.0
677,0.0,0.0,0.0,0.0
678,0.0,0.0,0.0,0.0
679,0.0,0.0,0.0,0.0
680,0.0,0.0,0.0,0.0
681,0.0,0.0,0.0,0.0
682,0.0,0.0,0.0,0.0
683,0.0,0.0,0.0,0.0
684,0.0,0.0,0.0,0.0
685,0.0,0.0,0.0,0.0
686,0.0,0.0,0.0,0.0
687,0.0,0.0,0.0,0.0
688,0.0,0.0,0.0,0.0
689,0.0,0.0,0.0,0.0
690,0.0,0.0,0.0,0.0
691,0.0,0.0,0.0,0.0
692,0.0,0.0,0.0,0.0
693,0.0,0.0,0.0,0.0
694,0.0,0.0,0.0,0.0
695,0.0,0.0,0.0,0.0
696,0.0,0.0,0.0,0.0
697,0.0,0.0,0.0,0.0
698,0.0,0.0,0.0,0.0
699,0.0,0.0,0.0,0.0
700,0.0,0.0,0.0,0.0
701,0.0,0.0,0.0,0.0
702,0.0,0.0,0.0,0.0
703,0.0,0.0,0.0,0.0
704,0.0,0.0,0.0,0.0
705,0.0,0.0,0.0,0.0
706,0.0,0.0,0.0,0.0
707,0.0,0.0,0.0,0.0
708,0.0,0.0,0.0,0.0
709,0.0,0.0,0.0,0.0
710,0.0,0.0,0.0,0.0
711,0.0,0.0,0.0,0.0
712,0.0,0.0,0.0,0.0
713,0.0,0.0,0.0,0.0
714,0.0,0.0,0.0,0.0
715,0.0,0.0,0.0,0.0
716,0.0,0.0,0.0,0.0
717,0.0,0.0,0.0,0.0
718,0.0,0.0,0.0,0.0
719,0.0,0.0,0.0,0.0
720,0.0,0.0,0.0,0.0
721,0.0,0.0,0.0,0.0
722,0.0,0.0,0.0,0.0
723,0.0,0.0,0.0,0.0
724,0.0,0.0,0.0,0.0
725,0.0,0.0,0.0,0.0
726,0.0,0.0,0.0,0.0
727,0.0,0.0,0.0,0.0
728,0.0,0.0,0.0,0.0
729,0.0,0.0,0.0,0.0
730,0.0,0.0,0.0,0.0
731,0.0,0.0,0.0,0.0
732,0.0,0.0,0.0,0.0
733,0.0,0.0,0.0,0.0
734,0.0,0.0,0.0,0.0
735,0.0,0.0,0.0,0.0
736,0.0,0.0,0.0,0.0
737,0.0,0.0,0.0,0.0
738,0.0,0.0,0.0,0.0
739,0.0,0.0,0.0,0.0
740,0.0,0.0,0.0,0.0
741,0.0,0.0,0.0,0.0
742,0.0,0.0,0.0,0.0
743,0.0,0.0,0.0,0.0
744,0.0,0.0,0.0,0.0
745,0.0,0.0,0.0,0.0
746,0.0,0.0,0.0,0.0
747,0.0,0.0,0.0,0.0
748,0.0,0.0,0.0,0.0
749,0.0,0.0,0.0,0.0
750,0.0,0.0,0.0,0.0
751,0.0,0.0,0.0,0.0
752,0.0,0.0,0.0,0.0
753,0.0,0.0,0.0,0.0
754,0.0,0.0,0.0,0.0
755,0.0,0.0,0.0,0.0
756,0.0,0.0,0.0,0.0
757,0.0,0.0,0.0,0.0
758,0.0,0.0,0.0,0.0
759,0.0,0.0,0.0,0.0
760,0.0,0.0,0.0,0.0
761,0.0,0.0,0.0,0.0
762,0.0,0.0,0.0,0.0
763,0.0,0.0,0.0,0.0
764,0.0,0.0,0.0,0.0
765,0.0,0.0,0.0,0.0
766,0.0,0.0,0.0,0.0
767,0.0,0.0,0.0,0.0
768,0.0,0.0,0.0,0.0
769,0.0,0.0,0.0,0.0
770,0.0,0.0,0.0,0.0
771,0.0,0.0,0.0,0.0
772,0.0,0.0,0.0,0.0
773,0.0,0.0,0.0,0.0
774,0.0,0.0,0.0,0.0
775,0.0,0.0,0.0,0.0
776,0.0,0.0,0.0,0.0
777,0.0,0.0,0.0,0.0
778,0.0,0.0,0.0,0.0
779,0.0,0.0,0.0,0.0
780,0.0,0.0,0.0,0.0
781,0.0,0.0,0.0,0.0
782,0.0,0.0,0.0,0.0
783,0.0,0.0,0.0,0.0
784,0.0,0.0,0.0,0.0
785,0.0,0.0,0.0,0.0
786,0.0,0.0,0.0,0.0
787,0.0,0.0,0.0,0.0
788,0.0,0.0,0.0,0.0
789,0.0,0.0,0.0,0.0
790,0.0,0.0,0.0,0.0
791,0.0,0.0,0.0,0.0
792,0.0,0.0,0.0,0.0
793,0.0,0.0,0.0,0.0
794,0.0,0.0,0.0,0.0
795,0.0,0.0,0.0,0.0
796,0.0,0.0,0.0,0.0
797,0.0,0.0,0.0,0.0
798,0.0,0.0,0.0,0.0
799,0.0,0.0,0.0,0.0
800,0.0,0.0,0.0,0.0
801,0.0,0.0,0.0,0.0
802,0.0,0.0,0.0,0.0
803,0.0,0.0,0.0,0.0
804,0.0,0.0,0.0,0.0
805,0.0,0.0,0.0,0.0
806,0.0,0.0,0.0,0.0
807,0.0,0.0,0.0,0.0
808,0.0,0.0,0.0,0.0
809,0.0,0.0,0.0,0.0
810,0.0,0.0,0.0,0.0
811,0.0,0.0,0.0,0.0
812,0.0,0.0,0.0,0.0
813,0.0,0.0,0.0,0.0
814,0.0,0.0,0.0,0.0
815,0.0,0.0,0.0,0.0
816,0.0,0.0,0.0,0.0
817,0.0,0.0,0.0,0.0
818,0.0,0.0,0.0,0.0
819,0.0,0.0,0.0,0.0
820,0.0,0.0,0.0,0.0
821,0.0,0.0,0.0,0.0
822,0.0,0.0,0.0,0.0
823,0.0,0.0,0.0,0.0
824,0.0,0.0,0.0,0.0
825,0.0,0.0,0.0,0.0
826,0.0,0.0,0.0,0.0
827,0.0,0.0,0.0,0.0
828,0.0,0.0,0.0,0.0
829,0.0,0.0,0.0,0.0
830,0.0,0.0,0.0,0.0
831,0.0,0.0,0.0,0.0
832,0.0,0.0,0.0,0.0
833,0.0,0.0,0.0,0.0
834,0.0,0.0,0.0,0.0
835,0.0,0.0,0.0,0.0
836,0.0,0.0,0.0,0.0
837,0.0,0.0,0.0,0.0
838,0.0,0.0,0.0,0.0
839,0.0,0.0,0.0,0.0
840,0.0,0.0,0.0,0.0
841,0.0,0.0,0.0,0.0
842,0.0,0.0,0.0,0.0
843,0.0,0.0,0.0,0.0
844,0.0,0.0,0.0,0.0
845,0.0,0.0,0.0,0.0
846,0.0,0.0,0.0,0.0
847,0.0,0.0,0.0,0.0
848,0.0,0.0,0.0,0.0
849,0.0,0.0,0.0,0.0
850,0.0,0.0,0.0,0.0
851,0.0,0.0,0.0,0.0
852,0.0,0.0,0.0,0.0
853,0.0,0.0,0.0,0.0
854,0.0,0.0,0.0,0.0
855,0.0,0.0,0.0,0.0
856,0.0,0.0,0.0,0.0
857,0.0,0.0,0.0,0.0
858,0.0,0.0,0.0,0.0
859,0.0,0.0,0.0,0.0
860,0.0,0.0,0.0,0.0
861,0.0,0.0,0.0,0.0
862,0.0,0.0,0.0,0.0
863,0.0,0.0,0.0,0.0
864,0.0,0.0,0.0,0.0
865,0.0,0.0,0.0,0.0
866,0.0,0.0,0.0,0.0
867,0.0,0.0,0.0,0.0
868,0.0,0.0,0.0,0.0
869,0.0,0.0,0.0,0.0
870,0.0,0.0,0.0,0.0
871,0.0,0.0,0.0,0.0
872,0.0,0.0,0.0,0.0
873,0.0,0.0,0.0,0.0
874,0.0,0.0,0.0,0.0
875,0.0,0.0,0.0,0.0
876,0.0,0.0,0.0,0.0
877,0.0,0.0,0.0,0.0
878,0.0,0.0,0.0,0.0
879,0.0,0.0,0.0,0.0
880,0.0,0.0,0.0,0.0
881,0.0,0.0,0.0,0.0
882,0.0,0.0,0.0,0.0
883,0.0,0.0,0.0,0.0
884,0.0,0.0,0.0,0.0
885,0.0,0.0,0.0,0.0
886,0.0,0.0,0.0,0.0
887,0.0,0.0,0.0,0.0
888,0.0,0.0,0.0,0.0
889,0.0,0.0,0.0,0.0
890,0.0,0.0,0.0,0.0
891,0.0,0.0,0.0,0.0
892,0.0,0.0,0.0,0.0
893,0.0,0.0,0.0,0.0
894,0.0,0.0,0.0,0.0
895,0.0,0.0,0.0,0.0
896,0.0,0.0,0.0,0.0
897,0.0,0.0,0.0,0.0
898,0.0,0.0,0.0,0.0
899,0.0,0.0,0.0,0.0
900,0.0,0.0,0.0,0.0
901,0.0,0.0,0.0,0.0
902,0.0,0.0,0.0,0.0
903,0.0,0.0,0.0,0.0
904,0.0,0.0,0.0,0.0
905,0.0,0.0,0.0,0.0
906,0.0,0.0,0.0,0.0
907,0.0,0.0,0.0,0.0
908,0.0,0.0,0.0,0.0
909,0.0,0.0,0.0,0.0
910,0.0,0.0,0.0,0.0
911,0.0,0.0,0.0,0.0
912,0.0,0.0,0.0,0.0
913,0.0,0.0,0.0,0.0
914,0.0,0.0,0.0,0.0
915,0.0,0.0,0.0,0.0
916,0.0,0.0,0.0,0.0
917,0.0,0.0,0.0,0.0
918,0.0,0.0,0.0,0.0
919,0.0,0.0,0.0,0.0
920,0.0,0.0,0.0,0.0
921,0.0,0.0,0.0,0.0
922,0.0,0.0,0.0,0.0
923,0.0,0.0,0.0,0.0
924,0.0,0.0,0.0,0.0
925,0.0,0.0,0.0,0.0
926,0.0,0.0,0.0,0.0
927,0.0,0.0,0.0,0.0
928,0.0,0.0,0.0,0.0
929,0.0,0.0,0.0,0.0
930,0.0,0.0,0.0,0.0
931,0.0,0.0,0.0,0.0
932,0.0,0.0,0.0,0.0
933,0.0,0.0,0.0,0.0
934,0.0,0.0,0.0,0.0
935,0.0,0.0,0.0,0.0
936,0.0,0.0,0.0,0.0
937,0.0,0.0,0.0,0.0
938,0.0,0.0,0.0,0.0
939,0.0,0.0,0.0,0.0
940,0.0,0.0,0.0,0.0
941,0.0,0.0,0.0,0.0
942,0.0,0.0,0.0,0.0
943,0.0,0.0,0.0,0.0
944,0.0,0.0,0.0,0.0
945,0.0,0.0,0.0,0.0
946,0.0,0.0,0.0,0.0
947,0.0,0.0,0.0,0.0
948,0.0,0.0,0.0,0.0
949,0.0,0.0,0.0,0.0
950,0.0,0.0,0.0,0.0
951,0.0,0.0,0.0,0.0
952,0.0,0.0,0.0,0.0
953,0.0,0.0,0.0,0.0
954,0.0,0.0,0.0,0.0
955,0.0,0.0,0.0,0.0
956,0.0,0.0,0.0,0.0
957,0.0,0.0,0.0,0.0
958,0.0,0.0,0.0,0.0
959,0.0,0.0,0.0,0.0
960,0.0,0.0,0.0,0.0
961,-8.617406,92163.49,8.989178,92163.49
962,-4.843873,86007.0,5.717651,86007.0
963,-6.2646065,79219.11,6.333104,79219.11
964,-8.150753,72500.26,6.46852,72500.26
965,-7.6417346,66412.4,7.778659,66412.4
966,-9.359568,60664.21,7.557555,60664.21
967,-7.21001,55380.617,9.641373,55380.62
968,-5.739007,50605.12,5.780883,50605.12
969,-8.312174,46174.047,8.516338,46174.047
970,-5.9009533,42114.703,6.1013823,42114.707
971,-7.3610206,38184.79,4.879526,38184.79
972,-8.977905,34799.87,9.047407,34799.875
973,-7.7358623,31594.848,5.3248553,31594.848
974,-5.1324577,28584.07,5.264616,28584.072
975,-4.58385,25911.195,4.656481,25911.195
976,-5.018775,23418.281,4.9785895,23418.281
977,-7.1230445,21059.195,9.913665,21059.2
978,-5.4099684,18941.584,5.493251,18941.586
979,-7.396427,17051.033,5.1581745,17051.035
980,-7.1878796,15310.609,4.7561245,15310.611
981,-4.877294,13566.436,7.571136,13566.438
982,-6.674531,12064.18,4.23979,12064.183
983,-8.0004225,10790.48,8.138304,10790.486
984,-7.0606356,9425.89,4.496896,9425.894
985,-8.754535,8316.48,6.751054,8316.487
986,-7.7253103,7275.205,7.899478,7275.2134
987,-8.0447035,6243.731,8.246351,6243.7417
988,-8.103179,5468.4395,8.226037,5468.4517
989,-8.281632,4570.603,5.881539,4570.6143
990,-6.2589054,3880.4841,6.4467564,3880.4946
991,-7.7021294,3228.3928,5.230689,3228.4062
992,-5.1583505,2614.3267,7.6546926,2614.343
993,-3.7544246,2073.8948,3.8419812,2073.9019
994,-6.2977304,1526.8931,6.249278,1526.9188
995,-8.337637,1129.371,6.1158037,1129.4182
996,-5.027321,714.31683,2.7740426,714.3399
997,-8.542257,420.29248,8.661278,420.46848
998,-3.941121,28.22046,4.473838,28.843407
999,0.0,0.0,0.0,0.0
1000,0.0,0.0,0.0,0.0
1001,0.0,0.0,0.0,0.0
1002,0.0,0.0,0.0,0.0
1003,0.0,0.0,0.0,0.0
1004,0.0,0.0,0.0,0.0
1005,0.0,0.0,0.0,0.0
1006,0.0,0.0,0.0,0.0
1007,0.0,0.0,0.0,0.0
1008,0.0,0.0,0.0,0.0
1009,0.0,0.0,0.0,0.0
1010,0.0,0.0,0.0,0.0
1011,0.0,0.0,0.0,0.0
1012,0.0,0.0,0.0,0.0
1013,0.0,0.0,0.0,0.0
1014,0.0,0.0,0.0,0.0
1015,0.0,0.0,0.0,0.0
1016,0.0,0.0,0.0,0.0
1017,0.0,0.0,0.0,0.0
1018,0.0,0.0,0.0,0.0
1019,0.0,0.0,0.0,0.0
1020,0.0,0.0,0.0,0.0
1021,0.0,0.0,0.0,0.0
1022,0.0,0.0,0.0,0.0
1023,0.0,0.0,0.0,0.0
1024,0.0,0.0,0.0,0.0
1025,0.0,0.0,0.0,0.0
1026,0.0,0.0,0.0,0.0
1027,0.0,0.0,0.0,0.0
1028,0.0,0.0,0.0,0.0
1029,0.0,0.0,0.0,0.0
1030,0.0,0.0,0.0,0.0
1031,0.0,0.0,0.0,0.0
1032,0.0,0.0,0.0,0.0
1033,0.0,0.0,0.0,0.0
1034,0.0,0.0,0.0,0.0
1035,0.0,0.0,0.0,0.0
1036,0.0,0.0,0.0,0.0
1037,0.0,0.0,0.0,0.0
1038,0.0,0.0,0.0,0.0
1039,0.0,0.0,0.0,0.0
1040,0.0,0.0,0.0,0.0
1041,0.0,0.0,0.0,0.0
1042,0.0,0.0,0.0,0.0
1043,0.0,0.0,0.0,0.0
1044,0.0,0.0,0.0,0.0
1045,0.0,0.0,0.0,0.0
1046,0.0,0.0,0.0,0.0
1047,0.0,0.0,0.0,0.0
1048,0.0,0.0,0.0,0.0
1049,0.0,0.0,0.0,0.0
1050,0.0,0.0,0.0,0.0
1051,0.0,0.0,0.0,0.0
1052,0.0,0.0,0.0,0.0
1053,0.0,0.0,0.0,0.0
1054,0.0,0.0,0.0,0.0
1055,0.0,0.0,0.0,0.0
1056,0.0,0.0,0.0,0.0
1057,0.0,0.0,0.0,0.0
1058,0.0,0.0,0.0,0.0
1059,0.0,0.0,0.0,0.0
1060,0.0,0.0,0.0,0.0
1061,0.0,0.0,0.0,0.0
1062,0.0,0.0,0.0,0.0
1063,0.0,0.0,0.0,0.0
1064,0.0,0.0,0.0,0.0
1065,0.0,0.0,0.0,0.0
1066,0.0,0.0,0.0,0.0
1067,0.0,0.0,0.0,0.0
1068,0.0,0.0,0.0,0.0
1069,0.0,0.0,0.0,0.0
1070,0.0,0.0,0.0,0.0
1071,0.0,0.0,0.0,0.0
1072,0.0,0.0,0.0,0.0
1073,0.0,0.0,0.0,0.0
1074,0.0,0.0,0.0,0.0
1075,0.0,0.0,0.0,0.0
1076,0.0,0.0,0.0,0.0
1077,0.0,0.0,0.0,0.0
1078,0.0,0.0,0.0,0.0
1079,0.0,0.0,0.0,0.0
1080,0.0,0.0,0.0,0.0
1081,0.0,0.0,0.0,0.0
1082,0.0,0.0,0.0,0.0
1083,0.0,0.0,0.0,0.0
1084,0.0,0.0,0.0,0.0
1085,0.0,0.0,0.0,0.0
1086,0.0,0.0,0.0,0.0
1087,0.0,0.0,0.0,0.0
1088,0.0,0.0,0.0,0.0
1089,0.0,0.0,0.0,0.0
1090,0.0,0.0,0.0,0.0
1091,0.0,0.0,0.0,0.0
1092,0.0,0.0,0.0,0.0
1093,0.0,0.0,0.0,0.0
1094,0.0,0.0,0.0,0.0
1095,0.0,0.0,0.0,0.0
1096,0.0,0.0,0.0,0.0
1097,0.0,0.0,0.0,0.0
1098,0.0,0.0,0.0,0.0
1099,0.0,0.0,0.0,0.0
1100,0.0,0.0,0.0,0.0
1101,0.0,0.0,0.0,0.0
1102,0.0,0.0,0.0,0.0
1103,0.0,0.0,0.0,0.0
1104,0.0,0.0,0.0,0.0
1105,0.0,0.0,0.0,0.0
1106,0.0,0.0,0.0,0.0
1107,0.0,0.0,0.0,0.0
1108,0.0,0.0,0.0,0.0
1109,0.0,0.0,0.0,0.0
1110,0.0,0.0,0.0,0.0
1111,0.0,0.0,0.0,0.0
1112,0.0,0.0,0.0,0.0
1113,0.0,0.0,0.0,0.0
1114,0.0,0.0,0.0,0.0
1115,0.0,0.0,0.0,0.0
1116,0.0,0.0,0.0,0.0
1117,0.0,0.0,0.0,0.0
1118,0.0,0.0,0.0,0.0
1119,0.0,0.0,0.0,0.0
1120,0.0,0.0,0.0,0.0
1121,0.0,0.0,0.0,0.0
1122,0.0,0.0,0.0,0.0
1123,0.0,0.0,0.0,0.0
1124,0.0,0.0,0.0,0.0
1125,0.0,0.0,0.0,0.0
1126,0.0,0.0,0.0,0.0
1127,0.0,0.0,0.0,0.0
1128,0.0,0.0,0.0,0.0
1129,0.0,0.0,0.0,0.0
1130,0.0,0.0,0.0,0.0
1131,0.0,0.0,0.0,0.0
1132,0.0,0.0,0.0,0.0
1133,0.0,0.0,0.0,0.0
1134,0.0,0.0,0.0,0.0
1135,0.0,0.0,0.0,0.0
1136,0.0,0.0,0.0,0.0
1137,0.0,0.0,0.0,0.0
1138,0.0,0.0,0.0,0.0
1139,0.0,0.0,0.0,0.0
1140,0.0,0.0,0.0,0.0
1141,0.0,0.0,0.0,0.0
1142,0.0,0.0,0.0,0.0
1143,0.0,0.0,0.0,0.0
1144,0.0,0.0,0.0,0.0
1145,0.0,0.0,0.0,0.0
1146,0.0,0.0,0.0,0.0
1147,0.0,0.0,0.0,0.0
1148,0.0,0.0,0.0,0.0
1149,0.0,0.0,0.0,0.0
1150,0.0,0.0,0.0,0.0
1151,0.0,0.0,0.0,0.0
1152,0.0,0.0,0.0,0.0
1153,0.0,0.0,0.0,0.0
1154,0.0,0.0,0.0,0.0
1155,0.0,0.0,0.0,0.0
1156,0.0,0.0,0.0,0.0
1157,0.0,0.0,0.0,0.0
1158,0.0,0.0,0.0,0.0
1159,0.0,0.0,0.0,0.0
1160,0.0,0.0,0.0,0.0
1161,0.0,0.0,0.0,0.0
1162,0.0,0.0,0.0,0.0
1163,0.0,0.0,0.0,0.0
1164,0.0,0.0,0.0,0.0
1165,0.0,0.0,0.0,0.0
1166,0.0,0.0,0.0,0.0
1167,0.0,0.0,0.0,0.0
1168,0.0,0.0,0.0,0.0
1169,0.0,0.0,0.0,0.0
1170,0.0,0.0,0.0,0.0
1171,0.0,0.0,0.0,0.0
1172,0.0,0.0,0.0,0.0
1173,0.0,0.0,0.0,0.0
1174,0.0,0.0,0.0,0.0
1175,0.0,0.0,0.0,0.0
1176,0.0,0.0,0.0,0.0
1177,0.0,0.0,0.0,0.0
1178,0.0,0.0,0.0,0.0
1179,0.0,0.0,0.0,0.0
1180,0.0,0.0,0.0,0.0
1181,0.0,0.0,0.0,0.0
1182,0.0,0.0,0.0,0.0
1183,0.0,0.0,0.0,0.0
1184,0.0,0.0,0.0,0.0
1185,0.0,0.0,0.0,0.0
1186,0.0,0.0,0.0,0.0
1187,0.0,0.0,0.0,0.0
1188,0.0,0.0,0.0,0.0
1189,0.0,0.0,0.0,0.0
1190,0.0,0.0,0.0,0.0
1191,0.0,0.0,0.0,0.0
1192,0.0,0.0,0.0,0.0
1193,0.0,0.0,0.0,0.0
1194,0.0,0.0,0.0,0.0
1195,0.0,0.0,0.0,0.0
1196,0.0,0.0,0.0,0.0
1197,0.0,0.0,0.0,0.0
1198,0.0,0.0,0.0,0.0
1199,0.0,0.0,0.0,0.0
1200,0.0,0.0,0.0,0.0
1201,0.0,0.0,0.0,0.0
1202,0.0,0.0,0.0,0.0
1203,0.0,0.0,0.0,0.0
1204,0.0,0.0,0.0,0.0
1205,0.0,0.0,0.0,0.0
1206,0.0,0.0,0.0,0.0
1207,0.0,0.0,0.0,0.0
1208,0.0,0.0,0.0,0.0
1209,0.0,0.0,0.0,0.0
1210,0.0,0.0,0.0,0.0
1211,0.0,0.0,0.0,0.0
1212,0.0,0.0,0.0,0.0
1213,0.0,0.0,0.0,0.0
1214,0.0,0.0,0.0,0.0
1215,0.0,0.0,0.0,0.0
1216,0.0,0.0,0.0,0.0
1217,0.0,0.0,0.0,0.0
1218,0.0,0.0,0.0,0.0
1219,0.0,0.0,0.0,0.0
1220,0.0,0.0,0.0,0.0
1221,0.0,0.0,0.0,0.0
1222,0.0,0.0,0.0,0.0
1223,0.0,0.0,0.0,0.0
1224,0.0,0.0,0.0,0.0
1225,0.0,0.0,0.0,0.0
1226,0.0,0.0,0.0,0.0
1227,0.0,0.0,0.0,0.0
1228,0.0,0.0,0.0,0.0
1229,0.0,0.0,0.0,0.0
1230,0.0,0.0,0.0,0.0
1231,0.0,0.0,0.0,0.0
1232,0.0,0.0,0.0,0.0
1233,0.0,0.0,0.0,0.0
1234,0.0,0.0,0.0,0.0
1235,0.0,0.0,0.0,0.0
1236,0.0,0.0,0.0,0.0
1237,0.0,0.0,0.0,0.0
1238,0.0,0.0,0.0,0.0
1239,0.0,0.0,0.0,0.0
1240,0.0,0.0,0.0,0.0
1241,0.0,0.0,0.0,0.0
1242,0.0,0.0,0.0,0.0
1243,0.0,0.0,0.0,0.0
1244,0.0,0.0,0.0,0.0
1245,0.0,0.0,0.0,0.0
1246,0.0,0.0,0.0,0.0
1247,0.0,0.0,0.0,0.0
1248,0.0,0.0,0.0,0.0
1249,0.0,0.0,0.0,0.0
1250,0.0,0.0,0.0,0.0
1251,0.0,0.0,0.0,0.0
1252,0.0,0.0,0.0,0.0
1253,0.0,0.0,0.0,0.0
1254,0.0,0.0,0.0,0.0
1255,0.0,0.0,0.0,0.0
1256,0.0,0.0,0.0,0.0
1257,0.0,0.0,0.0,0.0
1258,0.0,0.0,0.0,0.0
1259,0.0,0.0,0.0,0.0
1260,0.0,0.0,0.0,0.0
1261,0.0,0.0,0.0,0.0
1262,0.0,0.0,0.0,0.0
1263,0.0,0.0,0.0,0.0
1264,0.0,0.0,0.0,0.0
1265,0.0,0.0,0.0,0.0
1266,0.0,0.0,0.0,0.0
1267,0.0,0.0,0.0,0.0
1268,0.0,0.0,0.0,0.0
1269,0.0,0.0,0.0,0.0
1270,0.0,0.0,0.0,0.0
1271,0.0,0.0,0.0,0.0
1272,0.0,0.0,0.0,0.0
1273,0.0,0.0,0.0,0.0
1274,0.0,0.0,0.0,0.0
1275,0.0,0.0,0.0,0.0
1276,0.0,0.0,0.0,0.0
1277,0.0,0.0,0.0,0.0
1278,0.0,0.0,0.0,0.0
1279,0.0,0.0,0.0,0.0
1280,0.0,0.0,0.0,0.0
1281,0.0,0.0,0.0,0.0
1282,0.0,0.0,0.0,0.0
1283,0.0,0.0,0.0,0.0
1284,0.0,0.0,0.0,0.0
1285,0.0,0.0,0.0,0.0
1286,0.0,0.0,0.0,0.0
1287,0.0,0.0,0.0,0.0
1288,0.0,0.0,0.0,0.0
1289,0.0,0.0,0.0,0.0
1290,0.0,0.0,0.0,0.0
1291,0.0,0.0,0.0,0.0
1292,0.0,0.0,0.0,0.0
1293,0.0,0.0,0.0,0.0
1294,0.0,0.0,0.0,0.0
1295,0.0,0.0,0.0,0.0
1296,0.0,0.0,0.0,0.0
1297,0.0,0.0,0.0,0.0
1298,0.0,0.0,0.0,0.0
1299,0.0,0.0,0.0,0.0
1300,0.0,0.0,0.0,0.0
1301,0.0,0.0,0.0,0.0
1302,0.0,0.0,0.0,0.0
1303,0.0,0.0,0.0,0.0
1304,0.0,0.0,0.0,0.0
1305,0.0,0.0,0.0,0.0
1306,0.0,0.0,0.0,0.0
1307,0.0,0.0,0.0,0.0
1308,0.0,0.0,0.0,0.0
1309,0.0,0.0,0.0,0.0
1310,0.0,0.0,0.0,0.0
1311,0.0,0.0,0.0,0.0
1312,0.0,0.0,0.0,0.0
1313,0.0,0.0,0.0,0.0
1314,0.0,0.0,0.0,0.0
1315,0.0,0.0,0.0,0.0
1316,0.0,0.0,0.0,0.0
1317,0.0,0.0,0.0,0.0
1318,0.0,0.0,0.0,0.0
1319,0.0,0.0,0.0,0.0
1320,0.0,0.0,0.0,0.0
1321,0.0,0.0,0.0,0.0
1322,0.0,0.0,0.0,0.0
1323,0.0,0.0,0.0,0.0
1324,0.0,0.0,0.0,0.0
1325,0.0,0.0,0.0,0.0
1326,0.0,0.0,0.0,0.0
1327,0.0,0.0,0.0,0.0
1328,0.0,0.0,0.0,0.0
1329,0.0,0.0,0.0,0.0
1330,0.0,0.0,0.0,0.0
1331,0.0,0.0,0.0,0.0
1332,0.0,0.0,0.0,0.0
1333,0.0,0.0,0.0,0.0
1334,0.0,0.0,0.0,0.0
1335,0.0,0.0,0.0,0.0
1336,0.0,0.0,0.0,0.0
1337,0.0,0.0,0.0,0.0
1338,0.0,0.0,0.0,0.0
1339,0.0,0.0,0.0,0.0
1340,0.0,0.0,0.0,0.0
1341,0.0,0.0,0.0,0.0
1342,0.0,0.0,0.0,0.0
1343,0.0,0.0,0.0,0.0
1344,0.0,0.0,0.0,0.0
1345,0.0,0.0,0.0,0.0
1346,0.0,0.0,0.0,0.0
1347,0.0,0.0,0.0,0.0
1348,0.0,0.0,0.0,0.0
1349,0.0,0.0,0.0,0.0
1350,0.0,0.0,0.0,0.0
1351,0.0,0.0,0.0,0.0
1352,0.0,0.0,0.0,0.0
1353,0.0,0.0,0.0,0.0
1354,0.0,0.0,0.0,0.0
1355,0.0,0.0,0.0,0.0
1356,0.0,0.0,0.0,0.0
1357,0.0,0.0,0.0,0.0
1358,0.0,0.0,0.0,0.0
1359,0.0,0.0,0.0,0.0
1360,0.0,0.0,0.0,0.0
1361,0.0,0.0,0.0,0.0
1362,0.0,0.0,0.0,0.0
1363,0.0,0.0,0.0,0.0
1364,0.0,0.0,0.0,0.0
1365,0.0,0.0,0.0,0.0
1366,0.0,0.0,0.0,0.0
1367,0.0,0.0,0.0,0.0
1368,0.0,0.0,0.0,0.0
1369,0.0,0.0,0.0,0.0
1370,0.0,0.0,0.0,0.0
1371,0.0,0.0,0.0,0.0
1372,0.0,0.0,0.0,0.0
1373,0.0,0.0,0.0,0.0
1374,0.0,0.0,0.0,0.0
1375,0.0,0.0,0.0,0.0
1376,0.0,0.0,0.0,0.0
1377,0.0,0.0,0.0,0.0
1378,0.0,0.0,0.0,0.0
1379,0.0,0.0,0.0,0.0
1380,0.0,0.0,0.0,0.0
1381,0.0,0.0,0.0,0.0
1382,0.0,0.0,0.0,0.0
1383,0.0,0.0,0.0,0.0
1384,0.0,0.0,0.0,0.0
1385,0.0,0.0,0.0,0.0
1386,0.0,0.0,0.0,0.0
1387,0.0,0.0,0.0,0.0
1388,0.0,0.0,0.0,0.0
1389,0.0,0.0,0.0,0.0
1390,0.0,0.0,0.0,0.0
1391,0.0,0.0,0.0,0.0
1392,0.0,0.0,0.0,0.0
1393,0.0,0.0,0.0,0.0
1394,0.0,0.0,0.0,0.0
1395,0.0,0.0,0.0,0.0
1396,0.0,0.0,0.0,0.0
1397,0.0,0.0,0.0,0.0
1398,0.0,0.0,0.0,0.0
1399,0.0,0.0,0.0,0.0
1400,0.0,0.0,0.0,0.0
1401,0.0,0.0,0.0,0.0
1402,0.0,0.0,0.0,0.0
1403,0.0,0.0,0.0,0.0
1404,0.0,0.0,0.0,0.0
1405,0.0,0.0,0.0,0.0
1406,0.0,0.0,0.0,0.0
1407,0.0,0.0,0.0,0.0
1408,0.0,0.0,0.0,0.0
1409,0.0,0.0,0.0,0.0
1410,0.0,0.0,0.0,0.0
1411,0.0,0.0,0.0,0.0
1412,0.0,0.0,0.0,0.0
1413,0.0,0.0,0.0,0.0
1414,0.0,0.0,0.0,0.0
1415,0.0,0.0,0.0,0.0
1416,0.0,0.0,0.0,0.0
1417,0.0,0.0,0.0,0.0
1418,0.0,0.0,0.0,0.0
1419,0.0,0.0,0.0,0.0
1420,0.0,0.0,0.0,0.0
1421,0.0,0.0,0.0,0.0
1422,0.0,0.0,0.0,0.0
1423,0.0,0.0,0.0,0.0
1424,0.0,0.0,0.0,0.0
1425,0.0,0.0,0.0,0.0
1426,0.0,0.0,0.0,0.0
1427,0.0,0.0,0.0,0.0
1428,0.0,0.0,0.0,0.0
1429,0.0,0.0,0.0,0.0
1430,0.0,0.0,0.0,0.0
1431,0.0,0.0,0.0,0.0
1432,0.0,0.0,0.0,0.0
1433,0.0,0.0,0.0,0.0
1434,0.0,0.0,0.0,0.0
1435,0.0,0.0,0.0,0.0
1436,0.0,0.0,0.0,0.0
1437,0.0,0.0,0.0,0.0
1438,0.0,0.0,0.0,0.0
1439,0.0,0.0,0.0,0.0
1440,0.0,0.0,0.0,0.0
1441,0.0,0.0,0.0,0.0
1442,0.0,0.0,0.0,0.0
1443,0.0,0.0,0.0,0.0
1444,0.0,0.0,0.0,0.0
1445,0.0,0.0,0.0,0.0
1446,0.0,0.0,0.0,0.0
1447,0.0,0.0,0.0,0.0
1448,0.0,0.0,0.0,0.0
1449,0.0,0.0,0.0,0.0
1450,0.0,0.0,0.0,0.0
1451,0.0,0.0,0.0,0.0
1452,0.0,0.0,0.0,0.0
1453,0.0,0.0,0.0,0.0
1454,0.0,0.0,0.0,0.0
1455,0.0,0.0,0.0,0.0
1456,0.0,0.0,0.0,0.0
1457,0.0,0.0,0.0,0.0
1458,0.0,0.0,0.0,0.0
1459,0.0,0.0,0.0,0.0
1460,0.0,0.0,0.0,0.0
1461,0.0,0.0,0.0,0.0
1462,0.0,0.0,0.0,0.0
1463,0.0,0.0,0.0,0.0
1464,0.0,0.0,0.0,0.0
1465,0.0,0.0,0.0,0.0
1466,0.0,0.0,0.0,0.0
1467,0.0,0.0,0.0,0.0
1468,0.0,0.0,0.0,0.0
1469,0.0,0.0,0.0,0.0
1470,0.0,0.0,0.0,0.0
1471,0.0,0.0,0.0,0.0
1472,0.0,0.0,0.0,0.0
1473,0.0,0.0,0.0,0.0
1474,0.0,0.0,0.0,0.0
1475,0.0,0.0,0.0,0.0
1476,0.0,0.0,0.0,0.0
1477,0.0,0.0,0.0,0.0
1478,0.0,0.0,0.0,0.0
1479,0.0,0.0,0.0,0.0
1480,0.0,0.0,0.0,0.0
1481,0.0,0.0,0.0,0.0
1482,0.0,0.0,0.0,0.0
1483,0.0,0.0,0.0,0.0
1484,0.0,0.0,0.0,0.0
1485,0.0,0.0,0.0,0.0
1486,0.0,0.0,0.0,0.0
1487,0.0,0.0,0.0,0.0
1488,0.0,0.0,0.0,0.0
1489,0.0,0.0,0.0,0.0
1490,0.0,0.0,0.0,0.0
1491,0.0,0.0,0.0,0.0
1492,0.0,0.0,0.0,0.0
1493,0.0,0.0,0.0,0.0
1494,0.0,0.0,0.0,0.0
1495,0.0,0.0,0.0,0.0
1496,0.0,0.0,0.0,0.0
1497,0.0,0.0,0.0,0.0
1498,0.0,0.0,0.0,0.0
1499,0.0,0.0,0.0,0.0
1500,0.0,0.0,0.0,0.0
1501,0.0,0.0,0.0,0.0
1502,0.0,0.0,0.0,0.0
1503,0.0,0.0,0.0,0.0
1504,0.0,0.0,0.0,0.0
1505,0.0,0.0,0.0,0.0
1506,0.0,0.0,0.0,0.0
1507,0.0,0.0,0.0,0.0
1508,0.0,0.0,0.0,0.0
1509,0.0,0.0,0.0,0.0
1510,0.0,0.0,0.0,0.0
1511,0.0,0.0,0.0,0.0
1512,0.0,0.0,0.0,0.0
1513,0.0,0.0,0.0,0.0
1514,0.0,0.0,0.0,0.0
1515,0.0,0.0,0.0,0.0
1516,0.0,0.0,0.0,0.0
1517,0.0,0.0,0.0,0.0
1518,0.0,0.0,0.0,0.0
1519,0.0,0.0,0.0,0.0
1520,0.0,0.0,0.0,0.0
1521,0.0,0.0,0.0,0.0
1522,0.0,0.0,0.0,0.0
1523,0.0,0.0,0.0,0.0
1524,0.0,0.0,0.0,0.0
1525,0.0,0.0,0.0,0.0
1526,0.0,0.0,0.0,0.0
1527,0.0,0.0,0.0,0.0
1528,0.0,0.0,0.0,0.0
1529,0.0,0.0,0.0,0.0
1530,0.0,0.0,0.0,0.0
1531,0.0,0.0,0.0,0.0
1532,0.0,0.0,0.0,0.0
1533,0.0,0.0,0.0,0.0
1534,0.0,0.0,0.0,0.0
1535,0.0,0.0,0.0,0.0
1536,0.0,0.0,0.0,0.0
1537,0.0,0.0,0.0,0.0
1538,0.0,0.0,0.0,0.0
1539,0.0,0.0,0.0,0.0
1540,0.0,0.0,0.0,0.0
1541,0.0,0.0,0.0,0.0
1542,0.0,0.0,0.0,0.0
1543,0.0,0.0,0.0,0.0
1544,0.0,0.0,0.0,0.0
1545,0.0,0.0,0.0,0.0
1546,0.0,0.0,0.0,0.0
1547,0.0,0.0,0.0,0.0
1548,0.0,0.0,0.0,0.0
1549,0.0,0.0,0.0,0.0
1550,0.0,0.0,0.0,0.0
1551,0.0,0.0,0.0,0.0
1552,0.0,0.0,0.0,0.0
1553,0.0,0.0,0.0,0.0
1554,0.0,0.0,0.0,0.0
1555,0.0,0.0,0.0,0.0
1556,0.0,0.0,0.0,0.0
1557,0.0,0.0,0.0,0.0
1558,0.0,0.0,0.0,0.0
1559,0.0,0.0,0.0,0.0
1560,0.0,0.0,0.0,0.0
1561,0.0,0.0,0.0,0.0
1562,0.0,0.0,0.0,0.0
1563,0.0,0.0,0.0,0.0
1564,0.0,0.0,0.0,0.0
1565,0.0,0.0,0.0,0.0
1566,0.0,0.0,0.0,0.0
1567,0.0,0.0,0.0,0.0
1568,0.0,0.0,0.0,0.0
1569,0.0,0.0,0.0,0.0
1570,0.0,0.0,0.0,0.0
1571,0.0,0.0,0.0,0.0
1572,0.0,0.0,0.0,0.0
1573,0.0,0.0,0.0,0.0
1574,0.0,0.0,0.0,0.0
1575,0.0,0.0,0.0,0.0
1576,0.0,0.0,0.0,0.0
1577,0.0,0.0,0.0,0.0
1578,0.0,0.0,0.0,0.0
1579,0.0,0.0,0.0,0.0
1580,0.0,0.0,0.0,0.0
1581,0.0,0.0,0.0,0.0
1582,0.0,0.0,0.0,0.0
1583,0.0,0.0,0.0,0.0
1584,0.0,0.0,0.0,0.0
1585,0.0,0.0,0.0,0.0
1586,0.0,0.0,0.0,0.0
1587,0.0,0.0,0.0,0.0
1588,0.0,0.0,0.0,0.0
1589,0.0,0.0,0.0,0.0
1590,0.0,0.0,0.0,0.0
1591,0.0,0.0,0.0,0.0
1592,0.0,0.0,0.0,0.0
1593,0.0,0.0,0.0,0.0
1594,0.0,0.0,0.0,0.0
1595,0.0,0.0,0.0,0.0
1596,0.0,0.0,0.0,0.0
1597,0.0,0.0,0.0,0.0
1598,0.0,0.0,0.0,0.0
1599,0.0,0.0,0.0,0.0
1600,0.0,0.0,0.0,0.0
1601,0.0,0.0,0.0,0.0
1602,0.0,0.0,0.0,0.0
1603,0.0,0.0,0.0,0.0
1604,0.0,0.0,0.0,0.0
1605,0.0,0.0,0.0,0.0
1606,0.0,0.0,0.0,0.0
1607,0.0,0.0,0.0,0.0
1608,0.0,0.0,0.0,0.0
1609,0.0,0.0,0.0,0.0
1610,0.0,0.0,0.0,0.0
1611,0.0,0.0,0.0,0.0
1612,0.0,0.0,0.0,0.0
1613,0.0,0.0,0.0,0.0
1614,0.0,0.0,0.0,0.0
1615,0.0,0.0,0.0,0.0
1616,0.0,0.0,0.0,0.0
1617,0.0,0.0,0.0,0.0
1618,0.0,0.0,0.0,0.0
1619,0.0,0.0,0.0,0.0
1620,0.0,0.0,0.0,0.0
1621,0.0,0.0,0.0,0.0
1622,0.0,0.0,0.0,0.0
1623,0.0,0.0,0.0,0.0
1624,0.0,0.0,0.0,0.0
1625,0.0,0.0,0.0,0.0
1626,0.0,0.0,0.0,0.0
1627,0.0,0.0,0.0,0.0
1628,0.0,0.0,0.0,0.0
1629,0.0,0.0,0.0,0.0
1630,0.0,0.0,0.0,0.0
1631,0.0,0.0,0.0,0.0
1632,0.0,0.0,0.0,0.0
1633,0.0,0.0,0.0,0.0
1634,0.0,0.0,0.0,0.0
1635,0.0,0.0,0.0,0.0
1636,0.0,0.0,0.0,0.0
1637,0.0,0.0,0.0,0.0
1638,0.0,0.0,0.0,0.0
1639,0.0,0.0,0.0,0.0
1640,0.0,0.0,0.0,0.0
1641,0.0,0.0,0.0,0.0
1642,0.0,0.0,0.0,0.0
1643,0.0,0.0,0.0,0.0
1644,0.0,0.0,0.0,0.0
1645,0.0,0.0,0.0,0.0
1646,0.0,0.0,0.0,0.0
1647,0.0,0.0,0.0,0.0
1648,0.0,0.0,0.0,0.0
1649,0.0,0.0,0.0,0.0
1650,0.0,0.0,0.0,0.0
1651,0.0,0.0,0.0,0.0
1652,0.0,0.0,0.0,0.0
1653,0.0,0.0,0.0,0.0
1654,0.0,0.0,0.0,0.0
1655,0.0,0.0,0.0,0.0
1656,0.0,0.0,0.0,0.0
1657,0.0,0.0,0.0,0.0
1658,0.0,0.0,0.0,0.0
1659,0.0,0.0,0.0,0.0
1660,0.0,0.0,0.0,0.0
1661,0.0,0.0,0.0,0.0
1662,0.0,0.0,0.0,0.0
1663,0.0,0.0,0.0,0.0
1664,0.0,0.0,0.0,0.0
1665,0.0,0.0,0.0,0.0
1666,0.0,0.0,0.0,0.0
1667,0.0,0.0,0.0,0.0
1668,0.0,0.0,0.0,0.0
1669,0.0,0.0,0.0,0.0
1670,0.0,0.0,0.0,0.0
1671,0.0,0.0,0.0,0.0
1672,0.0,0.0,0.0,0.0
1673,0.0,0.0,0.0,0.0
1674,0.0,0.0,0.0,0.0
1675,0.0,0.0,0.0,0.0
1676,0.0,0.0,0.0,0.0
1677,0.0,0.0,0.0,0.0
1678,0.0,0.0,0.0,0.0
1679,0.0,0.0,0.0,0.0
1680,0.0,0.0,0.0,0.0
1681,0.0,0.0,0.0,0.0
1682,0.0,0.0,0.0,0.0
1683,0.0,0.0,0.0,0.0
1684,0.0,0.0,0.0,0.0
1685,0.0,0.0,0.0,0.0
1686,0.0,0.0,0.0,0.0
1687,0.0,0.0,0.0,0.0
1688,0.0,0.0,0.0,0.0
1689,0.0,0.0,0.0,0.0
1690,0.0,0.0,0.0,0.0
1691,0.0,0.0,0.0,0.0
1692,0.0,0.0,0.0,0.0
1693,0.0,0.0,0.0,0.0
1694,0.0,0.0,0.0,0.0
1695,0.0,0.0,0.0,0.0
1696,0.0,0.0,0.0,0.0
1697,0.0,0.0,0.0,0.0
1698,0.0,0.0,0.0,0.0
1699,0.0,0.0,0.0,0.0
1700,0.0,0.0,0.0,0.0
1701,0.0,0.0,0.0,0.0
1702,0.0,0.0,0.0,0.0
1703,0.0,0.0,0.0,0.0
1704,0.0,0.0,0.0,0.0
1705,0.0,0.0,0.0,0.0
1706,0.0,0.0,0.0,0.0
1707,0.0,0.0,0.0,0.0
1708,0.0,0.0,0.0,0.0
1709,0.0,0.0,0.0,0.0
1710,0.0,0.0,0.0,0.0
1711,0.0,0.0,0.0,0.0
1712,0.0,0.0,0.0,0.0
1713,0.0,0.0,0.0,0.0
1714,0.0,0.0,0.0,0.0
1715,0.0,0.0,0.0,0.0
1716,0.0,0.0,0.0,0.0
1717,0.0,0.0,0.0,0.0
1718,0.0,0.0,0.0,0.0
1719,0.0,0.0,0.0,0.0
1720,0.0,0.0,0.0,0.0
1721,0.0,0.0,0.0,0.0
1722,0.0,0.0,0.0,0.0
1723,0.0,0.0,0.0,0.0
1724,0.0,0.0,0.0,0.0
1725,0.0,0.0,0.0,0.0
1726,0.0,0.0,0.0,0.0
1727,0.0,0.0,0.0,0.0
1728,0.0,0.0,0.0,0.0
1729,0.0,0.0,0.0,0.0
1730,0.0,0.0,0.0,0.0
1731,0.0,0.0,0.0,0.0
1732,0.0,0.0,0.0,0.0
1733,0.0,0.0,0.0,0.0
1734,0.0,0.0,0.0,0.0
1735,0.0,0.0,0.0,0.0
1736,0.0,0.0,0.0,0.0
1737,0.0,0.0,0.0,0.0
1738,0.0,0.0,0.0,0.0
1739,0.0,0.0,0.0,0.0
1740,0.0,0.0,0.0,0.0
1741,0.0,0.0,0.0,0.0
1742,0.0,0.0,0.0,0.0
1743,0.0,0.0,0.0,0.0
1744,0.0,0.0,0.0,0.0
1745,0.0,0.0,0.0,0.0
1746,0.0,0.0,0.0,0.0
1747,0.0,0.0,0.0,0.0
1748,0.0,0.0,0.0,0.0
1749,0.0,0.0,0.0,0.0
1750,0.0,0.0,0.0,0.0
1751,0.0,0.0,0.0,0.0
1752,0.0,0.0,0.0,0.0
1753,0.0,0.0,0.0,0.0
1754,0.0,0.0,0.0,0.0
1755,0.0,0.0,0.0,0.0
1756,0.0,0.0,0.0,0.0
1757,0.0,0.0,0.0,0.0
1758,0.0,0.0,0.0,0.0
1759,0.0,0.0,0.0,0.0
1760,0.0,0.0,0.0,0.0
1761,0.0,0.0,0.0,0.0
1762,0.0,0.0,0.0,0.0
1763,0.0,0.0,0.0,0.0
1764,0.0,0.0,0.0,0.0
1765,0.0,0.0,0.0,0.0
1766,0.0,0.0,0.0,0.0
1767,0.0,0.0,0.0,0.0
1768,0.0,0.0,0.0,0.0
1769,0.0,0.0,0.0,0.0
1770,0.0,0.0,0.0,0.0
1771,0.0,0.0,0.0,0.0
1772,0.0,0.0,0.0,0.0
1773,0.0,0.0,0.0,0.0
1774,0.0,0.0,0.0,0.0
1775,0.0,0.0,0.0,0.0
1776,0.0,0.0,0.0,0.0
1777,0.0,0.0,0.0,0.0
1778,0.0,0.0,0.0,0.0
1779,0.0,0.0,0.0,0.0
1780,0.0,0.0,0.0,0.0
1781,0.0,0.0,0.0,0.0
1782,0.0,0.0,0.0,0.0
1783,0.0,0.0,0.0,0.0
1784,0.0,0.0,0.0,0.0
1785,0.0,0.0,0.0,0.0
1786,0.0,0.0,0.0,0.0
1787,0.0,0.0,0.0,0.0
1788,0.0,0.0,0.0,0.0
1789,0.0,0.0,0.0,0.0
1790,0.0,0.0,0.0,0.0
1791,0.0,0.0,0.0,0.0
1792,0.0,0.0,0.0,0.0
1793,0.0,0.0,0.0,0.0
1794,0.0,0.0,0.0,0.0
1795,0.0,0.0,0.0,0.0
1796,0.0,0.0,0.0,0.0
1797,0.0,0.0,0.0,0.0
1798,0.0,0.0,0.0,0.0
1799,0.0,0.0,0.0,0.0
1800,0.0,0.0,0.0,0.0
1801,0.0,0.0,0.0,0.0
1802,0.0,0.0,0.0,0.0
1803,0.0,0.0,0.0,0.0
1804,0.0,0.0,0.0,0.0
1805,0.0,0.0,0.0,0.0
1806,0.0,0.0,0.0,0.0
1807,0.0,0.0,0.0,0.0
1808,0.0,0.0,0.0,0.0
1809,0.0,0.0,0.0,0.0
1810,0.0,0.0,0.0,0.0
1811,0.0,0.0,0.0,0.0
1812,0.0,0.0,0.0,0.0
1813,0.0,0.0,0.0,0.0
1814,0.0,0.0,0.0,0.0
1815,0.0,0.0,0.0,0.0
1816,0.0,0.0,0.0,0.0
1817,0.0,0.0,0.0,0.0
1818,0.0,0.0,0.0,0.0
1819,0.0,0.0,0.0,0.0
1820,0.0,0.0,0.0,0.0
1821,0.0,0.0,0.0,0.0
1822,0.0,0.0,0.0,0.0
1823,0.0,0.0,0.0,0.0
1824,0.0,0.0,0.0,0.0
1825,0.0,0.0,0.0,0.0
1826,0.0,0.0,0.0,0.0
1827,0.0,0.0,0.0,0.0
1828,0.0,0.0,0.0,0.0
1829,0.0,0.0,0.0,0.0
1830,0.0,0.0,0.0,0.0
1831,0.0,0.0,0.0,0.0
1832,0.0,0.0,0.0,0.0
1833,0.0,0.0,0.0,0.0
1834,0.0,0.0,0.0,0.0
1835,0.0,0.0,0.0,0.0
1836,0.0,0.0,0.0,0.0
1837,0.0,0.0,0.0,0.0
1838,0.0,0.0,0.0,0.0
1839,0.0,0.0,0.0,0.0
1840,0.0,0.0,0.0,0.0
1841,0.0,0.0,0.0,0.0
1842,0.0,0.0,0.0,0.0
1843,0.0,0.0,0.0,0.0
1844,0.0,0.0,0.0,0.0
1845,0.0,0.0,0.0,0.0
1846,0.0,0.0,0.0,0.0
1847,0.0,0.0,0.0,0.0
1848,0.0,0.0,0.0,0.0
1849,0.0,0.0,0.0,0.0
1850,0.0,0.0,0.0,0.0
1851,0.0,0.0,0.0,0.0
1852,0.0,0.0,0.0,0.0
1853,0.0,0.0,0.0,0.0
1854,0.0,0.0,0.0,0.0
1855,0.0,0.0,0.0,0.0
1856,0.0,0.0,0.0,0.0
1857,0.0,0.0,0.0,0.0
1858,0.0,0.0,0.0,0.0
1859,0.0,0.0,0.0,0.0
1860,0.0,0.0,0.0,0.0
1861,0.0,0.0,0.0,0.0
1862,0.0,0.0,0.0,0.0
1863,0.0,0.0,0.0,0.0
1864,0.0,0.0,0.0,0.0
1865,0.0,0.0,0.0,0.0
1866,0.0,0.0,0.0,0.0
1867,0.0,0.0,0.0,0.0
1868,0.0,0.0,0.0,0.0
1869,0.0,0.0,0.0,0.0
1870,0.0,0.0,0.0,0.0
1871,0.0,0.0,0.0,0.0
1872,0.0,0.0,0.0,0.0
1873,0.0,0.0,0.0,0.0
1874,0.0,0.0,0.0,0.0
1875,0.0,0.0,0.0,0.0
1876,0.0,0.0,0.0,0.0
1877,0.0,0.0,0.0,0.0
1878,0.0,0.0,0.0,0.0
1879,0.0,0.0,0.0,0.0
1880,0.0,0.0,0.0,0.0
1881,0.0,0.0,0.0,0.0
1882,0.0,0.0,0.0,0.0
1883,0.0,0.0,0.0,0.0
1884,0.0,0.0,0.0,0.0
1885,0.0,0.0,0.0,0.0
1886,0.0,0.0,0.0,0.0
1887,0.0,0.0,0.0,0.0
1888,0.0,0.0,0.0,0.0
1889,0.0,0.0,0.0,0.0
1890,0.0,0.0,0.0,0.0
1891,0.0,0.0,0.0,0.0
1892,0.0,0.0,0.0,0.0
1893,0.0,0.0,0.0,0.0
1894,0.0,0.0,0.0,0.0
1895,0.0,0.0,0.0,0.0
1896,0.0,0.0,0.0,0.0
1897,0.0,0.0,0.0,0.0
1898,0.0,0.0,0.0,0.0
1899,0.0,0.0,0.0,0.0
1900,0.0,0.0,0.0,0.0
1901,0.0,0.0,0.0,0.0
1902,0.0,0.0,0.0,0.0
1903,0.0,0.0,0.0,0.0
1904,0.0,0.0,0.0,0.0
1905,0.0,0.0,0.0,0.0
1906,0.0,0.0,0.0,0.0
1907,0.0,0.0,0.0,0.0
1908,0.0,0.0,0.0,0.0
1909,0.0,0.0,0.0,0.0
1910,0.0,0.0,0.0,0.0
1911,0.0,0.0,0.0,0.0
1912,0.0,0.0,0.0,0.0
1913,0.0,0.0,0.0,0.0
1914,0.0,0.0,0.0,0.0
1915,0.0,0.0,0.0,0.0
1916,0.0,0.0,0.0,0.0
1917,0.0,0.0,0.0,0.0
1918,0.0,0.0,0.0,0.0
1919,0.0,0.0,0.0,0.0
1920,0.0,0.0,0.0,0.0
1921,0.0,0.0,0.0,0.0
1922,0.0,0.0,0.0,0.0
1923,0.0,0.0,0.0,0.0
1924,0.0,0.0,0.0,0.0
1925,0.0,0.0,0.0,0.0
1926,0.0,0.0,0.0,0.0
1927,0.0,0.0,0.0,0.0
1928,0.0,0.0,0.0,0.0
1929,0.0,0.0,0.0,0.0
1930,0.0,0.0,0.0,0.0
1931,0.0,0.0,0.0,0.0
1932,0.0,0.0,0.0,0.0
1933,0.0,0.0,0.0,0.0
1934,0.0,0.0,0.0,0.0
1935,0.0,0.0,0.0,0.0
1936,0.0,0.0,0.0,0.0
1937,0.0,0.0,0.0,0.0
1938,0.0,0.0,0.0,0.0
1939,0.0,0.0,0.0,0.0
1940,0.0,0.0,0.0,0.0
1941,0.0,0.0,0.0,0.0
1942,0.0,0.0,0.0,0.0
1943,0.0,0.0,0.0,0.0
1944,0.0,0.0,0.0,0.0
1945,0.0,0.0,0.0,0.0
1946,0.0,0.0,0.0,0.0
1947,0.0,0.0,0.0,0.0
1948,0.0,0.0,0.0,0.0
1949,0.0,0.0,0.0,0.0
1950,0.0,0.0,0.0,0.0
1951,0.0,0.0,0.0,0.0
1952,0.0,0.0,0.0,0.0
1953,0.0,0.0,0.0,0.0
1954,0.0,0.0,0.0,0.0
1955,0.0,0.0,0.0,0.0
1956,0.0,0.0,0.0,0.0
1957,0.0,0.0,0.0,0.0
1958,0.0,0.0,0.0,0.0
1959,0.0,0.0,0.0,0.0
1960,0.0,0.0,0.0,0.0
1961,0.0,0.0,0.0,0.0
1962,0.0,0.0,0.0,0.0
1963,0.0,0.0,0.0,0.0
1964,0.0,0.0,0.0,0.0
1965,0.0,0.0,0.0,0.0
1966,0.0,0.0,0.0,0.0
1967,0.0,0.0,0.0,0.0
1968,0.0,0.0,0.0,0.0
1969,0.0,0.0,0.0,0.0
1970,0.0,0.0,0.0,0.0
1971,0.0,0.0,0.0,0.0
1972,0.0,0.0,0.0,0.0
1973,0.0,0.0,0.0,0.0
1974,0.0,0.0,0.0,0.0
1975,0.0,0.0,0.0,0.0
1976,0.0,0.0,0.0,0.0
1977,0.0,0.0,0.0,0.0
1978,0.0,0.0,0.0,0.0
1979,0.0,0.0,0.0,0.0
1980,0.0,0.0,0.0,0.0
1981,0.0,0.0,0.0,0.0
1982,0.0,0.0,0.0,0.0
1983,0.0,0.0,0.0,0.0
1984,0.0,0.0,0.0,0.0
1985,0.0,0.0,0.0,0.0
1986,0.0,0.0,0.0,0.0
1987,0.0,0.0,0.0,0.0
1988,0.0,0.0,0.0,0.0
1989,0.0,0.0,0.0,0.0
1990,0.0,0.0,0.0,0.0
1991,0.0,0.0,0.0,0.0
1992,0.0,0.0,0.0,0.0
1993,0.0,0.0,0.0,0.0
1994,0.0,0.0,0.0,0.0
1995,0.0,0.0,0.0,0.0
1996,0.0,0.0,0.0,0.0
1997,0.0,0.0,0.0,0.0
1998,0.0,0.0,0.0,0.0
1999,0.0,0.0,0.0,0.0
2000,0.0,0.0,0.0,0.0
2001,0.0,0.0,0.0,0.0
2002,0.0,0.0,0.0,0.0
2003,0.0,0.0,0.0,0.0
2004,0.0,0.0,0.0,0.0
2005,0.0,0.0,0.0,0.0
2006,0.0,0.0,0.0,0.0
2007,0.0,0.0,0.0,0.0
2008,0.0,0.0,0.0,0.0
2009,0.0,0.0,0.0,0.0
2010,0.0,0.0,0.0,0.0
2011,0.0,0.0,0.0,0.0
2012,0.0,0.0,0.0,0.0
2013,0.0,0.0,0.0,0.0
2014,0.0,0.0,0.0,0.0
2015,0.0,0.0,0.0,0.0
2016,0.0,0.0,0.0,0.0
2017,0.0,0.0,0.0,0.0
2018,0.0,0.0,0.0,0.0
2019,0.0,0.0,0.0,0.0
2020,0.0,0.0,0.0,0.0
2021,0.0,0.0,0.0,0.0
2022,0.0,0.0,0.0,0.0
2023,0.0,0.0,0.0,0.0
2024,0.0,0.0,0.0,0.0
2025,0.0,0.0,0.0,0.0
2026,0.0,0.0,0.0,0.0
2027,0.0,0.0,0.0,0.0
2028,0.0,0.0,0.0,0.0
2029,0.0,0.0,0.0,0.0
2030,0.0,0.0,0.0,0.0
2031,0.0,0.0,0.0,0.0
2032,0.0,0.0,0.0,0.0
2033,0.0,0.0,0.0,0.0
2034,0.0,0.0,0.0,0.0
2035,0.0,0.0,0.0,0.0
2036,0.0,0.0,0.0,0.0
2037,0.0,0.0,0.0,0.0
2038,0.0,0.0,0.0,0.0
2039,0.0,0.0,0.0,0.0
2040,0.0,0.0,0.0,0.0
2041,0.0,0.0,0.0,0.0
2042,0.0,0.0,0.0,0.0
2043,0.0,0.0,0.0,0.0
2044,0.0,0.0,0.0,0.0
2045,0.0,0.0,0.0,0.0
2046,0.0,0.0,0.0,0.0
2047,0.0,0.0,0.0,0.0
2048,0.0,0.0,0.0,0.0
2049,0.0,0.0,0.0,0.0
2050,0.0,0.0,0.0,0.0
2051,0.0,0.0,0.0,0.0
2052,0.0,0.0,0.0,0.0
2053,0.0,0.0,0.0,0.0
2054,0.0,0.0,0.0,0.0
2055,0.0,0.0,0.0,0.0
2056,0.0,0.0,0.0,0.0
2057,0.0,0.0,0.0,0.0
2058,0.0,0.0,0.0,0.0
2059,0.0,0.0,0.0,0.0
2060,0.0,0.0,0.0,0.0
2061,0.0,0.0,0.0,0.0
2062,0.0,0.0,0.0,0.0
2063,0.0,0.0,0.0,0.0
2064,0.0,0.0,0.0,0.0
2065,0.0,0.0,0.0,0.0
2066,0.0,0.0,0.0,0.0
2067,0.0,0.0,0.0,0.0
2068,0.0,0.0,0.0,0.0
2069,0.0,0.0,0.0,0.0
2070,0.0,0.0,0.0,0.0
2071,0.0,0.0,0.0,0.0
2072,0.0,0.0,0.0,0.0
2073,0.0,0.0,0.0,0.0
2074,0.0,0.0,0.0,0.0
2075,0.0,0.0,0.0,0.0
2076,0.0,0.0,0.0,0.0
2077,0.0,0.0,0.0,0.0
2078,0.0,0.0,0.0,0.0
2079,0.0,0.0,0.0,0.0
2080,0.0,0.0,0.0,0.0
2081,0.0,0.0,0.0,0.0
2082,0.0,0.0,0.0,0.0
2083,0.0,0.0,0.0,0.0
2084,0.0,0.0,0.0,0.0
2085,0.0,0.0,0.0,0.0
2086,0.0,0.0,0.0,0.0
2087,0.0,0.0,0.0,0.0
2088,0.0,0.0,0.0,0.0
2089,0.0,0.0,0.0,0.0
2090,0.0,0.0,0.0,0.0
2091,0.0,0.0,0.0,0.0
2092,0.0,0.0,0.0,0.0
2093,0.0,0.0,0.0,0.0
2094,0.0,0.0,0.0,0.0
2095,0.0,0.0,0.0,0.0
2096,0.0,0.0,0.0,0.0
2097,0.0,0.0,0.0,0.0
2098,0.0,0.0,0.0,0.0
2099,0.0,0.0,0.0,0.0
2100,0.0,0.0,0.0,0.0
2101,0.0,0.0,0.0,0.0
2102,0.0,0.0,0.0,0.0
2103,0.0,0.0,0.0,0.0
2104,0.0,0.0,0.0,0.0
2105,0.0,0.0,0.0,0.0
2106,0.0,0.0,0.0,0.0
2107,0.0,0.0,0.0,0.0
2108,0.0,0.0,0.0,0.0
2109,0.0,0.0,0.0,0.0
2110,0.0,0.0,0.0,0.0
2111,0.0,0.0,0.0,0.0
2112,0.0,0.0,0.0,0.0
2113,0.0,0.0,0.0,0.0
2114,0.0,0.0,0.0,0.0
2115,0.0,0.0,0.0,0.0
2116,0.0,0.0,0.0,0.0
2117,0.0,0.0,0.0,0.0
2118,0.0,0.0,0.0,0.0
2119,0.0,0.0,0.0,0.0
2120,0.0,0.0,0.0,0.0
2121,0.0,0.0,0.0,0.0
2122,0.0,0.0,0.0,0.0
2123,0.0,0.0,0.0,0.0
2124,0.0,0.0,0.0,0.0
2125,0.0,0.0,0.0,0.0
2126,0.0,0.0,0.0,0.0
2127,0.0,0.0,0.0,0.0
2128,0.0,0.0,0.0,0.0
2129,0.0,0.0,0.0,0.0
2130,0.0,0.0,0.0,0.0
2131,0.0,0.0,0.0,0.0
2132,0.0,0.0,0.0,0.0
2133,0.0,0.0,0.0,0.0
2134,0.0,0.0,0.0,0.0
2135,0.0,0.0,0.0,0.0
2136,0.0,0.0,0.0,0.0
2137,0.0,0.0,0.0,0.0
2138,0.0,0.0,0.0,0.0
2139,0.0,0.0,0.0,0.0
2140,0.0,0.0,0.0,0.0
2141,0.0,0.0,0.0,0.0
2142,0.0,0.0,0.0,0.0
2143,0.0,0.0,0.0,0.0
2144,0.0,0.0,0.0,0.0
2145,0.0,0.0,0.0,0.0
2146,0.0,0.0,0.0,0.0
2147,0.0,0.0,0.0,0.0
2148,0.0,0.0,0.0,0.0
2149,0.0,0.0,0.0,0.0
2150,0.0,0.0,0.0,0.0
2151,0.0,0.0,0.0,0.0
2152,0.0,0.0,0.0,0.0
2153,0.0,0.0,0.0,0.0
2154,0.0,0.0,0.0,0.0
2155,0.0,0.0,0.0,0.0
2156,0.0,0.0,0.0,0.0
2157,0.0,0.0,0.0,0.0
2158,0.0,0.0,0.0,0.0
2159,0.0,0.0,0.0,0.0
2160,0.0,0.0,0.0,0.0
2161,0.0,0.0,0.0,0.0
2162,0.0,0.0,0.0,0.0
2163,0.0,0.0,0.0,0.0
2164,0.0,0.0,0.0,0.0
2165,0.0,0.0,0.0,0.0
2166,0.0,0.0,0.0,0.0
2167,0.0,0.0,0.0,0.0
2168,0.0,0.0,0.0,0.0
2169,0.0,0.0,0.0,0.0
2170,0.0,0.0,0.0,0.0
2171,0.0,0.0,0.0,0.0
2172,0.0,0.0,0.0,0.0
2173,0.0,0.0,0.0,0.0
2174,0.0,0.0,0.0,0.0
2175,0.0,0.0,0.0,0.0
2176,0.0,0.0,0.0,0.0
2177,0.0,0.0,0.0,0.0
2178,0.0,0.0,0.0,0.0
2179,0.0,0.0,0.0,0.0
2180,0.0,0.0,0.0,0.0
2181,0.0,0.0,0.0,0.0
2182,0.0,0.0,0.0,0.0
2183,0.0,0.0,0.0,0.0
2184,0.0,0.0,0.0,0.0
2185,0.0,0.0,0.0,0.0
2186,0.0,0.0,0.0,0.0
2187,0.0,0.0,0.0,0.0
2188,0.0,0.0,0.0,0.0
2189,0.0,0.0,0.0,0.0
2190,0.0,0.0,0.0,0.0
2191,0.0,0.0,0.0,0.0
2192,0.0,0.0,0.0,0.0
2193,0.0,0.0,0.0,0.0
2194,0.0,0.0,0.0,0.0
2195,0.0,0.0,0.0,0.0
2196,0.0,0.0,0.0,0.0
2197,0.0,0.0,0.0,0.0
2198,0.0,0.0,0.0,0.0
2199,0.0,0.0,0.0,0.0
2200,0.0,0.0,0.0,0.0
2201,0.0,0.0,0.0,0.0
2202,0.0,0.0,0.0,0.0
2203,0.0,0.0,0.0,0.0
2204,0.0,0.0,0.0,0.0
2205,0.0,0.0,0.0,0.0
2206,0.0,0.0,0.0,0.0
2207,0.0,0.0,0.0,0.0
2208,0.0,0.0,0.0,0.0
2209,0.0,0.0,0.0,0.0
2210,0.0,0.0,0.0,0.0
2211,0.0,0.0,0.0,0.0
2212,0.0,0.0,0.0,0.0
2213,0.0,0.0,0.0,0.0
2214,0.0,0.0,0.0,0.0
2215,0.0,0.0,0.0,0.0
2216,0.0,0.0,0.0,0.0
2217,0.0,0.0,0.0,0.0
2218,0.0,0.0,0.0,0.0
2219,0.0,0.0,0.0,0.0
2220,0.0,0.0,0.0,0.0
2221,0.0,0.0,0.0,0.0
2222,0.0,0.0,0.0,0.0
2223,0.0,0.0,0.0,0.0
2224,0.0,0.0,0.0,0.0
2225,0.0,0.0,0.0,0.0
2226,0.0,0.0,0.0,0.0
2227,0.0,0.0,0.0,0.0
2228,0.0,0.0,0.0,0.0
2229,0.0,0.0,0.0,0.0
2230,0.0,0.0,0.0,0.0
2231,0.0,0.0,0.0,0.0
2232,0.0,0.0,0.0,0.0
2233,0.0,0.0,0.0,0.0
2234,0.0,0.0,0.0,0.0
2235,0.0,0.0,0.0,0.0
2236,0.0,0.0,0.0,0.0
2237,0.0,0.0,0.0,0.0
2238,0.0,0.0,0.0,0.0
2239,0.0,0.0,0.0,0.0
2240,0.0,0.0,0.0,0.0
2241,0.0,0.0,0.0,0.0
2242,0.0,0.0,0.0,0.0
2243,0.0,0.0,0.0,0.0
2244,0.0,0.0,0.0,0.0
2245,0.0,0.0,0.0,0.0
2246,0.0,0.0,0.0,0.0
2247,0.0,0.0,0.0,0.0
2248,0.0,0.0,0.0,0.0
2249,0.0,0.0,0.0,0.0
2250,0.0,0.0,0.0,0.0
2251,0.0,0.0,0.0,0.0
2252,0.0,0.0,0.0,0.0
2253,0.0,0.0,0.0,0.0
2254,0.0,0.0,0.0,0.0
2255,0.0,0.0,0.0,0.0
2256,0.0,0.0,0.0,0.0
2257,0.0,0.0,0.0,0.0
2258,0.0,0.0,0.0,0.0
2259,0.0,0.0,0.0,0.0
2260,0.0,0.0,0.0,0.0
2261,0.0,0.0,0.0,0.0
2262,0.0,0.0,0.0,0.0
2263,0.0,0.0,0.0,0.0
2264,0.0,0.0,0.0,0.0
2265,0.0,0.0,0.0,0.0
2266,0.0,0.0,0.0,0.0
2267,0.0,0.0,0.0,0.0
2268,0.0,0.0,0.0,0.0
2269,0.0,0.0,0.0,0.0
2270,0.0,0.0,0.0,0.0
2271,0.0,0.0,0.0,0.0
2272,0.0,0.0,0.0,0.0
2273,0.0,0.0,0.0,0.0
2274,0.0,0.0,0.0,0.0
2275,0.0,0.0,0.0,0.0
2276,0.0,0.0,0.0,0.0
2277,0.0,0.0,0.0,0.0
2278,0.0,0.0,0.0,0.0
2279,0.0,0.0,0.0,0.0
2280,0.0,0.0,0.0,0.0
2281,0.0,0.0,0.0,0.0
2282,0.0,0.0,0.0,0.0
2283,0.0,0.0,0.0,0.0
2284,0.0,0.0,0.0,0.0
2285,0.0,0.0,0.0,0.0
2286,0.0,0.0,0.0,0.0
2287,0.0,0.0,0.0,0.0
2288,0.0,0.0,0.0,0.0
2289,0.0,0.0,0.0,0.0
2290,0.0,0.0,0.0,0.0
2291,0.0,0.0,0.0,0.0
2292,0.0,0.0,0.0,0.0
2293,0.0,0.0,0.0,0.0
2294,0.0,0.0,0.0,0.0
2295,0.0,0.0,0.0,0.0
2296,0.0,0.0,0.0,0.0
2297,0.0,0.0,0.0,0.0
2298,0.0,0.0,0.0,0.0
2299,0.0,0.0,0.0,0.0
2300,0.0,0.0,0.0,0.0
2301,0.0,0.0,0.0,0.0
2302,0.0,0.0,0.0,0.0
2303,0.0,0.0,0.0,0.0
2304,0.0,0.0,0.0,0.0
2305,0.0,0.0,0.0,0.0
2306,0.0,0.0,0.0,0.0
2307,0.0,0.0,0.0,0.0
2308,0.0,0.0,0.0,0.0
2309,0.0,0.0,0.0,0.0
2310,0.0,0.0,0.0,0.0
2311,0.0,0.0,0.0,0.0
2312,0.0,0.0,0.0,0.0
2313,0.0,0.0,0.0,0.0
2314,0.0,0.0,0.0,0.0
2315,0.0,0.0,0.0,0.0
2316,0.0,0.0,0.0,0.0
2317,0.0,0.0,0.0,0.0
2318,0.0,0.0,0.0,0.0
2319,0.0,0.0,0.0,0.0
2320,0.0,0.0,0.0,0.0
2321,0.0,0.0,0.0,0.0
2322,0.0,0.0,0.0,0.0
2323,0.0,0.0,0.0,0.0
2324,0.0,0.0,0.0,0.0
2325,0.0,0.0,0.0,0.0
2326,0.0,0.0,0.0,0.0
2327,0.0,0.0,0.0,0.0
2328,0.0,0.0,0.0,0.0
2329,0.0,0.0,0.0,0.0
2330,0.0,0.0,0.0,0.0
2331,0.0,0.0,0.0,0.0
2332,0.0,0.0,0.0,0.0
2333,0.0,0.0,0.0,0.0
2334,0.0,0.0,0.0,0.0
2335,0.0,0.0,0.0,0.0
2336,0.0,0.0,0.0,0.0
2337,0.0,0.0,0.0,0.0
2338,0.0,0.0,0.0,0.0
2339,0.0,0.0,0.0,0.0
2340,0.0,0.0,0.0,0.0
2341,0.0,0.0,0.0,0.0
2342,0.0,0.0,0.0,0.0
2343,0.0,0.0,0.0,0.0
2344,0.0,0.0,0.0,0.0
2345,0.0,0.0,0.0,0.0
2346,0.0,0.0,0.0,0.0
2347,0.0,0.0,0.0,0.0
2348,0.0,0.0,0.0,0.0
2349,0.0,0.0,0.0,0.0
2350,0.0,0.0,0.0,0.0
2351,0.0,0.0,0.0,0.0
2352,0.0,0.0,0.0,0.0
2353,0.0,0.0,0.0,0.0
2354,0.0,0.0,0.0,0.0
2355,0.0,0.0,0.0,0.0
2356,0.0,0.0,0.0,0.0
2357,0.0,0.0,0.0,0.0
2358,0.0,0.0,0.0,0.0
2359,0.0,0.0,0.0,0.0
2360,0.0,0.0,0.0,0.0
2361,0.0,0.0,0.0,0.0
2362,0.0,0.0,0.0,0.0
2363,0.0,0.0,0.0,0.0
2364,0.0,0.0,0.0,0.0
2365,0.0,0.0,0.0,0.0
2366,0.0,0.0,0.0,0.0
2367,0.0,0.0,0.0,0.0
2368,0.0,0.0,0.0,0.0
2369,0.0,0.0,0.0,0.0
2370,0.0,0.0,0.0,0.0
2371,0.0,0.0,0.0,0.0
2372,0.0,0.0,0.0,0.0
2373,0.0,0.0,0.0,0.0
2374,0.0,0.0,0.0,0.0
2375,0.0,0.0,0.0,0.0
2376,0.0,0.0,0.0,0.0
2377,0.0,0.0,0.0,0.0
2378,0.0,0.0,0.0,0.0
2379,0.0,0.0,0.0,0.0
2380,0.0,0.0,0.0,0.0
2381,0.0,0.0,0.0,0.0
2382,0.0,0.0,0.0,0.0
2383,0.0,0.0,0.0,0.0
2384,0.0,0.0,0.0,0.0
2385,0.0,0.0,0.0,0.0
2386,0.0,0.0,0.0,0.0
2387,0.0,0.0,0.0,0.0
2388,0.0,0.0,0.0,0.0
2389,0.0,0.0,0.0,0.0
2390,0.0,0.0,0.0,0.0
2391,0.0,0.0,0.0,0.0
2392,0.0,0.0,0.0,0.0
2393,0.0,0.0,0.0,0.0
2394,0.0,0.0,0.0,0.0
2395,0.0,0.0,0.0,0.0
2396,0.0,0.0,0.0,0.0
2397,0.0,0.0,0.0,0.0
2398,0.0,0.0,0.0,0.0
2399,0.0,0.0,0.0,0.0
2400,0.0,0.0,0.0,0.0
2401,0.0,0.0,0.0,0.0
2402,0.0,0.0,0.0,0.0
2403,0.0,0.0,0.0,0.0
2404,0.0,0.0,0.0,0.0
2405,0.0,0.0,0.0,0.0
2406,0.0,0.0,0.0,0.0
2407,0.0,0.0,0.0,0.0
2408,0.0,0.0,0.0,0.0
2409,0.0,0.0,0.0,0.0
2410,0.0,0.0,0.0,0.0
2411,0.0,0.0,0.0,0.0
2412,0.0,0.0,0.0,0.0
2413,0.0,0.0,0.0,0.0
2414,0.0,0.0,0.0,0.0
2415,0.0,0.0,0.0,0.0
2416,0.0,0.0,0.0,0.0
2417,0.0,0.0,0.0,0.0
2418,0.0,0.0,0.0,0.0
2419,0.0,0.0,0.0,0.0
2420,0.0,0.0,0.0,0.0
2421,0.0,0.0,0.0,0.0
2422,0.0,0.0,0.0,0.0
2423,0.0,0.0,0.0,0.0
2424,0.0,0.0,0.0,0.0
2425,0.0,0.0,0.0,0.0
2426,0.0,0.0,0.0,0.0
2427,0.0,0.0,0.0,0.0
2428,0.0,0.0,0.0,0.0
2429,0.0,0.0,0.0,0.0
2430,0.0,0.0,0.0,0.0
2431,0.0,0.0,0.0,0.0
2432,0.0,0.0,0.0,0.0
2433,0.0,0.0,0.0,0.0
2434,0.0,0.0,0.0,0.0
2435,0.0,0.0,0.0,0.0
2436,0.0,0.0,0.0,0.0
2437,0.0,0.0,0.0,0.0
2438,0.0,0.0,0.0,0.0
2439,0.0,0.0,0.0,0.0
2440,0.0,0.0,0.0,0.0
2441,0.0,0.0,0.0,0.0
2442,0.0,0.0,0.0,0.0
2443,0.0,0.0,0.0,0.0
2444,0.0,0.0,0.0,0.0
2445,0.0,0.0,0.0,0.0
2446,0.0,0.0,0.0,0.0
2447,0.0,0.0,0.0,0.0
2448,0.0,0.0,0.0,0.0
2449,0.0,0.0,0.0,0.0
2450,0.0,0.0,0.0,0.0
2451,0.0,0.0,0.0,0.0
2452,0.0,0.0,0.0,0.0
2453,0.0,0.0,0.0,0.0
2454,0.0,0.0,0.0,0.0
2455,0.0,0.0,0.0,0.0
2456,0.0,0.0,0.0,0.0
2457,0.0,0.0,0.0,0.0
2458,0.0,0.0,0.0,0.0
2459,0.0,0.0,0.0,0.0
2460,0.0,0.0,0.0,0.0
2461,0.0,0.0,0.0,0.0
2462,0.0,0.0,0.0,0.0
2463,0.0,0.0,0.0,0.0
2464,0.0,0.0,0.0,0.0
2465,0.0,0.0,0.0,0.0
2466,0.0,0.0,0.0,0.0
2467,0.0,0.0,0.0,0.0
2468,0.0,0.0,0.0,0.0
2469,0.0,0.0,0.0,0.0
2470,0.0,0.0,0.0,0.0
2471,0.0,0.0,0.0,0.0
2472,0.0,0.0,0.0,0.0
2473,0.0,0.0,0.0,0.0
2474,0.0,0.0,0.0,0.0
2475,0.0,0.0,0.0,0.0
2476,0.0,0.0,0.0,0.0
2477,0.0,0.0,0.0,0.0
2478,0.0,0.0,0.0,0.0
2479,0.0,0.0,0.0,0.0
2480,0.0,0.0,0.0,0.0
2481,0.0,0.0,0.0,0.0
2482,0.0,0.0,0.0,0.0
2483,0.0,0.0,0.0,0.0
2484,0.0,0.0,0.0,0.0
2485,0.0,0.0,0.0,0.0
2486,0.0,0.0,0.0,0.0
2487,0.0,0.0,0.0,0.0
2488,0.0,0.0,0.0,0.0
2489,0.0,0.0,0.0,0.0
2490,0.0,0.0,0.0,0.0
2491,0.0,0.0,0.0,0.0
2492,0.0,0.0,0.0,0.0
2493,0.0,0.0,0.0,0.0
2494,0.0,0.0,0.0,0.0
2495,0.0,0.0,0.0,0.0
2496,0.0,0.0,0.0,0.0
2497,0.0,0.0,0.0,0.0
2498,0.0,0.0,0.0,0.0
2499,0.0,0.0,0.0,0.0
2500,0.0,0.0,0.0,0.0
2501,0.0,0.0,0.0,0.0
2502,0.0,0.0,0.0,0.0
2503,0.0,0.0,0.0,0.0
2504,0.0,0.0,0.0,0.0
2505,0.0,0.0,0.0,0.0
2506,0.0,0.0,0.0,0.0
2507,0.0,0.0,0.0,0.0
2508,0.0,0.0,0.0,0.0
2509,0.0,0.0,0.0,0.0
2510,0.0,0.0,0.0,0.0
2511,0.0,0.0,0.0,0.0
2512,0.0,0.0,0.0,0.0
2513,0.0,0.0,0.0,0.0
2514,0.0,0.0,0.0,0.0
2515,0.0,0.0,0.0,0.0
2516,0.0,0.0,0.0,0.0
2517,0.0,0.0,0.0,0.0
2518,0.0,0.0,0.0,0.0
2519,0.0,0.0,0.0,0.0
2520,0.0,0.0,0.0,0.0
2521,0.0,0.0,0.0,0.0
2522,0.0,0.0,0.0,0.0
2523,0.0,0.0,0.0,0.0
2524,0.0,0.0,0.0,0.0
2525,0.0,0.0,0.0,0.0
2526,0.0,0.0,0.0,0.0
2527,0.0,0.0,0.0,0.0
2528,0.0,0.0,0.0,0.0
2529,0.0,0.0,0.0,0.0
2530,0.0,0.0,0.0,0.0
2531,0.0,0.0,0.0,0.0
2532,0.0,0.0,0.0,0.0
2533,0.0,0.0,0.0,0.0
2534,0.0,0.0,0.0,0.0
2535,0.0,0.0,0.0,0.0
2536,0.0,0.0,0.0,0.0
2537,0.0,0.0,0.0,0.0
2538,0.0,0.0,0.0,0.0
2539,0.0,0.0,0.0,0.0
2540,0.0,0.0,0.0,0.0
2541,0.0,0.0,0.0,0.0
2542,0.0,0.0,0.0,0.0
2543,0.0,0.0,0.0,0.0
2544,0.0,0.0,0.0,0.0
2545,0.0,0.0,0.0,0.0
2546,0.0,0.0,0.0,0.0
2547,0.0,0.0,0.0,0.0
2548,0.0,0.0,0.0,0.0
2549,0.0,0.0,0.0,0.0
2550,0.0,0.0,0.0,0.0
2551,0.0,0.0,0.0,0.0
2552,0.0,0.0,0.0,0.0
2553,0.0,0.0,0.0,0.0
2554,0.0,0.0,0.0,0.0
2555,0.0,0.0,0.0,0.0
2556,0.0,0.0,0.0,0.0
2557,0.0,0.0,0.0,0.0
2558,0.0,0.0,0.0,0.0
2559,0.0,0.0,0.0,0.0
2560,0.0,0.0,0.0,0.0
2561,0.0,0.0,0.0,0.0
2562,0.0,0.0,0.0,0.0
2563,0.0,0.0,0.0,0.0
2564,0.0,0.0,0.0,0.0
2565,0.0,0.0,0.0,0.0
2566,0.0,0.0,0.0,0.0
2567,0.0,0.0,0.0,0.0
2568,0.0,0.0,0.0,0.0
2569,0.0,0.0,0.0,0.0
2570,0.0,0.0,0.0,0.0
2571,0.0,0.0,0.0,0.0
2572,0.0,0.0,0.0,0.0
2573,0.0,0.0,0.0,0.0
2574,0.0,0.0,0.0,0.0
2575,0.0,0.0,0.0,0.0
2576,0.0,0.0,0.0,0.0
2577,0.0,0.0,0.0,0.0
2578,0.0,0.0,0.0,0.0
2579,0.0,0.0,0.0,0.0
2580,0.0,0.0,0.0,0.0
2581,0.0,0.0,0.0,0.0
2582,0.0,0.0,0.0,0.0
2583,0.0,0.0,0.0,0.0
2584,0.0,0.0,0.0,0.0
2585,0.0,0.0,0.0,0.0
2586,0.0,0.0,0.0,0.0
2587,0.0,0.0,0.0,0.0
2588,0.0,0.0,0.0,0.0
2589,0.0,0.0,0.0,0.0
2590,0.0,0.0,0.0,0.0
2591,0.0,0.0,0.0,0.0
2592,0.0,0.0,0.0,0.0
2593,0.0,0.0,0.0,0.0
2594,0.0,0.0,0.0,0.0
2595,0.0,0.0,0.0,0.0
2596,0.0,0.0,0.0,0.0
2597,0.0,0.0,0.0,0.0
2598,0.0,0.0,0.0,0.0
2599,0.0,0.0,0.0,0.0
2600,0.0,0.0,0.0,0.0
2601,0.0,0.0,0.0,0.0
2602,0.0,0.0,0.0,0.0
2603,0.0,0.0,0.0,0.0
2604,0.0,0.0,0.0,0.0
2605,0.0,0.0,0.0,0.0
2606,0.0,0.0,0.0,0.0
2607,0.0,0.0,0.0,0.0
2608,0.0,0.0,0.0,0.0
2609,0.0,0.0,0.0,0.0
2610,0.0,0.0,0.0,0.0
2611,0.0,0.0,0.0,0.0
2612,0.0,0.0,0.0,0.0
2613,0.0,0.0,0.0,0.0
2614,0.0,0.0,0.0,0.0
2615,0.0,0.0,0.0,0.0
2616,0.0,0.0,0.0,0.0
2617,0.0,0.0,0.0,0.0
2618,0.0,0.0,0.0,0.0
2619,0.0,0.0,0.0,0.0
2620,0.0,0.0,0.0,0.0
2621,0.0,0.0,0.0,0.0
2622,0.0,0.0,0.0,0.0
2623,0.0,0.0,0.0,0.0
2624,0.0,0.0,0.0,0.0
2625,0.0,0.0,0.0,0.0
2626,0.0,0.0,0.0,0.0
2627,0.0,0.0,0.0,0.0
2628,0.0,0.0,0.0,0.0
2629,0.0,0.0,0.0,0.0
2630,0.0,0.0,0.0,0.0
2631,0.0,0.0,0.0,0.0
2632,0.0,0.0,0.0,0.0
2633,0.0,0.0,0.0,0.0
2634,0.0,0.0,0.0,0.0
2635,0.0,0.0,0.0,0.0
2636,0.0,0.0,0.0,0.0
2637,0.0,0.0,0.0,0.0
2638,0.0,0.0,0.0,0.0
2639,0.0,0.0,0.0,0.0
2640,0.0,0.0,0.0,0.0
2641,0.0,0.0,0.0,0.0
2642,0.0,0.0,0.0,0.0
2643,0.0,0.0,0.0,0.0
2644,0.0,0.0,0.0,0.0
2645,0.0,0.0,0.0,0.0
2646,0.0,0.0,0.0,0.0
2647,0.0,0.0,0.0,0.0
2648,0.0,0.0,0.0,0.0
2649,0.0,0.0,0.0,0.0
2650,0.0,0.0,0.0,0.0
2651,0.0,0.0,0.0,0.0
2652,0.0,0.0,0.0,0.0
2653,0.0,0.0,0.0,0.0
2654,0.0,0.0,0.0,0.0
2655,0.0,0.0,0.0,0.0
2656,0.0,0.0,0.0,0.0
2657,0.0,0.0,0.0,0.0
2658,0.0,0.0,0.0,0.0
2659,0.0,0.0,0.0,0.0
2660,0.0,0.0,0.0,0.0
2661,0.0,0.0,0.0,0.0
2662,0.0,0.0,0.0,0.0
2663,0.0,0.0,0.0,0.0
2664,0.0,0.0,0.0,0.0
2665,0.0,0.0,0.0,0.0
2666,0.0,0.0,0.0,0.0
2667,0.0,0.0,0.0,0.0
2668,0.0,0.0,0.0,0.0
2669,0.0,0.0,0.0,0.0
2670,0.0,0.0,0.0,0.0
2671,0.0,0.0,0.0,0.0
2672,0.0,0.0,0.0,0.0
2673,0.0,0.0,0.0,0.0
2674,0.0,0.0,0.0,0.0
2675,0.0,0.0,0.0,0.0
2676,0.0,0.0,0.0,0.0
2677,0.0,0.0,0.0,0.0
2678,0.0,0.0,0.0,0.0
2679,0.0,0.0,0.0,0.0
2680,0.0,0.0,0.0,0.0
2681,0.0,0.0,0.0,0.0
2682,0.0,0.0,0.0,0.0
2683,0.0,0.0,0.0,0.0
2684,0.0,0.0,0.0,0.0
2685,0.0,0.0,0.0,0.0
2686,0.0,0.0,0.0,0.0
2687,0.0,0.0,0.0,0.0
2688,0.0,0.0,0.0,0.0
2689,0.0,0.0,0.0,0.0
2690,0.0,0.0,0.0,0.0
2691,0.0,0.0,0.0,0.0
2692,0.0,0.0,0.0,0.0
2693,0.0,0.0,0.0,0.0
2694,0.0,0.0,0.0,0.0
2695,0.0,0.0,0.0,0.0
2696,0.0,0.0,0.0,0.0
2697,0.0,0.0,0.0,0.0
2698,0.0,0.0,0.0,0.0
2699,0.0,0.0,0.0,0.0
2700,0.0,0.0,0.0,0.0
2701,0.0,0.0,0.0,0.0
2702,0.0,0.0,0.0,0.0
2703,0.0,0.0,0.0,0.0
2704,0.0,0.0,0.0,0.0
2705,0.0,0.0,0.0,0.0
2706,0.0,0.0,0.0,0.0
2707,0.0,0.0,0.0,0.0
2708,0.0,0.0,0.0,0.0
2709,0.0,0.0,0.0,0.0
2710,0.0,0.0,0.0,0.0
2711,0.0,0.0,0.0,0.0
2712,0.0,0.0,0.0,0.0
2713,0.0,0.0,0.0,0.0
2714,0.0,0.0,0.0,0.0
2715,0.0,0.0,0.0,0.0
2716,0.0,0.0,0.0,0.0
2717,0.0,0.0,0.0,0.0
2718,0.0,0.0,0.0,0.0
2719,0.0,0.0,0.0,0.0
2720,0.0,0.0,0.0,0.0
2721,0.0,0.0,0.0,0.0
2722,0.0,0.0,0.0,0.0
2723,0.0,0.0,0.0,0.0
2724,0.0,0.0,0.0,0.0
2725,0.0,0.0,0.0,0.0
2726,0.0,0.0,0.0,0.0
2727,0.0,0.0,0.0,0.0
2728,0.0,0.0,0.0,0.0
2729,0.0,0.0,0.0,0.0
2730,0.0,0.0,0.0,0.0
2731,0.0,0.0,0.0,0.0
2732,0.0,0.0,0.0,0.0
2733,0.0,0.0,0.0,0.0
2734,0.0,0.0,0.0,0.0
2735,0.0,0.0,0.0,0.0
2736,0.0,0.0,0.0,0.0
2737,0.0,0.0,0.0,0.0
2738,0.0,0.0,0.0,0.0
2739,0.0,0.0,0.0,0.0
2740,0.0,0.0,0.0,0.0
2741,0.0,0.0,0.0,0.0
2742,0.0,0.0,0.0,0.0
2743,0.0,0.0,0.0,0.0
2744,0.0,0.0,0.0,0.0
2745,0.0,0.0,0.0,0.0
2746,0.0,0.0,0.0,0.0
2747,0.0,0.0,0.0,0.0
2748,0.0,0.0,0.0,0.0
2749,0.0,0.0,0.0,0.0
2750,0.0,0.0,0.0,0.0
2751,0.0,0.0,0.0,0.0
2752,0.0,0.0,0.0,0.0
2753,0.0,0.0,0.0,0.0
2754,0.0,0.0,0.0,0.0
2755,0.0,0.0,0.0,0.0
2756,0.0,0.0,0.0,0.0
2757,0.0,0.0,0.0,0.0
2758,0.0,0.0,0.0,0.0
2759,0.0,0.0,0.0,0.0
2760,0.0,0.0,0.0,0.0
2761,0.0,0.0,0.0,0.0
2762,0.0,0.0,0.0,0.0
2763,0.0,0.0,0.0,0.0
2764,0.0,0.0,0.0,0.0
2765,0.0,0.0,0.0,0.0
2766,0.0,0.0,0.0,0.0
2767,0.0,0.0,0.0,0.0
2768,0.0,0.0,0.0,0.0
2769,0.0,0.0,0.0,0.0
2770,0.0,0.0,0.0,0.0
2771,0.0,0.0,0.0,0.0
2772,0.0,0.0,0.0,0.0
2773,0.0,0.0,0.0,0.0
2774,0.0,0.0,0.0,0.0
2775,0.0,0.0,0.0,0.0
2776,0.0,0.0,0.0,0.0
2777,0.0,0.0,0.0,0.0
2778,0.0,0.0,0.0,0.0
2779,0.0,0.0,0.0,0.0
2780,0.0,0.0,0.0,0.0
2781,0.0,0.0,0.0,0.0
2782,0.0,0.0,0.0,0.0
2783,0.0,0.0,0.0,0.0
2784,0.0,0.0,0.0,0.0
2785,0.0,0.0,0.0,0.0
2786,0.0,0.0,0.0,0.0
2787,0.0,0.0,0.0,0.0
2788,0.0,0.0,0.0,0.0
2789,0.0,0.0,0.0,0.0
2790,0.0,0.0,0.0,0.0
2791,0.0,0.0,0.0,0.0
2792,0.0,0.0,0.0,0.0
2793,0.0,0.0,0.0,0.0
2794,0.0,0.0,0.0,0.0
2795,0.0,0.0,0.0,0.0
2796,0.0,0.0,0.0,0.0
2797,0.0,0.0,0.0,0.0
2798,0.0,0.0,0.0,0.0
2799,0.0,0.0,0.0,0.0
2800,0.0,0.0,0.0,0.0
2801,0.0,0.0,0.0,0.0
2802,0.0,0.0,0.0,0.0
2803,0.0,0.0,0.0,0.0
2804,0.0,0.0,0.0,0.0
2805,0.0,0.0,0.0,0.0
2806,0.0,0.0,0.0,0.0
2807,0.0,0.0,0.0,0.0
2808,0.0,0.0,0.0,0.0
2809,0.0,0.0,0.0,0.0
2810,0.0,0.0,0.0,0.0
2811,0.0,0.0,0.0,0.0
2812,0.0,0.0,0.0,0.0
2813,0.0,0.0,0.0,0.0
2814,0.0,0.0,0.0,0.0
2815,0.0,0.0,0.0,0.0
2816,0.0,0.0,0.0,0.0
2817,0.0,0.0,0.0,0.0
2818,0.0,0.0,0.0,0.0
2819,0.0,0.0,0.0,0.0
2820,0.0,0.0,0.0,0.0
2821,0.0,0.0,0.0,0.0
2822,0.0,0.0,0.0,0.0
2823,0.0,0.0,0.0,0.0
2824,0.0,0.0,0.0,0.0
2825,0.0,0.0,0.0,0.0
2826,0.0,0.0,0.0,0.0
2827,0.0,0.0,0.0,0.0
2828,0.0,0.0,0.0,0.0
2829,0.0,0.0,0.0,0.0
2830,0.0,0.0,0.0,0.0
2831,0.0,0.0,0.0,0.0
2832,0.0,0.0,0.0,0.0
2833,0.0,0.0,0.0,0.0
2834,0.0,0.0,0.0,0.0
2835,0.0,0.0,0.0,0.0
2836,0.0,0.0,0.0,0.0
2837,0.0,0.0,0.0,0.0
2838,0.0,0.0,0.0,0.0
2839,0.0,0.0,0.0,0.0
2840,0.0,0.0,0.0,0.0
2841,0.0,0.0,0.0,0.0
2842,0.0,0.0,0.0,0.0
2843,0.0,0.0,0.0,0.0
2844,0.0,0.0,0.0,0.0
2845,0.0,0.0,0.0,0.0
2846,0.0,0.0,0.0,0.0
2847,0.0,0.0,0.0,0.0
2848,0.0,0.0,0.0,0.0
2849,0.0,0.0,0.0,0.0
2850,0.0,0.0,0.0,0.0
2851,0.0,0.0,0.0,0.0
2852,0.0,0.0,0.0,0.0
2853,0.0,0.0,0.0,0.0
2854,0.0,0.0,0.0,0.0
2855,0.0,0.0,0.0,0.0
2856,0.0,0.0,0.0,0.0
2857,0.0,0.0,0.0,0.0
2858,0.0,0.0,0.0,0.0
2859,0.0,0.0,0.0,0.0
2860,0.0,0.0,0.0,0.0
2861,0.0,0.0,0.0,0.0
2862,0.0,0.0,0.0,0.0
2863,0.0,0.0,0.0,0.0
2864,0.0,0.0,0.0,0.0
2865,0.0,0.0,0.0,0.0
2866,0.0,0.0,0.0,0.0
2867,0.0,0.0,0.0,0.0
2868,0.0,0.0,0.0,0.0
2869,0.0,0.0,0.0,0.0
2870,0.0,0.0,0.0,0.0
2871,0.0,0.0,0.0,0.0
2872,0.0,0.0,0.0,0.0
2873,0.0,0.0,0.0,0.0
2874,0.0,0.0,0.0,0.0
2875,0.0,0.0,0.0,0.0
2876,0.0,0.0,0.0,0.0
2877,0.0,0.0,0.0,0.0
2878,0.0,0.0,0.0,0.0
2879,0.0,0.0,0.0,0.0
2880,0.0,0.0,0.0,0.0
2881,0.0,0.0,0.0,0.0
2882,0.0,0.0,0.0,0.0
2883,0.0,0.0,0.0,0.0
2884,0.0,0.0,0.0,0.0
2885,0.0,0.0,0.0,0.0
2886,0.0,0.0,0.0,0.0
2887,0.0,0.0,0.0,0.0
2888,0.0,0.0,0.0,0.0
2889,0.0,0.0,0.0,0.0
2890,0.0,0.0,0.0,0.0
2891,0.0,0.0,0.0,0.0
2892,0.0,0.0,0.0,0.0
2893,0.0,0.0,0.0,0.0
2894,0.0,0.0,0.0,0.0
2895,0.0,0.0,0.0,0.0
2896,0.0,0.0,0.0,0.0
2897,0.0,0.0,0.0,0.0
2898,0.0,0.0,0.0,0.0
2899,0.0,0.0,0.0,0.0
2900,0.0,0.0,0.0,0.0
2901,0.0,0.0,0.0,0.0
2902,0.0,0.0,0.0,0.0
2903,0.0,0.0,0.0,0.0
2904,0.0,0.0,0.0,0.0
2905,0.0,0.0,0.0,0.0
2906,0.0,0.0,0.0,0.0
2907,0.0,0.0,0.0,0.0
2908,0.0,0.0,0.0,0.0
2909,0.0,0.0,0.0,0.0
2910,0.0,0.0,0.0,0.0
2911,0.0,0.0,0.0,0.0
2912,0.0,0.0,0.0,0.0
2913,0.0,0.0,0.0,0.0
2914,0.0,0.0,0.0,0.0
2915,0.0,0.0,0.0,0.0
2916,0.0,0.0,0.0,0.0
2917,0.0,0.0,0.0,0.0
2918,0.0,0.0,0.0,0.0
2919,0.0,0.0,0.0,0.0
2920,0.0,0.0,0.0,0.0
2921,0.0,0.0,0.0,0.0
2922,0.0,0.0,0.0,0.0
2923,0.0,0.0,0.0,0.0
2924,0.0,0.0,0.0,0.0
2925,0.0,0.0,0.0,0.0
2926,0.0,0.0,0.0,0.0
2927,0.0,0.0,0.0,0.0
2928,0.0,0.0,0.0,0.0
2929,0.0,0.0,0.0,0.0
2930,0.0,0.0,0.0,0.0
2931,0.0,0.0,0.0,0.0
2932,0.0,0.0,0.0,0.0
2933,0.0,0.0,0.0,0.0
2934,0.0,0.0,0.0,0.0
2935,0.0,0.0,0.0,0.0
2936,0.0,0.0,0.0,0.0
2937,0.0,0.0,0.0,0.0
2938,0.0,0.0,0.0,0.0
2939,0.0,0.0,0.0,0.0
2940,0.0,0.0,0.0,0.0
2941,0.0,0.0,0.0,0.0
2942,0.0,0.0,0.0,0.0
2943,0.0,0.0,0.0,0.0
2944,0.0,0.0,0.0,0.0
2945,0.0,0.0,0.0,0.0
2946,0.0,0.0,0.0,0.0
2947,0.0,0.0,0.0,0.0
2948,0.0,0.0,0.0,0.0
2949,0.0,0.0,0.0,0.0
2950,0.0,0.0,0.0,0.0
2951,0.0,0.0,0.0,0.0
2952,0.0,0.0,0.0,0.0
2953,0.0,0.0,0.0,0.0
2954,0.0,0.0,0.0,0.0
2955,0.0,0.0,0.0,0.0
2956,0.0,0.0,0.0,0.0
2957,0.0,0.0,0.0,0.0
2958,0.0,0.0,0.0,0.0
2959,0.0,0.0,0.0,0.0
2960,0.0,0.0,0.0,0.0
2961,0.0,0.0,0.0,0.0
2962,0.0,0.0,0.0,0.0
2963,0.0,0.0,0.0,0.0
2964,0.0,0.0,0.0,0.0
2965,0.0,0.0,0.0,0.0
2966,0.0,0.0,0.0,0.0
2967,0.0,0.0,0.0,0.0
2968,0.0,0.0,0.0,0.0
2969,0.0,0.0,0.0,0.0
2970,0.0,0.0,0.0,0.0
2971,0.0,0.0,0.0,0.0
2972,0.0,0.0,0.0,0.0
2973,0.0,0.0,0.0,0.0
2974,0.0,0.0,0.0,0.0
2975,0.0,0.0,0.0,0.0
2976,0.0,0.0,0.0,0.0
2977,0.0,0.0,0.0,0.0
2978,0.0,0.0,0.0,0.0
2979,0.0,0.0,0.0,0.0
2980,0.0,0.0,0.0,0.0
2981,0.0,0.0,0.0,0.0
2982,0.0,0.0,0.0,0.0
2983,0.0,0.0,0.0,0.0
2984,0.0,0.0,0.0,0.0
2985,0.0,0.0,0.0,0.0
2986,0.0,0.0,0.0,0.0
2987,0.0,0.0,0.0,0.0
2988,0.0,0.0,0.0,0.0
2989,0.0,0.0,0.0,0.0
2990,0.0,0.0,0.0,0.0
2991,0.0,0.0,0.0,0.0
2992,0.0,0.0,0.0,0.0
2993,0.0,0.0,0.0,0.0
2994,0.0,0.0,0.0,0.0
2995,0.0,0.0,0.0,0.0
2996,0.0,0.0,0.0,0.0
2997,0.0,0.0,0.0,0.0
2998,0.0,0.0,0.0,0.0
2999,-19.425789,11392.23,19.385391,11392.264
3000,-4.498775,10569.443,4.4244866,10569.445
3001,-3.6486197,9686.536,3.6603932,9686.537
3002,-3.3898807,8938.183,3.5541763,8938.185
3003,-3.3514216,8133.2812,3.3718903,8133.2827
3004,-3.3054254,7385.5586,3.3275075,7385.56
3005,-3.2495024,6806.6533,3.5087092,6806.655
3006,-3.5937512,6323.042,3.6247718,6323.0444
3007,-3.4892614,5568.715,3.5281928,5568.7173
3008,-3.33703,5286.409,3.6419787,5286.4116
3009,-3.5048597,4663.028,3.189016,4663.0303
3010,-3.4067955,4235.0303,3.4183102,4235.033
3011,-3.0312693,3910.252,3.386775,3910.2546
3012,-3.7633862,3593.991,3.4071693,3593.9946
3013,-3.2400315,3202.366,3.2612705,3202.3694
3014,-3.9444585,2957.6128,3.5952253,2957.6174
3015,-3.7530794,2509.3975,3.778174,2509.403
3016,-4.111162,2365.1372,3.7588577,2365.1438
3017,-3.2304099,2171.3462,3.2490463,2171.351
3018,-3.2645516,1902.7069,3.2879846,1902.7125
3019,-3.5613847,1648.234,3.2195792,1648.241
3020,-4.08788,1522.4756,3.7381606,1522.4857
3021,-3.7975054,1345.1427,3.809789,1345.1534
3022,-3.4434748,1189.6338,3.4575605,1189.6438
3023,-3.3147912,1148.0974,3.700492,1148.1082
3024,-3.1897564,822.8895,3.1950536,822.9019
3025,-3.2712386,846.75476,3.658102,846.769
3026,-3.3940172,584.17993,3.4214835,584.1998
3027,-3.4316697,645.8086,3.7728605,645.82874
3028,-3.7417564,495.96036,3.4247484,495.9863
3029,-3.0744927,469.04062,3.0892234,469.06088
3030,-3.6300707,243.72531,3.325582,243.77502
3031,-2.9574776,327.9149,2.9691617,327.94165
3032,-3.1743157,162.70163,3.1697335,162.76346
3033,-3.6420116,266.1949,3.0652938,266.23746
3034,-2.9751928,62.411438,3.5643141,62.583893
3035,-3.1537626,63.105682,2.8833728,63.250195
3036,-2.7795343,23.953604,3.0579634,24.30745
3037,0.0,0.0,0.0,0.0
3038,0.0,0.0,0.0,0.0
3039,0.0,0.0,0.0,0.0
3040,0.0,0.0,0.0,0.0
3041,0.0,0.0,0.0,0.0
3042,0.0,0.0,0.0,0.0
3043,0.0,0.0,0.0,0.0
3044,0.0,0.0,0.0,0.0
3045,0.0,0.0,0.0,0.0
3046,0.0,0.0,0.0,0.0
3047,0.0,0.0,0.0,0.0
3048,0.0,0.0,0.0,0.0
3049,0.0,0.0,0.0,0.0
3050,0.0,0.0,0.0,0.0
3051,0.0,0.0,0.0,0.0
3052,0.0,0.0,0.0,0.0
3053,0.0,0.0,0.0,0.0
3054,0.0,0.0,0.0,0.0
3055,0.0,0.0,0.0,0.0
3056,0.0,0.0,0.0,0.0
3057,0.0,0.0,0.0,0.0
3058,0.0,0.0,0.0,0.0
3059,0.0,0.0,0.0,0.0
3060,0.0,0.0,0.0,0.0
3061,0.0,0.0,0.0,0.0
3062,0.0,0.0,0.0,0.0
3063,0.0,0.0,0.0,0.0
3064,0.0,0.0,0.0,0.0
3065,0.0,0.0,0.0,0.0
3066,0.0,0.0,0.0,0.0
3067,0.0,0.0,0.0,0.0
3068,0.0,0.0,0.0,0.0
3069,0.0,0.0,0.0,0.0
3070,0.0,0.0,0.0,0.0
3071,0.0,0.0,0.0,0.0
3072,0.0,0.0,0.0,0.0
3073,0.0,0.0,0.0,0.0
3074,0.0,0.0,0.0,0.0
3075,0.0,0.0,0.0,0.0
3076,0.0,0.0,0.0,0.0
3077,0.0,0.0,0.0,0.0
3078,0.0,0.0,0.0,0.0
3079,0.0,0.0,0.0,0.0
3080,0.0,0.0,0.0,0.0
3081,0.0,0.0,0.0,0.0
3082,0.0,0.0,0.0,0.0
3083,0.0,0.0,0.0,0.0
3084,0.0,0.0,0.0,0.0
3085,0.0,0.0,0.0,0.0
3086,0.0,0.0,0.0,0.0
3087,0.0,0.0,0.0,0.0
3088,0.0,0.0,0.0,0.0
3089,0.0,0.0,0.0,0.0
3090,0.0,0.0,0.0,0.0
3091,0.0,0.0,0.0,0.0
3092,0.0,0.0,0.0,0.0
3093,0.0,0.0,0.0,0.0
3094,0.0,0.0,0.0,0.0
3095,0.0,0.0,0.0,0.0
3096,0.0,0.0,0.0,0.0
3097,0.0,0.0,0.0,0.0
3098,0.0,0.0,0.0,0.0
3099,0.0,0.0,0.0,0.0
3100,0.0,0.0,0.0,0.0
3101,0.0,0.0,0.0,0.0
3102,0.0,0.0,0.0,0.0
3103,0.0,0.0,0.0,0.0
3104,0.0,0.0,0.0,0.0
3105,0.0,0.0,0.0,0.0
3106,0.0,0.0,0.0,0.0
3107,0.0,0.0,0.0,0.0
3108,0.0,0.0,0.0,0.0
3109,0.0,0.0,0.0,0.0
3110,0.0,0.0,0.0,0.0
3111,0.0,0.0,0.0,0.0
3112,0.0,0.0,0.0,0.0
3113,0.0,0.0,0.0,0.0
3114,0.0,0.0,0.0,0.0
3115,0.0,0.0,0.0,0.0
3116,0.0,0.0,0.0,0.0
3117,0.0,0.0,0.0,0.0
3118,0.0,0.0,0.0,0.0
3119,0.0,0.0,0.0,0.0
3120,0.0,0.0,0.0,0.0
3121,0.0,0.0,0.0,0.0
3122,0.0,0.0,0.0,0.0
3123,0.0,0.0,0.0,0.0
3124,0.0,0.0,0.0,0.0
3125,0.0,0.0,0.0,0.0
3126,0.0,0.0,0.0,0.0
3127,0.0,0.0,0.0,0.0
3128,0.0,0.0,0.0,0.0
3129,0.0,0.0,0.0,0.0
3130,0.0,0.0,0.0,0.0
3131,0.0,0.0,0.0,0.0
3132,0.0,0.0,0.0,0.0
3133,0.0,0.0,0.0,0.0
3134,0.0,0.0,0.0,0.0
3135,0.0,0.0,0.0,0.0
3136,0.0,0.0,0.0,0.0
3137,0.0,0.0,0.0,0.0
3138,0.0,0.0,0.0,0.0
3139,0.0,0.0,0.0,0.0
3140,0.0,0.0,0.0,0.0
3141,0.0,0.0,0.0,0.0
3142,0.0,0.0,0.0,0.0
3143,0.0,0.0,0.0,0.0
3144,0.0,0.0,0.0,0.0
3145,0.0,0.0,0.0,0.0
3146,0.0,0.0,0.0,0.0
3147,0.0,0.0,0.0,0.0
3148,0.0,0.0,0.0,0.0
3149,0.0,0.0,0.0,0.0
3150,0.0,0.0,0.0,0.0
3151,0.0,0.0,0.0,0.0
3152,0.0,0.0,0.0,0.0
3153,0.0,0.0,0.0,0.0
3154,0.0,0.0,0.0,0.0
3155,0.0,0.0,0.0,0.0
3156,0.0,0.0,0.0,0.0
3157,0.0,0.0,0.0,0.0
3158,0.0,0.0,0.0,0.0
3159,0.0,0.0,0.0,0.0
3160,0.0,0.0,0.0,0.0
3161,0.0,0.0,0.0,0.0
3162,0.0,0.0,0.0,0.0
3163,0.0,0.0,0.0,0.0
3164,0.0,0.0,0.0,0.0
3165,0.0,0.0,0.0,0.0
3166,0.0,0.0,0.0,0.0
3167,0.0,0.0,0.0,0.0
3168,0.0,0.0,0.0,0.0
3169,0.0,0.0,0.0,0.0
3170,0.0,0.0,0.0,0.0
3171,0.0,0.0,0.0,0.0
3172,0.0,0.0,0.0,0.0
3173,0.0,0.0,0.0,0.0
3174,0.0,0.0,0.0,0.0
3175,0.0,0.0,0.0,0.0
3176,0.0,0.0,0.0,0.0
3177,0.0,0.0,0.0,0.0
3178,0.0,0.0,0.0,0.0
3179,0.0,0.0,0.0,0.0
3180,0.0,0.0,0.0,0.0
3181,0.0,0.0,0.0,0.0
3182,0.0,0.0,0.0,0.0
3183,0.0,0.0,0.0,0.0
3184,0.0,0.0,0.0,0.0
3185,0.0,0.0,0.0,0.0
3186,0.0,0.0,0.0,0.0
3187,0.0,0.0,0.0,0.0
3188,0.0,0.0,0.0,0.0
3189,0.0,0.0,0.0,0.0
3190,0.0,0.0,0.0,0.0
3191,0.0,0.0,0.0,0.0
3192,0.0,0.0,0.0,0.0
3193,0.0,0.0,0.0,0.0
3194,0.0,0.0,0.0,0.0
3195,0.0,0.0,0.0,0.0
3196,0.0,0.0,0.0,0.0
3197,0.0,0.0,0.0,0.0
3198,0.0,0.0,0.0,0.0
3199,0.0,0.0,0.0,0.0
3200,0.0,0.0,0.0,0.0
3201,0.0,0.0,0.0,0.0
3202,0.0,0.0,0.0,0.0
3203,0.0,0.0,0.0,0.0
3204,0.0,0.0,0.0,0.0
3205,0.0,0.0,0.0,0.0
3206,0.0,0.0,0.0,0.0
3207,0.0,0.0,0.0,0.0
3208,0.0,0.0,0.0,0.0
3209,0.0,0.0,0.0,0.0
3210,0.0,0.0,0.0,0.0
3211,0.0,0.0,0.0,0.0
3212,0.0,0.0,0.0,0.0
3213,0.0,0.0,0.0,0.0
3214,0.0,0.0,0.0,0.0
3215,0.0,0.0,0.0,0.0
3216,0.0,0.0,0.0,0.0
3217,0.0,0.0,0.0,0.0
3218,0.0,0.0,0.0,0.0
3219,0.0,0.0,0.0,0.0
3220,0.0,0.0,0.0,0.0
3221,0.0,0.0,0.0,0.0
3222,0.0,0.0,0.0,0.0
3223,0.0,0.0,0.0,0.0
3224,0.0,0.0,0.0,0.0
3225,0.0,0.0,0.0,0.0
3226,0.0,0.0,0.0,0.0
3227,0.0,0.0,0.0,0.0
3228,0.0,0.0,0.0,0.0
3229,0.0,0.0,0.0,0.0
3230,0.0,0.0,0.0,0.0
3231,0.0,0.0,0.0,0.0
3232,0.0,0.0,0.0,0.0
3233,0.0,0.0,0.0,0.0
3234,0.0,0.0,0.0,0.0
3235,0.0,0.0,0.0,0.0
3236,0.0,0.0,0.0,0.0
3237,0.0,0.0,0.0,0.0
3238,0.0,0.0,0.0,0.0
3239,0.0,0.0,0.0,0.0
3240,0.0,0.0,0.0,0.0
3241,0.0,0.0,0.0,0.0
3242,0.0,0.0,0.0,0.0
3243,0.0,0.0,0.0,0.0
3244,0.0,0.0,0.0,0.0
3245,0.0,0.0,0.0,0.0
3246,0.0,0.0,0.0,0.0
3247,0.0,0.0,0.0,0.0
3248,0.0,0.0,0.0,0.0
3249,0.0,0.0,0.0,0.0
3250,0.0,0.0,0.0,0.0
3251,0.0,0.0,0.0,0.0
3252,0.0,0.0,0.0,0.0
3253,0.0,0.0,0.0,0.0
3254,0.0,0.0,0.0,0.0
3255,0.0,0.0,0.0,0.0
3256,0.0,0.0,0.0,0.0
3257,0.0,0.0,0.0,0.0
3258,0.0,0.0,0.0,0.0
3259,0.0,0.0,0.0,0.0
3260,0.0,0.0,0.0,0.0
3261,0.0,0.0,0.0,0.0
3262,0.0,0.0,0.0,0.0
3263,0.0,0.0,0.0,0.0
3264,0.0,0.0,0.0,0.0
3265,0.0,0.0,0.0,0.0
3266,0.0,0.0,0.0,0.0
3267,0.0,0.0,0.0,0.0
3268,0.0,0.0,0.0,0.0
3269,0.0,0.0,0.0,0.0
3270,0.0,0.0,0.0,0.0
3271,0.0,0.0,0.0,0.0
3272,0.0,0.0,0.0,0.0
3273,0.0,0.0,0.0,0.0
3274,0.0,0.0,0.0,0.0
3275,0.0,0.0,0.0,0.0
3276,0.0,0.0,0.0,0.0
3277,0.0,0.0,0.0,0.0
3278,0.0,0.0,0.0,0.0
3279,0.0,0.0,0.0,0.0
3280,0.0,0.0,0.0,0.0
3281,0.0,0.0,0.0,0.0
3282,0.0,0.0,0.0,0.0
3283,0.0,0.0,0.0,0.0
3284,0.0,0.0,0.0,0.0
3285,0.0,0.0,0.0,0.0
3286,0.0,0.0,0.0,0.0
3287,0.0,0.0,0.0,0.0
3288,0.0,0.0,0.0,0.0
3289,0.0,0.0,0.0,0.0
3290,0.0,0.0,0.0,0.0
3291,0.0,0.0,0.0,0.0
3292,0.0,0.0,0.0,0.0
3293,0.0,0.0,0.0,0.0
3294,0.0,0.0,0.0,0.0
3295,0.0,0.0,0.0,0.0
3296,0.0,0.0,0.0,0.0
3297,0.0,0.0,0.0,0.0
3298,0.0,0.0,0.0,0.0
3299,0.0,0.0,0.0,0.0
3300,0.0,0.0,0.0,0.0
3301,0.0,0.0,0.0,0.0
3302,0.0,0.0,0.0,0.0
3303,0.0,0.0,0.0,0.0
3304,0.0,0.0,0.0,0.0
3305,0.0,0.0,0.0,0.0
3306,0.0,0.0,0.0,0.0
3307,0.0,0.0,0.0,0.0
3308,0.0,0.0,0.0,0.0
3309,0.0,0.0,0.0,0.0
3310,0.0,0.0,0.0,0.0
3311,0.0,0.0,0.0,0.0
3312,0.0,0.0,0.0,0.0
3313,0.0,0.0,0.0,0.0
3314,0.0,0.0,0.0,0.0
3315,0.0,0.0,0.0,0.0
3316,0.0,0.0,0.0,0.0
3317,0.0,0.0,0.0,0.0
3318,0.0,0.0,0.0,0.0
3319,0.0,0.0,0.0,0.0
3320,0.0,0.0,0.0,0.0
3321,0.0,0.0,0.0,0.0
3322,0.0,0.0,0.0,0.0
3323,0.0,0.0,0.0,0.0
3324,0.0,0.0,0.0,0.0
3325,0.0,0.0,0.0,0.0
3326,0.0,0.0,0.0,0.0
3327,0.0,0.0,0.0,0.0
3328,0.0,0.0,0.0,0.0
3329,0.0,0.0,0.0,0.0
3330,0.0,0.0,0.0,0.0
3331,0.0,0.0,0.0,0.0
3332,0.0,0.0,0.0,0.0
3333,0.0,0.0,0.0,0.0
3334,0.0,0.0,0.0,0.0
3335,0.0,0.0,0.0,0.0
3336,0.0,0.0,0.0,0.0
3337,0.0,0.0,0.0,0.0
3338,0.0,0.0,0.0,0.0
3339,0.0,0.0,0.0,0.0
3340,0.0,0.0,0.0,0.0
3341,0.0,0.0,0.0,0.0
3342,0.0,0.0,0.0,0.0
3343,0.0,0.0,0.0,0.0
3344,0.0,0.0,0.0,0.0
3345,0.0,0.0,0.0,0.0
3346,0.0,0.0,0.0,0.0
3347,0.0,0.0,0.0,0.0
3348,0.0,0.0,0.0,0.0
3349,0.0,0.0,0.0,0.0
3350,0.0,0.0,0.0,0.0
3351,0.0,0.0,0.0,0.0
3352,0.0,0.0,0.0,0.0
3353,0.0,0.0,0.0,0.0
3354,0.0,0.0,0.0,0.0
3355,0.0,0.0,0.0,0.0
3356,0.0,0.0,0.0,0.0
3357,0.0,0.0,0.0,0.0
3358,0.0,0.0,0.0,0.0
3359,0.0,0.0,0.0,0.0
3360,0.0,0.0,0.0,0.0
3361,0.0,0.0,0.0,0.0
3362,0.0,0.0,0.0,0.0
3363,0.0,0.0,0.0,0.0
3364,0.0,0.0,0.0,0.0
3365,0.0,0.0,0.0,0.0
3366,0.0,0.0,0.0,0.0
3367,0.0,0.0,0.0,0.0
3368,0.0,0.0,0.0,0.0
3369,0.0,0.0,0.0,0.0
3370,0.0,0.0,0.0,0.0
3371,0.0,0.0,0.0,0.0
3372,0.0,0.0,0.0,0.0
3373,0.0,0.0,0.0,0.0
3374,0.0,0.0,0.0,0.0
3375,0.0,0.0,0.0,0.0
3376,0.0,0.0,0.0,0.0
3377,0.0,0.0,0.0,0.0
3378,0.0,0.0,0.0,0.0
3379,0.0,0.0,0.0,0.0
3380,0.0,0.0,0.0,0.0
3381,0.0,0.0,0.0,0.0
3382,0.0,0.0,0.0,0.0
3383,0.0,0.0,0.0,0.0
3384,0.0,0.0,0.0,0.0
3385,0.0,0.0,0.0,0.0
3386,0.0,0.0,0.0,0.0
3387,0.0,0.0,0.0,0.0
3388,0.0,0.0,0.0,0.0
3389,0.0,0.0,0.0,0.0
3390,0.0,0.0,0.0,0.0
3391,0.0,0.0,0.0,0.0
3392,0.0,0.0,0.0,0.0
3393,0.0,0.0,0.0,0.0
3394,0.0,0.0,0.0,0.0
3395,0.0,0.0,0.0,0.0
3396,0.0,0.0,0.0,0.0
3397,0.0,0.0,0.0,0.0
3398,0.0,0.0,0.0,0.0
3399,0.0,0.0,0.0,0.0
3400,0.0,0.0,0.0,0.0
3401,0.0,0.0,0.0,0.0
3402,0.0,0.0,0.0,0.0
3403,0.0,0.0,0.0,0.0
3404,0.0,0.0,0.0,0.0
3405,0.0,0.0,0.0,0.0
3406,0.0,0.0,0.0,0.0
3407,0.0,0.0,0.0,0.0
3408,0.0,0.0,0.0,0.0
3409,0.0,0.0,0.0,0.0
3410,0.0,0.0,0.0,0.0
3411,0.0,0.0,0.0,0.0
3412,0.0,0.0,0.0,0.0
3413,0.0,0.0,0.0,0.0
3414,0.0,0.0,0.0,0.0
3415,0.0,0.0,0.0,0.0
3416,0.0,0.0,0.0,0.0
3417,0.0,0.0,0.0,0.0
3418,0.0,0.0,0.0,0.0
3419,0.0,0.0,0.0,0.0
3420,0.0,0.0,0.0,0.0
3421,0.0,0.0,0.0,0.0
3422,0.0,0.0,0.0,0.0
3423,0.0,0.0,0.0,0.0
3424,0.0,0.0,0.0,0.0
3425,0.0,0.0,0.0,0.0
3426,0.0,0.0,0.0,0.0
3427,0.0,0.0,0.0,0.0
3428,0.0,0.0,0.0,0.0
3429,0.0,0.0,0.0,0.0
3430,0.0,0.0,0.0,0.0
3431,0.0,0.0,0.0,0.0
3432,0.0,0.0,0.0,0.0
3433,0.0,0.0,0.0,0.0
3434,0.0,0.0,0.0,0.0
3435,0.0,0.0,0.0,0.0
3436,0.0,0.0,0.0,0.0
3437,0.0,0.0,0.0,0.0
3438,0.0,0.0,0.0,0.0
3439,0.0,0.0,0.0,0.0
3440,0.0,0.0,0.0,0.0
3441,0.0,0.0,0.0,0.0
3442,0.0,0.0,0.0,0.0
3443,0.0,0.0,0.0,0.0
3444,0.0,0.0,0.0,0.0
3445,0.0,0.0,0.0,0.0
3446,0.0,0.0,0.0,0.0
3447,0.0,0.0,0.0,0.0
3448,0.0,0.0,0.0,0.0
3449,0.0,0.0,0.0,0.0
3450,0.0,0.0,0.0,0.0
3451,0.0,0.0,0.0,0.0
3452,0.0,0.0,0.0,0.0
3453,0.0,0.0,0.0,0.0
3454,0.0,0.0,0.0,0.0
3455,0.0,0.0,0.0,0.0
3456,0.0,0.0,0.0,0.0
3457,0.0,0.0,0.0,0.0
3458,0.0,0.0,0.0,0.0
3459,0.0,0.0,0.0,0.0
3460,0.0,0.0,0.0,0.0
3461,0.0,0.0,0.0,0.0
3462,0.0,0.0,0.0,0.0
3463,0.0,0.0,0.0,0.0
3464,0.0,0.0,0.0,0.0
3465,0.0,0.0,0.0,0.0
3466,0.0,0.0,0.0,0.0
3467,0.0,0.0,0.0,0.0
3468,0.0,0.0,0.0,0.0
3469,0.0,0.0,0.0,0.0
3470,0.0,0.0,0.0,0.0
3471,0.0,0.0,0.0,0.0
3472,0.0,0.0,0.0,0.0
3473,0.0,0.0,0.0,0.0
3474,0.0,0.0,0.0,0.0
3475,0.0,0.0,0.0,0.0
3476,0.0,0.0,0.0,0.0
3477,0.0,0.0,0.0,0.0
3478,0.0,0.0,0.0,0.0
3479,0.0,0.0,0.0,0.0
3480,0.0,0.0,0.0,0.0
3481,0.0,0.0,0.0,0.0
3482,0.0,0.0,0.0,0.0
3483,0.0,0.0,0.0,0.0
3484,0.0,0.0,0.0,0.0
3485,0.0,0.0,0.0,0.0
3486,0.0,0.0,0.0,0.0
3487,0.0,0.0,0.0,0.0
3488,0.0,0.0,0.0,0.0
3489,0.0,0.0,0.0,0.0
3490,0.0,0.0,0.0,0.0
3491,0.0,0.0,0.0,0.0
3492,0.0,0.0,0.0,0.0
3493,0.0,0.0,0.0,0.0
3494,0.0,0.0,0.0,0.0
3495,0.0,0.0,0.0,0.0
3496,0.0,0.0,0.0,0.0
3497,0.0,0.0,0.0,0.0
3498,0.0,0.0,0.0,0.0
3499,0.0,0.0,0.0,0.0
3500,0.0,0.0,0.0,0.0
3501,0.0,0.0,0.0,0.0
3502,0.0,0.0,0.0,0.0
3503,0.0,0.0,0.0,0.0
3504,0.0,0.0,0.0,0.0
3505,0.0,0.0,0.0,0.0
3506,0.0,0.0,0.0,0.0
3507,0.0,0.0,0.0,0.0
3508,0.0,0.0,0.0,0.0
3509,0.0,0.0,0.0,0.0
3510,0.0,0.0,0.0,0.0
3511,0.0,0.0,0.0,0.0
3512,0.0,0.0,0.0,0.0
3513,0.0,0.0,0.0,0.0
3514,0.0,0.0,0.0,0.0
3515,0.0,0.0,0.0,0.0
3516,0.0,0.0,0.0,0.0
3517,0.0,0.0,0.0,0.0
3518,0.0,0.0,0.0,0.0
3519,0.0,0.0,0.0,0.0
3520,0.0,0.0,0.0,0.0
3521,0.0,0.0,0.0,0.0
3522,0.0,0.0,0.0,0.0
3523,0.0,0.0,0.0,0.0
3524,0.0,0.0,0.0,0.0
3525,0.0,0.0,0.0,0.0
3526,0.0,0.0,0.0,0.0
3527,0.0,0.0,0.0,0.0
3528,0.0,0.0,0.0,0.0
3529,0.0,0.0,0.0,0.0
3530,0.0,0.0,0.0,0.0
3531,0.0,0.0,0.0,0.0
3532,0.0,0.0,0.0,0.0
3533,0.0,0.0,0.0,0.0
3534,0.0,0.0,0.0,0.0
3535,0.0,0.0,0.0,0.0
3536,0.0,0.0,0.0,0.0
3537,0.0,0.0,0.0,0.0
3538,0.0,0.0,0.0,0.0
3539,0.0,0.0,0.0,0.0
3540,0.0,0.0,0.0,0.0
3541,0.0,0.0,0.0,0.0
3542,0.0,0.0,0.0,0.0
3543,0.0,0.0,0.0,0.0
3544,0.0,0.0,0.0,0.0
3545,0.0,0.0,0.0,0.0
3546,0.0,0.0,0.0,0.0
3547,0.0,0.0,0.0,0.0
3548,0.0,0.0,0.0,0.0
3549,0.0,0.0,0.0,0.0
3550,0.0,0.0,0.0,0.0
3551,0.0,0.0,0.0,0.0
3552,0.0,0.0,0.0,0.0
3553,0.0,0.0,0.0,0.0
3554,0.0,0.0,0.0,0.0
3555,0.0,0.0,0.0,0.0
3556,0.0,0.0,0.0,0.0
3557,0.0,0.0,0.0,0.0
3558,0.0,0.0,0.0,0.0
3559,0.0,0.0,0.0,0.0
3560,0.0,0.0,0.0,0.0
3561,0.0,0.0,0.0,0.0
3562,0.0,0.0,0.0,0.0
3563,0.0,0.0,0.0,0.0
3564,0.0,0.0,0.0,0.0
3565,0.0,0.0,0.0,0.0
3566,0.0,0.0,0.0,0.0
3567,0.0,0.0,0.0,0.0
3568,0.0,0.0,0.0,0.0
3569,0.0,0.0,0.0,0.0
3570,0.0,0.0,0.0,0.0
3571,0.0,0.0,0.0,0.0
3572,0.0,0.0,0.0,0.0
3573,0.0,0.0,0.0,0.0
3574,0.0,0.0,0.0,0.0
3575,0.0,0.0,0.0,0.0
3576,0.0,0.0,0.0,0.0
3577,0.0,0.0,0.0,0.0
3578,0.0,0.0,0.0,0.0
3579,0.0,0.0,0.0,0.0
3580,0.0,0.0,0.0,0.0
3581,0.0,0.0,0.0,0.0
3582,0.0,0.0,0.0,0.0
3583,0.0,0.0,0.0,0.0
3584,0.0,0.0,0.0,0.0
3585,0.0,0.0,0.0,0.0
3586,0.0,0.0,0.0,0.0
3587,0.0,0.0,0.0,0.0
3588,0.0,0.0,0.0,0.0
3589,0.0,0.0,0.0,0.0
3590,0.0,0.0,0.0,0.0
3591,0.0,0.0,0.0,0.0
3592,0.0,0.0,0.0,0.0
3593,0.0,0.0,0.0,0.0
3594,0.0,0.0,0.0,0.0
3595,0.0,0.0,0.0,0.0
3596,0.0,0.0,0.0,0.0
3597,0.0,0.0,0.0,0.0
3598,0.0,0.0,0.0,0.0
3599,0.0,0.0,0.0,0.0
3600,0.0,0.0,0.0,0.0
3601,0.0,0.0,0.0,0.0
3602,0.0,0.0,0.0,0.0
3603,0.0,0.0,0.0,0.0
3604,0.0,0.0,0.0,0.0
3605,0.0,0.0,0.0,0.0
3606,0.0,0.0,0.0,0.0
3607,0.0,0.0,0.0,0.0
3608,0.0,0.0,0.0,0.0
3609,0.0,0.0,0.0,0.0
3610,0.0,0.0,0.0,0.0
3611,0.0,0.0,0.0,0.0
3612,0.0,0.0,0.0,0.0
3613,0.0,0.0,0.0,0.0
3614,0.0,0.0,0.0,0.0
3615,0.0,0.0,0.0,0.0
3616,0.0,0.0,0.0,0.0
3617,0.0,0.0,0.0,0.0
3618,0.0,0.0,0.0,0.0
3619,0.0,0.0,0.0,0.0
3620,0.0,0.0,0.0,0.0
3621,0.0,0.0,0.0,0.0
3622,0.0,0.0,0.0,0.0
3623,0.0,0.0,0.0,0.0
3624,0.0,0.0,0.0,0.0
3625,0.0,0.0,0.0,0.0
3626,0.0,0.0,0.0,0.0
3627,0.0,0.0,0.0,0.0
3628,0.0,0.0,0.0,0.0
3629,0.0,0.0,0.0,0.0
3630,0.0,0.0,0.0,0.0
3631,0.0,0.0,0.0,0.0
3632,0.0,0.0,0.0,0.0
3633,0.0,0.0,0.0,0.0
3634,0.0,0.0,0.0,0.0
3635,0.0,0.0,0.0,0.0
3636,0.0,0.0,0.0,0.0
3637,0.0,0.0,0.0,0.0
3638,0.0,0.0,0.0,0.0
3639,0.0,0.0,0.0,0.0
3640,0.0,0.0,0.0,0.0
3641,0.0,0.0,0.0,0.0
3642,0.0,0.0,0.0,0.0
3643,0.0,0.0,0.0,0.0
3644,0.0,0.0,0.0,0.0
3645,0.0,0.0,0.0,0.0
3646,0.0,0.0,0.0,0.0
3647,0.0,0.0,0.0,0.0
3648,0.0,0.0,0.0,0.0
3649,0.0,0.0,0.0,0.0
3650,0.0,0.0,0.0,0.0
3651,0.0,0.0,0.0,0.0
3652,0.0,0.0,0.0,0.0
3653,0.0,0.0,0.0,0.0
3654,0.0,0.0,0.0,0.0
3655,0.0,0.0,0.0,0.0
3656,0.0,0.0,0.0,0.0
3657,0.0,0.0,0.0,0.0
3658,0.0,0.0,0.0,0.0
3659,0.0,0.0,0.0,0.0
3660,0.0,0.0,0.0,0.0
3661,0.0,0.0,0.0,0.0
3662,0.0,0.0,0.0,0.0
3663,0.0,0.0,0.0,0.0
3664,0.0,0.0,0.0,0.0
3665,0.0,0.0,0.0,0.0
3666,0.0,0.0,0.0,0.0
3667,0.0,0.0,0.0,0.0
3668,0.0,0.0,0.0,0.0
3669,0.0,0.0,0.0,0.0
3670,0.0,0.0,0.0,0.0
3671,0.0,0.0,0.0,0.0
3672,0.0,0.0,0.0,0.0
3673,0.0,0.0,0.0,0.0
3674,0.0,0.0,0.0,0.0
3675,0.0,0.0,0.0,0.0
3676,0.0,0.0,0.0,0.0
3677,0.0,0.0,0.0,0.0
3678,0.0,0.0,0.0,0.0
3679,0.0,0.0,0.0,0.0
3680,0.0,0.0,0.0,0.0
3681,0.0,0.0,0.0,0.0
3682,0.0,0.0,0.0,0.0
3683,0.0,0.0,0.0,0.0
3684,0.0,0.0,0.0,0.0
3685,0.0,0.0,0.0,0.0
3686,0.0,0.0,0.0,0.0
3687,0.0,0.0,0.0,0.0
3688,0.0,0.0,0.0,0.0
3689,0.0,0.0,0.0,0.0
3690,0.0,0.0,0.0,0.0
3691,0.0,0.0,0.0,0.0
3692,0.0,0.0,0.0,0.0
3693,0.0,0.0,0.0,0.0
3694,0.0,0.0,0.0,0.0
3695,0.0,0.0,0.0,0.0
3696,0.0,0.0,0.0,0.0
3697,0.0,0.0,0.0,0.0
3698,0.0,0.0,0.0,0.0
3699,0.0,0.0,0.0,0.0
3700,0.0,0.0,0.0,0.0
3701,0.0,0.0,0.0,0.0
3702,0.0,0.0,0.0,0.0
3703,0.0,0.0,0.0,0.0
3704,0.0,0.0,0.0,0.0
3705,0.0,0.0,0.0,0.0
3706,0.0,0.0,0.0,0.0
3707,0.0,0.0,0.0,0.0
3708,0.0,0.0,0.0,0.0
3709,0.0,0.0,0.0,0.0
3710,0.0,0.0,0.0,0.0
3711,0.0,0.0,0.0,0.0
3712,0.0,0.0,0.0,0.0
3713,0.0,0.0,0.0,0.0
3714,0.0,0.0,0.0,0.0
3715,0.0,0.0,0.0,0.0
3716,0.0,0.0,0.0,0.0
3717,0.0,0.0,0.0,0.0
3718,0.0,0.0,0.0,0.0
3719,0.0,0.0,0.0,0.0
3720,0.0,0.0,0.0,0.0
3721,0.0,0.0,0.0,0.0
3722,0.0,0.0,0.0,0.0
3723,0.0,0.0,0.0,0.0
3724,0.0,0.0,0.0,0.0
3725,0.0,0.0,0.0,0.0
3726,0.0,0.0,0.0,0.0
3727,0.0,0.0,0.0,0.0
3728,0.0,0.0,0.0,0.0
3729,0.0,0.0,0.0,0.0
3730,0.0,0.0,0.0,0.0
3731,0.0,0.0,0.0,0.0
3732,0.0,0.0,0.0,0.0
3733,0.0,0.0,0.0,0.0
3734,0.0,0.0,0.0,0.0
3735,0.0,0.0,0.0,0.0
3736,0.0,0.0,0.0,0.0
3737,0.0,0.0,0.0,0.0
3738,0.0,0.0,0.0,0.0
3739,0.0,0.0,0.0,0.0
3740,0.0,0.0,0.0,0.0
3741,0.0,0.0,0.0,0.0
3742,0.0,0.0,0.0,0.0
3743,0.0,0.0,0.0,0.0
3744,0.0,0.0,0.0,0.0
3745,0.0,0.0,0.0,0.0
3746,0.0,0.0,0.0,0.0
3747,0.0,0.0,0.0,0.0
3748,0.0,0.0,0.0,0.0
3749,0.0,0.0,0.0,0.0
3750,0.0,0.0,0.0,0.0
3751,0.0,0.0,0.0,0.0
3752,0.0,0.0,0.0,0.0
3753,0.0,0.0,0.0,0.0
3754,0.0,0.0,0.0,0.0
3755,0.0,0.0,0.0,0.0
3756,0.0,0.0,0.0,0.0
3757,0.0,0.0,0.0,0.0
3758,0.0,0.0,0.0,0.0
3759,0.0,0.0,0.0,0.0
3760,0.0,0.0,0.0,0.0
3761,0.0,0.0,0.0,0.0
3762,0.0,0.0,0.0,0.0
3763,0.0,0.0,0.0,0.0
3764,0.0,0.0,0.0,0.0
3765,0.0,0.0,0.0,0.0
3766,0.0,0.0,0.0,0.0
3767,0.0,0.0,0.0,0.0
3768,0.0,0.0,0.0,0.0
3769,0.0,0.0,0.0,0.0
3770,0.0,0.0,0.0,0.0
3771,0.0,0.0,0.0,0.0
3772,0.0,0.0,0.0,0.0
3773,0.0,0.0,0.0,0.0
3774,0.0,0.0,0.0,0.0
3775,0.0,0.0,0.0,0.0
3776,0.0,0.0,0.0,0.0
3777,0.0,0.0,0.0,0.0
3778,0.0,0.0,0.0,0.0
3779,0.0,0.0,0.0,0.0
3780,0.0,0.0,0.0,0.0
3781,0.0,0.0,0.0,0.0
3782,0.0,0.0,0.0,0.0
3783,0.0,0.0,0.0,0.0
3784,0.0,0.0,0.0,0.0
3785,0.0,0.0,0.0,0.0
3786,0.0,0.0,0.0,0.0
3787,0.0,0.0,0.0,0.0
3788,0.0,0.0,0.0,0.0
3789,0.0,0.0,0.0,0.0
3790,0.0,0.0,0.0,0.0
3791,0.0,0.0,0.0,0.0
3792,0.0,0.0,0.0,0.0
3793,0.0,0.0,0.0,0.0
3794,0.0,0.0,0.0,0.0
3795,0.0,0.0,0.0,0.0
3796,0.0,0.0,0.0,0.0
3797,0.0,0.0,0.0,0.0
3798,0.0,0.0,0.0,0.0
3799,0.0,0.0,0.0,0.0
3800,0.0,0.0,0.0,0.0
3801,0.0,0.0,0.0,0.0
3802,0.0,0.0,0.0,0.0
3803,0.0,0.0,0.0,0.0
3804,0.0,0.0,0.0,0.0
3805,0.0,0.0,0.0,0.0
3806,0.0,0.0,0.0,0.0
3807,0.0,0.0,0.0,0.0
3808,0.0,0.0,0.0,0.0
3809,0.0,0.0,0.0,0.0
3810,0.0,0.0,0.0,0.0
3811,0.0,0.0,0.0,0.0
3812,0.0,0.0,0.0,0.0
3813,0.0,0.0,0.0,0.0
3814,0.0,0.0,0.0,0.0
3815,0.0,0.0,0.0,0.0
3816,0.0,0.0,0.0,0.0
3817,0.0,0.0,0.0,0.0
3818,0.0,0.0,0.0,0.0
3819,0.0,0.0,0.0,0.0
3820,0.0,0.0,0.0,0.0
3821,0.0,0.0,0.0,0.0
3822,0.0,0.0,0.0,0.0
3823,0.0,0.0,0.0,0.0
3824,0.0,0.0,0.0,0.0
3825,0.0,0.0,0.0,0.0
3826,0.0,0.0,0.0,0.0
3827,0.0,0.0,0.0,0.0
3828,0.0,0.0,0.0,0.0
3829,0.0,0.0,0.0,0.0
3830,0.0,0.0,0.0,0.0
3831,0.0,0.0,0.0,0.0
3832,0.0,0.0,0.0,0.0
3833,0.0,0.0,0.0,0.0
3834,0.0,0.0,0.0,0.0
3835,0.0,0.0,0.0,0.0
3836,0.0,0.0,0.0,0.0
3837,0.0,0.0,0.0,0.0
3838,0.0,0.0,0.0,0.0
3839,0.0,0.0,0.0,0.0
3840,0.0,0.0,0.0,0.0
3841,0.0,0.0,0.0,0.0
3842,0.0,0.0,0.0,0.0
3843,0.0,0.0,0.0,0.0
3844,0.0,0.0,0.0,0.0
3845,0.0,0.0,0.0,0.0
3846,0.0,0.0,0.0,0.0
3847,0.0,0.0,0.0,0.0
3848,0.0,0.0,0.0,0.0
3849,0.0,0.0,0.0,0.0
3850,0.0,0.0,0.0,0.0
3851,0.0,0.0,0.0,0.0
3852,0.0,0.0,0.0,0.0
3853,0.0,0.0,0.0,0.0
3854,0.0,0.0,0.0,0.0
3855,0.0,0.0,0.0,0.0
3856,0.0,0.0,0.0,0.0
3857,0.0,0.0,0.0,0.0
3858,0.0,0.0,0.0,0.0
3859,0.0,0.0,0.0,0.0
3860,0.0,0.0,0.0,0.0
3861,0.0,0.0,0.0,0.0
3862,0.0,0.0,0.0,0.0
3863,0.0,0.0,0.0,0.0
3864,0.0,0.0,0.0,0.0
3865,0.0,0.0,0.0,0.0
3866,0.0,0.0,0.0,0.0
3867,0.0,0.0,0.0,0.0
3868,0.0,0.0,0.0,0.0
3869,0.0,0.0,0.0,0.0
3870,0.0,0.0,0.0,0.0
3871,0.0,0.0,0.0,0.0
3872,0.0,0.0,0.0,0.0
3873,0.0,0.0,0.0,0.0
3874,0.0,0.0,0.0,0.0
3875,0.0,0.0,0.0,0.0
3876,0.0,0.0,0.0,0.0
3877,0.0,0.0,0.0,0.0
3878,0.0,0.0,0.0,0.0
3879,0.0,0.0,0.0,0.0
3880,0.0,0.0,0.0,0.0
3881,0.0,0.0,0.0,0.0
3882,0.0,0.0,0.0,0.0
3883,0.0,0.0,0.0,0.0
3884,0.0,0.0,0.0,0.0
3885,0.0,0.0,0.0,0.0
3886,0.0,0.0,0.0,0.0
3887,0.0,0.0,0.0,0.0
3888,0.0,0.0,0.0,0.0
3889,0.0,0.0,0.0,0.0
3890,0.0,0.0,0.0,0.0
3891,0.0,0.0,0.0,0.0
3892,0.0,0.0,0.0,0.0
3893,0.0,0.0,0.0,0.0
3894,0.0,0.0,0.0,0.0
3895,0.0,0.0,0.0,0.0
3896,0.0,0.0,0.0,0.0
3897,0.0,0.0,0.0,0.0
3898,0.0,0.0,0.0,0.0
3899,0.0,0.0,0.0,0.0
3900,0.0,0.0,0.0,0.0
3901,0.0,0.0,0.0,0.0
3902,0.0,0.0,0.0,0.0
3903,0.0,0.0,0.0,0.0
3904,0.0,0.0,0.0,0.0
3905,0.0,0.0,0.0,0.0
3906,0.0,0.0,0.0,0.0
3907,0.0,0.0,0.0,0.0
3908,0.0,0.0,0.0,0.0
3909,0.0,0.0,0.0,0.0
3910,0.0,0.0,0.0,0.0
3911,0.0,0.0,0.0,0.0
3912,0.0,0.0,0.0,0.0
3913,0.0,0.0,0.0,0.0
3914,0.0,0.0,0.0,0.0
3915,0.0,0.0,0.0,0.0
3916,0.0,0.0,0.0,0.0
3917,0.0,0.0,0.0,0.0
3918,0.0,0.0,0.0,0.0
3919,0.0,0.0,0.0,0.0
3920,0.0,0.0,0.0,0.0
3921,0.0,0.0,0.0,0.0
3922,0.0,0.0,0.0,0.0
3923,0.0,0.0,0.0,0.0
3924,0.0,0.0,0.0,0.0
3925,0.0,0.0,0.0,0.0
3926,0.0,0.0,0.0,0.0
3927,0.0,0.0,0.0,0.0
3928,0.0,0.0,0.0,0.0
3929,0.0,0.0,0.0,0.0
3930,0.0,0.0,0.0,0.0
3931,0.0,0.0,0.0,0.0
3932,0.0,0.0,0.0,0.0
3933,0.0,0.0,0.0,0.0
3934,0.0,0.0,0.0,0.0
3935,0.0,0.0,0.0,0.0
3936,0.0,0.0,0.0,0.0
3937,0.0,0.0,0.0,0.0
3938,0.0,0.0,0.0,0.0
3939,0.0,0.0,0.0,0.0
3940,0.0,0.0,0.0,0.0
3941,0.0,0.0,0.0,0.0
3942,0.0,0.0,0.0,0.0
3943,0.0,0.0,0.0,0.0
3944,0.0,0.0,0.0,0.0
3945,0.0,0.0,0.0,0.0
3946,0.0,0.0,0.0,0.0
3947,0.0,0.0,0.0,0.0
3948,0.0,0.0,0.0,0.0
3949,0.0,0.0,0.0,0.0
3950,0.0,0.0,0.0,0.0
3951,0.0,0.0,0.0,0.0
3952,0.0,0.0,0.0,0.0
3953,0.0,0.0,0.0,0.0
3954,0.0,0.0,0.0,0.0
3955,0.0,0.0,0.0,0.0
3956,0.0,0.0,0.0,0.0
3957,0.0,0.0,0.0,0.0
3958,0.0,0.0,0.0,0.0
3959,0.0,0.0,0.0,0.0
3960,0.0,0.0,0.0,0.0
3961,0.0,0.0,0.0,0.0
3962,0.0,0.0,0.0,0.0
3963,0.0,0.0,0.0,0.0
3964,0.0,0.0,0.0,0.0
3965,0.0,0.0,0.0,0.0
3966,0.0,0.0,0.0,0.0
3967,0.0,0.0,0.0,0.0
3968,0.0,0.0,0.0,0.0
3969,0.0,0.0,0.0,0.0
3970,0.0,0.0,0.0,0.0
3971,0.0,0.0,0.0,0.0
3972,0.0,0.0,0.0,0.0
3973,0.0,0.0,0.0,0.0
3974,0.0,0.0,0.0,0.0
3975,0.0,0.0,0.0,0.0
3976,0.0,0.0,0.0,0.0
3977,0.0,0.0,0.0,0.0
3978,0.0,0.0,0.0,0.0
3979,0.0,0.0,0.0,0.0
3980,0.0,0.0,0.0,0.0
3981,0.0,0.0,0.0,0.0
3982,0.0,0.0,0.0,0.0
3983,0.0,0.0,0.0,0.0
3984,0.0,0.0,0.0,0.0
3985,0.0,0.0,0.0,0.0
3986,0.0,0.0,0.0,0.0
3987,0.0,0.0,0.0,0.0
3988,0.0,0.0,0.0,0.0
3989,0.0,0.0,0.0,0.0
3990,0.0,0.0,0.0,0.0
3991,0.0,0.0,0.0,0.0
3992,0.0,0.0,0.0,0.0
3993,0.0,0.0,0.0,0.0
3994,0.0,0.0,0.0,0.0
3995,0.0,0.0,0.0,0.0
3996,0.0,0.0,0.0,0.0
3997,0.0,0.0,0.0,0.0
3998,0.0,0.0,0.0,0.0
3999,0.0,0.0,0.0,0.0
0,0.0,0.0,0.0,0.0
1,0.0,0.0,0.0,0.0
2,0.0,0.0,0.0,0.0
3,0.0,0.0,0.0,0.0
4,0.0,0.0,0.0,0.0
5,0.0,0.0,0.0,0.0
6,0.0,0.0,0.0,0.0
7,0.0,0.0,0.0,0.0
8,0.0,0.0,0.0,0.0
9,0.0,0.0,0.0,0.0
10,0.0,0.0,0.0,0.0
11,0.0,0.0,0.0,0.0
12,0.0,0.0,0.0,0.0
13,0.0,0.0,0.0,0.0
14,0.0,0.0,0.0,0.0
15,0.0,0.0,0.0,0.0
16,0.0,0.0,0.0,0.0
17,0.0,0.0,0.0,0.0
18,0.0,0.0,0.0,0.0
19,0.0,0.0,0.0,0.0
20,0.0,0.0,0.0,0.0
21,0.0,0.0,0.0,0.0
22,0.0,0.0,0.0,0.0
23,0.0,0.0,0.0,0.0
24,0.0,0.0,0.0,0.0
25,0.0,0.0,0.0,0.0
26,0.0,0.0,0.0,0.0
27,0.0,0.0,0.0,0.0
28,0.0,0.0,0.0,0.0
29,0.0,0.0,0.0,0.0
30,0.0,0.0,0.0,0.0
31,0.0,0.0,0.0,0.0
32,0.0,0.0,0.0,0.0
33,0.0,0.0,0.0,0.0
34,0.0,0.0,0.0,0.0
35,0.0,0.0,0.0,0.0
36,0.0,0.0,0.0,0.0
37,0.0,0.0,0.0,0.0
38,0.0,0.0,0.0,0.0
39,0.0,0.0,0.0,0.0
40,0.0,0.0,0.0,0.0
41,0.0,0.0,0.0,0.0
42,0.0,0.0,0.0,0.0
43,0.0,0.0,0.0,0.0
44,0.0,0.0,0.0,0.0
45,0.0,0.0,0.0,0.0
46,0.0,0.0,0.0,0.0
47,0.0,0.0,0.0,0.0
48,0.0,0.0,0.0,0.0
49,0.0,0.0,0.0,0.0
50,0.0,0.0,0.0,0.0
51,0.0,0.0,0.0,0.0
52,0.0,0.0,0.0,0.0
53,0.0,0.0,0.0,0.0
54,0.0,0.0,0.0,0.0
55,0.0,0.0,0.0,0.0
56,0.0,0.0,0.0,0.0
57,0.0,0.0,0.0,0.0
58,0.0,0.0,0.0,0.0
59,0.0,0.0,0.0,0.0
60,0.0,0.0,0.0,0.0
61,0.0,0.0,0.0,0.0
62,0.0,0.0,0.0,0.0
63,0.0,0.0,0.0,0.0
64,0.0,0.0,0.0,0.0
65,0.0,0.0,0.0,0.0
66,0.0,0.0,0.0,0.0
67,0.0,0.0,0.0,0.0
68,0.0,0.0,0.0,0.0
69,0.0,0.0,0.0,0.0
70,0.0,0.0,0.0,0.0
71,0.0,0.0,0.0,0.0
72,0.0,0.0,0.0,0.0
73,0.0,0.0,0.0,0.0
74,0.0,0.0,0.0,0.0
75,0.0,0.0,0.0,0.0
76,0.0,0.0,0.0,0.0
77,0.0,0.0,0.0,0.0
78,0.0,0.0,0.0,0.0
79,0.0,0.0,0.0,0.0
80,0.0,0.0,0.0,0.0
81,0.0,0.0,0.0,0.0
82,0.0,0.0,0.0,0.0
83,0.0,0.0,0.0,0.0
84,0.0,0.0,0.0,0.0
85,0.0,0.0,0.0,0.0
86,0.0,0.0,0.0,0.0
87,0.0,0.0,0.0,0.0
88,0.0,0.0,0.0,0.0
89,0.0,0.0,0.0,0.0
90,0.0,0.0,0.0,0.0
91,0.0,0.0,0.0,0.0
92,0.0,0.0,0.0,0.0
93,0.0,0.0,0.0,0.0
94,0.0,0.0,0.0,0.0
95,0.0,0.0,0.0,0.0
96,0.0,0.0,0.0,0.0
97,0.0,0.0,0.0,0.0
98,0.0,0.0,0.0,0.0
99,0.0,0.0,0.0,0.0
100,0.0,0.0,0.0,0.0
101,0.0,0.0,0.0,0.0
102,0.0,0.0,0.0,0.0
103,0.0,0.0,0.0,0.0
104,0.0,0.0,0.0,0.0
105,0.0,0.0,0.0,0.0
106,0.0,0.0,0.0,0.0
107,0.0,0.0,0.0,0.0
108,0.0,0.0,0.0,0.0
109,0.0,0.0,0.0,0.0
110,0.0,0.0,0.0,0.0
111,0.0,0.0,0.0,0.0
112,0.0,0.0,0.0,0.0
113,0.0,0.0,0.0,0.0
114,0.0,0.0,0.0,0.0
115,0.0,0.0,0.0,0.0
116,0.0,0.0,0.0,0.0
117,0.0,0.0,0.0,0.0
118,0.0,0.0,0.0,0.0
119,0.0,0.0,0.0,0.0
120,0.0,0.0,0.0,0.0
121,0.0,0.0,0.0,0.0
122,0.0,0.0,0.0,0.0
123,0.0,0.0,0.0,0.0
124,0.0,0.0,0.0,0.0
125,0.0,0.0,0.0,0.0
126,0.0,0.0,0.0,0.0
127,0.0,0.0,0.0,0.0
128,0.0,0.0,0.0,0.0
129,0.0,0.0,0.0,0.0
130,0.0,0.0,0.0,0.0
131,0.0,0.0,0.0,0.0
132,0.0,0.0,0.0,0.0
133,0.0,0.0,0.0,0.0
134,0.0,0.0,0.0,0.0
135,0.0,0.0,0.0,0.0
136,0.0,0.0,0.0,0.0
137,0.0,0.0,0.0,0.0
138,0.0,0.0,0.0,0.0
139,0.0,0.0,0.0,0.0
140,0.0,0.0,0.0,0.0
141,0.0,0.0,0.0,0.0
142,0.0,0.0,0.0,0.0
143,0.0,0.0,0.0,0.0
144,0.0,0.0,0.0,0.0
145,0.0,0.0,0.0,0.0
146,0.0,0.0,0.0,0.0
147,0.0,0.0,0.0,0.0
148,0.0,0.0,0.0,0.0
149,0.0,0.0,0.0,0.0
150,0.0,0.0,0.0,0.0
151,0.0,0.0,0.0,0.0
152,0.0,0.0,0.0,0.0
153,0.0,0.0,0.0,0.0
154,0.0,0.0,0.0,0.0
155,0.0,0.0,0.0,0.0
156,0.0,0.0,0.0,0.0
157,0.0,0.0,0.0,0.0
158,0.0,0.0,0.0,0.0
159,0.0,0.0,0.0,0.0
160,0.0,0.0,0.0,0.0
161,0.0,0.0,0.0,0.0
162,0.0,0.0,0.0,0.0
163,0.0,0.0,0.0,0.0
164,0.0,0.0,0.0,0.0
165,0.0,0.0,0.0,0.0
166,0.0,0.0,0.0,0.0
167,0.0,0.0,0.0,0.0
168,0.0,0.0,0.0,0.0
169,0.0,0.0,0.0,0.0
170,0.0,0.0,0.0,0.0
171,0.0,0.0,0.0,0.0
172,0.0,0.0,0.0,0.0
173,0.0,0.0,0.0,0.0
174,0.0,0.0,0.0,0.0
175,0.0,0.0,0.0,0.0
176,0.0,0.0,0.0,0.0
177,0.0,0.0,0.0,0.0
178,0.0,0.0,0.0,0.0
179,0.0,0.0,0.0,0.0
180,0.0,0.0,0.0,0.0
181,0.0,0.0,0.0,0.0
182,0.0,0.0,0.0,0.0
183,0.0,0.0,0.0,0.0
184,0.0,0.0,0.0,0.0
185,0.0,0.0,0.0,0.0
186,0.0,0.0,0.0,0.0
187,0.0,0.0,0.0,0.0
188,0.0,0.0,0.0,0.0
189,0.0,0.0,0.0,0.0
190,0.0,0.0,0.0,0.0
191,0.0,0.0,0.0,0.0
192,0.0,0.0,0.0,0.0
193,0.0,0.0,0.0,0.0
194,0.0,0.0,0.0,0.0
195,0.0,0.0,0.0,0.0
196,0.0,0.0,0.0,0.0
197,0.0,0.0,0.0,0.0
198,0.0,0.0,0.0,0.0
199,0.0,0.0,0.0,0.0
200,0.0,0.0,0.0,0.0
201,0.0,0.0,0.0,0.0
202,0.0,0.0,0.0,0.0
203,0.0,0.0,0.0,0.0
204,0.0,0.0,0.0,0.0
205,0.0,0.0,0.0,0.0
206,0.0,0.0,0.0,0.0
207,0.0,0.0,0.0,0.0
208,0.0,0.0,0.0,0.0
209,0.0,0.0,0.0,0.0
210,0.0,0.0,0.0,0.0
211,0.0,0.0,0.0,0.0
212,0.0,0.0,0.0,0.0
213,0.0,0.0,0.0,0.0
214,0.0,0.0,0.0,0.0
215,0.0,0.0,0.0,0.0
216,0.0,0.0,0.0,0.0
217,0.0,0.0,0.0,0.0
218,0.0,0.0,0.0,0.0
219,0.0,0.0,0.0,0.0
220,0.0,0.0,0.0,0.0
221,0.0,0.0,0.0,0.0
222,0.0,0.0,0.0,0.0
223,0.0,0.0,0.0,0.0
224,0.0,0.0,0.0,0.0
225,0.0,0.0,0.0,0.0
226,0.0,0.0,0.0,0.0
227,0.0,0.0,0.0,0.0
228,0.0,0.0,0.0,0.0
229,0.0,0.0,0.0,0.0
230,0.0,0.0,0.0,0.0
231,0.0,0.0,0.0,0.0
232,0.0,0.0,0.0,0.0
233,0.0,0.0,0.0,0.0
234,0.0,0.0,0.0,0.0
235,0.0,0.0,0.0,0.0
236,0.0,0.0,0.0,0.0
237,0.0,0.0,0.0,0.0
238,0.0,0.0,0.0,0.0
239,0.0,0.0,0.0,0.0
240,0.0,0.0,0.0,0.0
241,0.0,0.0,0.0,0.0
242,0.0,0.0,0.0,0.0
243,0.0,0.0,0.0,0.0
244,0.0,0.0,0.0,0.0
245,0.0,0.0,0.0,0.0
246,0.0,0.0,0.0,0.0
247,0.0,0.0,0.0,0.0
248,0.0,0.0,0.0,0.0
249,0.0,0.0,0.0,0.0
250,0.0,0.0,0.0,0.0
251,0.0,0.0,0.0,0.0
252,0.0,0.0,0.0,0.0
253,0.0,0.0,0.0,0.0
254,0.0,0.0,0.0,0.0
255,0.0,0.0,0.0,0.0
256,0.0,0.0,0.0,0.0
257,0.0,0.0,0.0,0.0
258,0.0,0.0,0.0,0.0
259,0.0,0.0,0.0,0.0
260,0.0,0.0,0.0,0.0
261,0.0,0.0,0.0,0.0
262,0.0,0.0,0.0,0.0
263,0.0,0.0,0.0,0.0
264,0.0,0.0,0.0,0.0
265,0.0,0.0,0.0,0.0
266,0.0,0.0,0.0,0.0
267,0.0,0.0,0.0,0.0
268,0.0,0.0,0.0,0.0
269,0.0,0.0,0.0,0.0
270,0.0,0.0,0.0,0.0
271,0.0,0.0,0.0,0.0
272,0.0,0.0,0.0,0.0
273,0.0,0.0,0.0,0.0
274,0.0,0.0,0.0,0.0
275,0.0,0.0,0.0,0.0
276,0.0,0.0,0.0,0.0
277,0.0,0.0,0.0,0.0
278,0.0,0.0,0.0,0.0
279,0.0,0.0,0.0,0.0
280,0.0,0.0,0.0,0.0
281,0.0,0.0,0.0,0.0
282,0.0,0.0,0.0,0.0
283,0.0,0.0,0.0,0.0
284,0.0,0.0,0.0,0.0
285,0.0,0.0,0.0,0.0
286,0.0,0.0,0.0,0.0
287,0.0,0.0,0.0,0.0
288,0.0,0.0,0.0,0.0
289,0.0,0.0,0.0,0.0
290,0.0,0.0,0.0,0.0
291,0.0,0.0,0.0,0.0
292,0.0,0.0,0.0,0.0
293,0.0,0.0,0.0,0.0
294,0.0,0.0,0.0,0.0
295,0.0,0.0,0.0,0.0
296,0.0,0.0,0.0,0.0
297,0.0,0.0,0.0,0.0
298,0.0,0.0,0.0,0.0
299,0.0,0.0,0.0,0.0
300,0.0,0.0,0.0,0.0
301,0.0,0.0,0.0,0.0
302,0.0,0.0,0.0,0.0
303,0.0,0.0,0.0,0.0
304,0.0,0.0,0.0,0.0
305,0.0,0.0,0.0,0.0
306,0.0,0.0,0.0,0.0
307,0.0,0.0,0.0,0.0
308,0.0,0.0,0.0,0.0
309,0.0,0.0,0.0,0.0
310,0.0,0.0,0.0,0.0
311,0.0,0.0,0.0,0.0
312,0.0,0.0,0.0,0.0
313,0.0,0.0,0.0,0.0
314,0.0,0.0,0.0,0.0
315,0.0,0.0,0.0,0.0
316,0.0,0.0,0.0,0.0
317,0.0,0.0,0.0,0.0
318,0.0,0.0,0.0,0.0
319,0.0,0.0,0.0,0.0
320,0.0,0.0,0.0,0.0
321,0.0,0.0,0.0,0.0
322,0.0,0.0,0.0,0.0
323,0.0,0.0,0.0,0.0
324,0.0,0.0,0.0,0.0
325,0.0,0.0,0.0,0.0
326,0.0,0.0,0.0,0.0
327,0.0,0.0,0.0,0.0
328,0.0,0.0,0.0,0.0
329,0.0,0.0,0.0,0.0
330,0.0,0.0,0.0,0.0
331,0.0,0.0,0.0,0.0
332,0.0,0.0,0.0,0.0
333,0.0,0.0,0.0,0.0
334,0.0,0.0,0.0,0.0
335,0.0,0.0,0.0,0.0
336,0.0,0.0,0.0,0.0
337,0.0,0.0,0.0,0.0
338,0.0,0.0,0.0,0.0
339,0.0,0.0,0.0,0.0
340,0.0,0.0,0.0,0.0
341,0.0,0.0,0.0,0.0
342,0.0,0.0,0.0,0.0
343,0.0,0.0,0.0,0.0
344,0.0,0.0,0.0,0.0
345,0.0,0.0,0.0,0.0
346,0.0,0.0,0.0,0.0
347,0.0,0.0,0.0,0.0
348,0.0,0.0,0.0,0.0
349,0.0,0.0,0.0,0.0
350,0.0,0.0,0.0,0.0
351,0.0,0.0,0.0,0.0
352,0.0,0.0,0.0,0.0
353,0.0,0.0,0.0,0.0
354,0.0,0.0,0.0,0.0
355,0.0,0.0,0.0,0.0
356,0.0,0.0,0.0,0.0
357,0.0,0.0,0.0,0.0
358,0.0,0.0,0.0,0.0
359,0.0,0.0,0.0,0.0
360,0.0,0.0,0.0,0.0
361,0.0,0.0,0.0,0.0
362,0.0,0.0,0.0,0.0
363,0.0,0.0,0.0,0.0
364,0.0,0.0,0.0,0.0
365,0.0,0.0,0.0,0.0
366,0.0,0.0,0.0,0.0
367,0.0,0.0,0.0,0.0
368,0.0,0.0,0.0,0.0
369,0.0,0.0,0.0,0.0
370,0.0,0.0,0.0,0.0
371,0.0,0.0,0.0,0.0
372,0.0,0.0,0.0,0.0
373,0.0,0.0,0.0,0.0
374,0.0,0.0,0.0,0.0
375,0.0,0.0,0.0,0.0
376,0.0,0.0,0.0,0.0
377,0.0,0.0,0.0,0.0
378,0.0,0.0,0.0,0.0
379,0.0,0.0,0.0,0.0
380,0.0,0.0,0.0,0.0
381,0.0,0.0,0.0,0.0
382,0.0,0.0,0.0,0.0
383,0.0,0.0,0.0,0.0
384,0.0,0.0,0.0,0.0
385,0.0,0.0,0.0,0.0
386,0.0,0.0,0.0,0.0
387,0.0,0.0,0.0,0.0
388,0.0,0.0,0.0,0.0
389,0.0,0.0,0.0,0.0
390,0.0,0.0,0.0,0.0
391,0.0,0.0,0.0,0.0
392,0.0,0.0,0.0,0.0
393,0.0,0.0,0.0,0.0
394,0.0,0.0,0.0,0.0
395,0.0,0.0,0.0,0.0
396,0.0,0.0,0.0,0.0
397,0.0,0.0,0.0,0.0
398,0.0,0.0,0.0,0.0
399,0.0,0.0,0.0,0.0
400,0.0,0.0,0.0,0.0
401,0.0,0.0,0.0,0.0
402,0.0,0.0,0.0,0.0
403,0.0,0.0,0.0,0.0
404,0.0,0.0,0.0,0.0
405,0.0,0.0,0.0,0.0
406,0.0,0.0,0.0,0.0
407,0.0,0.0,0.0,0.0
408,0.0,0.0,0.0,0.0
409,0.0,0.0,0.0,0.0
410,0.0,0.0,0.0,0.0
411,0.0,0.0,0.0,0.0
412,0.0,0.0,0.0,0.0
413,0.0,0.0,0.0,0.0
414,0.0,0.0,0.0,0.0
415,0.0,0.0,0.0,0.0
416,0.0,0.0,0.0,0.0
417,0.0,0.0,0.0,0.0
418,0.0,0.0,0.0,0.0
419,0.0,0.0,0.0,0.0
420,0.0,0.0,0.0,0.0
421,0.0,0.0,0.0,0.0
422,0.0,0.0,0.0,0.0
423,0.0,0.0,0.0,0.0
424,0.0,0.0,0.0,0.0
425,0.0,0.0,0.0,0.0
426,0.0,0.0,0.0,0.0
427,0.0,0.0,0.0,0.0
428,0.0,0.0,0.0,0.0
429,0.0,0.0,0.0,0.0
430,0.0,0.0,0.0,0.0
431,0.0,0.0,0.0,0.0
432,0.0,0.0,0.0,0.0
433,0.0,0.0,0.0,0.0
434,0.0,0.0,0.0,0.0
435,0.0,0.0,0.0,0.0
436,0.0,0.0,0.0,0.0
437,0.0,0.0,0.0,0.0
438,0.0,0.0,0.0,0.0
439,0.0,0.0,0.0,0.0
440,0.0,0.0,0.0,0.0
441,0.0,0.0,0.0,0.0
442,0.0,0.0,0.0,0.0
443,0.0,0.0,0.0,0.0
444,0.0,0.0,0.0,0.0
445,0.0,0.0,0.0,0.0
446,0.0,0.0,0.0,0.0
447,0.0,0.0,0.0,0.0
448,0.0,0.0,0.0,0.0
449,0.0,0.0,0.0,0.0
450,0.0,0.0,0.0,0.0
451,0.0,0.0,0.0,0.0
452,0.0,0.0,0.0,0.0
453,0.0,0.0,0.0,0.0
454,0.0,0.0,0.0,0.0
455,0.0,0.0,0.0,0.0
456,0.0,0.0,0.0,0.0
457,0.0,0.0,0.0,0.0
458,0.0,0.0,0.0,0.0
459,0.0,0.0,0.0,0.0
460,0.0,0.0,0.0,0.0
461,0.0,0.0,0.0,0.0
462,0.0,0.0,0.0,0.0
463,0.0,0.0,0.0,0.0
464,0.0,0.0,0.0,0.0
465,0.0,0.0,0.0,0.0
466,0.0,0.0,0.0,0.0
467,0.0,0.0,0.0,0.0
468,0.0,0.0,0.0,0.0
469,0.0,0.0,0.0,0.0
470,0.0,0.0,0.0,0.0
471,0.0,0.0,0.0,0.0
472,0.0,0.0,0.0,0.0
473,0.0,0.0,0.0,0.0
474,0.0,0.0,0.0,0.0
475,0.0,0.0,0.0,0.0
476,0.0,0.0,0.0,0.0
477,0.0,0.0,0.0,0.0
478,0.0,0.0,0.0,0.0
479,0.0,0.0,0.0,0.0
480,0.0,0.0,0.0,0.0
481,0.0,0.0,0.0,0.0
482,0.0,0.0,0.0,0.0
483,0.0,0.0,0.0,0.0
484,0.0,0.0,0.0,0.0
485,0.0,0.0,0.0,0.0
486,0.0,0.0,0.0,0.0
487,0.0,0.0,0.0,0.0
488,0.0,0.0,0.0,0.0
489,0.0,0.0,0.0,0.0
490,0.0,0.0,0.0,0.0
491,0.0,0.0,0.0,0.0
492,0.0,0.0,0.0,0.0
493,0.0,0.0,0.0,0.0
494,0.0,0.0,0.0,0.0
495,0.0,0.0,0.0,0.0
496,0.0,0.0,0.0,0.0
497,0.0,0.0,0.0,0.0
498,0.0,0.0,0.0,0.0
499,0.0,0.0,0.0,0.0
500,0.0,0.0,0.0,0.0
501,0.0,0.0,0.0,0.0
502,0.0,0.0,0.0,0.0
503,0.0,0.0,0.0,0.0
504,0.0,0.0,0.0,0.0
505,0.0,0.0,0.0,0.0
506,0.0,0.0,0.0,0.0
507,0.0,0.0,0.0,0.0
508,0.0,0.0,0.0,0.0
509,0.0,0.0,0.0,0.0
510,0.0,0.0,0.0,0.0
511,0.0,0.0,0.0,0.0
512,0.0,0.0,0.0,0.0
513,0.0,0.0,0.0,0.0
514,0.0,0.0,0.0,0.0
515,0.0,0.0,0.0,0.0
516,0.0,0.0,0.0,0.0
517,0.0,0.0,0.0,0.0
518,0.0,0.0,0.0,0.0
519,0.0,0.0,0.0,0.0
520,0.0,0.0,0.0,0.0
521,0.0,0.0,0.0,0.0
522,0.0,0.0,0.0,0.0
523,0.0,0.0,0.0,0.0
524,0.0,0.0,0.0,0.0
525,0.0,0.0,0.0,0.0
526,0.0,0.0,0.0,0.0
527,0.0,0.0,0.0,0.0
0,0.0,0.0,0.0,0.0
1,0.0,0.0,0.0,0.0
2,0.0,0.0,0.0,0.0
3,0.0,0.0,0.0,0.0
4,0.0,0.0,0.0,0.0
5,0.0,0.0,0.0,0.0
6,0.0,0.0,0.0,0.0
7,0.0,0.0,0.0,0.0
8,0.0,0.0,0.0,0.0
9,0.0,0.0,0.0,0.0
10,0.0,0.0,0.0,0.0
11,0.0,0.0,0.0,0.0
12,0.0,0.0,0.0,0.0
13,0.0,0.0,0.0,0.0
14,0.0,0.0,0.0,0.0
15,0.0,0.0,0.0,0.0
16,0.0,0.0,0.0,0.0
17,0.0,0.0,0.0,0.0
18,0.0,0.0,0.0,0.0
19,0.0,0.0,0.0,0.0
20,0.0,0.0,0.0,0.0
21,0.0,0.0,0.0,0.0
22,0.0,0.0,0.0,0.0
23,0.0,0.0,0.0,0.0
24,0.0,0.0,0.0,0.0
25,0.0,0.0,0.0,0.0
26,0.0,0.0,0.0,0.0
27,0.0,0.0,0.0,0.0
28,0.0,0.0,0.0,0.0
29,0.0,0.0,0.0,0.0
30,0.0,0.0,0.0,0.0
31,0.0,0.0,0.0,0.0
32,0.0,0.0,0.0,0.0
33,0.0,0.0,0.0,0.0
34,0.0,0.0,0.0,0.0
35,0.0,0.0,0.0,0.0
36,0.0,0.0,0.0,0.0
37,-3.8483346,3685.1968,3.8492036,3685.201
38,0.0,0.0,0.0,0.0
39,0.0,0.0,0.0,0.0
40,0.0,0.0,0.0,0.0
41,0.0,0.0,0.0,0.0
42,0.0,0.0,0.0,0.0
43,0.0,0.0,0.0,0.0
44,0.0,0.0,0.0,0.0
45,0.0,0.0,0.0,0.0
46,0.0,0.0,0.0,0.0
47,0.0,0.0,0.0,0.0
48,0.0,0.0,0.0,0.0
49,0.0,0.0,0.0,0.0
50,0.0,0.0,0.0,0.0
51,0.0,0.0,0.0,0.0
52,0.0,0.0,0.0,0.0
53,0.0,0.0,0.0,0.0
54,0.0,0.0,0.0,0.0
55,0.0,0.0,0.0,0.0
56,0.0,0.0,0.0,0.0
57,0.0,0.0,0.0,0.0
58,0.0,0.0,0.0,0.0
59,0.0,0.0,0.0,0.0
60,0.0,0.0,0.0,0.0
61,0.0,0.0,0.0,0.0
62,0.0,0.0,0.0,0.0
63,0.0,0.0,0.0,0.0
64,0.0,0.0,0.0,0.0
65,0.0,0.0,0.0,0.0
66,0.0,0.0,0.0,0.0
67,0.0,0.0,0.0,0.0
68,0.0,0.0,0.0,0.0
69,0.0,0.0,0.0,0.0
70,0.0,0.0,0.0,0.0
71,0.0,0.0,0.0,0.0
72,0.0,0.0,0.0,0.0
73,0.0,0.0,0.0,0.0
74,0.0,0.0,0.0,0.0
75,0.0,0.0,0.0,0.0
76,0.0,0.0,0.0,0.0
77,0.0,0.0,0.0,0.0
78,0.0,0.0,0.0,0.0
79,0.0,0.0,0.0,0.0
80,0.0,0.0,0.0,0.0
81,0.0,0.0,0.0,0.0
82,0.0,0.0,0.0,0.0
83,0.0,0.0,0.0,0.0
84,0.0,0.0,0.0,0.0
85,0.0,0.0,0.0,0.0
86,0.0,0.0,0.0,0.0
87,0.0,0.0,0.0,0.0
88,0.0,0.0,0.0,0.0
89,0.0,0.0,0.0,0.0
90,0.0,0.0,0.0,0.0
91,0.0,0.0,0.0,0.0
92,0.0,0.0,0.0,0.0
93,0.0,0.0,0.0,0.0
94,0.0,0.0,0.0,0.0
95,0.0,0.0,0.0,0.0
96,0.0,0.0,0.0,0.0
97,0.0,0.0,0.0,0.0
98,0.0,0.0,0.0,0.0
99,0.0,0.0,0.0,0.0
100,0.0,0.0,0.0,0.0
101,0.0,0.0,0.0,0.0
102,0.0,0.0,0.0,0.0
103,0.0,0.0,0.0,0.0
104,0.0,0.0,0.0,0.0
105,0.0,0.0,0.0,0.0
106,0.0,0.0,0.0,0.0
107,0.0,0.0,0.0,0.0
108,0.0,0.0,0.0,0.0
109,0.0,0.0,0.0,0.0
110,0.0,0.0,0.0,0.0
111,0.0,0.0,0.0,0.0
112,0.0,0.0,0.0,0.0
113,0.0,0.0,0.0,0.0
114,0.0,0.0,0.0,0.0
115,0.0,0.0,0.0,0.0
116,0.0,0.0,0.0,0.0
117,0.0,0.0,0.0,0.0
118,0.0,0.0,0.0,0.0
119,0.0,0.0,0.0,0.0
120,0.0,0.0,0.0,0.0
121,0.0,0.0,0.0,0.0
122,0.0,0.0,0.0,0.0
123,0.0,0.0,0.0,0.0
124,0.0,0.0,0.0,0.0
125,0.0,0.0,0.0,0.0
126,0.0,0.0,0.0,0.0
127,0.0,0.0,0.0,0.0
128,0.0,0.0,0.0,0.0
129,0.0,0.0,0.0,0.0
130,0.0,0.0,0.0,0.0
131,0.0,0.0,0.0,0.0
132,0.0,0.0,0.0,0.0
133,0.0,0.0,0.0,0.0
134,0.0,0.0,0.0,0.0
135,0.0,0.0,0.0,0.0
136,0.0,0.0,0.0,0.0
137,0.0,0.0,0.0,0.0
138,0.0,0.0,0.0,0.0
139,0.0,0.0,0.0,0.0
140,0.0,0.0,0.0,0.0
141,0.0,0.0,0.0,0.0
142,0.0,0.0,0.0,0.0
143,0.0,0.0,0.0,0.0
144,0.0,0.0,0.0,0.0
145,0.0,0.0,0.0,0.0
146,0.0,0.0,0.0,0.0
147,0.0,0.0,0.0,0.0
148,0.0,0.0,0.0,0.0
149,0.0,0.0,0.0,0.0
150,0.0,0.0,0.0,0.0
151,0.0,0.0,0.0,0.0
152,0.0,0.0,0.0,0.0
153,0.0,0.0,0.0,0.0
154,0.0,0.0,0.0,0.0
155,0.0,0.0,0.0,0.0
156,0.0,0.0,0.0,0.0
157,0.0,0.0,0.0,0.0
158,0.0,0.0,0.0,0.0
159,0.0,0.0,0.0,0.0
160,0.0,0.0,0.0,0.0
161,0.0,0.0,0.0,0.0
162,0.0,0.0,0.0,0.0
163,0.0,0.0,0.0,0.0
164,0.0,0.0,0.0,0.0
165,0.0,0.0,0.0,0.0
166,0.0,0.0,0.0,0.0
167,0.0,0.0,0.0,0.0
168,0.0,0.0,0.0,0.0
169,0.0,0.0,0.0,0.0
170,0.0,0.0,0.0,0.0
171,0.0,0.0,0.0,0.0
172,0.0,0.0,0.0,0.0
173,0.0,0.0,0.0,0.0
174,0.0,0.0,0.0,0.0
175,0.0,0.0,0.0,0.0
176,0.0,0.0,0.0,0.0
177,0.0,0.0,0.0,0.0
178,0.0,0.0,0.0,0.0
179,0.0,0.0,0.0,0.0
180,0.0,0.0,0.0,0.0
181,0.0,0.0,0.0,0.0
182,0.0,0.0,0.0,0.0
183,0.0,0.0,0.0,0.0
184,0.0,0.0,0.0,0.0
185,0.0,0.0,0.0,0.0
186,0.0,0.0,0.0,0.0
187,0.0,0.0,0.0,0.0
188,0.0,0.0,0.0,0.0
189,0.0,0.0,0.0,0.0
190,0.0,0.0,0.0,0.0
191,0.0,0.0,0.0,0.0
192,0.0,0.0,0.0,0.0
193,0.0,0.0,0.0,0.0
194,0.0,0.0,0.0,0.0
195,0.0,0.0,0.0,0.0
196,0.0,0.0,0.0,0.0
197,0.0,0.0,0.0,0.0
198,-1.0238571,134.41089,1.0212424,134.41867
199,0.0,0.0,0.0,0.0
0,0.0,0.0,0.0,0.0
1,0.0,0.0,0.0,0.0
2,0.0,0.0,0.0,0.0
3,0.0,0.0,0.0,0.0
4,0.0,0.0,0.0,0.0
5,0.0,0.0,0.0,0.0
6,0.0,0.0,0.0,0.0
7,0.0,0.0,0.0,0.0
8,0.0,0.0,0.0,0.0
9,0.0,0.0,0.0,0.0
10,0.0,0.0,0.0,0.0
11,0.0,0.0,0.0,0.0
12,0.0,0.0,0.0,0.0
13,0.0,0.0,0.0,0.0
14,0.0,0.0,0.0,0.0
15,0.0,0.0,0.0,0.0
16,0.0,0.0,0.0,0.0
17,0.0,0.0,0.0,0.0
18,0.0,0.0,0.0,0.0
19,0.0,0.0,0.0,0.0
20,0.0,0.0,0.0,0.0
21,0.0,0.0,0.0,0.0
22,0.0,0.0,0.0,0.0
23,0.0,0.0,0.0,0.0
24,0.0,0.0,0.0,0.0
25,0.0,0.0,0.0,0.0
26,0.0,0.0,0.0,0.0
27,0.0,0.0,0.0,0.0
28,0.0,0.0,0.0,0.0
29,0.0,0.0,0.0,0.0
30,0.0,0.0,0.0,0.0
31,0.0,0.0,0.0,0.0
32,0.0,0.0,0.0,0.0
33,0.0,0.0,0.0,0.0
34,0.0,0.0,0.0,0.0
35,0.0,0.0,0.0,0.0
36,0.0,0.0,0.0,0.0
37,-3.8483346,3685.1968,3.8492036,3685.201
38,0.0,0.0,0.0,0.0
39,0.0,0.0,0.0,0.0
40,0.0,0.0,0.0,0.0
41,0.0,0.0,0.0,0.0
42,0.0,0.0,0.0,0.0
43,0.0,0.0,0.0,0.0
44,0.0,0.0,0.0,0.0
45,0.0,0.0,0.0,0.0
46,0.0,0.0,0.0,0.0
47,0.0,0.0,0.0,0.0
48,0.0,0.0,0.0,0.0
49,0.0,0.0,0.0,0.0
50,0.0,0.0,0.0,0.0
51,0.0,0.0,0.0,0.0
52,0.0,0.0,0.0,0.0
53,0.0,0.0,0.0,0.0
54,0.0,0.0,0.0,0.0
55,0.0,0.0,0.0,0.0
56,0.0,0.0,0.0,0.0
57,0.0,0.0,0.0,0.0
58,0.0,0.0,0.0,0.0
59,0.0,0.0,0.0,0.0
60,0.0,0.0,0.0,0.0
61,0.0,0.0,0.0,0.0
62,0.0,0.0,0.0,0.0
63,0.0,0.0,0.0,0.0
64,0.0,0.0,0.0,0.0
65,0.0,0.0,0.0,0.0
66,0.0,0.0,0.0,0.0
67,0.0,0.0,0.0,0.0
68,0.0,0.0,0.0,0.0
69,0.0,0.0,0.0,0.0
70,0.0,0.0,0.0,0.0
71,0.0,0.0,0.0,0.0
72,0.0,0.0,0.0,0.0
73,0.0,0.0,0.0,0.0
74,0.0,0.0,0.0,0.0
75,0.0,0.0,0.0,0.0
76,0.0,0.0,0.0,0.0
77,0.0,0.0,0.0,0.0
78,0.0,0.0,0.0,0.0
79,0.0,0.0,0.0,0.0
80,0.0,0.0,0.0,0.0
81,0.0,0.0,0.0,0.0
82,0.0,0.0,0.0,0.0
83,0.0,0.0,0.0,0.0
84,0.0,0.0,0.0,0.0
85,0.0,0.0,0.0,0.0
86,0.0,0.0,0.0,0.0
87,0.0,0.0,0.0,0.0
88,0.0,0.0,0.0,0.0
89,0.0,0.0,0.0,0.0
90,0.0,0.0,0.0,0.0
91,0.0,0.0,0.0,0.0
92,0.0,0.0,0.0,0.0
93,0.0,0.0,0.0,0.0
94,0.0,0.0,0.0,0.0
95,0.0,0.0,0.0,0.0
96,0.0,0.0,0.0,0.0
97,0.0,0.0,0.0,0.0
98,0.0,0.0,0.0,0.0
99,0.0,0.0,0.0,0.0
100,0.0,0.0,0.0,0.0
101,0.0,0.0,0.0,0.0
102,0.0,0.0,0.0,0.0
103,0.0,0.0,0.0,0.0
104,0.0,0.0,0.0,0.0
105,0.0,0.0,0.0,0.0
106,0.0,0.0,0.0,0.0
107,0.0,0.0,0.0,0.0
108,0.0,0.0,0.0,0.0
109,0.0,0.0,0.0,0.0
110,0.0,0.0,0.0,0.0
111,0.0,0.0,0.0,0.0
112,0.0,0.0,0.0,0.0
113,0.0,0.0,0.0,0.0
114,0.0,0.0,0.0,0.0
115,0.0,0.0,0.0,0.0
116,0.0,0.0,0.0,0.0
117,0.0,0.0,0.0,0.0
118,0.0,0.0,0.0,0.0
119,0.0,0.0,0.0,0.0
120,0.0,0.0,0.0,0.0
121,0.0,0.0,0.0,0.0
122,0.0,0.0,0.0,0.0
123,0.0,0.0,0.0,0.0
124,0.0,0.0,0.0,0.0
125,0.0,0.0,0.0,0.0
126,0.0,0.0,0.0,0.0
127,0.0,0.0,0.0,0.0
128,0.0,0.0,0.0,0.0
129,0.0,0.0,0.0,0.0
130,0.0,0.0,0.0,0.0
131,0.0,0.0,0.0,0.0
132,0.0,0.0,0.0,0.0
133,0.0,0.0,0.0,0.0
134,0.0,0.0,0.0,0.0
135,0.0,0.0,0.0,0.0
136,0.0,0.0,0.0,0.0
137,0.0,0.0,0.0,0.0
138,0.0,0.0,0.0,0.0
139,0.0,0.0,0.0,0.0
140,0.0,0.0,0.0,0.0
141,0.0,0.0,0.0,0.0
142,0.0,0.0,0.0,0.0
143,0.0,0.0,0.0,0.0
144,0.0,0.0,0.0,0.0
145,0.0,0.0,0.0,0.0
146,0.0,0.0,0.0,0.0
147,0.0,0.0,0.0,0.0
148,0.0,0.0,0.0,0.0
149,0.0,0.0,0.0,0.0
150,0.0,0.0,0.0,0.0
151,0.0,0.0,0.0,0.0
152,0.0,0.0,0.0,0.0
153,0.0,0.0,0.0,0.0
154,0.0,0.0,0.0,0.0
155,0.0,0.0,0.0,0.0
156,0.0,0.0,0.0,0.0
157,0.0,0.0,0.0,0.0
158,0.0,0.0,0.0,0.0
159,0.0,0.0,0.0,0.0
160,0.0,0.0,0.0,0.0
161,0.0,0.0,0.0,0.0
162,0.0,0.0,0.0,0.0
163,0.0,0.0,0.0,0.0
164,0.0,0.0,0.0,0.0
165,0.0,0.0,0.0,0.0
166,0.0,0.0,0.0,0.0
167,0.0,0.0,0.0,0.0
168,0.0,0.0,0.0,0.0
169,0.0,0.0,0.0,0.0
170,0.0,0.0,0.0,0.0
171,0.0,0.0,0.0,0.0
172,0.0,0.0,0.0,0.0
173,0.0,0.0,0.0,0.0
174,0.0,0.0,0.0,0.0
175,0.0,0.0,0.0,0.0
176,0.0,0.0,0.0,0.0
177,0.0,0.0,0.0,0.0
178,0.0,0.0,0.0,0.0
179,0.0,0.0,0.0,0.0
180,0.0,0.0,0.0,0.0
181,0.0,0.0,0.0,0.0
182,0.0,0.0,0.0,0.0
183,0.0,0.0,0.0,0.0
184,0.0,0.0,0.0,0.0
185,0.0,0.0,0.0,0.0
186,0.0,0.0,0.0,0.0
187,0.0,0.0,0.0,0.0
188,0.0,0.0,0.0,0.0
189,0.0,0.0,0.0,0.0
190,0.0,0.0,0.0,0.0
191,0.0,0.0,0.0,0.0
192,0.0,0.0,0.0,0.0
193,0.0,0.0,0.0,0.0
194,0.0,0.0,0.0,0.0
195,0.0,0.0,0.0,0.0
196,0.0,0.0,0.0,0.0
197,0.0,0.0,0.0,0.0
198,-1.0238571,134.41089,1.0212424,134.41867
199,0.0,0.0,0.0,0.0
0,0.0,0.0,0.0,0.0
1,0.0,0.0,0.0,0.0
2,0.0,0.0,0.0,0.0
3,0.0,0.0,0.0,0.0
4,0.0,0.0,0.0,0.0
5,0.0,0.0,0.0,0.0
6,0.0,0.0,0.0,0.0
7,0.0,0.0,0.0,0.0
8,0.0,0.0,0.0,0.0
9,0.0,0.0,0.0,0.0
10,0.0,0.0,0.0,0.0
11,0.0,0.0,0.0,0.0
12,0.0,0.0,0.0,0.0
13,0.0,0.0,0.0,0.0
14,0.0,0.0,0.0,0.0
15,0.0,0.0,0.0,0.0
16,0.0,0.0,0.0,0.0
17,0.0,0.0,0.0,0.0
18,0.0,0.0,0.0,0.0
19,0.0,0.0,0.0,0.0
20,0.0,0.0,0.0,0.0
21,0.0,0.0,0.0,0.0
22,0.0,0.0,0.0,0.0
23,0.0,0.0,0.0,0.0
24,0.0,0.0,0.0,0.0
25,0.0,0.0,0.0,0.0
26,0.0,0.0,0.0,0.0
27,0.0,0.0,0.0,0.0
28,0.0,0.0,0.0,0.0
29,0.0,0.0,0.0,0.0
30,0.0,0.0,0.0,0.0
31,0.0,0.0,0.0,0.0
32,0.0,0.0,0.0,0.0
33,0.0,0.0,0.0,0.0
34,0.0,0.0,0.0,0.0
35,0.0,0.0,0.0,0.0
36,0.0,0.0,0.0,0.0
37,-3.8483346,3685.1968,3.8492036,3685.201
38,0.0,0.0,0.0,0.0
39,0.0,0.0,0.0,0.0
40,0.0,0.0,0.0,0.0
41,0.0,0.0,0.0,0.0
42,0.0,0.0,0.0,0.0
43,0.0,0.0,0.0,0.0
44,0.0,0.0,0.0,0.0
45,0.0,0.0,0.0,0.0
46,0.0,0.0,0.0,0.0
47,0.0,0.0,0.0,0.0
48,0.0,0.0,0.0,0.0
49,0.0,0.0,0.0,0.0
50,0.0,0.0,0.0,0.0
51,0.0,0.0,0.0,0.0
52,0.0,0.0,0.0,0.0
53,0.0,0.0,0.0,0.0
54,0.0,0.0,0.0,0.0
55,0.0,0.0,0.0,0.0
56,0.0,0.0,0.0,0.0
57,0.0,0.0,0.0,0.0
58,0.0,0.0,0.0,0.0
59,0.0,0.0,0.0,0.0
60,0.0,0.0,0.0,0.0
61,0.0,0.0,0.0,0.0
62,0.0,0.0,0.0,0.0
63,0.0,0.0,0.0,0.0
64,0.0,0.0,0.0,0.0
65,0.0,0.0,0.0,0.0
66,0.0,0.0,0.0,0.0
67,0.0,0.0,0.0,0.0
68,0.0,0.0,0.0,0.0
69,0.0,0.0,0.0,0.0
70,0.0,0.0,0.0,0.0
71,0.0,0.0,0.0,0.0
72,0.0,0.0,0.0,0.0
73,0.0,0.0,0.0,0.0
74,0.0,0.0,0.0,0.0
75,0.0,0.0,0.0,0.0
76,0.0,0.0,0.0,0.0
77,0.0,0.0,0.0,0.0
78,0.0,0.0,0.0,0.0
79,0.0,0.0,0.0,0.0
80,0.0,0.0,0.0,0.0
81,0.0,0.0,0.0,0.0
82,0.0,0.0,0.0,0.0
83,0.0,0.0,0.0,0.0
84,0.0,0.0,0.0,0.0
85,0.0,0.0,0.0,0.0
86,0.0,0.0,0.0,0.0
87,0.0,0.0,0.0,0.0
88,0.0,0.0,0.0,0.0
89,0.0,0.0,0.0,0.0
90,0.0,0.0,0.0,0.0
91,0.0,0.0,0.0,0.0
92,0.0,0.0,0.0,0.0
93,0.0,0.0,0.0,0.0
94,0.0,0.0,0.0,0.0
95,0.0,0.0,0.0,0.0
96,0.0,0.0,0.0,0.0
97,0.0,0.0,0.0,0.0
98,0.0,0.0,0.0,0.0
99,0.0,0.0,0.0,0.0
100,0.0,0.0,0.0,0.0
101,0.0,0.0,0.0,0.0
102,0.0,0.0,0.0,0.0
103,0.0,0.0,0.0,0.0
104,0.0,0.0,0.0,0.0
105,0.0,0.0,0.0,0.0
106,0.0,0.0,0.0,0.0
107,0.0,0.0,0.0,0.0
108,0.0,0.0,0.0,0.0
109,0.0,0.0,0.0,0.0
110,0.0,0.0,0.0,0.0
111,0.0,0.0,0.0,0.0
112,0.0,0.0,0.0,0.0
113,0.0,0.0,0.0,0.0
114,0.0,0.0,0.0,0.0
115,0.0,0.0,0.0,0.0
116,0.0,0.0,0.0,0.0
117,0.0,0.0,0.0,0.0
118,0.0,0.0,0.0,0.0
119,0.0,0.0,0.0,0.0
120,0.0,0.0,0.0,0.0
121,0.0,0.0,0.0,0.0
122,0.0,0.0,0.0,0.0
123,0.0,0.0,0.0,0.0
124,0.0,0.0,0.0,0.0
125,0.0,0.0,0.0,0.0
126,0.0,0.0,0.0,0.0
127,0.0,0.0,0.0,0.0
128,0.0,0.0,0.0,0.0
129,0.0,0.0,0.0,0.0
130,0.0,0.0,0.0,0.0
131,0.0,0.0,0.0,0.0
132,0.0,0.0,0.0,0.0
133,0.0,0.0,0.0,0.0
134,0.0,0.0,0.0,0.0
135,0.0,0.0,0.0,0.0
136,0.0,0.0,0.0,0.0
137,0.0,0.0,0.0,0.0
138,0.0,0.0,0.0,0.0
139,0.0,0.0,0.0,0.0
140,0.0,0.0,0.0,0.0
141,0.0,0.0,0.0,0.0
142,0.0,0.0,0.0,0.0
143,0.0,0.0,0.0,0.0
144,0.0,0.0,0.0,0.0
145,0.0,0.0,0.0,0.0
146,0.0,0.0,0.0,0.0
147,0.0,0.0,0.0,0.0
148,0.0,0.0,0.0,0.0
149,0.0,0.0,0.0,0.0
150,0.0,0.0,0.0,0.0
151,0.0,0.0,0.0,0.0
152,0.0,0.0,0.0,0.0
153,0.0,0.0,0.0,0.0
154,0.0,0.0,0.0,0.0
155,0.0,0.0,0.0,0.0
156,0.0,0.0,0.0,0.0
157,0.0,0.0,0.0,0.0
158,0.0,0.0,0.0,0.0
159,0.0,0.0,0.0,0.0
160,0.0,0.0,0.0,0.0
161,0.0,0.0,0.0,0.0
162,0.0,0.0,0.0,0.0
163,0.0,0.0,0.0,0.0
164,0.0,0.0,0.0,0.0
165,0.0,0.0,0.0,0.0
166,0.0,0.0,0.0,0.0
167,0.0,0.0,0.0,0.0
168,0.0,0.0,0.0,0.0
169,0.0,0.0,0.0,0.0
170,0.0,0.0,0.0,0.0
171,0.0,0.0,0.0,0.0
172,0.0,0.0,0.0,0.0
173,0.0,0.0,0.0,0.0
174,0.0,0.0,0.0,0.0
175,0.0,0.0,0.0,0.0
176,0.0,0.0,0.0,0.0
177,0.0,0.0,0.0,0.0
178,0.0,0.0,0.0,0.0
179,0.0,0.0,0.0,0.0
180,0.0,0.0,0.0,0.0
181,0.0,0.0,0.0,0.0
182,0.0,0.0,0.0,0.0
183,0.0,0.0,0.0,0.0
184,0.0,0.0,0.0,0.0
185,0.0,0.0,0.0,0.0
186,0.0,0.0,0.0,0.0
187,0.0,0.0,0.0,0.0
188,0.0,0.0,0.0,0.0
189,0.0,0.0,0.0,0.0
190,0.0,0.0,0.0,0.0
191,0.0,0.0,0.0,0.0
192,0.0,0.0,0.0,0.0
193,0.0,0.0,0.0,0.0
194,0.0,0.0,0.0,0.0
195,0.0,0.0,0.0,0.0
196,0.0,0.0,0.0,0.0
197,0.0,0.0,0.0,0.0
198,-1.0238571,134.41089,1.0212424,134.41867
199,0.0,0.0,0.0,0.0
0,0.0,0.0,0.0,0.0
1,0.0,0.0,0.0,0.0
2,0.0,0.0,0.0,0.0
3,0.0,0.0,0.0,0.0
4,0.0,0.0,0.0,0.0
5,0.0,0.0,0.0,0.0
6,0.0,0.0,0.0,0.0
7,0.0,0.0,0.0,0.0
8,0.0,0.0,0.0,0.0
9,0.0,0.0,0.0,0.0
10,0.0,0.0,0.0,0.0
11,0.0,0.0,0.0,0.0
12,0.0,0.0,0.0,0.0
13,0.0,0.0,0.0,0.0
14,0.0,0.0,0.0,0.0
15,0.0,0.0,0.0,0.0
16,0.0,0.0,0.0,0.0
17,0.0,0.0,0.0,0.0
18,0.0,0.0,0.0,0.0
19,0.0,0.0,0.0,0.0
20,0.0,0.0,0.0,0.0
21,0.0,0.0,0.0,0.0
22,0.0,0.0,0.0,0.0
23,0.0,0.0,0.0,0.0
24,0.0,0.0,0.0,0.0
25,0.0,0.0,0.0,0.0
26,0.0,0.0,0.0,0.0
27,0.0,0.0,0.0,0.0
28,0.0,0.0,0.0,0.0
29,0.0,0.0,0.0,0.0
30,0.0,0.0,0.0,0.0
31,0.0,0.0,0.0,0.0
32,0.0,0.0,0.0,0.0
33,0.0,0.0,0.0,0.0
34,0.0,0.0,0.0,0.0
35,0.0,0.0,0.0,0.0
36,0.0,0.0,0.0,0.0
37,0.0,0.0,0.0,0.0
38,0.0,0.0,0.0,0.0
39,0.0,0.0,0.0,0.0
40,0.0,0.0,0.0,0.0
41,0.0,0.0,0.0,0.0
42,0.0,0.0,0.0,0.0
43,0.0,0.0,0.0,0.0
44,0.0,0.0,0.0,0.0
45,0.0,0.0,0.0,0.0
46,0.0,0.0,0.0,0.0
47,0.0,0.0,0.0,0.0
48,0.0,0.0,0.0,0.0
49,0.0,0.0,0.0,0.0
50,0.0,0.0,0.0,0.0
51,0.0,0.0,0.0,0.0
52,0.0,0.0,0.0,0.0
53,0.0,0.0,0.0,0.0
54,0.0,0.0,0.0,0.0
55,0.0,0.0,0.0,0.0
56,0.0,0.0,0.0,0.0
57,0.0,0.0,0.0,0.0
58,0.0,0.0,0.0,0.0
59,0.0,0.0,0.0,0.0
60,0.0,0.0,0.0,0.0
61,0.0,0.0,0.0,0.0
62,0.0,0.0,0.0,0.0
63,0.0,0.0,0.0,0.0
64,0.0,0.0,0.0,0.0
65,0.0,0.0,0.0,0.0
66,0.0,0.0,0.0,0.0
67,0.0,0.0,0.0,0.0
68,0.0,0.0,0.0,0.0
69,0.0,0.0,0.0,0.0
70,0.0,0.0,0.0,0.0
71,0.0,0.0,0.0,0.0
72,0.0,0.0,0.0,0.0
73,0.0,0.0,0.0,0.0
74,0.0,0.0,0.0,0.0
75,0.0,0.0,0.0,0.0
76,0.0,0.0,0.0,0.0
77,0.0,0.0,0.0,0.0
78,0.0,0.0,0.0,0.0
79,0.0,0.0,0.0,0.0
80,0.0,0.0,0.0,0.0
81,0.0,0.0,0.0,0.0
82,0.0,0.0,0.0,0.0
83,0.0,0.0,0.0,0.0
84,0.0,0.0,0.0,0.0
85,0.0,0.0,0.0,0.0
86,0.0,0.0,0.0,0.0
87,0.0,0.0,0.0,0.0
88,0.0,0.0,0.0,0.0
89,0.0,0.0,0.0,0.0
90,0.0,0.0,0.0,0.0
91,0.0,0.0,0.0,0.0
92,0.0,0.0,0.0,0.0
93,0.0,0.0,0.0,0.0
94,0.0,0.0,0.0,0.0
95,0.0,0.0,0.0,0.0
96,0.0,0.0,0.0,0.0
97,0.0,0.0,0.0,0.0
98,0.0,0.0,0.0,0.0
99,0.0,0.0,0.0,0.0
100,0.0,0.0,0.0,0.0
101,0.0,0.0,0.0,0.0
102,0.0,0.0,0.0,0.0
103,0.0,0.0,0.0,0.0
104,0.0,0.0,0.0,0.0
105,0.0,0.0,0.0,0.0
106,0.0,0.0,0.0,0.0
107,0.0,0.0,0.0,0.0
108,0.0,0.0,0.0,0.0
109,0.0,0.0,0.0,0.0
110,0.0,0.0,0.0,0.0
111,0.0,0.0,0.0,0.0
112,0.0,0.0,0.0,0.0
113,0.0,0.0,0.0,0.0
114,0.0,0.0,0.0,0.0
115,0.0,0.0,0.0,0.0
116,0.0,0.0,0.0,0.0
117,0.0,0.0,0.0,0.0
118,0.0,0.0,0.0,0.0
119,0.0,0.0,0.0,0.0
120,0.0,0.0,0.0,0.0
121,0.0,0.0,0.0,0.0
122,0.0,0.0,0.0,0.0
123,0.0,0.0,0.0,0.0
124,0.0,0.0,0.0,0.0
125,0.0,0.0,0.0,0.0
126,0.0,0.0,0.0,0.0
127,0.0,0.0,0.0,0.0
128,0.0,0.0,0.0,0.0
129,0.0,0.0,0.0,0.0
130,0.0,0.0,0.0,0.0
131,0.0,0.0,0.0,0.0
132,0.0,0.0,0.0,0.0
133,0.0,0.0,0.0,0.0
134,0.0,0.0,0.0,0.0
135,0.0,0.0,0.0,0.0
136,0.0,0.0,0.0,0.0
137,0.0,0.0,0.0,0.0
138,0.0,0.0,0.0,0.0
139,0.0,0.0,0.0,0.0
140,0.0,0.0,0.0,0.0
141,0.0,0.0,0.0,0.0
142,0.0,0.0,0.0,0.0
143,0.0,0.0,0.0,0.0
144,0.0,0.0,0.0,0.0
145,0.0,0.0,0.0,0.0
146,0.0,0.0,0.0,0.0
147,0.0,0.0,0.0,0.0
148,0.0,0.0,0.0,0.0
149,0.0,0.0,0.0,0.0
150,0.0,0.0,0.0,0.0
151,0.0,0.0,0.0,0.0
152,0.0,0.0,0.0,0.0
153,0.0,0.0,0.0,0.0
154,0.0,0.0,0.0,0.0
155,0.0,0.0,0.0,0.0
156,0.0,0.0,0.0,0.0
157,0.0,0.0,0.0,0.0
158,0.0,0.0,0.0,0.0
159,0.0,0.0,0.0,0.0
160,0.0,0.0,0.0,0.0
161,0.0,0.0,0.0,0.0
162,0.0,0.0,0.0,0.0
163,0.0,0.0,0.0,0.0
164,0.0,0.0,0.0,0.0
165,0.0,0.0,0.0,0.0
166,0.0,0.0,0.0,0.0
167,0.0,0.0,0.0,0.0
168,0.0,0.0,0.0,0.0
169,0.0,0.0,0.0,0.0
170,0.0,0.0,0.0,0.0
171,0.0,0.0,0.0,0.0
172,0.0,0.0,0.0,0.0
173,0.0,0.0,0.0,0.0
174,0.0,0.0,0.0,0.0
175,0.0,0.0,0.0,0.0
176,0.0,0.0,0.0,0.0
177,0.0,0.0,0.0,0.0
178,0.0,0.0,0.0,0.0
179,0.0,0.0,0.0,0.0
180,0.0,0.0,0.0,0.0
181,0.0,0.0,0.0,0.0
182,0.0,0.0,0.0,0.0
183,0.0,0.0,0.0,0.0
184,0.0,0.0,0.0,0.0
185,0.0,0.0,0.0,0.0
186,0.0,0.0,0.0,0.0
187,0.0,0.0,0.0,0.0
188,0.0,0.0,0.0,0.0
189,0.0,0.0,0.0,0.0
190,0.0,0.0,0.0,0.0
191,0.0,0.0,0.0,0.0
192,0.0,0.0,0.0,0.0
193,0.0,0.0,0.0,0.0
194,0.0,0.0,0.0,0.0
195,0.0,0.0,0.0,0.0
196,0.0,0.0,0.0,0.0
197,0.0,0.0,0.0,0.0
198,0.0,0.0,0.0,0.0
199,0.0,0.0,0.0,0.0
0,0.0,0.0,0.0,0.0
1,0.0,0.0,0.0,0.0
2,0.0,0.0,0.0,0.0
3,0.0,0.0,0.0,0.0
4,0.0,0.0,0.0,0.0
5,0.0,0.0,0.0,0.0
6,0.0,0.0,0.0,0.0
7,0.0,0.0,0.0,0.0
8,0.0,0.0,0.0,0.0
9,0.0,0.0,0.0,0.0
10,0.0,0.0,0.0,0.0
11,0.0,0.0,0.0,0.0
12,0.0,0.0,0.0,0.0
13,0.0,0.0,0.0,0.0
14,0.0,0.0,0.0,0.0
15,0.0,0.0,0.0,0.0
16,0.0,0.0,0.0,0.0
17,0.0,0.0,0.0,0.0
18,0.0,0.0,0.0,0.0
19,0.0,0.0,0.0,0.0
20,0.0,0.0,0.0,0.0
21,0.0,0.0,0.0,0.0
22,0.0,0.0,0.0,0.0
23,0.0,0.0,0.0,0.0
24,0.0,0.0,0.0,0.0
25,0.0,0.0,0.0,0.0
26,0.0,0.0,0.0,0.0
27,0.0,0.0,0.0,0.0
28,0.0,0.0,0.0,0.0
29,0.0,0.0,0.0,0.0
30,0.0,0.0,0.0,0.0
31,0.0,0.0,0.0,0.0
32,0.0,0.0,0.0,0.0
33,0.0,0.0,0.0,0.0
34,0.0,0.0,0.0,0.0
35,0.0,0.0,0.0,0.0
36,0.0,0.0,0.0,0.0
37,0.0,0.0,0.0,0.0
38,0.0,0.0,0.0,0.0
39,0.0,0.0,0.0,0.0
40,0.0,0.0,0.0,0.0
41,0.0,0.0,0.0,0.0
42,0.0,0.0,0.0,0.0
43,0.0,0.0,0.0,0.0
44,0.0,0.0,0.0,0.0
45,0.0,0.0,0.0,0.0
46,0.0,0.0,0.0,0.0
47,0.0,0.0,0.0,0.0
48,0.0,0.0,0.0,0.0
49,0.0,0.0,0.0,0.0
50,0.0,0.0,0.0,0.0
51,0.0,0.0,0.0,0.0
52,0.0,0.0,0.0,0.0
53,0.0,0.0,0.0,0.0
54,0.0,0.0,0.0,0.0
55,0.0,0.0,0.0,0.0
56,0.0,0.0,0.0,0.0
57,0.0,0.0,0.0,0.0
58,0.0,0.0,0.0,0.0
59,0.0,0.0,0.0,0.0
60,0.0,0.0,0.0,0.0
61,0.0,0.0,0.0,0.0
62,0.0,0.0,0.0,0.0
63,0.0,0.0,0.0,0.0
64,0.0,0.0,0.0,0.0
65,0.0,0.0,0.0,0.0
66,0.0,0.0,0.0,0.0
67,0.0,0.0,0.0,0.0
68,0.0,0.0,0.0,0.0
69,0.0,0.0,0.0,0.0
70,0.0,0.0,0.0,0.0
71,0.0,0.0,0.0,0.0
72,-0.006055626,5084.126,-0.0027254354,5084.126
73,0.006930519,189.11784,-0.00223815,189.11784
74,0.0,0.0,0.0,0.0
75,0.0,0.0,0.0,0.0
76,0.0,0.0,0.0,0.0
77,0.0,0.0,0.0,0.0
78,0.0,0.0,0.0,0.0
79,0.0,0.0,0.0,0.0
80,0.0,0.0,0.0,0.0
81,0.0,0.0,0.0,0.0
82,0.0,0.0,0.0,0.0
83,0.0,0.0,0.0,0.0
84,0.0,0.0,0.0,0.0
85,0.0,0.0,0.0,0.0
86,0.0,0.0,0.0,0.0
87,0.0,0.0,0.0,0.0
88,0.0,0.0,0.0,0.0
89,0.0,0.0,0.0,0.0
90,0.0,0.0,0.0,0.0
91,0.0,0.0,0.0,0.0
92,0.0,0.0,0.0,0.0
93,0.0,0.0,0.0,0.0
94,0.0,0.0,0.0,0.0
95,0.0,0.0,0.0,0.0
96,0.0,0.0,0.0,0.0
97,0.0,0.0,0.0,0.0
98,0.0,0.0,0.0,0.0
99,0.0,0.0,0.0,0.0
100,0.0,0.0,0.0,0.0
101,0.0,0.0,0.0,0.0
102,0.0,0.0,0.0,0.0
103,0.0,0.0,0.0,0.0
104,0.0,0.0,0.0,0.0
105,0.0,0.0,0.0,0.0
106,0.0,0.0,0.0,0.0
107,0.0,0.0,0.0,0.0
108,0.0,0.0,0.0,0.0
109,0.0,0.0,0.0,0.0
110,0.0,0.0,0.0,0.0
111,0.0,0.0,0.0,0.0
112,0.0,0.0,0.0,0.0
113,0.0,0.0,0.0,0.0
114,0.0,0.0,0.0,0.0
115,0.0,0.0,0.0,0.0
116,0.0,0.0,0.0,0.0
117,0.0,0.0,0.0,0.0
118,0.0,0.0,0.0,0.0
119,0.0,0.0,0.0,0.0
120,0.0,0.0,0.0,0.0
121,0.0,0.0,0.0,0.0
122,0.0,0.0,0.0,0.0
123,0.0,0.0,0.0,0.0
124,0.0,0.0,0.0,0.0
125,0.0,0.0,0.0,0.0
126,0.0,0.0,0.0,0.0
127,0.0,0.0,0.0,0.0
128,0.0,0.0,0.0,0.0
129,0.0,0.0,0.0,0.0
130,0.0,0.0,0.0,0.0
131,0.0,0.0,0.0,0.0
132,0.0,0.0,0.0,0.0
133,0.0,0.0,0.0,0.0
134,0.0,0.0,0.0,0.0
135,0.0,0.0,0.0,0.0
136,0.0,0.0,0.0,0.0
137,0.0,0.0,0.0,0.0
138,0.0,0.0,0.0,0.0
139,0.0,0.0,0.0,0.0
140,0.0,0.0,0.0,0.0
141,0.0,0.0,0.0,0.0
142,0.0,0.0,0.0,0.0
143,0.0,0.0,0.0,0.0
144,0.0,0.0,0.0,0.0
145,0.0,0.0,0.0,0.0
146,0.0,0.0,0.0,0.0
147,0.0,0.0,0.0,0.0
148,0.0,0.0,0.0,0.0
149,0.0,0.0,0.0,0.0
150,0.0,0.0,0.0,0.0
151,0.0,0.0,0.0,0.0
152,0.0,0.0,0.0,0.0
153,0.0,0.0,0.0,0.0
154,0.0,0.0,0.0,0.0
155,0.0,0.0,0.0,0.0
156,0.0,0.0,0.0,0.0
157,0.0,0.0,0.0,0.0
158,0.0,0.0,0.0,0.0
159,0.0,0.0,0.0,0.0
160,0.0,0.0,0.0,0.0
161,0.0,0.0,0.0,0.0
162,0.0,0.0,0.0,0.0
163,0.0,0.0,0.0,0.0
164,0.0,0.0,0.0,0.0
165,0.0,0.0,0.0,0.0
166,0.0,0.0,0.0,0.0
167,0.0,0.0,0.0,0.0
168,0.0,0.0,0.0,0.0
169,0.0,0.0,0.0,0.0
170,0.0,0.0,0.0,0.0
171,0.0,0.0,0.0,0.0
172,0.0,0.0,0.0,0.0
173,0.0,0.0,0.0,0.0
174,0.0,0.0,0.0,0.0
175,0.0,0.0,0.0,0.0
176,0.0,0.0,0.0,0.0
177,0.0,0.0,0.0,0.0
178,0.0,0.0,0.0,0.0
179,0.0,0.0,0.0,0.0
180,0.0,0.0,0.0,0.0
181,0.0,0.0,0.0,0.0
182,0.0,0.0,0.0,0.0
183,0.0,0.0,0.0,0.0
184,0.0,0.0,0.0,0.0
185,0.0,0.0,0.0,0.0
186,0.0,0.0,0.0,0.0
187,0.0,0.0,0.0,0.0
188,0.0,0.0,0.0,0.0
189,0.0,0.0,0.0,0.0
190,0.0,0.0,0.0,0.0
191,0.0,0.0,0.0,0.0
192,0.0,0.0,0.0,0.0
193,0.0,0.0,0.0,0.0
194,0.0,0.0,0.0,0.0
195,0.0,0.0,0.0,0.0
196,0.0,0.0,0.0,0.0
197,0.0,0.0,0.0,0.0
198,0.0,0.0,0.0,0.0
199,0.0,0.0,0.0,0.0
0,0.0,0.0,0.0,0.0
1,0.0,0.0,0.0,0.0
2,0.0,0.0,0.0,0.0
3,0.0,0.0,0.0,0.0
4,0.0,0.0,0.0,0.0
5,0.0,0.0,0.0,0.0
6,0.0,0.0,0.0,0.0
7,0.0,0.0,0.0,0.0
8,0.0,0.0,0.0,0.0
9,0.0,0.0,0.0,0.0
10,0.0,0.0,0.0,0.0
11,0.0,0.0,0.0,0.0
12,0.0,0.0,0.0,0.0
13,0.0,0.0,0.0,0.0
14,0.0,0.0,0.0,0.0
15,0.0,0.0,0.0,0.0
16,0.0,0.0,0.0,0.0
17,0.0,0.0,0.0,0.0
18,0.0,0.0,0.0,0.0
19,0.0,0.0,0.0,0.0
20,0.0,0.0,0.0,0.0
21,0.0,0.0,0.0,0.0
22,0.0,0.0,0.0,0.0
23,0.0,0.0,0.0,0.0
24,0.0,0.0,0.0,0.0
25,0.0,0.0,0.0,0.0
26,0.0,0.0,0.0,0.0
27,0.0,0.0,0.0,0.0
28,0.0,0.0,0.0,0.0
29,0.0,0.0,0.0,0.0
30,0.0,0.0,0.0,0.0
31,0.0,0.0,0.0,0.0
32,0.0,0.0,0.0,0.0
33,0.0,0.0,0.0,0.0
34,0.0,0.0,0.0,0.0
35,0.0,0.0,0.0,0.0
36,0.0,0.0,0.0,0.0
37,0.0,0.0,0.0,0.0
38,0.0,0.0,0.0,0.0
39,0.0,0.0,0.0,0.0
40,0.0,0.0,0.0,0.0
41,0.0,0.0,0.0,0.0
42,0.0,0.0,0.0,0.0
43,0.0,0.0,0.0,0.0
44,0.0,0.0,0.0,0.0
45,0.0,0.0,0.0,0.0
46,0.0,0.0,0.0,0.0
47,0.0,0.0,0.0,0.0
48,0.0,0.0,0.0,0.0
49,0.0,0.0,0.0,0.0
50,0.0,0.0,0.0,0.0
51,0.0,0.0,0.0,0.0
52,0.0,0.0,0.0,0.0
53,0.0,0.0,0.0,0.0
54,0.0,0.0,0.0,0.0
55,0.0,0.0,0.0,0.0
56,0.0,0.0,0.0,0.0
57,0.0,0.0,0.0,0.0
58,0.0,0.0,0.0,0.0
59,0.0,0.0,0.0,0.0
60,0.0,0.0,0.0,0.0
61,0.0,0.0,0.0,0.0
62,0.0,0.0,0.0,0.0
63,0.0,0.0,0.0,0.0
64,0.0,0.0,0.0,0.0
65,0.0,0.0,0.0,0.0
66,0.0,0.0,0.0,0.0
67,0.0,0.0,0.0,0.0
68,0.0,0.0,0.0,0.0
69,0.0,0.0,0.0,0.0
70,0.0,0.0,0.0,0.0
71,0.0,0.0,0.0,0.0
72,0.0,0.0,0.0,0.0
73,0.0,0.0,0.0,0.0
74,0.0,0.0,0.0,0.0
75,0.0,0.0,0.0,0.0
76,0.0,0.0,0.0,0.0
77,0.0,0.0,0.0,0.0
78,0.0,0.0,0.0,0.0
79,0.0,0.0,0.0,0.0
80,0.0,0.0,0.0,0.0
81,0.0,0.0,0.0,0.0
82,0.0,0.0,0.0,0.0
83,0.0,0.0,0.0,0.0
84,0.0,0.0,0.0,0.0
85,0.0,0.0,0.0,0.0
86,0.0,0.0,0.0,0.0
87,0.0,0.0,0.0,0.0
88,0.0,0.0,0.0,0.0
89,0.0,0.0,0.0,0.0
90,0.0,0.0,0.0,0.0
91,0.0,0.0,0.0,0.0
92,0.0,0.0,0.0,0.0
93,0.0,0.0,0.0,0.0
94,0.0,0.0,0.0,0.0
95,0.0,0.0,0.0,0.0
96,0.0,0.0,0.0,0.0
97,0.0,0.0,0.0,0.0
98,0.0,0.0,0.0,0.0
99,0.0,0.0,0.0,0.0
100,0.0,0.0,0.0,0.0
101,0.0,0.0,0.0,0.0
102,0.0,0.0,0.0,0.0
103,0.0,0.0,0.0,0.0
104,0.0,0.0,0.0,0.0
105,0.0,0.0,0.0,0.0
106,0.0,0.0,0.0,0.0
107,0.0,0.0,0.0,0.0
108,0.0,0.0,0.0,0.0
109,0.0,0.0,0.0,0.0
110,0.0,0.0,0.0,0.0
111,0.0,0.0,0.0,0.0
112,0.0,0.0,0.0,0.0
113,0.0,0.0,0.0,0.0
114,0.0,0.0,0.0,0.0
115,0.0,0.0,0.0,0.0
116,0.0,0.0,0.0,0.0
117,0.0,0.0,0.0,0.0
118,0.0,0.0,0.0,0.0
119,0.0,0.0,0.0,0.0
120,0.0,0.0,0.0,0.0
121,0.0,0.0,0.0,0.0
122,0.0,0.0,0.0,0.0
123,0.0,0.0,0.0,0.0
124,0.0,0.0,0.0,0.0
125,0.0,0.0,0.0,0.0
126,0.0,0.0,0.0,0.0
127,0.0,0.0,0.0,0.0
128,0.0,0.0,0.0,0.0
129,0.0,0.0,0.0,0.0
130,0.0,0.0,0.0,0.0
131,0.0,0.0,0.0,0.0
132,0.0,0.0,0.0,0.0
133,0.0,0.0,0.0,0.0
134,0.0,0.0,0.0,0.0
135,0.0,0.0,0.0,0.0
136,0.0,0.0,0.0,0.0
137,0.0,0.0,0.0,0.0
138,0.0,0.0,0.0,0.0
139,0.0,0.0,0.0,0.0
140,0.0,0.0,0.0,0.0
141,0.0,0.0,0.0,0.0
142,0.0,0.0,0.0,0.0
143,0.0,0.0,0.0,0.0
144,0.0,0.0,0.0,0.0
145,0.0,0.0,0.0,0.0
146,0.0,0.0,0.0,0.0
147,0.0,0.0,0.0,0.0
148,0.0,0.0,0.0,0.0
149,0.0,0.0,0.0,0.0
150,0.0,0.0,0.0,0.0
151,0.0,0.0,0.0,0.0
152,0.0,0.0,0.0,0.0
153,0.0,0.0,0.0,0.0
154,0.0,0.0,0.0,0.0
155,0.0,0.0,0.0,0.0
156,0.0,0.0,0.0,0.0
157,0.0,0.0,0.0,0.0
158,0.0,0.0,0.0,0.0
159,0.0,0.0,0.0,0.0
160,0.0,0.0,0.0,0.0
161,0.0,0.0,0.0,0.0
162,0.0,0.0,0.0,0.0
163,0.0,0.0,0.0,0.0
164,0.0,0.0,0.0,0.0
165,0.0,0.0,0.0,0.0
166,0.0,0.0,0.0,0.0
167,0.0,0.0,0.0,0.0
168,0.0,0.0,0.0,0.0
169,0.0,0.0,0.0,0.0
170,0.0,0.0,0.0,0.0
171,0.0,0.0,0.0,0.0
172,0.0,0.0,0.0,0.0
173,0.0,0.0,0.0,0.0
174,0.0,0.0,0.0,0.0
175,0.0,0.0,0.0,0.0
176,0.0,0.0,0.0,0.0
177,0.0,0.0,0.0,0.0
178,0.0,0.0,0.0,0.0
179,0.0,0.0,0.0,0.0
180,0.0,0.0,0.0,0.0
181,0.0,0.0,0.0,0.0
182,0.0,0.0,0.0,0.0
183,0.0,0.0,0.0,0.0
184,0.0,0.0,0.0,0.0
185,0.0,0.0,0.0,0.0
186,0.0,0.0,0.0,0.0
187,0.0,0.0,0.0,0.0
188,0.0,0.0,0.0,0.0
189,0.0,0.0,0.0,0.0
190,0.0,0.0,0.0,0.0
191,0.0,0.0,0.0,0.0
192,0.0,0.0,0.0,0.0
193,0.0,0.0,0.0,0.0
194,0.0,0.0,0.0,0.0
195,0.0,0.0,0.0,0.0
196,0.0,0.0,0.0,0.0
197,0.0,0.0,0.0,0.0
198,0.0,0.0,0.0,0.0
199,0.0,0.0,0.0,0.0
200,0.0,0.0,0.0,0.0
201,0.0,0.0,0.0,0.0
202,0.0,0.0,0.0,0.0
203,0.0,0.0,0.0,0.0
204,0.0,0.0,0.0,0.0
205,0.0,0.0,0.0,0.0
206,0.0,0.0,0.0,0.0
207,0.0,0.0,0.0,0.0
208,0.0,0.0,0.0,0.0
209,0.0,0.0,0.0,0.0
210,0.0,0.0,0.0,0.0
211,0.0,0.0,0.0,0.0
212,0.0,0.0,0.0,0.0
213,0.0,0.0,0.0,0.0
214,0.0,0.0,0.0,0.0
215,0.0,0.0,0.0,0.0
216,0.0,0.0,0.0,0.0
217,0.0,0.0,0.0,0.0
218,0.0,0.0,0.0,0.0
219,0.0,0.0,0.0,0.0
220,0.0,0.0,0.0,0.0
221,0.0,0.0,0.0,0.0
222,0.0,0.0,0.0,0.0
223,0.0,0.0,0.0,0.0
224,0.0,0.0,0.0,0.0
225,0.0,0.0,0.0,0.0
226,0.0,0.0,0.0,0.0
227,0.0,0.0,0.0,0.0
228,0.0,0.0,0.0,0.0
229,0.0,0.0,0.0,0.0
230,0.0,0.0,0.0,0.0
231,0.0,0.0,0.0,0.0
232,0.0,0.0,0.0,0.0
233,0.0,0.0,0.0,0.0
234,0.0,0.0,0.0,0.0
235,0.0,0.0,0.0,0.0
236,0.0,0.0,0.0,0.0
237,0.0,0.0,0.0,0.0
238,0.0,0.0,0.0,0.0
239,0.0,0.0,0.0,0.0
240,0.0,0.0,0.0,0.0
241,0.0,0.0,0.0,0.0
242,0.0,0.0,0.0,0.0
243,0.0,0.0,0.0,0.0
244,0.0,0.0,0.0,0.0
245,0.0,0.0,0.0,0.0
246,0.0,0.0,0.0,0.0
247,0.0,0.0,0.0,0.0
248,0.0,0.0,0.0,0.0
249,0.0,0.0,0.0,0.0
250,0.0,0.0,0.0,0.0
251,0.0,0.0,0.0,0.0
252,0.0,0.0,0.0,0.0
253,0.0,0.0,0.0,0.0
254,0.0,0.0,0.0,0.0
255,0.0,0.0,0.0,0.0
256,0.0,0.0,0.0,0.0
257,0.0,0.0,0.0,0.0
258,0.0,0.0,0.0,0.0
259,0.0,0.0,0.0,0.0
260,0.0,0.0,0.0,0.0
261,0.0,0.0,0.0,0.0
262,0.0,0.0,0.0,0.0
263,0.0,0.0,0.0,0.0
264,0.0,0.0,0.0,0.0
265,0.0,0.0,0.0,0.0
266,0.0,0.0,0.0,0.0
267,0.0,0.0,0.0,0.0
268,0.0,0.0,0.0,0.0
269,0.0,0.0,0.0,0.0
270,0.0,0.0,0.0,0.0
271,0.0,0.0,0.0,0.0
272,0.0,0.0,0.0,0.0
273,0.0,0.0,0.0,0.0
274,0.0,0.0,0.0,0.0
275,0.0,0.0,0.0,0.0
276,0.0,0.0,0.0,0.0
277,0.0,0.0,0.0,0.0
278,0.0,0.0,0.0,0.0
279,0.0,0.0,0.0,0.0
280,0.0,0.0,0.0,0.0
281,0.0,0.0,0.0,0.0
282,0.0,0.0,0.0,0.0
283,0.0,0.0,0.0,0.0
284,0.0,0.0,0.0,0.0
285,0.0,0.0,0.0,0.0
286,0.0,0.0,0.0,0.0
287,0.0,0.0,0.0,0.0
288,0.0,0.0,0.0,0.0
289,0.0,0.0,0.0,0.0
290,0.0,0.0,0.0,0.0
291,0.0,0.0,0.0,0.0
292,0.0,0.0,0.0,0.0
293,0.0,0.0,0.0,0.0
294,0.0,0.0,0.0,0.0
295,0.0,0.0,0.0,0.0
296,0.0,0.0,0.0,0.0
297,0.0,0.0,0.0,0.0
298,0.0,0.0,0.0,0.0
299,0.0,0.0,0.0,0.0
300,0.0,0.0,0.0,0.0
301,0.0,0.0,0.0,0.0
302,0.0,0.0,0.0,0.0
303,0.0,0.0,0.0,0.0
304,0.0,0.0,0.0,0.0
305,0.0,0.0,0.0,0.0
306,0.0,0.0,0.0,0.0
307,0.0,0.0,0.0,0.0
308,0.0,0.0,0.0,0.0
309,0.0,0.0,0.0,0.0
310,0.0,0.0,0.0,0.0
311,0.0,0.0,0.0,0.0
312,0.0,0.0,0.0,0.0
313,0.0,0.0,0.0,0.0
314,0.0,0.0,0.0,0.0
315,0.0,0.0,0.0,0.0
316,0.0,0.0,0.0,0.0
317,0.0,0.0,0.0,0.0
318,0.0,0.0,0.0,0.0
319,0.0,0.0,0.0,0.0
320,0.0,0.0,0.0,0.0
321,0.0,0.0,0.0,0.0
322,0.0,0.0,0.0,0.0
323,0.0,0.0,0.0,0.0
324,0.0,0.0,0.0,0.0
325,0.0,0.0,0.0,0.0
326,0.0,0.0,0.0,0.0
327,0.0,0.0,0.0,0.0
328,0.0,0.0,0.0,0.0
329,0.0,0.0,0.0,0.0
330,0.0,0.0,0.0,0.0
331,0.0,0.0,0.0,0.0
332,0.0,0.0,0.0,0.0
333,0.0,0.0,0.0,0.0
334,0.0,0.0,0.0,0.0
335,0.0,0.0,0.0,0.0
336,0.0,0.0,0.0,0.0
337,0.0,0.0,0.0,0.0
338,0.0,0.0,0.0,0.0
339,0.0,0.0,0.0,0.0
340,0.0,0.0,0.0,0.0
341,0.0,0.0,0.0,0.0
342,0.0,0.0,0.0,0.0
343,0.0,0.0,0.0,0.0
344,0.0,0.0,0.0,0.0
345,0.0,0.0,0.0,0.0
346,0.0,0.0,0.0,0.0
347,0.0,0.0,0.0,0.0
348,0.0,0.0,0.0,0.0
349,0.0,0.0,0.0,0.0
350,0.0,0.0,0.0,0.0
351,0.0,0.0,0.0,0.0
352,0.0,0.0,0.0,0.0
353,0.0,0.0,0.0,0.0
354,0.0,0.0,0.0,0.0
355,0.0,0.0,0.0,0.0
356,0.0,0.0,0.0,0.0
357,0.0,0.0,0.0,0.0
358,0.0,0.0,0.0,0.0
359,0.0,0.0,0.0,0.0
360,0.0,0.0,0.0,0.0
361,0.0,0.0,0.0,0.0
362,0.0,0.0,0.0,0.0
363,0.0,0.0,0.0,0.0
364,0.0,0.0,0.0,0.0
365,0.0,0.0,0.0,0.0
366,0.0,0.0,0.0,0.0
367,0.0,0.0,0.0,0.0
368,0.0,0.0,0.0,0.0
369,0.0,0.0,0.0,0.0
370,0.0,0.0,0.0,0.0
371,0.0,0.0,0.0,0.0
372,0.0,0.0,0.0,0.0
373,0.0,0.0,0.0,0.0
374,0.0,0.0,0.0,0.0
375,0.0,0.0,0.0,0.0
376,0.0,0.0,0.0,0.0
377,0.0,0.0,0.0,0.0
378,0.0,0.0,0.0,0.0
379,0.0,0.0,0.0,0.0
380,0.0,0.0,0.0,0.0
381,0.0,0.0,0.0,0.0
382,0.0,0.0,0.0,0.0
383,0.0,0.0,0.0,0.0
384,0.0,0.0,0.0,0.0
385,0.0,0.0,0.0,0.0
386,0.0,0.0,0.0,0.0
387,0.0,0.0,0.0,0.0
388,0.0,0.0,0.0,0.0
389,0.0,0.0,0.0,0.0
390,0.0,0.0,0.0,0.0
391,0.0,0.0,0.0,0.0
392,0.0,0.0,0.0,0.0
393,0.0,0.0,0.0,0.0
394,0.0,0.0,0.0,0.0
395,0.0,0.0,0.0,0.0
396,0.0,0.0,0.0,0.0
397,0.0,0.0,0.0,0.0
398,0.0,0.0,0.0,0.0
399,0.0,0.0,0.0,0.0
400,0.0,0.0,0.0,0.0
401,0.0,0.0,0.0,0.0
402,0.0,0.0,0.0,0.0
403,0.0,0.0,0.0,0.0
404,0.0,0.0,0.0,0.0
405,0.0,0.0,0.0,0.0
406,0.0,0.0,0.0,0.0
407,0.0,0.0,0.0,0.0
408,0.0,0.0,0.0,0.0
409,0.0,0.0,0.0,0.0
410,0.0,0.0,0.0,0.0
411,0.0,0.0,0.0,0.0
412,0.0,0.0,0.0,0.0
413,0.0,0.0,0.0,0.0
414,0.0,0.0,0.0,0.0
415,0.0,0.0,0.0,0.0
416,0.0,0.0,0.0,0.0
417,0.0,0.0,0.0,0.0
418,0.0,0.0,0.0,0.0
419,0.0,0.0,0.0,0.0
420,0.0,0.0,0.0,0.0
421,0.0,0.0,0.0,0.0
422,0.0,0.0,0.0,0.0
423,0.0,0.0,0.0,0.0
424,0.0,0.0,0.0,0.0
425,0.0,0.0,0.0,0.0
426,0.0,0.0,0.0,0.0
427,0.0,0.0,0.0,0.0
428,0.0,0.0,0.0,0.0
429,0.0,0.0,0.0,0.0
430,0.0,0.0,0.0,0.0
431,0.0,0.0,0.0,0.0
432,0.0,0.0,0.0,0.0
433,0.0,0.0,0.0,0.0
434,0.0,0.0,0.0,0.0
435,0.0,0.0,0.0,0.0
436,0.0,0.0,0.0,0.0
437,0.0,0.0,0.0,0.0
438,0.0,0.0,0.0,0.0
439,0.0,0.0,0.0,0.0
440,0.0,0.0,0.0,0.0
441,0.0,0.0,0.0,0.0
442,0.0,0.0,0.0,0.0
443,0.0,0.0,0.0,0.0
444,0.0,0.0,0.0,0.0
445,0.0,0.0,0.0,0.0
446,0.0,0.0,0.0,0.0
447,0.0,0.0,0.0,0.0
448,0.0,0.0,0.0,0.0
449,0.0,0.0,0.0,0.0
450,0.0,0.0,0.0,0.0
451,0.0,0.0,0.0,0.0
452,0.0,0.0,0.0,0.0
453,0.0,0.0,0.0,0.0
454,0.0,0.0,0.0,0.0
455,0.0,0.0,0.0,0.0
456,0.0,0.0,0.0,0.0
457,0.0,0.0,0.0,0.0
458,0.0,0.0,0.0,0.0
459,0.0,0.0,0.0,0.0
460,0.0,0.0,0.0,0.0
461,0.0,0.0,0.0,0.0
462,0.0,0.0,0.0,0.0
463,0.0,0.0,0.0,0.0
464,0.0,0.0,0.0,0.0
465,0.0,0.0,0.0,0.0
466,0.0,0.0,0.0,0.0
467,0.0,0.0,0.0,0.0
468,0.0,0.0,0.0,0.0
469,0.0,0.0,0.0,0.0
470,0.0,0.0,0.0,0.0
471,0.0,0.0,0.0,0.0
472,0.0,0.0,0.0,0.0
473,0.0,0.0,0.0,0.0
474,0.0,0.0,0.0,0.0
475,0.0,0.0,0.0,0.0
476,0.0,0.0,0.0,0.0
477,0.0,0.0,0.0,0.0
478,0.0,0.0,0.0,0.0
479,0.0,0.0,0.0,0.0
480,0.0,0.0,0.0,0.0
481,0.0,0.0,0.0,0.0
482,0.0,0.0,0.0,0.0
483,0.0,0.0,0.0,0.0
484,0.0,0.0,0.0,0.0
485,0.0,0.0,0.0,0.0
486,0.0,0.0,0.0,0.0
487,0.0,0.0,0.0,0.0
488,0.0,0.0,0.0,0.0
489,0.0,0.0,0.0,0.0
490,0.0,0.0,0.0,0.0
491,0.0,0.0,0.0,0.0
492,0.0,0.0,0.0,0.0
493,0.0,0.0,0.0,0.0
494,0.0,0.0,0.0,0.0
495,0.0,0.0,0.0,0.0
496,0.0,0.0,0.0,0.0
497,0.0,0.0,0.0,0.0
498,0.0,0.0,0.0,0.0
499,0.0,0.0,0.0,0.0
500,0.0,0.0,0.0,0.0
501,0.0,0.0,0.0,0.0
502,0.0,0.0,0.0,0.0
503,0.0,0.0,0.0,0.0
504,0.0,0.0,0.0,0.0
505,0.0,0.0,0.0,0.0
506,0.0,0.0,0.0,0.0
507,0.0,0.0,0.0,0.0
508,0.0,0.0,0.0,0.0
509,0.0,0.0,0.0,0.0
510,0.0,0.0,0.0,0.0
511,0.0,0.0,0.0,0.0
512,0.0,0.0,0.0,0.0
513,0.0,0.0,0.0,0.0
514,0.0,0.0,0.0,0.0
515,0.0,0.0,0.0,0.0
516,0.0,0.0,0.0,0.0
517,0.0,0.0,0.0,0.0
518,0.0,0.0,0.0,0.0
519,0.0,0.0,0.0,0.0
520,0.0,0.0,0.0,0.0
521,0.0,0.0,0.0,0.0
522,0.0,0.0,0.0,0.0
523,0.0,0.0,0.0,0.0
524,0.0,0.0,0.0,0.0
525,0.0,0.0,0.0,0.0
526,0.0,0.0,0.0,0.0
527,0.0,0.0,0.0,0.0
528,0.0,0.0,0.0,0.0
529,0.0,0.0,0.0,0.0
530,0.0,0.0,0.0,0.0
531,0.0,0.0,0.0,0.0
532,0.0,0.0,0.0,0.0
533,0.0,0.0,0.0,0.0
534,0.0,0.0,0.0,0.0
535,0.0,0.0,0.0,0.0
536,0.0,0.0,0.0,0.0
537,0.0,0.0,0.0,0.0
538,0.0,0.0,0.0,0.0
539,0.0,0.0,0.0,0.0
540,0.0,0.0,0.0,0.0
541,0.0,0.0,0.0,0.0
542,0.0,0.0,0.0,0.0
543,0.0,0.0,0.0,0.0
544,0.0,0.0,0.0,0.0
545,0.0,0.0,0.0,0.0
546,0.0,0.0,0.0,0.0
547,0.0,0.0,0.0,0.0
548,0.0,0.0,0.0,0.0
549,0.0,0.0,0.0,0.0
550,0.0,0.0,0.0,0.0
551,0.0,0.0,0.0,0.0
552,0.0,0.0,0.0,0.0
553,0.0,0.0,0.0,0.0
554,0.0,0.0,0.0,0.0
555,0.0,0.0,0.0,0.0
556,0.0,0.0,0.0,0.0
557,0.0,0.0,0.0,0.0
558,0.0,0.0,0.0,0.0
559,0.0,0.0,0.0,0.0
560,0.0,0.0,0.0,0.0
561,0.0,0.0,0.0,0.0
562,0.0,0.0,0.0,0.0
563,0.0,0.0,0.0,0.0
564,0.0,0.0,0.0,0.0
565,0.0,0.0,0.0,0.0
566,0.0,0.0,0.0,0.0
567,0.0,0.0,0.0,0.0
568,0.0,0.0,0.0,0.0
569,0.0,0.0,0.0,0.0
570,0.0,0.0,0.0,0.0
571,0.0,0.0,0.0,0.0
572,0.0,0.0,0.0,0.0
573,0.0,0.0,0.0,0.0
574,0.0,0.0,0.0,0.0
575,0.0,0.0,0.0,0.0
576,0.0,0.0,0.0,0.0
577,0.0,0.0,0.0,0.0
578,0.0,0.0,0.0,0.0
579,0.0,0.0,0.0,0.0
580,0.0,0.0,0.0,0.0
581,0.0,0.0,0.0,0.0
582,0.0,0.0,0.0,0.0
583,0.0,0.0,0.0,0.0
584,0.0,0.0,0.0,0.0
585,0.0,0.0,0.0,0.0
586,0.0,0.0,0.0,0.0
587,0.0,0.0,0.0,0.0
588,0.0,0.0,0.0,0.0
589,0.0,0.0,0.0,0.0
590,0.0,0.0,0.0,0.0
591,0.0,0.0,0.0,0.0
592,0.0,0.0,0.0,0.0
593,0.0,0.0,0.0,0.0
594,0.0,0.0,0.0,0.0
595,0.0,0.0,0.0,0.0
596,0.0,0.0,0.0,0.0
597,0.0,0.0,0.0,0.0
598,0.0,0.0,0.0,0.0
599,0.0,0.0,0.0,0.0
600,0.0,0.0,0.0,0.0
601,0.0,0.0,0.0,0.0
602,0.0,0.0,0.0,0.0
603,0.0,0.0,0.0,0.0
604,0.0,0.0,0.0,0.0
605,0.0,0.0,0.0,0.0
606,0.0,0.0,0.0,0.0
607,0.0,0.0,0.0,0.0
608,0.0,0.0,0.0,0.0
609,0.0,0.0,0.0,0.0
610,0.0,0.0,0.0,0.0
611,0.0,0.0,0.0,0.0
612,0.0,0.0,0.0,0.0
613,0.0,0.0,0.0,0.0
614,0.0,0.0,0.0,0.0
615,0.0,0.0,0.0,0.0
616,0.0,0.0,0.0,0.0
617,0.0,0.0,0.0,0.0
618,0.0,0.0,0.0,0.0
619,0.0,0.0,0.0,0.0
620,0.0,0.0,0.0,0.0
621,0.0,0.0,0.0,0.0
622,0.0,0.0,0.0,0.0
623,0.0,0.0,0.0,0.0
624,0.0,0.0,0.0,0.0
625,0.0,0.0,0.0,0.0
626,0.0,0.0,0.0,0.0
627,0.0,0.0,0.0,0.0
628,0.0,0.0,0.0,0.0
629,0.0,0.0,0.0,0.0
630,0.0,0.0,0.0,0.0
631,0.0,0.0,0.0,0.0
632,0.0,0.0,0.0,0.0
633,0.0,0.0,0.0,0.0
634,0.0,0.0,0.0,0.0
635,0.0,0.0,0.0,0.0
636,0.0,0.0,0.0,0.0
637,0.0,0.0,0.0,0.0
638,0.0,0.0,0.0,0.0
639,0.0,0.0,0.0,0.0
640,0.0,0.0,0.0,0.0
641,0.0,0.0,0.0,0.0
642,0.0,0.0,0.0,0.0
643,0.0,0.0,0.0,0.0
644,0.0,0.0,0.0,0.0
645,0.0,0.0,0.0,0.0
646,0.0,0.0,0.0,0.0
647,0.0,0.0,0.0,0.0
648,0.0,0.0,0.0,0.0
649,0.0,0.0,0.0,0.0
650,0.0,0.0,0.0,0.0
651,0.0,0.0,0.0,0.0
652,0.0,0.0,0.0,0.0
653,0.0,0.0,0.0,0.0
654,0.0,0.0,0.0,0.0
655,0.0,0.0,0.0,0.0
656,0.0,0.0,0.0,0.0
657,0.0,0.0,0.0,0.0
658,0.0,0.0,0.0,0.0
659,0.0,0.0,0.0,0.0
660,0.0,0.0,0.0,0.0
661,0.0,0.0,0.0,0.0
662,0.0,0.0,0.0,0.0
663,0.0,0.0,0.0,0.0
664,0.0,0.0,0.0,0.0
665,0.0,0.0,0.0,0.0
666,0.0,0.0,0.0,0.0
667,0.0,0.0,0.0,0.0
668,0.0,0.0,0.0,0.0
669,0.0,0.0,0.0,0.0
670,0.0,0.0,0.0,0.0
671,0.0,0.0,0.0,0.0
672,0.0,0.0,0.0,0.0
673,0.0,0.0,0.0,0.0
674,0.0,0.0,0.0,0.0
675,0.0,0.0,0.0,0.0
676,0.0,0.0,0.0,0.0
677,0.0,0.0,0.0,0.0
678,0.0,0.0,0.0,0.0
679,0.0,0.0,0.0,0.0
680,0.0,0.0,0.0,0.0
681,0.0,0.0,0.0,0.0
682,0.0,0.0,0.0,0.0
683,0.0,0.0,0.0,0.0
684,0.0,0.0,0.0,0.0
685,0.0,0.0,0.0,0.0
686,0.0,0.0,0.0,0.0
687,0.0,0.0,0.0,0.0
688,0.0,0.0,0.0,0.0
689,0.0,0.0,0.0,0.0
690,0.0,0.0,0.0,0.0
691,0.0,0.0,0.0,0.0
692,0.0,0.0,0.0,0.0
693,0.0,0.0,0.0,0.0
694,0.0,0.0,0.0,0.0
695,0.0,0.0,0.0,0.0
696,0.0,0.0,0.0,0.0
697,0.0,0.0,0.0,0.0
698,0.0,0.0,0.0,0.0
699,0.0,0.0,0.0,0.0
700,0.0,0.0,0.0,0.0
701,0.0,0.0,0.0,0.0
702,0.0,0.0,0.0,0.0
703,0.0,0.0,0.0,0.0
704,0.0,0.0,0.0,0.0
705,0.0,0.0,0.0,0.0
706,0.0,0.0,0.0,0.0
707,0.0,0.0,0.0,0.0
708,0.0,0.0,0.0,0.0
709,0.0,0.0,0.0,0.0
710,0.0,0.0,0.0,0.0
711,0.0,0.0,0.0,0.0
712,0.0,0.0,0.0,0.0
713,0.0,0.0,0.0,0.0
714,0.0,0.0,0.0,0.0
715,0.0,0.0,0.0,0.0
716,0.0,0.0,0.0,0.0
717,0.0,0.0,0.0,0.0
718,0.0,0.0,0.0,0.0
719,0.0,0.0,0.0,0.0
720,0.0,0.0,0.0,0.0
721,0.0,0.0,0.0,0.0
722,0.0,0.0,0.0,0.0
723,0.0,0.0,0.0,0.0
724,0.0,0.0,0.0,0.0
725,0.0,0.0,0.0,0.0
726,0.0,0.0,0.0,0.0
727,0.0,0.0,0.0,0.0
728,0.0,0.0,0.0,0.0
729,0.0,0.0,0.0,0.0
730,0.0,0.0,0.0,0.0
731,0.0,0.0,0.0,0.0
732,0.0,0.0,0.0,0.0
733,0.0,0.0,0.0,0.0
734,0.0,0.0,0.0,0.0
735,0.0,0.0,0.0,0.0
736,0.0,0.0,0.0,0.0
737,0.0,0.0,0.0,0.0
738,0.0,0.0,0.0,0.0
739,0.0,0.0,0.0,0.0
740,0.0,0.0,0.0,0.0
741,0.0,0.0,0.0,0.0
742,0.0,0.0,0.0,0.0
743,0.0,0.0,0.0,0.0
744,0.0,0.0,0.0,0.0
745,0.0,0.0,0.0,0.0
746,0.0,0.0,0.0,0.0
747,0.0,0.0,0.0,0.0
748,0.0,0.0,0.0,0.0
749,0.0,0.0,0.0,0.0
750,0.0,0.0,0.0,0.0
751,0.0,0.0,0.0,0.0
752,0.0,0.0,0.0,0.0
753,0.0,0.0,0.0,0.0
754,0.0,0.0,0.0,0.0
755,0.0,0.0,0.0,0.0
756,0.0,0.0,0.0,0.0
757,0.0,0.0,0.0,0.0
758,0.0,0.0,0.0,0.0
759,0.0,0.0,0.0,0.0
760,0.0,0.0,0.0,0.0
761,0.0,0.0,0.0,0.0
762,0.0,0.0,0.0,0.0
763,0.0,0.0,0.0,0.0
764,0.0,0.0,0.0,0.0
765,0.0,0.0,0.0,0.0
766,0.0,0.0,0.0,0.0
767,0.0,0.0,0.0,0.0
768,0.0,0.0,0.0,0.0
769,0.0,0.0,0.0,0.0
770,0.0,0.0,0.0,0.0
771,0.0,0.0,0.0,0.0
772,0.0,0.0,0.0,0.0
773,0.0,0.0,0.0,0.0
774,0.0,0.0,0.0,0.0
775,0.0,0.0,0.0,0.0
776,0.0,0.0,0.0,0.0
777,0.0,0.0,0.0,0.0
778,0.0,0.0,0.0,0.0
779,0.0,0.0,0.0,0.0
780,0.0,0.0,0.0,0.0
781,0.0,0.0,0.0,0.0
782,0.0,0.0,0.0,0.0
783,0.0,0.0,0.0,0.0
784,0.0,0.0,0.0,0.0
785,0.0,0.0,0.0,0.0
786,0.0,0.0,0.0,0.0
787,0.0,0.0,0.0,0.0
788,0.0,0.0,0.0,0.0
789,0.0,0.0,0.0,0.0
790,0.0,0.0,0.0,0.0
791,0.0,0.0,0.0,0.0
792,0.0,0.0,0.0,0.0
793,0.0,0.0,0.0,0.0
794,0.0,0.0,0.0,0.0
795,0.0,0.0,0.0,0.0
796,0.0,0.0,0.0,0.0
797,0.0,0.0,0.0,0.0
798,0.0,0.0,0.0,0.0
799,0.0,0.0,0.0,0.0
800,0.0,0.0,0.0,0.0
801,0.0,0.0,0.0,0.0
802,0.0,0.0,0.0,0.0
803,0.0,0.0,0.0,0.0
804,0.0,0.0,0.0,0.0
805,0.0,0.0,0.0,0.0
806,0.0,0.0,0.0,0.0
807,0.0,0.0,0.0,0.0
808,0.0,0.0,0.0,0.0
809,0.0,0.0,0.0,0.0
810,0.0,0.0,0.0,0.0
811,0.0,0.0,0.0,0.0
812,0.0,0.0,0.0,0.0
813,0.0,0.0,0.0,0.0
814,0.0,0.0,0.0,0.0
815,0.0,0.0,0.0,0.0
816,0.0,0.0,0.0,0.0
817,0.0,0.0,0.0,0.0
818,0.0,0.0,0.0,0.0
819,0.0,0.0,0.0,0.0
820,0.0,0.0,0.0,0.0
821,0.0,0.0,0.0,0.0
822,0.0,0.0,0.0,0.0
823,0.0,0.0,0.0,0.0
824,0.0,0.0,0.0,0.0
825,0.0,0.0,0.0,0.0
826,0.0,0.0,0.0,0.0
827,0.0,0.0,0.0,0.0
828,0.0,0.0,0.0,0.0
829,0.0,0.0,0.0,0.0
830,0.0,0.0,0.0,0.0
831,0.0,0.0,0.0,0.0
832,0.0,0.0,0.0,0.0
833,0.0,0.0,0.0,0.0
834,0.0,0.0,0.0,0.0
835,0.0,0.0,0.0,0.0
836,0.0,0.0,0.0,0.0
837,0.0,0.0,0.0,0.0
838,0.0,0.0,0.0,0.0
839,0.0,0.0,0.0,0.0
840,0.0,0.0,0.0,0.0
841,0.0,0.0,0.0,0.0
842,0.0,0.0,0.0,0.0
843,0.0,0.0,0.0,0.0
844,0.0,0.0,0.0,0.0
845,0.0,0.0,0.0,0.0
846,0.0,0.0,0.0,0.0
847,0.0,0.0,0.0,0.0
848,0.0,0.0,0.0,0.0
849,0.0,0.0,0.0,0.0
850,0.0,0.0,0.0,0.0
851,0.0,0.0,0.0,0.0
852,0.0,0.0,0.0,0.0
853,0.0,0.0,0.0,0.0
854,0.0,0.0,0.0,0.0
855,0.0,0.0,0.0,0.0
856,0.0,0.0,0.0,0.0
857,0.0,0.0,0.0,0.0
858,0.0,0.0,0.0,0.0
859,0.0,0.0,0.0,0.0
860,0.0,0.0,0.0,0.0
861,0.0,0.0,0.0,0.0
862,0.0,0.0,0.0,0.0
863,0.0,0.0,0.0,0.0
864,0.0,0.0,0.0,0.0
865,0.0,0.0,0.0,0.0
866,0.0,0.0,0.0,0.0
867,0.0,0.0,0.0,0.0
868,0.0,0.0,0.0,0.0
869,0.0,0.0,0.0,0.0
870,0.0,0.0,0.0,0.0
871,0.0,0.0,0.0,0.0
872,0.0,0.0,0.0,0.0
873,0.0,0.0,0.0,0.0
874,0.0,0.0,0.0,0.0
875,0.0,0.0,0.0,0.0
876,0.0,0.0,0.0,0.0
877,0.0,0.0,0.0,0.0
878,0.0,0.0,0.0,0.0
879,0.0,0.0,0.0,0.0
880,0.0,0.0,0.0,0.0
881,0.0,0.0,0.0,0.0
882,0.0,0.0,0.0,0.0
883,0.0,0.0,0.0,0.0
884,0.0,0.0,0.0,0.0
885,0.0,0.0,0.0,0.0
886,0.0,0.0,0.0,0.0
887,0.0,0.0,0.0,0.0
888,0.0,0.0,0.0,0.0
889,0.0,0.0,0.0,0.0
890,0.0,0.0,0.0,0.0
891,0.0,0.0,0.0,0.0
892,0.0,0.0,0.0,0.0
893,0.0,0.0,0.0,0.0
894,0.0,0.0,0.0,0.0
895,0.0,0.0,0.0,0.0
896,0.0,0.0,0.0,0.0
897,0.0,0.0,0.0,0.0
898,0.0,0.0,0.0,0.0
899,0.0,0.0,0.0,0.0
900,0.0,0.0,0.0,0.0
901,0.0,0.0,0.0,0.0
902,0.0,0.0,0.0,0.0
903,0.0,0.0,0.0,0.0
904,0.0,0.0,0.0,0.0
905,0.0,0.0,0.0,0.0
906,0.0,0.0,0.0,0.0
907,0.0,0.0,0.0,0.0
908,0.0,0.0,0.0,0.0
909,0.0,0.0,0.0,0.0
910,0.0,0.0,0.0,0.0
911,0.0,0.0,0.0,0.0
912,0.0,0.0,0.0,0.0
913,0.0,0.0,0.0,0.0
914,0.0,0.0,0.0,0.0
915,0.0,0.0,0.0,0.0
916,0.0,0.0,0.0,0.0
917,0.0,0.0,0.0,0.0
918,0.0,0.0,0.0,0.0
919,0.0,0.0,0.0,0.0
920,0.0,0.0,0.0,0.0
921,0.0,0.0,0.0,0.0
922,0.0,0.0,0.0,0.0
923,0.0,0.0,0.0,0.0
924,0.0,0.0,0.0,0.0
925,0.0,0.0,0.0,0.0
926,0.0,0.0,0.0,0.0
927,0.0,0.0,0.0,0.0
928,0.0,0.0,0.0,0.0
929,0.0,0.0,0.0,0.0
930,0.0,0.0,0.0,0.0
931,0.0,0.0,0.0,0.0
932,0.0,0.0,0.0,0.0
933,0.0,0.0,0.0,0.0
934,0.0,0.0,0.0,0.0
935,0.0,0.0,0.0,0.0
936,0.0,0.0,0.0,0.0
937,0.0,0.0,0.0,0.0
938,0.0,0.0,0.0,0.0
939,0.0,0.0,0.0,0.0
940,0.0,0.0,0.0,0.0
941,0.0,0.0,0.0,0.0
942,0.0,0.0,0.0,0.0
943,0.0,0.0,0.0,0.0
944,0.0,0.0,0.0,0.0
945,0.0,0.0,0.0,0.0
946,0.0,0.0,0.0,0.0
947,0.0,0.0,0.0,0.0
948,0.0,0.0,0.0,0.0
949,0.0,0.0,0.0,0.0
950,0.0,0.0,0.0,0.0
951,0.0,0.0,0.0,0.0
952,0.0,0.0,0.0,0.0
953,0.0,0.0,0.0,0.0
954,0.0,0.0,0.0,0.0
955,0.0,0.0,0.0,0.0
956,0.0,0.0,0.0,0.0
957,0.0,0.0,0.0,0.0
958,0.0,0.0,0.0,0.0
959,0.0,0.0,0.0,0.0
960,0.0,0.0,0.0,0.0
961,0.0,0.0,0.0,0.0
962,0.0,0.0,0.0,0.0
963,0.0,0.0,0.0,0.0
964,0.0,0.0,0.0,0.0
965,0.0,0.0,0.0,0.0
966,0.0,0.0,0.0,0.0
967,0.0,0.0,0.0,0.0
968,0.0,0.0,0.0,0.0
969,0.0,0.0,0.0,0.0
970,0.0,0.0,0.0,0.0
971,0.0,0.0,0.0,0.0
972,0.0,0.0,0.0,0.0
973,0.0,0.0,0.0,0.0
974,0.0,0.0,0.0,0.0
975,0.0,0.0,0.0,0.0
976,0.0,0.0,0.0,0.0
977,0.0,0.0,0.0,0.0
978,0.0,0.0,0.0,0.0
979,0.0,0.0,0.0,0.0
980,0.0,0.0,0.0,0.0
981,0.0,0.0,0.0,0.0
982,0.0,0.0,0.0,0.0
983,0.0,0.0,0.0,0.0
984,0.0,0.0,0.0,0.0
985,0.0,0.0,0.0,0.0
986,0.0,0.0,0.0,0.0
987,0.0,0.0,0.0,0.0
988,0.0,0.0,0.0,0.0
989,0.0,0.0,0.0,0.0
990,0.0,0.0,0.0,0.0
991,0.0,0.0,0.0,0.0
992,0.0,0.0,0.0,0.0
993,0.0,0.0,0.0,0.0
994,0.0,0.0,0.0,0.0
995,0.0,0.0,0.0,0.0
996,0.0,0.0,0.0,0.0
997,0.0,0.0,0.0,0.0
998,0.0,0.0,0.0,0.0
999,0.0,0.0,0.0,0.0
1000,0.0,0.0,0.0,0.0
1001,0.0,0.0,0.0,0.0
1002,0.0,0.0,0.0,0.0
1003,0.0,0.0,0.0,0.0
1004,0.0,0.0,0.0,0.0
1005,0.0,0.0,0.0,0.0
1006,0.0,0.0,0.0,0.0
1007,0.0,0.0,0.0,0.0
1008,0.0,0.0,0.0,0.0
1009,0.0,0.0,0.0,0.0
1010,0.0,0.0,0.0,0.0
1011,0.0,0.0,0.0,0.0
1012,0.0,0.0,0.0,0.0
1013,0.0,0.0,0.0,0.0
1014,0.0,0.0,0.0,0.0
1015,0.0,0.0,0.0,0.0
1016,0.0,0.0,0.0,0.0
1017,0.0,0.0,0.0,0.0
1018,0.0,0.0,0.0,0.0
1019,0.0,0.0,0.0,0.0
1020,0.0,0.0,0.0,0.0
1021,0.0,0.0,0.0,0.0
1022,0.0,0.0,0.0,0.0
1023,0.0,0.0,0.0,0.0
1024,0.0,0.0,0.0,0.0
1025,0.0,0.0,0.0,0.0
1026,0.0,0.0,0.0,0.0
1027,0.0,0.0,0.0,0.0
1028,0.0,0.0,0.0,0.0
1029,0.0,0.0,0.0,0.0
1030,0.0,0.0,0.0,0.0
1031,0.0,0.0,0.0,0.0
1032,0.0,0.0,0.0,0.0
1033,0.0,0.0,0.0,0.0
1034,0.0,0.0,0.0,0.0
1035,0.0,0.0,0.0,0.0
1036,0.0,0.0,0.0,0.0
1037,0.0,0.0,0.0,0.0
1038,0.0,0.0,0.0,0.0
1039,0.0,0.0,0.0,0.0
1040,0.0,0.0,0.0,0.0
1041,0.0,0.0,0.0,0.0
1042,0.0,0.0,0.0,0.0
1043,0.0,0.0,0.0,0.0
1044,0.0,0.0,0.0,0.0
1045,0.0,0.0,0.0,0.0
1046,0.0,0.0,0.0,0.0
1047,0.0,0.0,0.0,0.0
1048,0.0,0.0,0.0,0.0
1049,0.0,0.0,0.0,0.0
1050,0.0,0.0,0.0,0.0
1051,0.0,0.0,0.0,0.0
1052,0.0,0.0,0.0,0.0
1053,0.0,0.0,0.0,0.0
1054,0.0,0.0,0.0,0.0
1055,0.0,0.0,0.0,0.0
1056,0.0,0.0,0.0,0.0
1057,0.0,0.0,0.0,0.0
1058,0.0,0.0,0.0,0.0
1059,0.0,0.0,0.0,0.0
1060,0.0,0.0,0.0,0.0
1061,0.0,0.0,0.0,0.0
1062,0.0,0.0,0.0,0.0
1063,0.0,0.0,0.0,0.0
1064,0.0,0.0,0.0,0.0
1065,0.0,0.0,0.0,0.0
1066,0.0,0.0,0.0,0.0
1067,0.0,0.0,0.0,0.0
1068,0.0,0.0,0.0,0.0
1069,0.0,0.0,0.0,0.0
1070,0.0,0.0,0.0,0.0
1071,0.0,0.0,0.0,0.0
1072,0.0,0.0,0.0,0.0
1073,0.0,0.0,0.0,0.0
1074,0.0,0.0,0.0,0.0
0,0.080843784,459.6063,-0.15243123,459.60632
1,0.025014214,422.03827,0.011660982,422.03827
2,0.0013484312,303.79935,0.049864907,303.79935
3,0.033481773,202.3128,-0.07551603,202.31284
4,0.032780383,116.48765,-0.06676125,116.48767
5,0.05802738,55.222294,-0.05527643,55.22235
6,0.0,0.0,0.0,0.0
7,0.0,0.0,0.0,0.0
8,0.0,0.0,0.0,0.0
9,0.0,0.0,0.0,0.0
10,0.0,0.0,0.0,0.0
11,0.0,0.0,0.0,0.0
12,0.0,0.0,0.0,0.0
13,0.0,0.0,0.0,0.0
14,0.0,0.0,0.0,0.0
15,0.0,0.0,0.0,0.0
16,0.0,0.0,0.0,0.0
17,0.0,0.0,0.0,0.0
18,0.0,0.0,0.0,0.0
19,0.0,0.0,0.0,0.0
20,0.0,0.0,0.0,0.0
21,0.0,0.0,0.0,0.0
22,0.0,0.0,0.0,0.0
23,0.0,0.0,0.0,0.0
24,0.0,0.0,0.0,0.0
25,0.0,0.0,0.0,0.0
26,0.0,0.0,0.0,0.0
27,0.0,0.0,0.0,0.0
28,0.0,0.0,0.0,0.0
29,0.0,0.0,0.0,0.0
30,0.0,0.0,0.0,0.0
31,0.0,0.0,0.0,0.0
32,0.0,0.0,0.0,0.0
33,0.0,0.0,0.0,0.0
34,0.0,0.0,0.0,0.0
35,0.0,0.0,0.0,0.0
36,0.0,0.0,0.0,0.0
37,0.0,0.0,0.0,0.0
38,0.0,0.0,0.0,0.0
39,0.0,0.0,0.0,0.0
40,0.0,0.0,0.0,0.0
41,0.0,0.0,0.0,0.0
42,0.0,0.0,0.0,0.0
43,0.0,0.0,0.0,0.0
44,0.0,0.0,0.0,0.0
45,0.0,0.0,0.0,0.0
46,0.0,0.0,0.0,0.0
47,0.0,0.0,0.0,0.0
48,0.0,0.0,0.0,0.0
49,0.0,0.0,0.0,0.0
50,0.0,0.0,0.0,0.0
51,0.0,0.0,0.0,0.0
52,0.0,0.0,0.0,0.0
53,0.0,0.0,0.0,0.0
54,0.0,0.0,0.0,0.0
55,0.0,0.0,0.0,0.0
56,0.0,0.0,0.0,0.0
57,0.0,0.0,0.0,0.0
58,0.0,0.0,0.0,0.0
59,0.0,0.0,0.0,0.0
60,0.0,0.0,0.0,0.0
61,0.0,0.0,0.0,0.0
62,0.0,0.0,0.0,0.0
63,0.0,0.0,0.0,0.0
64,0.0,0.0,0.0,0.0
65,0.0,0.0,0.0,0.0
66,0.0,0.0,0.0,0.0
67,0.0,0.0,0.0,0.0
68,0.0,0.0,0.0,0.0
69,0.0,0.0,0.0,0.0
70,0.0,0.0,0.0,0.0
71,0.0,0.0,0.0,0.0
72,0.0,0.0,0.0,0.0
73,0.0,0.0,0.0,0.0
74,0.0,0.0,0.0,0.0
75,0.0,0.0,0.0,0.0
76,0.0,0.0,0.0,0.0
77,0.0,0.0,0.0,0.0
78,0.0,0.0,0.0,0.0
79,0.0,0.0,0.0,0.0
80,0.0,0.0,0.0,0.0
81,0.0,0.0,0.0,0.0
82,0.0,0.0,0.0,0.0
83,0.0,0.0,0.0,0.0
84,0.0,0.0,0.0,0.0
85,0.0,0.0,0.0,0.0
86,0.0,0.0,0.0,0.0
87,0.0,0.0,0.0,0.0
88,0.0,0.0,0.0,0.0
89,0.0,0.0,0.0,0.0
90,0.0,0.0,0.0,0.0
91,0.0,0.0,0.0,0.0
92,0.0,0.0,0.0,0.0
93,0.0,0.0,0.0,0.0
94,0.0,0.0,0.0,0.0
95,0.0,0.0,0.0,0.0
96,0.0,0.0,0.0,0.0
97,0.0,0.0,0.0,0.0
98,0.0,0.0,0.0,0.0
99,0.0,0.0,0.0,0.0
100,0.0,0.0,0.0,0.0
101,0.0,0.0,0.0,0.0
102,0.0,0.0,0.0,0.0
103,0.0,0.0,0.0,0.0
104,0.0,0.0,0.0,0.0
105,0.0,0.0,0.0,0.0
106,0.0,0.0,0.0,0.0
107,0.0,0.0,0.0,0.0
108,0.0,0.0,0.0,0.0
109,0.0,0.0,0.0,0.0
110,0.0,0.0,0.0,0.0
111,0.0,0.0,0.0,0.0
112,0.0,0.0,0.0,0.0
113,0.0,0.0,0.0,0.0
114,0.0,0.0,0.0,0.0
115,0.0,0.0,0.0,0.0
116,0.0,0.0,0.0,0.0
117,0.0,0.0,0.0,0.0
118,0.0,0.0,0.0,0.0
119,0.0,0.0,0.0,0.0
120,0.0,0.0,0.0,0.0
121,0.0,0.0,0.0,0.0
122,0.0,0.0,0.0,0.0
123,0.0,0.0,0.0,0.0
124,0.0,0.0,0.0,0.0
125,0.0,0.0,0.0,0.0
126,0.0,0.0,0.0,0.0
127,0.0,0.0,0.0,0.0
128,0.0,0.0,0.0,0.0
129,0.0,0.0,0.0,0.0
130,0.0,0.0,0.0,0.0
131,0.0,0.0,0.0,0.0
132,0.0,0.0,0.0,0.0
133,0.0,0.0,0.0,0.0
134,0.0,0.0,0.0,0.0
135,0.0,0.0,0.0,0.0
136,0.0,0.0,0.0,0.0
137,0.0,0.0,0.0,0.0
138,0.0,0.0,0.0,0.0
139,0.0,0.0,0.0,0.0
140,0.0,0.0,0.0,0.0
141,0.0,0.0,0.0,0.0
142,0.0,0.0,0.0,0.0
143,0.0,0.0,0.0,0.0
144,0.0,0.0,0.0,0.0
145,0.0,0.0,0.0,0.0
146,0.0,0.0,0.0,0.0
147,0.0,0.0,0.0,0.0
148,0.0,0.0,0.0,0.0
149,0.0,0.0,0.0,0.0
150,0.0,0.0,0.0,0.0
151,0.0,0.0,0.0,0.0
152,0.0,0.0,0.0,0.0
153,0.0,0.0,0.0,0.0
154,0.0,0.0,0.0,0.0
155,0.0,0.0,0.0,0.0
156,0.0,0.0,0.0,0.0
157,0.0,0.0,0.0,0.0
158,0.0,0.0,0.0,0.0
159,0.0,0.0,0.0,0.0
160,0.0,0.0,0.0,0.0
161,0.0,0.0,0.0,0.0
162,0.0,0.0,0.0,0.0
163,0.0,0.0,0.0,0.0
164,0.0,0.0,0.0,0.0
165,0.0,0.0,0.0,0.0
166,0.0,0.0,0.0,0.0
167,0.0,0.0,0.0,0.0
168,0.0,0.0,0.0,0.0
169,0.0,0.0,0.0,0.0
170,0.0,0.0,0.0,0.0
171,0.0,0.0,0.0,0.0
172,0.0,0.0,0.0,0.0
173,0.0,0.0,0.0,0.0
174,0.0,0.0,0.0,0.0
175,0.0,0.0,0.0,0.0
176,0.0,0.0,0.0,0.0
177,0.0,0.0,0.0,0.0
178,0.0,0.0,0.0,0.0
179,0.0,0.0,0.0,0.0
180,0.0,0.0,0.0,0.0
181,0.0,0.0,0.0,0.0
182,0.0,0.0,0.0,0.0
183,0.0,0.0,0.0,0.0
184,0.0,0.0,0.0,0.0
185,0.0,0.0,0.0,0.0
186,0.0,0.0,0.0,0.0
187,0.0,0.0,0.0,0.0
188,0.0,0.0,0.0,0.0
189,0.0,0.0,0.0,0.0
190,0.0,0.0,0.0,0.0
191,0.0,0.0,0.0,0.0
192,0.0,0.0,0.0,0.0
193,0.0,0.0,0.0,0.0
194,0.0,0.0,0.0,0.0
195,0.0,0.0,0.0,0.0
196,0.0,0.0,0.0,0.0
197,0.0,0.0,0.0,0.0
198,0.0,0.0,0.0,0.0
199,0.0,0.0,0.0,0.0
200,0.0,0.0,0.0,0.0
201,0.0,0.0,0.0,0.0
202,0.0,0.0,0.0,0.0
203,0.0,0.0,0.0,0.0
204,0.0,0.0,0.0,0.0
205,0.0,0.0,0.0,0.0
206,0.0,0.0,0.0,0.0
207,0.0,0.0,0.0,0.0
208,0.0,0.0,0.0,0.0
209,0.0,0.0,0.0,0.0
210,0.0,0.0,0.0,0.0
211,0.0,0.0,0.0,0.0
212,0.0,0.0,0.0,0.0
213,0.0,0.0,0.0,0.0
214,0.0,0.0,0.0,0.0
215,0.0,0.0,0.0,0.0
216,0.0,0.0,0.0,0.0
217,0.0,0.0,0.0,0.0
218,0.0,0.0,0.0,0.0
219,0.0,0.0,0.0,0.0
220,0.0,0.0,0.0,0.0
221,0.0,0.0,0.0,0.0
222,0.0,0.0,0.0,0.0
223,0.0,0.0,0.0,0.0
224,0.0,0.0,0.0,0.0
225,0.0,0.0,0.0,0.0
226,0.0,0.0,0.0,0.0
227,0.0,0.0,0.0,0.0
228,0.0,0.0,0.0,0.0
229,0.0,0.0,0.0,0.0
230,0.0,0.0,0.0,0.0
231,0.0,0.0,0.0,0.0
232,0.0,0.0,0.0,0.0
233,0.0,0.0,0.0,0.0
234,0.0,0.0,0.0,0.0
235,0.0,0.0,0.0,0.0
236,0.0,0.0,0.0,0.0
237,0.0,0.0,0.0,0.0
238,0.0,0.0,0.0,0.0
239,0.0,0.0,0.0,0.0
240,0.0,0.0,0.0,0.0
241,0.0,0.0,0.0,0.0
242,0.0,0.0,0.0,0.0
243,0.0,0.0,0.0,0.0
244,0.0,0.0,0.0,0.0
245,0.0,0.0,0.0,0.0
246,0.0,0.0,0.0,0.0
247,0.0,0.0,0.0,0.0
248,0.0,0.0,0.0,0.0
249,0.0,0.0,0.0,0.0
250,0.0,0.0,0.0,0.0
251,0.0,0.0,0.0,0.0
252,0.0,0.0,0.0,0.0
253,0.0,0.0,0.0,0.0
254,0.0,0.0,0.0,0.0
255,0.0,0.0,0.0,0.0
256,0.0,0.0,0.0,0.0
257,0.0,0.0,0.0,0.0
258,0.0,0.0,0.0,0.0
259,0.0,0.0,0.0,0.0
260,0.0,0.0,0.0,0.0
261,0.0,0.0,0.0,0.0
262,0.0,0.0,0.0,0.0
263,0.0,0.0,0.0,0.0
264,0.0,0.0,0.0,0.0
265,0.0,0.0,0.0,0.0
266,0.0,0.0,0.0,0.0
267,0.0,0.0,0.0,0.0
268,0.0,0.0,0.0,0.0
269,0.0,0.0,0.0,0.0
270,0.0,0.0,0.0,0.0
271,0.0,0.0,0.0,0.0
272,0.0,0.0,0.0,0.0
273,0.0,0.0,0.0,0.0
274,0.0,0.0,0.0,0.0
275,0.0,0.0,0.0,0.0
276,0.0,0.0,0.0,0.0
277,0.0,0.0,0.0,0.0
278,0.0,0.0,0.0,0.0
279,0.0,0.0,0.0,0.0
280,0.0,0.0,0.0,0.0
281,0.0,0.0,0.0,0.0
282,0.0,0.0,0.0,0.0
283,0.0,0.0,0.0,0.0
284,0.0,0.0,0.0,0.0
285,0.0,0.0,0.0,0.0
286,0.0,0.0,0.0,0.0
287,0.0,0.0,0.0,0.0
288,0.0,0.0,0.0,0.0
289,0.0,0.0,0.0,0.0
290,0.0,0.0,0.0,0.0
291,0.0,0.0,0.0,0.0
292,0.0,0.0,0.0,0.0
293,0.0,0.0,0.0,0.0
294,0.0,0.0,0.0,0.0
295,0.0,0.0,0.0,0.0
296,0.0,0.0,0.0,0.0
297,0.0,0.0,0.0,0.0
298,0.0,0.0,0.0,0.0
299,0.0,0.0,0.0,0.0
300,0.0,0.0,0.0,0.0
301,0.0,0.0,0.0,0.0
302,0.0,0.0,0.0,0.0
303,0.0,0.0,0.0,0.0
304,0.0,0.0,0.0,0.0
305,0.0,0.0,0.0,0.0
306,0.0,0.0,0.0,0.0
307,0.0,0.0,0.0,0.0
308,0.0,0.0,0.0,0.0
309,0.0,0.0,0.0,0.0
310,0.0,0.0,0.0,0.0
311,0.0,0.0,0.0,0.0
312,0.0,0.0,0.0,0.0
313,0.0,0.0,0.0,0.0
314,0.0,0.0,0.0,0.0
315,0.0,0.0,0.0,0.0
316,0.0,0.0,0.0,0.0
317,0.0,0.0,0.0,0.0
318,0.0,0.0,0.0,0.0
319,0.0,0.0,0.0,0.0
320,0.0,0.0,0.0,0.0
321,0.0,0.0,0.0,0.0
322,0.0,0.0,0.0,0.0
323,0.0,0.0,0.0,0.0
324,0.0,0.0,0.0,0.0
325,0.0,0.0,0.0,0.0
326,0.0,0.0,0.0,0.0
327,0.0,0.0,0.0,0.0
328,0.0,0.0,0.0,0.0
329,0.0,0.0,0.0,0.0
330,0.0,0.0,0.0,0.0
331,0.0,0.0,0.0,0.0
332,0.0,0.0,0.0,0.0
333,0.0,0.0,0.0,0.0
334,0.0,0.0,0.0,0.0
335,0.0,0.0,0.0,0.0
336,0.0,0.0,0.0,0.0
337,0.0,0.0,0.0,0.0
338,0.0,0.0,0.0,0.0
339,0.0,0.0,0.0,0.0
340,0.0,0.0,0.0,0.0
341,0.0,0.0,0.0,0.0
342,0.0,0.0,0.0,0.0
343,0.0,0.0,0.0,0.0
344,0.0,0.0,0.0,0.0
345,0.0,0.0,0.0,0.0
346,0.0,0.0,0.0,0.0
347,0.0,0.0,0.0,0.0
348,0.0,0.0,0.0,0.0
349,0.0,0.0,0.0,0.0
350,0.0,0.0,0.0,0.0
351,0.0,0.0,0.0,0.0
352,0.0,0.0,0.0,0.0
353,0.0,0.0,0.0,0.0
354,0.0,0.0,0.0,0.0
355,0.0,0.0,0.0,0.0
356,0.0,0.0,0.0,0.0
357,0.0,0.0,0.0,0.0
358,0.0,0.0,0.0,0.0
359,0.0,0.0,0.0,0.0
360,0.0,0.0,0.0,0.0
361,0.0019778926,822.9523,-0.0018391297,822.9523
362,0.002474124,708.3914,0.004008483,708.3914
363,0.0013618793,590.60895,-0.0013660444,590.60895
364,-0.0013454524,487.01636,0.002072593,487.01636
365,0.00038895232,405.8047,-0.008104938,405.8047
366,0.0023964029,338.19342,-0.0004966252,338.19342
367,0.001593811,276.16907,0.008608706,276.16907
368,-0.0004303963,231.43709,9.580859e-05,231.43709
369,0.0105425175,186.4924,-0.007251621,186.4924
370,-0.0040307194,153.93137,-0.0012506254,153.93137
371,0.008202349,126.096176,1.6836042e-05,126.096176
372,-0.000858061,100.58342,0.00071124564,100.58342
373,0.003825399,84.81918,-0.004175359,84.81918
374,0.0063966783,63.085297,-0.0057471627,63.085297
375,0.0071738395,55.025875,-0.013519423,55.02588
376,0.0019465573,40.644676,0.0006506691,40.644676
377,-0.0014947169,35.521324,-0.0084882295,35.521328
378,-0.0033888821,24.749367,1.8045568e-05,24.749367
379,-0.00034846738,20.90073,0.0052040135,20.90073
380,0.0047162664,16.385437,0.0003791274,16.385437
381,0.0035961592,10.539979,-0.007890321,10.539983
382,-0.0017068551,10.315699,-0.0032852876,10.3157
383,0.0025046836,8.122349,-0.004666655,8.122351
384,-0.0011402064,8.128427,-0.002723799,8.1284275
385,0.005231734,5.265045,2.3889588e-06,5.2650476
386,-0.0011550805,2.7774,0.0044862586,2.7774038
387,-0.0003722742,5.7170615,-0.0035080328,5.7170625
388,-0.0013669503,2.5921614,-0.0020654898,2.5921626
389,0.0010370356,3.8797204,-0.0034809092,3.879722
390,8.164396e-06,4.4742427,-0.0037607132,4.474244
391,-0.0027297447,4.478792,-0.0038993193,4.4787946
392,0.0035382537,3.115073,-0.005773346,3.1150804
393,0.00091208064,7.260946,0.0015202312,7.260946
394,-0.00068018964,6.1923285,0.0019226321,6.192329
395,0.002307452,6.5631514,-0.0015860694,6.563152
396,-0.00031805458,6.933538,-3.5355479e-06,6.933538
397,-0.00043608784,9.29798,0.00082400884,9.29798
398,0.0011642829,7.0409727,-0.0028198175,7.040973
399,0.0025892707,8.679256,0.00047374004,8.679256
400,0.00051648606,9.19321,-0.0005185143,9.19321
401,-0.00045169384,12.342112,0.00042130976,12.342112
402,0.0010002088,8.681341,-0.00015530572,8.681341
403,0.0011304051,10.857289,-0.0016305158,10.857289
404,-0.0007906174,11.8205595,0.00048099665,11.8205595
405,-0.00039005326,12.06057,-0.0011529559,12.06057
406,-0.00014676078,12.545517,-0.0015100518,12.545517
407,0.0010095162,15.317358,0.0010544914,15.317358
408,0.0016151797,13.120338,4.7003123e-06,13.120338
409,5.319969e-06,12.46965,0.00036888535,12.46965
410,0.0009847616,14.153157,2.2694803e-06,14.153157
411,0.00052102987,14.562357,-0.0005229007,14.562357
412,-0.00013115525,15.357625,-3.3730466e-06,15.357625
413,-0.00011638235,13.711412,-4.714475e-05,13.711412
414,-0.00025658286,17.378206,-0.00019469377,17.378206
415,0.0008059127,17.735447,0.0012309621,17.735447
416,0.00015130322,16.23114,-0.00039107213,16.23114
417,-7.9310936e-05,16.748402,0.00086436677,16.748402
418,-0.00025849635,13.083862,0.00028585148,13.083862
419,0.0004380864,18.599035,-0.0007805532,18.599035
420,0.00013368475,19.272694,0.0005480855,19.272694
421,-1.1207594e-06,15.651971,0.00016880568,15.651971
422,0.00041810266,17.953411,-0.00029591218,17.953411
423,4.9963623e-05,17.884462,0.00021132402,17.884462
424,0.00022278923,19.784954,0.00018165908,19.784954
425,0.00016854356,16.151606,-0.0005792895,16.151606
426,-4.3721986e-05,18.47284,-0.00038558897,18.47284
427,0.0003598446,20.07902,-2.9051764e-05,20.07902
428,8.849941e-05,18.721813,-1.3491197e-05,18.721813
429,-9.320617e-05,17.24826,3.2181986e-05,17.24826
430,0.0002251378,18.435894,-0.00055785204,18.435894
431,0.00037494357,19.258812,-0.0007044467,19.258812
432,-0.00017808969,20.367928,-5.1212643e-05,20.367928
433,-0.00013452604,19.444853,-0.0002521255,19.444853
434,0.00031848505,17.71003,-0.00036107536,17.71003
435,0.00022220408,19.069231,-0.00035908318,19.069231
436,0.0002784224,19.538738,8.1873426e-05,19.538738
437,0.0003083116,19.39832,0.0002537851,19.39832
438,0.00011125072,21.288952,-0.00012722642,21.288952
439,-2.3805685e-05,17.913769,-0.0002394276,17.913769
440,2.9026167e-05,19.809559,-0.00025906318,19.809559
441,4.3015596e-05,18.090263,7.1181945e-05,18.090263
442,5.63921e-05,21.450703,-1.7253624e-05,21.450703
443,6.238042e-07,19.835453,0.00011339764,19.835453
444,-3.0766205e-05,21.522932,-4.3078137e-05,21.522932
445,0.0003235894,18.307394,-4.0657178e-05,18.307394
446,0.00034117143,21.57,-5.3352687e-05,21.57
447,6.0734306e-05,18.404438,-4.2182146e-05,18.404438
448,7.886565e-05,19.88177,-5.3584783e-05,19.88177
449,7.8945e-05,20.167622,-5.4548254e-05,20.167622
450,0.00011093178,20.030476,0.000114009315,20.030476
451,0.000110849236,20.050179,0.000113633614,20.050179
452,9.580165e-05,20.13157,-8.1310754e-05,20.13157
453,7.672404e-05,22.16399,-0.00011240023,22.16399
454,7.238975e-05,18.445389,-0.000106996165,18.445389
455,7.430083e-05,20.120626,-0.000109849134,20.120626
456,7.266509e-05,21.900814,-0.00011414759,21.900814
457,6.935693e-05,18.397556,-0.00010916432,18.397556
458,0.00013595754,22.032503,-0.00013002616,22.032503
459,0.00012981148,18.965687,-0.0001240984,18.965687
460,0.00013249129,20.06685,-0.0001261124,20.06685
461,-7.716558e-07,22.239305,4.8012917e-05,22.239305
462,-7.845101e-07,20.09547,4.6521465e-05,20.09547
463,-7.888939e-07,18.565626,4.4811048e-05,18.565626
464,-8.4798876e-07,20.569895,4.6644833e-05,20.569895
465,2.8977596e-05,22.165997,4.1736188e-05,22.165997
466,2.6848982e-05,18.574005,3.865516e-05,18.574005
467,2.8084638e-05,20.350683,3.993107e-05,20.350683
468,2.8197963e-05,20.751003,4.0414125e-05,20.751003
469,2.7794522e-05,20.489683,4.0655937e-05,20.489683
470,2.8016111e-05,20.226889,4.0120885e-05,20.226889
471,-1.6050475e-05,22.133278,4.4876306e-06,22.133278
472,-1.5226564e-05,18.909046,3.3764813e-06,18.909046
473,-1.5709007e-05,20.13752,3.6579208e-06,20.13752
474,-1.5735186e-05,20.393955,4.1587905e-06,20.393955
475,-1.5789814e-05,20.720041,4.086323e-06,20.720041
476,-1.595105e-05,20.517433,4.020245e-06,20.517433
477,-1.5629124e-05,20.590412,3.924835e-06,20.590412
478,-2.0491748e-06,22.136833,-2.6725866e-07,22.136833
479,-1.8501728e-06,20.485468,-3.350783e-07,20.485468
480,-1.931388e-06,20.411943,-4.5730621e-07,20.411943
481,-2.0165553e-06,20.455002,-9.791029e-08,20.455002
482,-1.7085069e-06,18.616135,-5.3105896e-07,18.616135
483,-2.0532038e-06,20.50459,-3.3429342e-07,20.50459
484,-2.0355324e-06,20.512657,-2.147508e-07,20.512657
485,-1.9887716e-06,20.814722,-1.4274292e-07,20.814722
486,-1.9231916e-06,20.548813,-5.112911e-07,20.548813
487,-1.8482006e-06,20.246622,-4.0449277e-07,20.246622
488,-1.7427774e-06,20.811356,-4.4090348e-07,20.811356
489,-1.9650938e-06,20.559864,-3.9162705e-07,20.559864
490,-1.9657132e-06,20.524082,-3.3349215e-07,20.524082
491,-1.8176388e-06,20.570389,-4.5079923e-07,20.570389
492,-1.9890044e-06,20.549124,-5.7088255e-07,20.549124
493,-2.0949033e-06,20.527565,-3.9295355e-07,20.527565
494,-2.009113e-06,20.574007,-9.302357e-08,20.574007
495,-1.7510793e-06,20.552132,-4.515491e-07,20.552132
496,-1.7258808e-06,20.52998,-3.9285396e-07,20.52998
497,-1.926428e-06,20.575834,-1.5255318e-07,20.575834
498,-1.84175e-06,20.553688,-2.7267197e-07,20.553688
499,1.947415e-05,22.216724,-2.1663167e-05,22.216724
500,1.8802888e-05,20.515543,-2.0806116e-05,20.515543
501,1.8927563e-05,20.55148,-2.1128539e-05,20.55148
502,1.8651124e-05,20.46589,-2.0772404e-05,20.46589
503,1.868162e-05,20.431154,-2.0987234e-05,20.431154
504,1.765879e-05,18.388668,-1.995805e-05,18.388668
505,1.8451485e-05,20.415646,-2.0976706e-05,20.415646
506,1.9472645e-05,22.684542,-2.1921203e-05,22.684542
507,1.7725402e-05,18.484879,-1.9904162e-05,18.484879
508,1.8923161e-05,20.859505,-2.1039661e-05,20.859505
509,1.946119e-05,22.356195,-2.1877075e-05,22.356195
510,1.7572098e-05,18.384003,-1.983567e-05,18.384003
511,1.8640723e-05,20.469435,-2.089402e-05,20.469435
512,1.9424504e-05,22.705084,-2.181594e-05,22.705084
513,1.778976e-05,18.499727,-1.9795038e-05,18.499727
514,1.9639485e-05,22.609707,-2.1870392e-05,22.609707
515,1.7960914e-05,18.756617,-2.0267486e-05,18.756617
516,1.8831795e-05,20.239471,-2.1095502e-05,20.239471
517,1.9617743e-05,22.65909,-2.1903921e-05,22.65909
518,1.7776641e-05,18.75991,-2.0210115e-05,18.75991
519,1.8444487e-05,20.240973,-2.0738897e-05,20.240973
520,1.9714676e-05,22.660217,-2.1785478e-05,22.660217
521,1.7817127e-05,18.76088,-2.0151168e-05,18.76088
522,1.8788034e-05,20.241688,-2.1097008e-05,20.241688
523,1.9583764e-05,22.660809,-2.1905094e-05,22.660809
524,1.7988896e-05,18.761236,-2.0449434e-05,18.761236
525,1.8423543e-05,20.242033,-2.0739615e-05,20.242033
526,1.9341811e-05,22.660986,-2.1905213e-05,22.660986
527,1.774486e-05,18.76152,-2.0091997e-05,18.76152
528,1.8361601e-05,20.242153,-2.0799302e-05,20.242153
529,1.9697016e-05,22.661112,-2.2024502e-05,22.661112
530,1.7861332e-05,18.76166,-2.0211304e-05,18.76166
531,1.8537241e-05,20.242315,-2.1097438e-05,20.242315
532,1.9454486e-05,22.66132,-2.1786222e-05,22.66132
533,1.7921802e-05,18.761616,-2.0270876e-05,18.761616
534,1.8834802e-05,20.242338,-2.1037848e-05,20.242338
535,1.981286e-05,22.661283,-2.2143828e-05,22.661283
536,1.8038656e-05,18.761734,-2.0151749e-05,18.761734
537,1.8717916e-05,20.24222,-2.1037766e-05,20.24222
538,1.9574156e-05,22.661295,-2.1905416e-05,22.661295
539,1.8040582e-05,18.761639,-2.0032476e-05,18.761639
540,1.8417702e-05,20.242329,-2.0978236e-05,20.242329
541,1.957219e-05,22.661396,-2.1905487e-05,22.661396
542,1.7979792e-05,18.761696,-2.0211332e-05,18.761696
543,1.8417739e-05,20.242329,-2.0978237e-05,20.242329
544,1.945517e-05,22.661283,-2.1786202e-05,22.661283
545,1.7742015e-05,18.761663,-1.9853675e-05,18.761663
546,1.8655977e-05,20.242336,-2.097824e-05,20.242336
547,1.9572355e-05,22.661386,-2.1667061e-05,22.661386
548,1.798004e-05,18.761686,-2.0092113e-05,18.761686
549,1.8537035e-05,20.242325,-2.085902e-05,20.242325
550,1.9574321e-05,22.661285,-2.1666996e-05,22.661285
551,1.803944e-05,18.761696,-2.0151723e-05,18.761696
552,1.8775661e-05,20.242315,-2.1097438e-05,20.242315
553,1.9574978e-05,22.661253,-2.1666974e-05,22.661253
554,1.7918144e-05,18.761799,-2.0032581e-05,18.761799
555,1.8536171e-05,20.242367,-2.085905e-05,20.242367
556,1.9573155e-05,22.661346,-2.1905456e-05,22.661346
557,1.7920347e-05,18.76169,-2.0032507e-05,18.76169
558,1.8536612e-05,20.242346,-2.0978248e-05,20.242346
559,1.9694802e-05,22.661222,-2.2024578e-05,22.661222
560,1.7859595e-05,18.761747,-2.0330572e-05,18.761747
561,1.8415725e-05,20.24243,-2.0978305e-05,20.24243
562,1.95739e-05,22.661308,-2.190543e-05,22.661308
563,1.7919918e-05,18.761711,-2.0270943e-05,18.761711
564,1.8537101e-05,20.24232,-2.0859017e-05,20.24232
565,1.9335126e-05,22.661324,-2.190544e-05,22.661324
566,1.8159964e-05,18.76163,-1.979405e-05,18.76163
567,1.8416962e-05,20.242367,-2.073984e-05,20.242367
568,1.9455276e-05,22.661278,-2.1786198e-05,22.661278
569,1.7919483e-05,18.761732,-2.0032538e-05,18.761732
570,1.8475937e-05,20.242401,-2.068026e-05,20.242401
571,1.9453606e-05,22.661362,-2.1786256e-05,22.661362
572,1.785962e-05,18.761745,-2.0092153e-05,18.761745
573,1.8595132e-05,20.242401,-2.0918678e-05,20.242401
574,1.9573614e-05,22.661322,-2.1905438e-05,22.661322
575,1.797988e-05,18.761692,-2.0092119e-05,18.761692
576,1.8596222e-05,20.242346,-2.0918644e-05,20.242346
577,1.9693083e-05,22.66131,-2.2024638e-05,22.66131
578,1.7919447e-05,18.761734,-2.0151749e-05,18.761734
579,1.8477176e-05,20.242336,-2.0918635e-05,20.242336
580,1.9573827e-05,22.661312,-2.1905431e-05,22.661312
581,1.7860595e-05,18.761696,-2.0092119e-05,18.761696
582,1.8715302e-05,20.242353,-2.1037855e-05,20.242353
583,1.9453968e-05,22.661345,-2.1786247e-05,22.661345
584,1.7979293e-05,18.761723,-1.9972926e-05,18.761723
585,1.8416456e-05,20.242393,-2.0739859e-05,20.242393
586,1.9573508e-05,22.661327,-2.1667023e-05,22.661327
587,1.7921553e-05,18.76163,-2.0151672e-05,18.76163
588,1.8655839e-05,20.242344,-2.0978245e-05,20.242344
589,1.9573945e-05,22.661304,-2.1905431e-05,22.661304
590,1.7981518e-05,18.76161,-2.0092059e-05,18.76161
591,1.8716406e-05,20.242296,-2.1037817e-05,20.242296
592,1.9692234e-05,22.661352,-2.178625e-05,22.661352
593,1.7981642e-05,18.761604,-2.0092059e-05,18.761604
594,1.8358445e-05,20.24231,-2.079941e-05,20.24231
595,1.9574496e-05,22.661278,-2.1905407e-05,22.661278
596,1.774009e-05,18.761763,-1.9972951e-05,18.761763
597,1.8416431e-05,20.242395,-2.0739859e-05,20.242395
598,1.9692083e-05,22.66136,-2.2024673e-05,22.66136
599,1.797984e-05,18.761696,-2.0211328e-05,18.761696
600,1.8534462e-05,20.242455,-2.085911e-05,20.242455
601,1.9453428e-05,22.661371,-2.1786263e-05,22.661371
602,1.7801556e-05,18.761667,-2.0032492e-05,18.761667
603,1.8537054e-05,20.242325,-2.085902e-05,20.242325
604,1.9454286e-05,22.66133,-2.1786233e-05,22.66133
605,1.7861972e-05,18.761627,-2.009207e-05,18.761627
606,1.8413783e-05,20.242529,-2.0739952e-05,20.242529
607,1.9691623e-05,22.661385,-2.2024687e-05,22.661385
608,1.785896e-05,18.761778,-2.0092175e-05,18.761778
609,1.8415494e-05,20.242441,-2.0739892e-05,20.242441
610,1.9572532e-05,22.661379,-2.1667056e-05,22.661379
611,1.7919752e-05,18.761719,-2.0032528e-05,18.761719
612,1.8474217e-05,20.242487,-2.0799527e-05,20.242487
613,1.9453497e-05,22.66137,-2.1786258e-05,22.66137
614,1.8039327e-05,18.7617,-2.0151729e-05,18.7617
615,1.8415602e-05,20.242435,-2.0859097e-05,20.242435
616,1.9573106e-05,22.66135,-2.1667036e-05,22.66135
617,1.8158496e-05,18.761703,-2.0032516e-05,18.761703
618,1.8415725e-05,20.242432,-2.0739888e-05,20.242432
619,1.969081e-05,22.661427,-2.2024717e-05,22.661427
620,1.8040362e-05,18.761648,-2.015169e-05,18.761648
621,1.8535935e-05,20.242382,-2.085906e-05,20.242382
622,1.945344e-05,22.661371,-2.1786263e-05,22.661371
623,1.7798488e-05,18.761824,-2.0151805e-05,18.761824
624,1.8295446e-05,20.242485,-2.085913e-05,20.242485
625,1.9453064e-05,22.66139,-2.2024691e-05,22.66139
626,1.8039262e-05,18.761705,-2.0151729e-05,18.761705
627,1.8594745e-05,20.24242,-2.0918691e-05,20.24242
628,1.9453677e-05,22.66136,-2.1786256e-05,22.66136
629,1.804031e-05,18.761652,-2.0151692e-05,18.761652
630,1.8654462e-05,20.242414,-2.0739875e-05,20.242414
631,1.9573403e-05,22.661333,-2.1905447e-05,22.661333
632,1.7742457e-05,18.761642,-2.0092084e-05,18.761642
633,1.8416773e-05,20.242376,-2.0739846e-05,20.242376
634,1.9573745e-05,22.661316,-2.1667014e-05,22.661316
635,1.7682554e-05,18.761656,-2.0270905e-05,18.761656
636,1.853683e-05,20.242334,-2.085903e-05,20.242334
637,1.9574463e-05,22.66128,-2.1905405e-05,22.66128
638,1.785854e-05,18.761799,-2.0092186e-05,18.761799
639,1.8712437e-05,20.242496,-2.1037953e-05,20.242496
640,1.9453086e-05,22.661388,-2.1786274e-05,22.661388
641,1.7917839e-05,18.761816,-2.0032594e-05,18.761816
642,1.8534334e-05,20.24246,-2.0859115e-05,20.24246
643,1.9572024e-05,22.661404,-2.1905493e-05,22.661404
644,1.8158187e-05,18.761719,-2.0032532e-05,18.761719
645,1.847477e-05,20.242458,-2.1037931e-05,20.242458
646,1.9454015e-05,22.661343,-2.178624e-05,22.661343
647,1.7979059e-05,18.761734,-2.0211353e-05,18.761734
648,1.8596971e-05,20.242308,-2.0918615e-05,20.242308
649,1.9573872e-05,22.66131,-2.190543e-05,22.66131
650,1.7918668e-05,18.761774,-2.0270987e-05,18.761774
651,1.859364e-05,20.242476,-2.0918731e-05,20.242476
652,1.9692461e-05,22.66134,-2.202466e-05,22.66134
653,1.7920638e-05,18.761675,-2.027092e-05,18.761675
654,1.8656428e-05,20.242315,-2.073981e-05,20.242315
655,1.9691164e-05,22.661407,-2.2024706e-05,22.661407
656,1.7920005e-05,18.761707,-2.003252e-05,18.761707
657,1.8535593e-05,20.242397,-2.0859072e-05,20.242397
658,1.9811303e-05,22.66136,-2.2143882e-05,22.66136
659,1.7919745e-05,18.761719,-2.027095e-05,18.761719
660,1.8534995e-05,20.242428,-2.0859094e-05,20.242428
661,1.9453108e-05,22.661388,-2.178627e-05,22.661388
662,1.7859642e-05,18.761744,-2.009215e-05,18.761744
663,1.8475366e-05,20.242428,-2.1037908e-05,20.242428
664,1.9693249e-05,22.661303,-2.2024635e-05,22.661303
665,1.7920405e-05,18.761686,-2.0270927e-05,18.761686
666,1.8714314e-05,20.242403,-2.079947e-05,20.242403
667,1.945417e-05,22.661335,-2.1786238e-05,22.661335
668,1.7920831e-05,18.761663,-2.01517e-05,18.761663
669,1.8534782e-05,20.24244,-2.0859103e-05,20.24244
670,1.9453793e-05,22.661354,-2.1786247e-05,22.661354
671,1.7919825e-05,18.761715,-2.0032525e-05,18.761715
672,1.8536182e-05,20.242367,-2.0859052e-05,20.242367
673,1.9453191e-05,22.661385,-2.1786269e-05,22.661385
674,1.7620616e-05,18.761774,-2.0092171e-05,18.761774
675,1.8653947e-05,20.242441,-2.0978312e-05,20.242441
676,1.9573368e-05,22.661335,-2.1905445e-05,22.661335
677,1.780058e-05,18.761719,-2.0151734e-05,18.761719
678,1.8534509e-05,20.24245,-2.0859108e-05,20.24245
679,1.9810315e-05,22.66141,-2.1905498e-05,22.66141
680,1.7622639e-05,18.761673,-2.0211313e-05,18.761673
681,1.8654779e-05,20.2424,-2.0739866e-05,20.2424
682,1.9572884e-05,22.66136,-2.2143882e-05,22.66136
683,1.7920776e-05,18.761667,-2.027091e-05,18.761667
684,1.8536923e-05,20.242329,-2.0859026e-05,20.242329
685,1.945372e-05,22.661358,-2.1786253e-05,22.661358
686,1.792135e-05,18.761639,-2.0151685e-05,18.761639
687,1.841666e-05,20.242382,-2.0978272e-05,20.242382
688,1.9453899e-05,22.661348,-2.1786245e-05,22.661348
689,1.7799985e-05,18.761747,-2.0270967e-05,18.761747
690,1.8416591e-05,20.242386,-2.0739857e-05,20.242386
691,1.94551e-05,22.661285,-2.1786205e-05,22.661285
692,1.7621305e-05,18.76174,-2.0211357e-05,18.76174
693,1.84171e-05,20.242363,-2.0978257e-05,20.242363
694,1.9215657e-05,22.66134,-2.178624e-05,22.66134
695,1.7800261e-05,18.761732,-2.0151747e-05,18.761732
696,1.853481e-05,20.24244,-2.097831e-05,20.24244
697,1.9573014e-05,22.661352,-2.190546e-05,22.661352
698,1.791956e-05,18.761728,-2.0151743e-05,18.761728
699,1.8537325e-05,20.24231,-2.0620595e-05,20.24231
700,1.9574029e-05,22.661303,-2.1905425e-05,22.661303
701,1.7681054e-05,18.761734,-2.0270954e-05,18.761734
702,1.8594556e-05,20.24243,-2.0918702e-05,20.24243
703,1.9691754e-05,22.661377,-2.2024684e-05,22.661377
704,1.780258e-05,18.761616,-2.0151667e-05,18.761616
705,1.8414774e-05,20.24248,-2.0739915e-05,20.24248
706,1.9691894e-05,22.66137,-2.1786262e-05,22.66137
707,1.7919665e-05,18.761723,-2.003253e-05,18.761723
708,1.8356539e-05,20.242409,-2.0918686e-05,20.242409
709,1.9573848e-05,22.661312,-2.190543e-05,22.661312
710,1.7920887e-05,18.761662,-2.0032488e-05,18.761662
711,1.8539167e-05,20.242214,-2.085895e-05,20.242214
712,1.9453428e-05,22.661371,-2.1786263e-05,22.661371
713,1.8040548e-05,18.761639,-2.0151683e-05,18.761639
714,1.8595969e-05,20.242357,-2.0918651e-05,20.242357
715,1.933369e-05,22.6614,-2.1905485e-05,22.6614
716,1.7919949e-05,18.76171,-2.0151736e-05,18.76171
717,1.8534703e-05,20.242441,-2.0859105e-05,20.242441
718,1.9690893e-05,22.661419,-2.2024715e-05,22.661419
719,1.809729e-05,18.761786,-1.9972966e-05,18.761786
720,1.8533618e-05,20.242498,-2.0859137e-05,20.242498
721,1.957279e-05,22.661366,-2.1667047e-05,22.661366
722,1.7919769e-05,18.761719,-2.0151741e-05,18.761719
723,1.8355222e-05,20.242476,-2.0680309e-05,20.242476
724,1.9692683e-05,22.661331,-2.2024651e-05,22.661331
725,1.7918523e-05,18.761782,-2.0151783e-05,18.761782
726,1.8536583e-05,20.242346,-2.0859039e-05,20.242346
727,1.9453299e-05,22.661379,-2.1786269e-05,22.661379
728,1.7620781e-05,18.761766,-1.9972957e-05,18.761766
729,1.8712972e-05,20.24247,-2.1037935e-05,20.24247
730,1.945411e-05,22.661339,-2.2024658e-05,22.661339
731,1.8159168e-05,18.76167,-2.0032496e-05,18.76167
732,1.8414124e-05,20.24251,-2.073994e-05,20.24251
733,1.9574283e-05,22.66129,-2.1905418e-05,22.66129
734,1.8040217e-05,18.761656,-2.0151696e-05,18.761656
735,1.8656256e-05,20.242325,-2.097823e-05,20.242325
736,1.9453486e-05,22.66137,-2.1786258e-05,22.66137
737,1.7921458e-05,18.761633,-2.0032468e-05,18.761633
738,1.8536912e-05,20.242329,-2.1097449e-05,20.242329
739,1.9336245e-05,22.66127,-2.1905404e-05,22.66127
740,1.8040946e-05,18.76162,-2.0151669e-05,18.76162
741,1.8715544e-05,20.242338,-2.0918638e-05,20.242338
742,1.9572355e-05,22.661386,-2.1905482e-05,22.661386
743,1.7980487e-05,18.761662,-1.9972884e-05,18.761662
744,1.8775509e-05,20.242321,-2.085902e-05,20.242321
745,1.9574014e-05,22.661303,-2.1905424e-05,22.661303
746,1.7801949e-05,18.761648,-2.02709e-05,18.761648
747,1.8297604e-05,20.242374,-2.0859057e-05,20.242374
748,1.957525e-05,22.66124,-2.190538e-05,22.66124
749,1.7800206e-05,18.761736,-2.0151752e-05,18.761736
750,1.8596882e-05,20.242311,-2.091862e-05,20.242311
751,1.9572777e-05,22.661366,-2.1905465e-05,22.661366
752,1.780075e-05,18.76171,-2.0270942e-05,18.76171
753,1.859639e-05,20.242336,-2.0799425e-05,20.242336
754,1.9573177e-05,22.661345,-2.1667038e-05,22.661345
755,1.7859842e-05,18.761734,-2.0211353e-05,18.761734
756,1.8535795e-05,20.242386,-2.0859066e-05,20.242386
757,1.9572895e-05,22.66136,-2.1905462e-05,22.66136
758,1.7802646e-05,18.761612,-2.0032458e-05,18.761612
759,1.871536e-05,20.242348,-2.1037853e-05,20.242348
760,1.9454017e-05,22.661343,-2.178624e-05,22.661343
761,1.797884e-05,18.761747,-1.997294e-05,18.761747
762,1.847587e-05,20.242403,-2.079947e-05,20.242403
763,1.9812622e-05,22.661295,-2.2143837e-05,22.661295
764,1.7978851e-05,18.761745,-2.021136e-05,18.761745
765,1.8655155e-05,20.242382,-2.0739852e-05,20.242382
766,1.9694025e-05,22.661264,-2.2024606e-05,22.661264
767,1.7981678e-05,18.761602,-2.0092053e-05,18.761602
768,1.8534456e-05,20.242455,-2.0859115e-05,20.242455
769,1.9573003e-05,22.661354,-2.190546e-05,22.661354
770,1.7741058e-05,18.761713,-2.0211337e-05,18.761713
771,1.853631e-05,20.242361,-2.0859045e-05,20.242361
772,1.9570776e-05,22.661465,-2.1905533e-05,22.661465
773,1.7920287e-05,18.761692,-2.003251e-05,18.761692
774,1.8654673e-05,20.242405,-2.0978288e-05,20.242405
775,1.9573177e-05,22.661346,-2.1905453e-05,22.661346
776,1.7920813e-05,18.761665,-2.0270913e-05,18.761665
777,1.8656876e-05,20.24229,-2.0739795e-05,20.24229
778,1.9692528e-05,22.661339,-2.2024658e-05,22.661339
779,1.7979448e-05,18.761715,-2.009213e-05,18.761715
780,1.8475625e-05,20.242414,-2.079948e-05,20.242414
781,1.9334866e-05,22.66134,-2.1905447e-05,22.66134
782,1.8157178e-05,18.76177,-2.0032563e-05,18.76177
783,1.8475459e-05,20.242424,-2.0680278e-05,20.242424
784,1.9572462e-05,22.66138,-2.1905476e-05,22.66138
785,1.7980565e-05,18.761658,-1.9972886e-05,18.761658
786,1.8833605e-05,20.242401,-2.1157099e-05,20.242401
787,1.9572402e-05,22.661385,-2.1905478e-05,22.661385
788,1.7979699e-05,18.761702,-2.0092122e-05,18.761702
789,1.8417526e-05,20.242338,-2.0978243e-05,20.242338
790,1.9572133e-05,22.661398,-2.1905485e-05,22.661398
791,1.785896e-05,18.761778,-2.0092175e-05,18.761778
792,1.8417484e-05,20.24234,-2.0739823e-05,20.24234
793,1.9571638e-05,22.661423,-2.1905507e-05,22.661423
794,1.7859606e-05,18.761747,-2.0330568e-05,18.761747
795,1.8713134e-05,20.242462,-2.103793e-05,20.242462
796,1.9571884e-05,22.66141,-2.1905498e-05,22.66141
797,1.7980177e-05,18.761679,-1.9972895e-05,18.761679
798,1.8596795e-05,20.242317,-2.0918622e-05,20.242317
799,1.9573063e-05,22.66135,-2.1905458e-05,22.66135
800,1.7742852e-05,18.761623,-1.9972858e-05,18.761623
801,1.8297564e-05,20.242376,-2.0859055e-05,20.242376
802,1.9573627e-05,22.661322,-2.166702e-05,22.661322
803,1.7798977e-05,18.761797,-2.0271e-05,18.761797
804,1.8596316e-05,20.242338,-2.0918636e-05,20.242338
805,1.9574016e-05,22.661303,-2.1905424e-05,22.661303
806,1.803931e-05,18.761702,-2.0151725e-05,18.761702
807,1.8534934e-05,20.24243,-2.0859095e-05,20.24243
808,1.9572613e-05,22.661373,-2.1905473e-05,22.661373
809,1.7801467e-05,18.761673,-2.0151705e-05,18.761673
810,1.8476612e-05,20.242365,-2.1037864e-05,20.242365
811,1.945477e-05,22.661303,-2.1786214e-05,22.661303
812,1.8038209e-05,18.761757,-2.0151767e-05,18.761757
813,1.8533876e-05,20.242485,-2.0859134e-05,20.242485
814,1.9573627e-05,22.661322,-2.1905442e-05,22.661322
815,1.7860968e-05,18.761677,-2.0092104e-05,18.761677
816,1.8296552e-05,20.242428,-2.0859094e-05,20.242428
817,1.9570742e-05,22.661467,-2.166712e-05,22.661467
818,1.791993e-05,18.76171,-2.0032525e-05,18.76171
819,1.859639e-05,20.242336,-2.0799425e-05,20.242336
820,1.9811974e-05,22.661327,-2.214386e-05,22.661327
821,1.7859938e-05,18.76173,-2.033056e-05,18.76173
822,1.8653813e-05,20.242449,-2.0978316e-05,20.242449
823,1.9453486e-05,22.66137,-2.1786258e-05,22.66137
824,1.803951e-05,18.761692,-2.015172e-05,18.761692
825,1.8595023e-05,20.242405,-2.0799473e-05,20.242405
826,1.9452627e-05,22.661411,-2.2024708e-05,22.661411
827,1.8039646e-05,18.761686,-2.0151718e-05,18.761686
828,1.8417657e-05,20.242334,-2.0978237e-05,20.242334
829,1.9574169e-05,22.661295,-2.1667003e-05,22.661295
830,1.786165e-05,18.761642,-2.0211291e-05,18.761642
831,1.8416154e-05,20.242409,-2.0978287e-05,20.242409
832,1.945456e-05,22.661314,-2.2024642e-05,22.661314
833,1.78603e-05,18.761711,-2.009213e-05,18.761711
834,1.8535511e-05,20.242401,-2.0859074e-05,20.242401
835,1.9692505e-05,22.66134,-2.202466e-05,22.66134
836,1.7919836e-05,18.761715,-2.0270943e-05,18.761715
837,1.8594515e-05,20.242432,-2.0918702e-05,20.242432
838,1.9692105e-05,22.66136,-2.2024675e-05,22.66136
839,1.7978984e-05,18.761738,-2.0092144e-05,18.761738
840,1.847513e-05,20.242441,-2.0680289e-05,20.242441
841,1.96924e-05,22.661343,-2.2024662e-05,22.661343
842,1.797838e-05,18.761768,-2.0092166e-05,18.761768
843,1.8772553e-05,20.242472,-2.1097543e-05,20.242472
844,1.9334877e-05,22.66134,-2.1905447e-05,22.66134
845,1.7858712e-05,18.761791,-2.0211393e-05,18.761791
846,1.8417431e-05,20.242344,-2.0739824e-05,20.242344
847,1.9216328e-05,22.661304,-2.1786218e-05,22.661304
848,1.8039593e-05,18.761686,-2.0032505e-05,18.761686
849,1.8595492e-05,20.242382,-2.0799454e-05,20.242382
850,1.9452793e-05,22.661404,-2.1786282e-05,22.661404
851,1.7801445e-05,18.761673,-2.0151709e-05,18.761673
852,1.8655826e-05,20.242346,-2.0978245e-05,20.242346
853,1.9694697e-05,22.661228,-2.1786162e-05,22.661228
854,1.7980452e-05,18.761663,-2.0211304e-05,18.761663
855,1.8536033e-05,20.242374,-2.0739848e-05,20.242374
856,1.9691672e-05,22.66138,-2.2024686e-05,22.66138
857,1.7920447e-05,18.761684,-1.9913296e-05,18.761684
858,1.8537148e-05,20.24232,-2.085902e-05,20.24232
859,1.9812138e-05,22.66132,-2.1905435e-05,22.66132
860,1.7862474e-05,18.7616,-2.0330472e-05,18.7616
861,1.8951538e-05,20.242462,-2.0918722e-05,20.242462
862,1.9692705e-05,22.66133,-2.2024651e-05,22.66133
863,1.7979122e-05,18.76173,-2.0211352e-05,18.76173
864,1.8416104e-05,20.242413,-2.0739873e-05,20.242413
865,1.9812127e-05,22.66132,-2.1905435e-05,22.66132
866,1.774088e-05,18.76172,-2.0449765e-05,18.76172
867,1.8477738e-05,20.242308,-2.0799405e-05,20.242308
868,1.9810903e-05,22.66138,-2.2143895e-05,22.66138
869,1.7803433e-05,18.761572,-2.0151636e-05,18.761572
870,1.8715593e-05,20.242338,-2.1157057e-05,20.242338
871,1.9452638e-05,22.661411,-2.2024708e-05,22.661411
872,1.7620834e-05,18.761763,-2.0569003e-05,18.761763
873,1.865545e-05,20.242365,-2.0978261e-05,20.242365
874,1.9454275e-05,22.661331,-2.2024651e-05,22.661331
875,1.7860672e-05,18.761692,-2.0092115e-05,18.761692
876,1.853543e-05,20.242405,-2.0859077e-05,20.242405
877,1.9454372e-05,22.661324,-2.202465e-05,22.661324
878,1.7861339e-05,18.761658,-2.0092095e-05,18.761658
879,1.8296727e-05,20.24242,-2.0859086e-05,20.24242
880,1.9573838e-05,22.661312,-2.1905431e-05,22.661312
881,1.7860679e-05,18.761692,-2.0092115e-05,18.761692
882,1.8536432e-05,20.242355,-2.0859043e-05,20.242355
883,1.9692612e-05,22.661333,-2.1786236e-05,22.661333
884,1.7860548e-05,18.7617,-2.009212e-05,18.7617
885,1.853584e-05,20.242384,-2.0859066e-05,20.242384
886,1.9336338e-05,22.661264,-2.1905395e-05,22.661264
887,1.7862203e-05,18.761616,-2.0211275e-05,18.761616
888,1.8357798e-05,20.242346,-2.079943e-05,20.242346
889,1.9453382e-05,22.661373,-2.1786263e-05,22.661373
890,1.7919188e-05,18.761747,-2.0270967e-05,18.761747
891,1.8595016e-05,20.242405,-2.0799473e-05,20.242405
892,1.957427e-05,22.66129,-2.1905415e-05,22.66129
893,1.7799284e-05,18.761784,-2.0151781e-05,18.761784
894,1.8533792e-05,20.242487,-2.085913e-05,20.242487
895,1.9573934e-05,22.661304,-2.1667012e-05,22.661304
896,1.8039203e-05,18.761707,-2.0151729e-05,18.761707
897,1.8477338e-05,20.242329,-2.0680214e-05,20.242329
898,1.9573072e-05,22.66135,-2.1905458e-05,22.66135
899,1.7858365e-05,18.761808,-2.02114e-05,18.761808
900,1.8533767e-05,20.242489,-2.0859134e-05,20.242489
901,1.957259e-05,22.661377,-2.214389e-05,22.661377
902,1.8158837e-05,18.761686,-2.0032508e-05,18.761686
903,1.8535953e-05,20.242378,-2.0739848e-05,20.242378
904,1.9573616e-05,22.661324,-2.1905442e-05,22.661324
905,1.780111e-05,18.76169,-2.015172e-05,18.76169
906,1.8835288e-05,20.242313,-2.1037833e-05,20.242313
907,1.9691364e-05,22.661398,-2.2024695e-05,22.661398
908,1.7860986e-05,18.761677,-1.9972897e-05,18.761677
909,1.8535558e-05,20.242401,-2.0859075e-05,20.242401
910,1.9691659e-05,22.66138,-2.2024686e-05,22.66138
911,1.780195e-05,18.761648,-2.0032481e-05,18.761648
912,1.8476996e-05,20.242346,-2.079943e-05,20.242346
913,1.96938e-05,22.661274,-2.2024615e-05,22.661274
914,1.780225e-05,18.761633,-2.0151678e-05,18.761633
915,1.8535795e-05,20.242386,-2.0859066e-05,20.242386
916,1.9453168e-05,22.661386,-2.1786269e-05,22.661386
917,1.7977916e-05,18.761791,-2.0092184e-05,18.761791
918,1.8296223e-05,20.242443,-2.0859105e-05,20.242443
919,1.957266e-05,22.661371,-2.190547e-05,22.661371
920,1.7978382e-05,18.761768,-2.009217e-05,18.761768
921,1.8593526e-05,20.242481,-2.0918735e-05,20.242481
922,1.9692154e-05,22.661356,-2.2024671e-05,22.661356
923,1.7861585e-05,18.761646,-2.0092082e-05,18.761646
924,1.8417442e-05,20.242344,-2.0739826e-05,20.242344
925,1.9573177e-05,22.661346,-2.1905453e-05,22.661346
926,1.79224e-05,18.761585,-2.0270854e-05,18.761585
927,1.853624e-05,20.242365,-2.0859052e-05,20.242365
928,1.9692343e-05,22.661348,-2.1786245e-05,22.661348
929,1.780062e-05,18.761715,-2.0270943e-05,18.761715
930,1.841661e-05,20.242386,-2.0739857e-05,20.242386
931,1.9574296e-05,22.66129,-2.1666996e-05,22.66129
932,1.7860082e-05,18.761723,-2.0211346e-05,18.761723
933,1.8593433e-05,20.242487,-2.0918736e-05,20.242487
934,1.9454406e-05,22.661324,-2.1786229e-05,22.661324
935,1.7979835e-05,18.761696,-1.997291e-05,18.761696
936,1.8476672e-05,20.242363,-2.1037866e-05,20.242363
937,1.9691552e-05,22.661388,-2.202469e-05,22.661388
938,1.768171e-05,18.7617,-2.0270934e-05,18.7617
939,1.8772882e-05,20.242456,-2.1097534e-05,20.242456
940,1.9334018e-05,22.66138,-2.1905476e-05,22.66138
941,1.7859553e-05,18.76175,-2.0330568e-05,18.76175
942,1.8535058e-05,20.242422,-2.0620673e-05,20.242422
943,1.9455018e-05,22.661293,-2.2024624e-05,22.661293
944,1.7921624e-05,18.761623,-2.0032467e-05,18.761623
945,1.8533876e-05,20.242483,-2.085913e-05,20.242483
946,1.9690966e-05,22.661417,-2.2024713e-05,22.661417
947,1.7740333e-05,18.76175,-2.0449777e-05,18.76175
948,1.8536182e-05,20.242367,-2.0620633e-05,20.242367
949,1.969299e-05,22.661314,-2.1786223e-05,22.661314
950,1.7859502e-05,18.761753,-2.0092153e-05,18.761753
951,1.8415583e-05,20.24244,-2.097831e-05,20.24244
952,1.9571744e-05,22.661417,-2.1667085e-05,22.661417
953,1.7860279e-05,18.761713,-2.0092133e-05,18.761713
954,1.8536477e-05,20.242353,-2.0859043e-05,20.242353
955,1.9573237e-05,22.661343,-2.214387e-05,22.661343
956,1.7979517e-05,18.761711,-2.0211339e-05,18.761711
957,1.8774024e-05,20.242395,-2.1097494e-05,20.242395
958,1.969241e-05,22.661343,-2.2024662e-05,22.661343
959,1.797998e-05,18.761688,-2.0211319e-05,18.761688
960,1.865518e-05,20.242376,-2.0739853e-05,20.242376
961,1.9335937e-05,22.661283,-2.1666992e-05,22.661283
962,1.7978859e-05,18.761745,-2.0092151e-05,18.761745
963,1.841692e-05,20.242369,-2.073984e-05,20.242369
964,1.9334595e-05,22.661352,-2.1905456e-05,22.661352
965,1.7919483e-05,18.761732,-2.0032538e-05,18.761732
966,1.8535498e-05,20.242403,-2.0859074e-05,20.242403
967,1.9573201e-05,22.661343,-2.190545e-05,22.661343
968,1.7980365e-05,18.761667,-2.00921e-05,18.761667
969,1.8535335e-05,20.24241,-2.085908e-05,20.24241
970,1.9452307e-05,22.661428,-2.17863e-05,22.661428
971,1.8040802e-05,18.761625,-1.9913257e-05,18.761625
972,1.8536899e-05,20.24233,-2.0859026e-05,20.24233
973,1.9573872e-05,22.66131,-2.166701e-05,22.66131
974,1.810074e-05,18.76161,-1.997285e-05,18.76161
975,1.8655122e-05,20.242382,-2.0739852e-05,20.242382
976,1.9453406e-05,22.661373,-2.1786263e-05,22.661373
977,1.7800761e-05,18.76171,-2.0270942e-05,18.76171
978,1.8536972e-05,20.242327,-2.0859025e-05,20.242327
979,1.9453346e-05,22.661377,-2.1786262e-05,22.661377
980,1.8039114e-05,18.761711,-1.9913314e-05,18.761711
981,1.8474613e-05,20.242466,-2.0680305e-05,20.242466
982,1.957219e-05,22.661396,-2.1905487e-05,22.661396
983,1.7980687e-05,18.761652,-2.0092088e-05,18.761652
984,1.8536854e-05,20.242334,-2.0620608e-05,20.242334
985,1.9573024e-05,22.661352,-2.190546e-05,22.661352
986,1.7859793e-05,18.761738,-2.0092146e-05,18.761738
987,1.8417055e-05,20.242363,-2.0978261e-05,20.242363
988,1.9810703e-05,22.66139,-2.2143904e-05,22.66139
989,1.7742494e-05,18.761639,-2.0330499e-05,18.761639
990,1.8534565e-05,20.242449,-2.0978316e-05,20.242449
991,1.9453097e-05,22.661388,-2.1786274e-05,22.661388
992,1.7860619e-05,18.761696,-2.0092119e-05,18.761696
993,1.8655108e-05,20.242382,-2.1216692e-05,20.242382
994,1.9691635e-05,22.661385,-2.2024687e-05,22.661385
995,1.7858918e-05,18.761782,-2.0211388e-05,18.761782
996,1.8595205e-05,20.242397,-2.0918676e-05,20.242397
997,1.9691824e-05,22.661373,-2.1786263e-05,22.661373
998,1.7919747e-05,18.761719,-2.027095e-05,18.761719
999,1.8773022e-05,20.242449,-2.1097525e-05,20.242449
1000,1.9691375e-05,22.661398,-2.2024695e-05,22.661398
1001,1.7918333e-05,18.761791,-2.003258e-05,18.761791
1002,1.8476272e-05,20.242384,-2.079946e-05,20.242384
1003,1.9571813e-05,22.661415,-2.1905496e-05,22.661415
1004,1.8038792e-05,18.761728,-2.0151743e-05,18.761728
1005,1.8653343e-05,20.242472,-2.0739917e-05,20.242472
1006,1.9572852e-05,22.66136,-2.1905467e-05,22.66136
1007,1.7922226e-05,18.761595,-2.0032443e-05,18.761595
1008,1.865518e-05,20.242376,-2.0739853e-05,20.242376
1009,1.9691986e-05,22.661366,-2.1786256e-05,22.661366
1010,1.8040315e-05,18.761652,-2.0151692e-05,18.761652
1011,1.8538714e-05,20.242239,-2.0858964e-05,20.242239
1012,1.969087e-05,22.661423,-2.2024715e-05,22.661423
1013,1.7740998e-05,18.761715,-2.0211339e-05,18.761715
1014,1.8535666e-05,20.242393,-2.0859068e-05,20.242393
1015,1.9693922e-05,22.661268,-2.202461e-05,22.661268
1016,1.7799359e-05,18.761778,-2.003257e-05,18.761778
1017,1.8535058e-05,20.242424,-2.0620673e-05,20.242424
1018,1.9693482e-05,22.661291,-2.202462e-05,22.661291
1019,1.7742193e-05,18.761656,-2.0211297e-05,18.761656
1020,1.82992e-05,20.242294,-2.0859003e-05,20.242294
1021,1.9335926e-05,22.661285,-2.1905415e-05,22.661285
1022,1.7798808e-05,18.761806,-2.01518e-05,18.761806
1023,1.853485e-05,20.242434,-2.0859097e-05,20.242434
1024,1.9572753e-05,22.661367,-2.1905464e-05,22.661367
1025,1.803849e-05,18.761744,-2.0151756e-05,18.761744
1026,1.8654366e-05,20.24242,-2.0739877e-05,20.24242
1027,1.9572815e-05,22.661364,-2.1905465e-05,22.661364
1028,1.792062e-05,18.761675,-2.0032501e-05,18.761675
1029,1.8539398e-05,20.242205,-2.085894e-05,20.242205
1030,1.9214667e-05,22.661388,-2.1786274e-05,22.661388
1031,1.7980345e-05,18.761671,-2.00921e-05,18.761671
1032,1.8413108e-05,20.242563,-2.0859185e-05,20.242563
1033,1.9571673e-05,22.661423,-2.1905505e-05,22.661423
1034,1.8039746e-05,18.76168,-1.9794086e-05,18.76168
1035,1.841609e-05,20.242413,-2.0739873e-05,20.242413
1036,1.9335548e-05,22.661304,-2.1905427e-05,22.661304
1037,1.7860135e-05,18.761719,-2.0092137e-05,18.761719
1038,1.8594545e-05,20.242432,-2.0918702e-05,20.242432
1039,1.9811492e-05,22.66135,-2.2143875e-05,22.66135
1040,1.780126e-05,18.761683,-2.0390133e-05,18.761683
1041,1.8417692e-05,20.242329,-2.073982e-05,20.242329
1042,1.9574603e-05,22.661274,-2.1905402e-05,22.661274
1043,1.7860966e-05,18.761677,-1.9972893e-05,18.761677
1044,1.8535122e-05,20.24242,-2.085909e-05,20.24242
1045,1.981117e-05,22.66137,-2.1905467e-05,22.66137
1046,1.797923e-05,18.761726,-2.0092139e-05,18.761726
1047,1.8535075e-05,20.242424,-2.0859092e-05,20.242424
1048,1.9809924e-05,22.661428,-2.1905513e-05,22.661428
1049,1.7978475e-05,18.761765,-2.0211375e-05,18.761765
1050,1.8595721e-05,20.242373,-2.0918658e-05,20.242373
1051,1.957346e-05,22.661331,-2.1667023e-05,22.661331
1052,1.7978487e-05,18.761763,-2.0211375e-05,18.761763
1053,1.8593588e-05,20.24248,-2.068031e-05,20.24248
1054,1.9690953e-05,22.661417,-2.1786293e-05,22.661417
1055,1.774074e-05,18.761728,-2.0449766e-05,18.761728
1056,1.8774042e-05,20.242395,-2.0978281e-05,20.242395
1057,1.9453264e-05,22.66138,-2.2024687e-05,22.66138
1058,1.7742768e-05,18.761625,-2.021128e-05,18.761625
1059,1.8596153e-05,20.242348,-2.0918644e-05,20.242348
1060,1.9455149e-05,22.661283,-2.1786202e-05,22.661283
1061,1.7859595e-05,18.761747,-2.0330572e-05,18.761747
1062,1.8596264e-05,20.242344,-2.0918638e-05,20.242344
1063,1.9572613e-05,22.661373,-2.1905473e-05,22.661373
1064,1.7920016e-05,18.761705,-2.003252e-05,18.761705
1065,1.8535251e-05,20.242414,-2.0859083e-05,20.242414
1066,1.9574029e-05,22.6613,-2.1905425e-05,22.6613
1067,1.809826e-05,18.761736,-1.9972935e-05,18.761736
1068,1.8594576e-05,20.24243,-2.0918698e-05,20.24243
1069,1.9692916e-05,22.66132,-2.2024644e-05,22.66132
1070,1.7979952e-05,18.761688,-2.0092113e-05,18.761688
1071,1.8357521e-05,20.242357,-2.0680232e-05,20.242357
1072,1.9453486e-05,22.66137,-2.1786258e-05,22.66137
1073,1.7920218e-05,18.761696,-2.0032514e-05,18.761696
1074,1.8594685e-05,20.242422,-2.0799485e-05,20.242422
1075,1.9692281e-05,22.66135,-2.1786249e-05,22.66135
1076,1.79212e-05,18.761644,-2.0032478e-05,18.761644
1077,1.8595741e-05,20.24237,-2.0918658e-05,20.24237
1078,1.9574863e-05,22.661259,-2.2143815e-05,22.661259
1079,1.797951e-05,18.761711,-2.0211339e-05,18.761711
1080,1.8534698e-05,20.242443,-2.0859106e-05,20.242443
1081,1.9333758e-05,22.661394,-2.1905487e-05,22.661394
1082,1.79202e-05,18.761696,-2.0032514e-05,18.761696
1083,1.8418104e-05,20.24231,-2.0739804e-05,20.24231
1084,1.9571306e-05,22.661438,-2.2143937e-05,22.661438
1085,1.7799619e-05,18.761766,-2.015177e-05,18.761766
1086,1.8595765e-05,20.242367,-2.0918655e-05,20.242367
1087,1.9572706e-05,22.66137,-2.1905467e-05,22.66137
1088,1.7740811e-05,18.761724,-2.0092139e-05,18.761724
1089,1.8655956e-05,20.242338,-2.0978243e-05,20.242338
1090,1.9335634e-05,22.6613,-2.1667005e-05,22.6613
1091,1.773969e-05,18.761782,-2.0449806e-05,18.761782
1092,1.8535735e-05,20.242392,-2.1097481e-05,20.242392
1093,1.933568e-05,22.661297,-2.1905424e-05,22.661297
1094,1.786272e-05,18.76159,-2.0211253e-05,18.76159
1095,1.8475012e-05,20.242449,-2.1037922e-05,20.242449
1096,1.9693613e-05,22.661283,-2.1786203e-05,22.661283
1097,1.798071e-05,18.76165,-2.0092088e-05,18.76165
1098,1.8596134e-05,20.242348,-2.0918644e-05,20.242348
1099,1.9572837e-05,22.661362,-2.1905462e-05,22.661362
1100,1.7860926e-05,18.76168,-2.0330524e-05,18.76168
1101,1.85358e-05,20.242386,-2.0859066e-05,20.242386
1102,1.9572519e-05,22.661379,-2.1905475e-05,22.661379
1103,1.7920336e-05,18.76169,-2.0270927e-05,18.76169
1104,1.85354e-05,20.242407,-2.0859077e-05,20.242407
1105,1.9333489e-05,22.66141,-2.1905496e-05,22.66141
1106,1.8157501e-05,18.761753,-2.0032552e-05,18.761753
1107,1.865538e-05,20.242367,-2.0978261e-05,20.242367
1108,1.9692072e-05,22.661362,-2.2024673e-05,22.661362
1109,1.7859842e-05,18.761734,-2.0330563e-05,18.761734
1110,1.8477089e-05,20.24234,-2.0799427e-05,20.24234
1111,1.9574169e-05,22.661295,-2.1905416e-05,22.661295
1112,1.780062e-05,18.761715,-2.0270943e-05,18.761715
1113,1.8417484e-05,20.242342,-2.0739823e-05,20.242342
1114,1.9454617e-05,22.661312,-2.1786222e-05,22.661312
1115,1.7861585e-05,18.761646,-2.0092086e-05,18.761646
1116,1.8476738e-05,20.242357,-2.079944e-05,20.242357
1117,1.9573734e-05,22.661316,-2.2143851e-05,22.661316
1118,1.785963e-05,18.761745,-2.033057e-05,18.761745
1119,1.853584e-05,20.242384,-2.1097485e-05,20.242384
1120,1.9690657e-05,22.661436,-2.2024724e-05,22.661436
1121,1.7859318e-05,18.76176,-2.009216e-05,18.76176
1122,1.829714e-05,20.242397,-2.0859075e-05,20.242397
1123,1.9692752e-05,22.661327,-2.2024651e-05,22.661327
1124,1.7919747e-05,18.761719,-2.027095e-05,18.761719
1125,1.8417408e-05,20.242346,-2.0739826e-05,20.242346
1126,1.9454004e-05,22.661343,-2.2024658e-05,22.661343
1127,1.780225e-05,18.761633,-2.0390096e-05,18.761633
1128,1.8594157e-05,20.24245,-2.0918711e-05,20.24245
1129,1.9454357e-05,22.661324,-2.202465e-05,22.661324
1130,1.8038474e-05,18.761744,-2.0151756e-05,18.761744
1131,1.8594246e-05,20.242445,-2.068029e-05,20.242445
1132,1.9690704e-05,22.66143,-2.2024722e-05,22.66143
1133,1.7920382e-05,18.761686,-2.0032508e-05,18.761686
1134,1.8894563e-05,20.242329,-2.097824e-05,20.242329
1135,1.9690575e-05,22.661436,-2.2024726e-05,22.661436
1136,1.7919676e-05,18.761723,-2.0270949e-05,18.761723
1137,1.8596285e-05,20.242344,-2.091864e-05,20.242344
1138,1.9692128e-05,22.66136,-2.2024675e-05,22.66136
1139,1.7801056e-05,18.761692,-2.0270933e-05,18.761692
1140,1.8298553e-05,20.242327,-2.0859025e-05,20.242327
1141,1.9453557e-05,22.661366,-2.1786254e-05,22.661366
1142,1.8158706e-05,18.761692,-1.9794092e-05,18.761692
1143,1.842034e-05,20.242195,-2.0978145e-05,20.242195
1144,1.9572415e-05,22.661385,-2.166706e-05,22.661385
1145,1.7859897e-05,18.761732,-2.0211352e-05,18.761732
1146,1.8535295e-05,20.242413,-2.0739873e-05,20.242413
1147,1.9572532e-05,22.661379,-2.1667056e-05,22.661379
1148,1.7741146e-05,18.761707,-1.9972918e-05,18.761707
1149,1.8594345e-05,20.242441,-2.0799498e-05,20.242441
1150,1.9691186e-05,22.661407,-2.1786283e-05,22.661407
1151,1.7979433e-05,18.761715,-2.009213e-05,18.761715
1152,1.8535295e-05,20.242413,-2.0739873e-05,20.242413
1153,1.9693402e-05,22.661293,-2.2024627e-05,22.661293
1154,1.7979171e-05,18.76173,-2.0211348e-05,18.76173
1155,1.8475417e-05,20.242424,-2.0799487e-05,20.242424
1156,1.9692365e-05,22.661346,-2.2024666e-05,22.661346
1157,1.7920189e-05,18.761696,-2.0151725e-05,18.761696
1158,1.859587e-05,20.242365,-2.0918656e-05,20.242365
1159,1.9572424e-05,22.66138,-2.1905476e-05,22.66138
1160,1.8040457e-05,18.761642,-1.9913268e-05,18.761642
1161,1.8777167e-05,20.242239,-2.1097383e-05,20.242239
1162,1.9693718e-05,22.661278,-2.2024617e-05,22.661278
1163,1.7918828e-05,18.761766,-2.0032561e-05,18.761766
1164,1.8475535e-05,20.24242,-2.0918691e-05,20.24242
1165,1.9453064e-05,22.66139,-2.1786273e-05,22.66139
1166,1.7980488e-05,18.761662,-2.0211304e-05,18.761662
1167,1.8476749e-05,20.242357,-2.079944e-05,20.242357
1168,1.9574014e-05,22.661303,-2.1905424e-05,22.661303
1169,1.7919376e-05,18.761738,-2.0270958e-05,18.761738
1170,1.8475199e-05,20.24244,-2.0918706e-05,20.24244
1171,1.9573426e-05,22.661331,-2.1905447e-05,22.661331
1172,1.7860519e-05,18.7617,-2.0092119e-05,18.7617
1173,1.8535782e-05,20.242386,-2.0859066e-05,20.242386
1174,1.9454097e-05,22.661339,-2.1786238e-05,22.661339
1175,1.7918663e-05,18.761774,-2.0032563e-05,18.761774
1176,1.8535451e-05,20.242403,-2.0859077e-05,20.242403
1177,1.9454383e-05,22.661324,-2.1786233e-05,22.661324
1178,1.797917e-05,18.76173,-1.997293e-05,18.76173
1179,1.8415323e-05,20.24245,-2.097832e-05,20.24245
1180,1.9810963e-05,22.661379,-2.1905475e-05,22.661379
1181,1.792095e-05,18.761658,-2.003249e-05,18.761658
1182,1.8535282e-05,20.242413,-2.0978292e-05,20.242413
1183,1.9811632e-05,22.661343,-2.2143871e-05,22.661343
1184,1.7980146e-05,18.76168,-2.0211315e-05,18.76168
1185,1.8594905e-05,20.242413,-2.0799478e-05,20.242413
1186,1.9573274e-05,22.66134,-2.1905451e-05,22.66134
1187,1.7980474e-05,18.761662,-1.9972882e-05,18.761662
1188,1.8297274e-05,20.242392,-2.0859065e-05,20.242392
1189,1.9692176e-05,22.661356,-2.1786253e-05,22.661356
1190,1.7800316e-05,18.76173,-2.0270956e-05,18.76173
1191,1.8654826e-05,20.242395,-2.0739863e-05,20.242395
1192,1.9572084e-05,22.6614,-2.190549e-05,22.6614
1193,1.7862027e-05,18.761623,-2.033049e-05,18.761623
1194,1.8713066e-05,20.242466,-2.079951e-05,20.242466
1195,1.9573848e-05,22.661312,-2.1905433e-05,22.661312
1196,1.7800798e-05,18.761705,-2.0390147e-05,18.761705
1197,1.8475708e-05,20.242413,-2.0799478e-05,20.242413
1198,1.9453757e-05,22.661354,-2.178625e-05,22.661354
1199,1.7919368e-05,18.761738,-2.0151749e-05,18.761738
1200,1.8416938e-05,20.242367,-2.073984e-05,20.242367
1201,1.9453852e-05,22.66135,-2.1786249e-05,22.66135
1202,1.792026e-05,18.761694,-2.0151723e-05,18.761694
1203,1.8534933e-05,20.242432,-2.0859097e-05,20.242432
1204,1.9453475e-05,22.66137,-2.202468e-05,22.66137
1205,1.7860986e-05,18.761677,-1.9972897e-05,18.761677
1206,1.8773693e-05,20.242414,-2.1097503e-05,20.242414
1207,1.9573177e-05,22.661346,-2.1905453e-05,22.661346
1208,1.8098595e-05,18.761719,-1.9972924e-05,18.761719
1209,1.8595885e-05,20.242363,-2.0799447e-05,20.242363
1210,1.9571426e-05,22.661434,-2.1667094e-05,22.661434
1211,1.7799943e-05,18.76175,-2.0390173e-05,18.76175
1212,1.8535005e-05,20.242428,-2.0859092e-05,20.242428
1213,1.9455347e-05,22.661274,-2.1786196e-05,22.661274
1214,1.7920458e-05,18.761684,-2.0270923e-05,18.761684
1215,1.8653684e-05,20.242453,-2.0978321e-05,20.242453
1216,1.9333265e-05,22.661419,-2.1905502e-05,22.661419
1217,1.7860906e-05,18.76168,-2.0330528e-05,18.76168
1218,1.8297891e-05,20.24236,-2.0859045e-05,20.24236
1219,1.9811161e-05,22.66137,-2.2143886e-05,22.66137
1220,1.7921624e-05,18.761623,-2.0270885e-05,18.761623
1221,1.865599e-05,20.242338,-2.0978243e-05,20.242338
1222,1.9453852e-05,22.66135,-2.1786247e-05,22.66135
1223,1.8098513e-05,18.761723,-1.9972927e-05,18.761723
1224,1.8534982e-05,20.24243,-2.0859094e-05,20.24243
1225,1.9692035e-05,22.661362,-2.1786256e-05,22.661362
1226,1.7978675e-05,18.761755,-2.0092157e-05,18.761755
1227,1.8416473e-05,20.242393,-2.0739855e-05,20.242393
1228,1.9573306e-05,22.661339,-2.1905447e-05,22.661339
1229,1.7979964e-05,18.761688,-2.0211322e-05,18.761688
1230,1.8777086e-05,20.24224,-2.1097387e-05,20.24224
1231,1.9574098e-05,22.6613,-2.1667005e-05,22.6613
1232,1.7921277e-05,18.761642,-2.003248e-05,18.761642
1233,1.8476849e-05,20.242353,-2.079944e-05,20.242353
1234,1.9691812e-05,22.661373,-2.202468e-05,22.661373
1235,1.7860848e-05,18.761683,-2.009211e-05,18.761683
1236,1.8417155e-05,20.242357,-2.0739833e-05,20.242357
1237,1.9693058e-05,22.661312,-2.1786222e-05,22.661312
1238,1.7979044e-05,18.761734,-2.0211357e-05,18.761734
1239,1.8416302e-05,20.242401,-2.0978287e-05,20.242401
1240,1.9693036e-05,22.661312,-2.202464e-05,22.661312
1241,1.7919623e-05,18.761726,-2.0032534e-05,18.761726
1242,1.8416302e-05,20.242401,-2.0739864e-05,20.242401
1243,1.9572637e-05,22.661371,-2.1905473e-05,22.661371
1244,1.7980517e-05,18.761662,-1.9972886e-05,18.761662
1245,1.8476088e-05,20.242392,-2.1037878e-05,20.242392
1246,1.9572544e-05,22.661377,-2.1905475e-05,22.661377
1247,1.7919918e-05,18.761711,-2.0151736e-05,18.761711
1248,1.8595074e-05,20.242403,-2.079947e-05,20.242403
1249,1.9573707e-05,22.661318,-2.1905431e-05,22.661318
1250,1.7922383e-05,18.761585,-2.0270854e-05,18.761585
1251,1.8655734e-05,20.242352,-2.0978252e-05,20.242352
1252,1.9453277e-05,22.661379,-2.1786269e-05,22.661379
1253,1.7978404e-05,18.761768,-2.0092166e-05,18.761768
1254,1.865313e-05,20.242481,-2.0739923e-05,20.242481
1255,1.9454086e-05,22.661339,-2.1786238e-05,22.661339
1256,1.7801804e-05,18.761656,-2.0151692e-05,18.761656
1257,1.841609e-05,20.242413,-2.0978292e-05,20.242413
1258,1.9691612e-05,22.661385,-2.1786269e-05,22.661385
1259,1.7979499e-05,18.761711,-1.997292e-05,18.761711
1260,1.8535795e-05,20.242386,-2.0859066e-05,20.242386
1261,1.9453735e-05,22.661358,-2.2024673e-05,22.661358
1262,1.797911e-05,18.761732,-1.9853724e-05,18.761732
1263,1.8596123e-05,20.242352,-2.0918647e-05,20.242352
1264,1.9332865e-05,22.661438,-2.1905515e-05,22.661438
1265,1.8038167e-05,18.761759,-1.9913346e-05,18.761759
1266,1.8656152e-05,20.242329,-2.0859026e-05,20.242329
1267,1.9454914e-05,22.661297,-2.178621e-05,22.661297
1268,1.7979388e-05,18.761719,-2.0211342e-05,18.761719
1269,1.8594905e-05,20.242413,-2.0918687e-05,20.242413
1270,1.9575333e-05,22.661236,-2.1905384e-05,22.661236
1271,1.804028e-05,18.761654,-1.991327e-05,18.761654
1272,1.8535888e-05,20.242382,-2.085906e-05,20.242382
1273,1.9335066e-05,22.66133,-2.1905442e-05,22.66133
1274,1.7739803e-05,18.761776,-2.0092171e-05,18.761776
1275,1.8296114e-05,20.24245,-2.085911e-05,20.24245
1276,1.9334397e-05,22.661362,-2.1905465e-05,22.661362
1277,1.7800021e-05,18.761745,-1.991334e-05,18.761745
1278,1.853623e-05,20.242365,-2.085905e-05,20.242365
1279,1.9692072e-05,22.661362,-2.2024673e-05,22.661362
1280,1.8038827e-05,18.761726,-1.9913325e-05,18.761726
1281,1.853624e-05,20.242365,-2.1097469e-05,20.242365
1282,1.9453757e-05,22.661354,-2.178625e-05,22.661354
1283,1.7859642e-05,18.761744,-2.009215e-05,18.761744
1284,1.853397e-05,20.24248,-2.0859128e-05,20.24248
1285,1.9215338e-05,22.661354,-2.178625e-05,22.661354
1286,1.7743947e-05,18.761566,-2.033045e-05,18.761566
1287,1.8534298e-05,20.242462,-2.0739904e-05,20.242462
1288,1.9452642e-05,22.661411,-2.1786289e-05,22.661411
1289,1.797947e-05,18.761713,-2.0092126e-05,18.761713
1290,1.8716612e-05,20.242287,-2.0799393e-05,20.242287
1291,1.9572306e-05,22.661388,-2.1905484e-05,22.661388
1292,1.7979488e-05,18.761713,-2.0211337e-05,18.761713
1293,1.853663e-05,20.242346,-2.0620617e-05,20.242346
1294,1.9573179e-05,22.661343,-2.2143871e-05,22.661343
1295,1.7859513e-05,18.761751,-1.9972944e-05,18.761751
1296,1.8415742e-05,20.24243,-2.0739884e-05,20.24243
1297,1.945477e-05,22.661303,-2.1786214e-05,22.661303
1298,1.7799466e-05,18.761772,-2.0151772e-05,18.761772
1299,1.8535135e-05,20.24242,-2.0859086e-05,20.24242
1300,1.9812484e-05,22.661303,-2.1905425e-05,22.661303
1301,1.779949e-05,18.761772,-2.027098e-05,18.761772
1302,1.8776022e-05,20.242296,-2.0978212e-05,20.242296
1303,1.9454323e-05,22.661327,-2.1786229e-05,22.661327
1304,1.8099021e-05,18.761696,-1.9972907e-05,18.761696
1305,1.8475346e-05,20.24243,-2.0799489e-05,20.24243
1306,1.9574029e-05,22.661303,-2.1905425e-05,22.661303
1307,1.797951e-05,18.761711,-2.0211339e-05,18.761711
1308,1.835621e-05,20.242424,-2.0680278e-05,20.242424
1309,1.9692588e-05,22.661335,-2.1786236e-05,22.661335
1310,1.7860744e-05,18.761688,-2.0330532e-05,18.761688
1311,1.841675e-05,20.242376,-2.073985e-05,20.242376
1312,1.9216399e-05,22.6613,-2.1786213e-05,22.6613
1313,1.7801696e-05,18.76166,-2.0270909e-05,18.76166
1314,1.8416662e-05,20.242384,-2.0739855e-05,20.242384
1315,1.933503e-05,22.661331,-2.1667023e-05,22.661331
1316,1.7919794e-05,18.761717,-2.0032525e-05,18.761717
1317,1.853536e-05,20.242409,-2.0620662e-05,20.242409
1318,1.969307e-05,22.66131,-2.1786222e-05,22.66131
1319,1.7743152e-05,18.761606,-2.0330473e-05,18.761606
1320,1.8833958e-05,20.242382,-2.1037875e-05,20.242382
1321,1.9453793e-05,22.661352,-2.178625e-05,22.661352
1322,1.7980487e-05,18.761662,-1.9972884e-05,18.761662
1323,1.853677e-05,20.242338,-2.085903e-05,20.242338
1324,1.969279e-05,22.661325,-2.202465e-05,22.661325
1325,1.7921779e-05,18.761618,-2.027088e-05,18.761618
1326,1.8654473e-05,20.242414,-2.0978294e-05,20.242414
1327,1.9454168e-05,22.661333,-2.1786238e-05,22.661333
1328,1.7861166e-05,18.761667,-2.0330515e-05,18.761667
1329,1.8476136e-05,20.242392,-2.091867e-05,20.242392
1330,1.9455689e-05,22.661257,-2.2024604e-05,22.661257
1331,1.780192e-05,18.76165,-2.015169e-05,18.76165
1332,1.865465e-05,20.242403,-2.0978287e-05,20.242403
1333,1.9572717e-05,22.66137,-2.1905467e-05,22.66137
1334,1.7919536e-05,18.76173,-2.0151743e-05,18.76173
1335,1.8415583e-05,20.24244,-2.097831e-05,20.24244
1336,1.9454264e-05,22.661331,-2.1786233e-05,22.661331
1337,1.7981463e-05,18.761614,-2.0211271e-05,18.761614
1338,1.8535124e-05,20.242422,-2.0859086e-05,20.242422
1339,1.9456063e-05,22.661238,-2.2024591e-05,22.661238
1340,1.7683373e-05,18.761616,-2.0032458e-05,18.761616
1341,1.835754e-05,20.242357,-2.0680229e-05,20.242357
1342,1.9691504e-05,22.66139,-2.2024691e-05,22.66139
1343,1.7859737e-05,18.76174,-2.0211357e-05,18.76174
1344,1.8774508e-05,20.242373,-2.0859054e-05,20.242373
1345,1.96928e-05,22.661324,-2.1786233e-05,22.661324
1346,1.7919878e-05,18.761713,-2.0032527e-05,18.761713
1347,1.8595547e-05,20.242382,-2.0918666e-05,20.242382
1348,1.9572486e-05,22.661379,-2.1905478e-05,22.661379
1349,1.7917962e-05,18.76181,-2.0032587e-05,18.76181
1350,1.8595145e-05,20.242401,-2.0918678e-05,20.242401
1351,1.9333818e-05,22.66139,-2.1905485e-05,22.66139
1352,1.7980214e-05,18.761677,-2.0092106e-05,18.761677
1353,1.8834618e-05,20.242348,-2.1157062e-05,20.242348
1354,1.969255e-05,22.661339,-2.1547821e-05,22.661339
1355,1.8038403e-05,18.761747,-2.0032548e-05,18.761747
1356,1.8534398e-05,20.242458,-2.0620695e-05,20.242458
1357,1.9572684e-05,22.66137,-2.1905471e-05,22.66137
1358,1.7621416e-05,18.761734,-2.0092144e-05,18.761734
1359,1.8415913e-05,20.24242,-2.0978296e-05,20.24242
1360,1.9811361e-05,22.66136,-2.1905465e-05,22.66136
1361,1.7801387e-05,18.761677,-2.027092e-05,18.761677
1362,1.8654639e-05,20.242405,-2.0739868e-05,20.242405
1363,1.921448e-05,22.661398,-2.178628e-05,22.661398
1364,1.7861008e-05,18.761677,-2.0092106e-05,18.761677
1365,1.8655346e-05,20.24237,-2.0859054e-05,20.24237
1366,1.969226e-05,22.661352,-2.2024666e-05,22.661352
1367,1.7920858e-05,18.761663,-2.0032487e-05,18.761663
1368,1.8477784e-05,20.242306,-2.0918613e-05,20.242306
1369,1.9572777e-05,22.661366,-2.1667047e-05,22.661366
1370,1.786189e-05,18.761631,-2.0330492e-05,18.761631
1371,1.877386e-05,20.242405,-2.1097496e-05,20.242405
1372,1.9570989e-05,22.661455,-2.190553e-05,22.661455
1373,1.8099267e-05,18.761684,-1.99729e-05,18.761684
1374,1.8294784e-05,20.242517,-2.0859152e-05,20.242517
1375,1.9453346e-05,22.661377,-2.1786265e-05,22.661377
1376,1.7801938e-05,18.761648,-2.0390109e-05,18.761648
1377,1.8357368e-05,20.242367,-2.0918658e-05,20.242367
1378,1.945398e-05,22.661343,-2.178624e-05,22.661343
1379,1.78597e-05,18.761742,-2.021136e-05,18.761742
1380,1.8356557e-05,20.242407,-2.0680263e-05,20.242407
1381,1.9454617e-05,22.661312,-2.1786222e-05,22.661312
1382,1.7859647e-05,18.761744,-1.997294e-05,18.761744
1383,1.8595487e-05,20.242382,-2.0799454e-05,20.242382
1384,1.9692894e-05,22.661322,-2.2024647e-05,22.661322
1385,1.7861332e-05,18.76166,-1.9972886e-05,18.76166
1386,1.8595092e-05,20.242403,-2.0918682e-05,20.242403
1387,1.9453959e-05,22.661346,-2.2024666e-05,22.661346
1388,1.7861943e-05,18.76163,-2.0092068e-05,18.76163
1389,1.8536288e-05,20.242363,-2.062063e-05,20.242363
1390,1.9573848e-05,22.661312,-2.1667014e-05,22.661312
1391,1.7981176e-05,18.761627,-1.9972858e-05,18.761627
1392,1.8476856e-05,20.242353,-2.0799436e-05,20.242353
1393,1.9693414e-05,22.661293,-2.1786209e-05,22.661293
1394,1.7740462e-05,18.761742,-2.021136e-05,18.761742
1395,1.8596904e-05,20.24231,-2.1157035e-05,20.24231
1396,1.9454983e-05,22.661293,-2.1786209e-05,22.661293
1397,1.7741522e-05,18.76169,-2.0449741e-05,18.76169
1398,1.847587e-05,20.242403,-2.0680262e-05,20.242403
1399,1.9333891e-05,22.661388,-2.1667065e-05,22.661388
1400,1.804094e-05,18.76162,-1.991325e-05,18.76162
1401,1.8653496e-05,20.242462,-2.0978327e-05,20.242462
1402,1.9692623e-05,22.661333,-2.2024653e-05,22.661333
1403,1.786065e-05,18.761694,-2.0211328e-05,18.761694
1404,1.847487e-05,20.242453,-2.0799507e-05,20.242453
1405,1.9692083e-05,22.66136,-2.1786254e-05,22.66136
1406,1.8038858e-05,18.761724,-2.0151747e-05,18.761724
1407,1.8534862e-05,20.242434,-2.0859097e-05,20.242434
1408,1.9572684e-05,22.66137,-2.1667052e-05,22.66137
1409,1.7862309e-05,18.76161,-2.0211268e-05,18.76161
1410,1.8712575e-05,20.242489,-2.0918738e-05,20.242489
1411,1.9693718e-05,22.661278,-2.2024617e-05,22.661278
1412,1.7921577e-05,18.761627,-2.0151674e-05,18.761627
1413,1.8416928e-05,20.242367,-2.073984e-05,20.242367
1414,1.9573816e-05,22.661312,-2.1905431e-05,22.661312
1415,1.7860342e-05,18.76171,-2.0092128e-05,18.76171
1416,1.8594674e-05,20.242422,-2.1037902e-05,20.242422
1417,1.9573989e-05,22.661304,-2.1905424e-05,22.661304
1418,1.8038138e-05,18.76176,-1.9913346e-05,18.76176
1419,1.8594239e-05,20.242447,-2.07995e-05,20.242447
1420,1.9571826e-05,22.661415,-2.1905498e-05,22.661415
1421,1.7860682e-05,18.761692,-2.0211324e-05,18.761692
1422,1.865697e-05,20.242289,-2.1216625e-05,20.242289
1423,1.9453735e-05,22.661358,-2.2024673e-05,22.661358
1424,1.8040606e-05,18.761637,-1.9913266e-05,18.761637
1425,1.8298222e-05,20.242344,-2.0859035e-05,20.242344
1426,1.9454097e-05,22.661339,-2.1786238e-05,22.661339
1427,1.8098885e-05,18.761703,-1.9972911e-05,18.761703
1428,1.8358129e-05,20.242329,-2.0799424e-05,20.242329
1429,1.9453946e-05,22.661346,-2.1786247e-05,22.661346
1430,1.7920609e-05,18.761677,-2.015171e-05,18.761677
1431,1.847619e-05,20.242386,-2.0918671e-05,20.242386
1432,1.969347e-05,22.661291,-2.2024626e-05,22.661291
1433,1.780225e-05,18.761633,-2.0151678e-05,18.761633
1434,1.8478504e-05,20.24227,-2.079938e-05,20.24227
1435,1.9454194e-05,22.661331,-2.1786234e-05,22.661331
1436,1.7921182e-05,18.761646,-2.0151687e-05,18.761646
1437,1.8535604e-05,20.242395,-2.0859072e-05,20.242395
1438,1.9692765e-05,22.661327,-2.2024653e-05,22.661327
1439,1.7921624e-05,18.761623,-2.0032467e-05,18.761623
1440,1.8596013e-05,20.242355,-2.0799438e-05,20.242355
1441,1.9454357e-05,22.661324,-2.1786233e-05,22.661324
1442,1.7859997e-05,18.761726,-2.0092139e-05,18.761726
1443,1.841689e-05,20.242373,-2.0978263e-05,20.242373
1444,1.9453475e-05,22.66137,-2.202468e-05,22.66137
1445,1.7800148e-05,18.761738,-2.0390167e-05,18.761738
1446,1.8535193e-05,20.242416,-2.0859083e-05,20.242416
1447,1.9573226e-05,22.661343,-2.190545e-05,22.661343
1448,1.7920152e-05,18.7617,-2.0270934e-05,18.7617
1449,1.8476932e-05,20.242348,-2.1037853e-05,20.242348
1450,1.9809902e-05,22.66143,-2.2143931e-05,22.66143
1451,1.7919181e-05,18.761747,-2.0032545e-05,18.761747
1452,1.8475088e-05,20.242443,-2.0799496e-05,20.242443
1453,1.9454432e-05,22.661322,-2.1786229e-05,22.661322
1454,1.7978664e-05,18.761753,-2.0092157e-05,18.761753
1455,1.8654355e-05,20.24242,-2.0859086e-05,20.24242
1456,1.9692436e-05,22.661343,-2.2024658e-05,22.661343
1457,1.809792e-05,18.761753,-1.9972944e-05,18.761753
1458,1.847626e-05,20.242382,-2.0799458e-05,20.242382
1459,1.9453108e-05,22.661388,-2.202469e-05,22.661388
1460,1.7799985e-05,18.761747,-2.0270967e-05,18.761747
1461,1.8534934e-05,20.24243,-2.0859095e-05,20.24243
1462,1.9572863e-05,22.66136,-2.1905464e-05,22.66136
1463,1.7919981e-05,18.76171,-2.003252e-05,18.76171
1464,1.8773211e-05,20.24244,-2.109752e-05,20.24244
1465,1.9452486e-05,22.661419,-2.2024715e-05,22.661419
1466,1.803795e-05,18.76177,-1.9913354e-05,18.76177
1467,1.8534756e-05,20.24244,-2.0859103e-05,20.24244
1468,1.9333997e-05,22.661383,-2.190548e-05,22.661383
1469,1.7741339e-05,18.761698,-2.0330539e-05,18.761698
1470,1.841661e-05,20.242384,-2.0739857e-05,20.242384
1471,1.9571815e-05,22.661415,-2.1905496e-05,22.661415
1472,1.7859902e-05,18.761732,-2.033056e-05,18.761732
1473,1.8595892e-05,20.242363,-2.0918656e-05,20.242363
1474,1.9456184e-05,22.661232,-2.2024586e-05,22.661232
1475,1.7861254e-05,18.761663,-2.0092091e-05,18.761663
1476,1.8713698e-05,20.242434,-2.103791e-05,20.242434
1477,1.9692661e-05,22.661331,-2.2024653e-05,22.661331
1478,1.8039427e-05,18.761696,-2.0032512e-05,18.761696
1479,1.8655017e-05,20.242386,-2.0859066e-05,20.242386
1480,1.9453288e-05,22.661379,-2.1786269e-05,22.661379
1481,1.797957e-05,18.761707,-1.985371e-05,18.761707
1482,1.841772e-05,20.242329,-2.0739819e-05,20.242329
1483,1.9572848e-05,22.661362,-2.1905462e-05,22.661362
1484,1.7622518e-05,18.761679,-2.0330524e-05,18.761679
1485,1.8594981e-05,20.242409,-2.0918682e-05,20.242409
1486,1.957266e-05,22.661371,-2.190547e-05,22.661371
1487,1.7981145e-05,18.76163,-2.0211279e-05,18.76163
1488,1.8297222e-05,20.242393,-2.0859068e-05,20.242393
1489,1.981216e-05,22.661316,-2.1905433e-05,22.661316
1490,1.7920336e-05,18.76169,-2.0270927e-05,18.76169
1491,1.853547e-05,20.242403,-2.0859075e-05,20.242403
1492,1.9692234e-05,22.661352,-2.202467e-05,22.661352
1493,1.7980306e-05,18.761671,-2.00921e-05,18.761671
1494,1.8415973e-05,20.242418,-2.0739877e-05,20.242418
1495,1.9574783e-05,22.661264,-2.1905398e-05,22.661264
1496,1.7918974e-05,18.761757,-2.0151767e-05,18.761757
1497,1.8475865e-05,20.242403,-2.079947e-05,20.242403
1498,1.957372e-05,22.661316,-2.1905431e-05,22.661316
1499,1.7801493e-05,18.761671,-2.0032496e-05,18.761671
1500,1.8533976e-05,20.24248,-2.0739915e-05,20.24248
1501,1.9573119e-05,22.661348,-2.1667036e-05,22.661348
1502,1.7978233e-05,18.761776,-2.0092175e-05,18.761776
1503,1.847576e-05,20.242409,-2.0799476e-05,20.242409
1504,1.9453464e-05,22.66137,-2.202468e-05,22.66137
1505,1.7740214e-05,18.761757,-2.021137e-05,18.761757
1506,1.8416591e-05,20.242386,-2.0739857e-05,20.242386
1507,1.9574358e-05,22.661283,-2.1905415e-05,22.661283
1508,1.7981776e-05,18.761597,-2.0211262e-05,18.761597
1509,1.8534427e-05,20.242458,-2.0859114e-05,20.242458
1510,1.9334208e-05,22.661371,-2.1667054e-05,22.661371
1511,1.7919765e-05,18.761719,-2.0032528e-05,18.761719
1512,1.8416678e-05,20.242382,-2.097827e-05,20.242382
1513,1.9812785e-05,22.661285,-2.1905415e-05,22.661285
1514,1.7860242e-05,18.761715,-2.021134e-05,18.761715
1515,1.8654191e-05,20.24243,-2.0978303e-05,20.24243
1516,1.9692965e-05,22.661316,-2.2024642e-05,22.661316
1517,1.8040277e-05,18.761654,-1.991327e-05,18.761654
1518,1.8655004e-05,20.242386,-2.0978276e-05,20.242386
1519,1.9692035e-05,22.661362,-2.2024675e-05,22.661362
1520,1.7860257e-05,18.761713,-2.0330548e-05,18.761713
1521,1.829774e-05,20.242367,-2.085905e-05,20.242367
1522,1.9692387e-05,22.661346,-2.1786243e-05,22.661346
1523,1.773968e-05,18.761782,-2.0211386e-05,18.761782
1524,1.8414656e-05,20.242485,-2.0978343e-05,20.242485
1525,1.9572897e-05,22.66136,-2.1667047e-05,22.66136
1526,1.7741422e-05,18.761694,-1.997291e-05,18.761694
1527,1.8715218e-05,20.242355,-2.0918647e-05,20.242355
1528,1.9572944e-05,22.661358,-2.1905462e-05,22.661358
1529,1.8040491e-05,18.761642,-1.991327e-05,18.761642
1530,1.8417251e-05,20.242353,-2.085904e-05,20.242353
1531,1.9571295e-05,22.661442,-2.1905518e-05,22.661442
1532,1.7978382e-05,18.761768,-2.0211379e-05,18.761768
1533,1.8655392e-05,20.242367,-2.0978261e-05,20.242367
1534,1.9573663e-05,22.661322,-2.166702e-05,22.661322
1535,1.7802433e-05,18.761623,-2.0151672e-05,18.761623
1536,1.8655359e-05,20.242367,-2.0739844e-05,20.242367
1537,1.9811363e-05,22.66136,-2.2143884e-05,22.66136
1538,1.7979706e-05,18.761702,-2.009212e-05,18.761702
1539,1.865406e-05,20.242434,-2.0978307e-05,20.242434
1540,1.9572402e-05,22.661385,-2.1905478e-05,22.661385
1541,1.804157e-05,18.761587,-2.0151649e-05,18.761587
1542,1.8475212e-05,20.242437,-2.0799493e-05,20.242437
1543,1.945344e-05,22.661371,-2.1786263e-05,22.661371
1544,1.7799124e-05,18.76179,-2.0151789e-05,18.76179
1545,1.8476667e-05,20.242363,-2.0799444e-05,20.242363
1546,1.9691106e-05,22.66141,-2.1786289e-05,22.66141
1547,1.7979848e-05,18.761694,-2.0211328e-05,18.761694
1548,1.8714643e-05,20.242386,-2.0799462e-05,20.242386
1549,1.9453299e-05,22.661379,-2.1786269e-05,22.661379
1550,1.8039704e-05,18.76168,-1.9913296e-05,18.76168
1551,1.8417339e-05,20.242348,-2.0978248e-05,20.242348
1552,1.9453322e-05,22.661379,-2.1786265e-05,22.661379
1553,1.7859664e-05,18.761744,-2.0092151e-05,18.761744
1554,1.8416456e-05,20.242393,-2.0978277e-05,20.242393
1555,1.96924e-05,22.661343,-2.2024662e-05,22.661343
1556,1.798076e-05,18.761648,-1.9853667e-05,18.761648
1557,1.8534305e-05,20.242462,-2.0739904e-05,20.242462
1558,1.9571848e-05,22.661411,-2.1905498e-05,22.661411
1559,1.7680757e-05,18.76175,-1.979413e-05,18.76175
1560,1.853485e-05,20.242434,-2.0859097e-05,20.242434
1561,1.9573119e-05,22.66135,-2.1905456e-05,22.66135
1562,1.7979453e-05,18.761715,-2.0211339e-05,18.761715
1563,1.8535953e-05,20.242378,-2.0739848e-05,20.242378
1564,1.9454912e-05,22.661297,-2.202463e-05,22.661297
1565,1.7981312e-05,18.76162,-2.0092064e-05,18.76162
1566,1.8596165e-05,20.242348,-2.0918644e-05,20.242348
1567,1.933422e-05,22.661371,-2.1667054e-05,22.661371
1568,1.7978786e-05,18.76175,-2.0092153e-05,18.76175
1569,1.8595245e-05,20.242395,-2.0918673e-05,20.242395
1570,1.957333e-05,22.661339,-2.166703e-05,22.661339
1571,1.7859531e-05,18.761751,-2.0092153e-05,18.761751
1572,1.8416444e-05,20.242393,-2.0739859e-05,20.242393
1573,1.9454617e-05,22.661312,-2.1786222e-05,22.661312
1574,1.7801249e-05,18.761683,-2.0390133e-05,18.761683
1575,1.8418397e-05,20.242296,-2.0739793e-05,20.242296
1576,1.9809984e-05,22.661427,-2.214393e-05,22.661427
1577,1.7980652e-05,18.761654,-2.0211293e-05,18.761654
1578,1.8418434e-05,20.24229,-2.0739792e-05,20.24229
1579,1.9692186e-05,22.661354,-2.202467e-05,22.661354
1580,1.8039298e-05,18.761703,-2.0151725e-05,18.761703
1581,1.8656698e-05,20.2423,-2.0978216e-05,20.2423
1582,1.9214327e-05,22.661407,-2.1786285e-05,22.661407
1583,1.7981884e-05,18.761591,-2.0211257e-05,18.761591
1584,1.8475948e-05,20.242401,-2.091868e-05,20.242401
1585,1.9335854e-05,22.66129,-2.1905415e-05,22.66129
1586,1.7919436e-05,18.761736,-2.0270958e-05,18.761736
1587,1.8475359e-05,20.24243,-2.068028e-05,20.24243
1588,1.9691894e-05,22.661371,-2.1786262e-05,22.661371
1589,1.7920984e-05,18.761656,-2.0270905e-05,18.761656
1590,1.8413983e-05,20.242517,-2.0739946e-05,20.242517
1591,1.9333678e-05,22.6614,-2.190549e-05,22.6614
1592,1.7800274e-05,18.761732,-2.0151747e-05,18.761732
1593,1.8596007e-05,20.242355,-2.0799438e-05,20.242355
1594,1.9452156e-05,22.661436,-2.2024726e-05,22.661436
1595,1.7859034e-05,18.761776,-2.0092171e-05,18.761776
1596,1.8534924e-05,20.242432,-2.0859095e-05,20.242432
1597,1.945391e-05,22.661348,-2.2024664e-05,22.661348
1598,1.7861455e-05,18.761652,-1.9972875e-05,18.761652
1599,1.847677e-05,20.242357,-2.0680229e-05,20.242357
1600,1.9453288e-05,22.661379,-2.2024687e-05,22.661379
1601,1.7861625e-05,18.761642,-2.0211291e-05,18.761642
1602,1.8712248e-05,20.242506,-2.0918753e-05,20.242506
1603,1.9572919e-05,22.66136,-2.214388e-05,22.66136
1604,1.7859107e-05,18.761772,-2.0092166e-05,18.761772
1605,1.8653926e-05,20.242441,-2.0739895e-05,20.242441
1606,1.9572039e-05,22.661404,-2.2143911e-05,22.661404
1607,1.8040415e-05,18.761646,-2.0032478e-05,18.761646
1608,1.865446e-05,20.242414,-2.0978296e-05,20.242414
1609,1.9573708e-05,22.66132,-2.1905435e-05,22.66132
1610,1.8039746e-05,18.76168,-2.0032505e-05,18.76168
1611,1.865541e-05,20.242367,-2.0859054e-05,20.242367
1612,1.9693036e-05,22.661312,-2.202464e-05,22.661312
1613,1.7682236e-05,18.761673,-2.0270918e-05,18.761673
1614,1.8415783e-05,20.242428,-2.09783e-05,20.242428
1615,1.9692072e-05,22.66136,-2.2024673e-05,22.66136
1616,1.780034e-05,18.76173,-2.0032534e-05,18.76173
1617,1.847587e-05,20.242403,-2.079947e-05,20.242403
1618,1.933456e-05,22.661354,-2.1667041e-05,22.661354
1619,1.7742805e-05,18.761623,-2.021128e-05,18.761623
1620,1.841358e-05,20.242538,-2.0978376e-05,20.242538
1621,1.9692072e-05,22.66136,-2.2024673e-05,22.66136
1622,1.8160143e-05,18.76162,-2.0032463e-05,18.76162
1623,1.8476525e-05,20.24237,-2.0799449e-05,20.24237
1624,1.957338e-05,22.661335,-2.1905445e-05,22.661335
1625,1.7921107e-05,18.76165,-2.0151692e-05,18.76165
1626,1.8296863e-05,20.242413,-2.0859083e-05,20.242413
1627,1.9454948e-05,22.661295,-2.178621e-05,22.661295
1628,1.8039927e-05,18.761671,-2.0032496e-05,18.761671
1629,1.8716444e-05,20.242294,-2.1037817e-05,20.242294
1630,1.9452453e-05,22.661423,-2.1786296e-05,22.661423
1631,1.7860124e-05,18.76172,-1.9972927e-05,18.76172
1632,1.8595258e-05,20.242395,-2.0918673e-05,20.242395
1633,1.9572544e-05,22.661377,-2.1905475e-05,22.661377
1634,1.7919423e-05,18.761736,-2.003254e-05,18.761736
1635,1.8476667e-05,20.242363,-2.0799444e-05,20.242363
1636,1.9573145e-05,22.661346,-2.1905456e-05,22.661346
1637,1.7860308e-05,18.761711,-2.009213e-05,18.761711
1638,1.8595005e-05,20.242405,-2.0799473e-05,20.242405
1639,1.9692305e-05,22.66135,-2.2024664e-05,22.66135
1640,1.7860813e-05,18.761684,-2.0211322e-05,18.761684
1641,1.8535075e-05,20.242424,-2.0859088e-05,20.242424
1642,1.9455232e-05,22.661282,-2.2024615e-05,22.661282
1643,1.780006e-05,18.761744,-2.0032547e-05,18.761744
1644,1.8298622e-05,20.242325,-2.0620602e-05,20.242325
1645,1.9809408e-05,22.661457,-2.190553e-05,22.661457
1646,1.8157823e-05,18.761738,-2.027096e-05,18.761738
1647,1.8535542e-05,20.242401,-2.0739864e-05,20.242401
1648,1.9692872e-05,22.661322,-2.1786229e-05,22.661322
1649,1.7921218e-05,18.761644,-2.0032478e-05,18.761644
1650,1.8474453e-05,20.242474,-2.0799518e-05,20.242474
1651,1.9691022e-05,22.661417,-2.202471e-05,22.661417
1652,1.7921742e-05,18.76162,-2.003246e-05,18.76162
1653,1.829754e-05,20.242376,-2.0859059e-05,20.242376
1654,1.9811303e-05,22.66136,-2.2143882e-05,22.66136
1655,1.7742628e-05,18.761633,-2.0211282e-05,18.761633
1656,1.8770344e-05,20.242582,-2.0978407e-05,20.242582
1657,1.9334548e-05,22.661354,-2.190546e-05,22.661354
1658,1.7800949e-05,18.761698,-2.0390144e-05,18.761698
1659,1.8298753e-05,20.242317,-2.0859017e-05,20.242317
1660,1.9690575e-05,22.661436,-2.2024726e-05,22.661436
1661,1.7801774e-05,18.761656,-2.0151696e-05,18.761656
1662,1.8298222e-05,20.242344,-2.0859035e-05,20.242344
1663,1.9453299e-05,22.661379,-2.2024684e-05,22.661379
1664,1.7920765e-05,18.761667,-2.0151701e-05,18.761667
1665,1.8595816e-05,20.242365,-2.0799445e-05,20.242365
1666,1.9573756e-05,22.661316,-2.1905433e-05,22.661316
1667,1.7741193e-05,18.761705,-2.0449752e-05,18.761705
1668,1.8536513e-05,20.24235,-2.0859043e-05,20.24235
1669,1.9692223e-05,22.661352,-2.202467e-05,22.661352
1670,1.7803057e-05,18.761591,-2.003244e-05,18.761591
1671,1.8595492e-05,20.242382,-2.0918666e-05,20.242382
1672,1.957512e-05,22.661245,-2.1905384e-05,22.661245
1673,1.7859584e-05,18.761747,-2.0330572e-05,18.761747
1674,1.859424e-05,20.242443,-2.0799504e-05,20.242443
1675,1.9811467e-05,22.661352,-2.190546e-05,22.661352
1676,1.8039464e-05,18.761694,-2.0151723e-05,18.761694
1677,1.865406e-05,20.242434,-2.0978307e-05,20.242434
1678,1.9810892e-05,22.66138,-2.2143895e-05,22.66138
1679,1.7859926e-05,18.76173,-2.033056e-05,18.76173
1680,1.829774e-05,20.242367,-2.085905e-05,20.242367
1681,1.9573177e-05,22.661346,-2.1905453e-05,22.661346
1682,1.792036e-05,18.76169,-2.0270927e-05,18.76169
1683,1.8414517e-05,20.24249,-2.0739924e-05,20.24249
1684,1.9573792e-05,22.661314,-2.190543e-05,22.661314
1685,1.7920094e-05,18.761702,-2.0151727e-05,18.761702
1686,1.8415642e-05,20.242434,-2.073989e-05,20.242434
1687,1.9452627e-05,22.661411,-2.1786289e-05,22.661411
1688,1.7920029e-05,18.761705,-2.003252e-05,18.761705
1689,1.8657729e-05,20.242249,-2.085897e-05,20.242249
1690,1.969234e-05,22.661348,-2.1786247e-05,22.661348
1691,1.815756e-05,18.761751,-2.0032548e-05,18.761751
1692,1.8534727e-05,20.242441,-2.0859103e-05,20.242441
1693,1.9452156e-05,22.661436,-2.2024726e-05,22.661436
1694,1.7980488e-05,18.761662,-2.0211304e-05,18.761662
1695,1.8596007e-05,20.242355,-2.0799438e-05,20.242355
1696,1.9811338e-05,22.66136,-2.1905465e-05,22.66136
1697,1.798162e-05,18.761606,-2.0092059e-05,18.761606
1698,1.8654133e-05,20.242432,-2.0978305e-05,20.242432
1699,1.9574041e-05,22.661303,-2.1905425e-05,22.661303
1700,1.7740682e-05,18.761732,-2.044977e-05,18.761732
1701,1.8595158e-05,20.242401,-2.079947e-05,20.242401
1702,1.9334595e-05,22.661352,-2.1905456e-05,22.661352
1703,1.7919723e-05,18.76172,-2.027095e-05,18.76172
1704,1.8476996e-05,20.242346,-2.079943e-05,20.242346
1705,1.9572848e-05,22.661362,-2.1905462e-05,22.661362
1706,1.7920436e-05,18.761684,-2.0151714e-05,18.761684
1707,1.847626e-05,20.242384,-2.1037877e-05,20.242384
1708,1.9691106e-05,22.66141,-2.1786289e-05,22.66141
1709,1.7861763e-05,18.761639,-1.9972867e-05,18.761639
1710,1.8592926e-05,20.242512,-2.0918755e-05,20.242512
1711,1.9573827e-05,22.661312,-2.1905431e-05,22.661312
1712,1.7920336e-05,18.76169,-2.0270927e-05,18.76169
1713,1.8416444e-05,20.242393,-2.0978277e-05,20.242393
1714,1.9572508e-05,22.661379,-2.1905475e-05,22.661379
1715,1.7860018e-05,18.761724,-2.0092139e-05,18.761724
1716,1.8832981e-05,20.24243,-2.0918702e-05,20.24243
1717,1.9810326e-05,22.66141,-2.2143919e-05,22.66141
1718,1.7918986e-05,18.761759,-2.0032556e-05,18.761759
1719,1.8535085e-05,20.242422,-2.085909e-05,20.242422
1720,1.9812385e-05,22.661304,-2.2143846e-05,22.661304
1721,1.797875e-05,18.76175,-2.009215e-05,18.76175
1722,1.8416591e-05,20.242386,-2.0859066e-05,20.242386
1723,1.9572977e-05,22.661354,-2.190546e-05,22.661354
1724,1.8098079e-05,18.761744,-1.9972942e-05,18.761744
1725,1.859514e-05,20.242401,-2.0799473e-05,20.242401
1726,1.9574652e-05,22.66127,-2.1905402e-05,22.66127
1727,1.7859642e-05,18.761745,-2.033057e-05,18.761745
1728,1.8415762e-05,20.24243,-2.0739884e-05,20.24243
1729,1.9454228e-05,22.661331,-2.1786236e-05,22.661331
1730,1.7620787e-05,18.761766,-2.0330584e-05,18.761766
1731,1.8416795e-05,20.242374,-2.0739846e-05,20.242374
1732,1.9573108e-05,22.66135,-2.2143873e-05,22.66135
1733,1.7802238e-05,18.761633,-2.0151678e-05,18.761633
1734,1.8535558e-05,20.242401,-2.0859075e-05,20.242401
1735,1.9333855e-05,22.661388,-2.1905482e-05,22.661388
1736,1.7860619e-05,18.761696,-2.0092119e-05,18.761696
1737,1.8714138e-05,20.24241,-2.1037893e-05,20.24241
1738,1.9454557e-05,22.661314,-2.1786222e-05,22.661314
1739,1.8042832e-05,18.761522,-1.9913185e-05,18.761522
1740,1.847692e-05,20.242348,-2.0680229e-05,20.242348
1741,1.945297e-05,22.661396,-2.1786278e-05,22.661396
1742,1.7919952e-05,18.76171,-2.0032521e-05,18.76171
1743,1.8536322e-05,20.242361,-2.0859048e-05,20.242361
1744,1.9573934e-05,22.661304,-2.190543e-05,22.661304
1745,1.7801445e-05,18.761673,-2.0151709e-05,18.761673
1746,1.8595163e-05,20.242401,-2.079947e-05,20.242401
1747,1.9573145e-05,22.661346,-2.2143875e-05,22.661346
1748,1.7980017e-05,18.761686,-2.0211322e-05,18.761686
1749,1.8534827e-05,20.242434,-2.109752e-05,20.242434
1750,1.9453231e-05,22.66138,-2.1786267e-05,22.66138
1751,1.7800783e-05,18.761707,-2.0390147e-05,18.761707
1752,1.8417257e-05,20.242353,-2.0739833e-05,20.242353
1753,1.9332429e-05,22.661463,-2.1905533e-05,22.661463
1754,1.7921117e-05,18.76165,-2.0270902e-05,18.76165
1755,1.841709e-05,20.24236,-2.0739839e-05,20.24236
1756,1.9572673e-05,22.66137,-2.190547e-05,22.66137
1757,1.7978657e-05,18.761757,-2.0211366e-05,18.761757
1758,1.8595892e-05,20.242363,-2.0918656e-05,20.242363
1759,1.9573567e-05,22.661324,-2.1667021e-05,22.661324
1760,1.8040797e-05,18.761625,-1.9913256e-05,18.761625
1761,1.8416598e-05,20.242386,-2.0739857e-05,20.242386
1762,1.9694166e-05,22.661255,-2.20246e-05,22.661255
1763,1.7981776e-05,18.761597,-2.009205e-05,18.761597
1764,1.8772236e-05,20.242489,-2.1097554e-05,20.242489
1765,1.9453935e-05,22.661346,-2.2024666e-05,22.661346
1766,1.7980306e-05,18.761671,-2.00921e-05,18.761671
1767,1.8535757e-05,20.242392,-2.0859065e-05,20.242392
1768,1.9335055e-05,22.661331,-2.1905442e-05,22.661331
1769,1.803772e-05,18.761784,-1.9913363e-05,18.761784
1770,1.8536393e-05,20.242357,-2.0859043e-05,20.242357
1771,1.9693069e-05,22.66131,-2.2024642e-05,22.66131
1772,1.7919287e-05,18.761742,-2.0032547e-05,18.761742
1773,1.865457e-05,20.242409,-2.0739872e-05,20.242409
1774,1.9335854e-05,22.66129,-2.1905415e-05,22.66129
1775,1.7740173e-05,18.761757,-2.0092159e-05,18.761757
1776,1.8535902e-05,20.242382,-2.085906e-05,20.242382
1777,1.957426e-05,22.66129,-2.1666996e-05,22.66129
1778,1.8041634e-05,18.761585,-2.0032436e-05,18.761585
1779,1.8593639e-05,20.242477,-2.0918731e-05,20.242477
1780,1.921515e-05,22.661362,-2.1786256e-05,22.661362
1781,1.8039922e-05,18.761671,-2.0151705e-05,18.761671
1782,1.8418144e-05,20.242308,-2.07398e-05,20.242308
1783,1.9690975e-05,22.661417,-2.178629e-05,22.661417
1784,1.780193e-05,18.761648,-2.0390113e-05,18.761648
1785,1.8834922e-05,20.242332,-2.1157051e-05,20.242332
1786,1.957338e-05,22.661335,-2.1905445e-05,22.661335
1787,1.791993e-05,18.76171,-2.0032525e-05,18.76171
1788,1.8654155e-05,20.24243,-2.0978307e-05,20.24243
1789,1.9810821e-05,22.661385,-2.21439e-05,22.661385
1790,1.7919368e-05,18.761738,-2.0270958e-05,18.761738
1791,1.8476734e-05,20.24236,-2.079944e-05,20.24236
1792,1.9453451e-05,22.66137,-2.1786262e-05,22.66137
1793,1.7979739e-05,18.7617,-1.997291e-05,18.7617
1794,1.8716204e-05,20.242306,-2.0918611e-05,20.242306
1795,1.9810974e-05,22.661379,-2.2143893e-05,22.661379
1796,1.7860553e-05,18.761698,-2.021133e-05,18.761698
1797,1.8774042e-05,20.242395,-2.0978281e-05,20.242395
1798,1.9691412e-05,22.661396,-2.2024698e-05,22.661396
1799,1.7621618e-05,18.761723,-2.033056e-05,18.761723
1800,1.877493e-05,20.242352,-2.1097461e-05,20.242352
1801,1.9693765e-05,22.661274,-2.2024618e-05,22.661274
1802,1.7919723e-05,18.76172,-2.0151741e-05,18.76172
1803,1.8478055e-05,20.24229,-2.1037815e-05,20.24229
1804,1.9452898e-05,22.6614,-2.2024695e-05,22.6614
1805,1.79197e-05,18.76172,-2.0151741e-05,18.76172
1806,1.8714543e-05,20.242392,-2.0918667e-05,20.242392
1807,1.9453815e-05,22.661352,-2.1786247e-05,22.661352
1808,1.7801232e-05,18.761683,-2.0032505e-05,18.761683
1809,1.8715073e-05,20.242365,-2.0918655e-05,20.242365
1810,1.9453957e-05,22.661346,-2.1786247e-05,22.661346
1811,1.7861239e-05,18.761663,-2.0330514e-05,18.761663
1812,1.8478662e-05,20.242262,-2.0799374e-05,20.242262
1813,1.945378e-05,22.661354,-2.178625e-05,22.661354
1814,1.7859536e-05,18.76175,-2.009215e-05,18.76175
1815,1.8655192e-05,20.242376,-2.0978268e-05,20.242376
1816,1.9453852e-05,22.66135,-2.1786249e-05,22.66135
1817,1.7742193e-05,18.761656,-1.9972878e-05,18.761656
1818,1.865442e-05,20.242414,-2.0859083e-05,20.242414
1819,1.9333937e-05,22.661386,-2.1905482e-05,22.661386
1820,1.7860584e-05,18.761696,-2.009212e-05,18.761696
1821,1.8774543e-05,20.242373,-2.0859054e-05,20.242373
1822,1.9693154e-05,22.661308,-2.1786222e-05,22.661308
1823,1.7740133e-05,18.761759,-2.009216e-05,18.761759
1824,1.8596398e-05,20.242336,-2.0918635e-05,20.242336
1825,1.9574418e-05,22.661283,-2.1905413e-05,22.661283
1826,1.786043e-05,18.761705,-2.0330543e-05,18.761705
1827,1.8535005e-05,20.242428,-2.0859092e-05,20.242428
1828,1.9455063e-05,22.66129,-2.1786207e-05,22.66129
1829,1.7861496e-05,18.761652,-2.0330506e-05,18.761652
1830,1.8415507e-05,20.242441,-2.0739893e-05,20.242441
1831,1.9930525e-05,22.66136,-2.2024673e-05,22.66136
1832,1.7920847e-05,18.761663,-2.0151701e-05,18.761663
1833,1.8537148e-05,20.24232,-2.0859017e-05,20.24232
1834,1.9454665e-05,22.66131,-2.2024638e-05,22.66131
1835,1.7861914e-05,18.76163,-2.0330488e-05,18.76163
1836,1.8477593e-05,20.242317,-2.0799413e-05,20.242317
1837,1.9573508e-05,22.661327,-2.1667023e-05,22.661327
1838,1.7920325e-05,18.76169,-2.0032507e-05,18.76169
1839,1.8476525e-05,20.24237,-2.0799445e-05,20.24237
1840,1.9931855e-05,22.661293,-2.2024627e-05,22.661293
1841,1.7919787e-05,18.761719,-2.0151734e-05,18.761719
1842,1.8416973e-05,20.242367,-2.0739843e-05,20.242367
1843,1.9692965e-05,22.661316,-2.2024642e-05,22.661316
1844,1.7861277e-05,18.761662,-2.0092093e-05,18.761662
1845,1.8417442e-05,20.242344,-2.0739826e-05,20.242344
1846,1.9571638e-05,22.661423,-2.1905507e-05,22.661423
1847,1.8038974e-05,18.761719,-1.991332e-05,18.761719
1848,1.8654186e-05,20.242428,-2.0739884e-05,20.242428
1849,1.9692588e-05,22.661335,-2.1786236e-05,22.661335
1850,1.7920358e-05,18.761688,-2.0151718e-05,18.761688
1851,1.8713894e-05,20.242422,-2.0918693e-05,20.242422
1852,1.945352e-05,22.661367,-2.1786258e-05,22.661367
1853,1.773933e-05,18.761799,-2.0211395e-05,18.761799
1854,1.8714836e-05,20.242374,-2.103787e-05,20.242374
1855,1.9574109e-05,22.661297,-2.1667001e-05,22.661297
1856,1.7920042e-05,18.761705,-2.0151729e-05,18.761705
1857,1.8416002e-05,20.242414,-2.0978292e-05,20.242414
1858,1.945451e-05,22.661316,-2.1786222e-05,22.661316
1859,1.7920129e-05,18.7617,-2.0270934e-05,18.7617
1860,1.8655977e-05,20.242338,-2.0978243e-05,20.242338
1861,1.957493e-05,22.661255,-2.190539e-05,22.661255
1862,1.7860466e-05,18.761702,-2.0330543e-05,18.761702
1863,1.8356708e-05,20.242401,-2.0799469e-05,20.242401
1864,1.9692397e-05,22.661345,-2.1786243e-05,22.661345
1865,1.7919989e-05,18.761707,-2.0270942e-05,18.761707
1866,1.8417339e-05,20.242348,-2.073983e-05,20.242348
1867,1.9691399e-05,22.661396,-2.2024698e-05,22.661396
1868,1.786019e-05,18.761717,-2.0330548e-05,18.761717
1869,1.841694e-05,20.242367,-2.073984e-05,20.242367
1870,1.9692989e-05,22.661314,-2.2024638e-05,22.661314
1871,1.7980788e-05,18.761646,-2.0211295e-05,18.761646
1872,1.8416484e-05,20.242392,-2.0739855e-05,20.242392
1873,1.9454194e-05,22.661333,-2.2024657e-05,22.661333
1874,1.7801656e-05,18.761663,-2.0032492e-05,18.761663
1875,1.8595492e-05,20.242382,-2.0918666e-05,20.242382
1876,1.9692436e-05,22.661343,-2.2024662e-05,22.661343
1877,1.786049e-05,18.761702,-1.9972911e-05,18.761702
1878,1.8356392e-05,20.242414,-2.091869e-05,20.242414
1879,1.945477e-05,22.661303,-2.1786214e-05,22.661303
1880,1.7802506e-05,18.76162,-2.0390087e-05,18.76162
1881,1.8417752e-05,20.242327,-2.0739815e-05,20.242327
1882,1.9574543e-05,22.661276,-2.1666989e-05,22.661276
1883,1.8039782e-05,18.761679,-2.0151707e-05,18.761679
1884,1.8476861e-05,20.242353,-2.0680229e-05,20.242353
1885,1.9454064e-05,22.66134,-2.1786238e-05,22.66134
1886,1.7863496e-05,18.761549,-1.9972807e-05,18.761549
1887,1.8358305e-05,20.24232,-2.0799416e-05,20.24232
1888,1.95708e-05,22.661465,-2.1905533e-05,22.661465
1889,1.8039485e-05,18.761692,-1.9913301e-05,18.761692
1890,1.8416808e-05,20.242376,-2.0739846e-05,20.242376
1891,1.9572486e-05,22.661379,-2.1905478e-05,22.661379
1892,1.8041841e-05,18.761574,-1.9913221e-05,18.761574
1893,1.8416562e-05,20.242388,-2.0978276e-05,20.242388
1894,1.9810372e-05,22.661407,-2.1905496e-05,22.661407
1895,1.7860495e-05,18.7617,-2.033054e-05,18.7617
1896,1.8655004e-05,20.242386,-2.0978274e-05,20.242386
1897,1.969247e-05,22.66134,-2.1786242e-05,22.66134
1898,1.7861308e-05,18.761662,-2.0092095e-05,18.761662
1899,1.8774694e-05,20.242365,-2.0859052e-05,20.242365
1900,1.945696e-05,22.661194,-2.1786142e-05,22.661194
1901,1.8041093e-05,18.761612,-1.9913245e-05,18.761612
1902,1.8535558e-05,20.242401,-2.0859075e-05,20.242401
1903,1.9573261e-05,22.66134,-2.1667032e-05,22.66134
1904,1.7680723e-05,18.76175,-2.0509382e-05,18.76175
1905,1.847692e-05,20.242348,-2.0680229e-05,20.242348
1906,1.9572566e-05,22.661377,-2.1905475e-05,22.661377
1907,1.7863656e-05,18.761541,-2.0330433e-05,18.761541
1908,1.853547e-05,20.242403,-2.0978285e-05,20.242403
1909,1.9692448e-05,22.661343,-2.1786242e-05,22.661343
1910,1.7920112e-05,18.7617,-2.0270934e-05,18.7617
1911,1.8715344e-05,20.24235,-2.1037853e-05,20.24235
1912,1.9693729e-05,22.661278,-2.1786198e-05,22.661278
1913,1.780357e-05,18.761566,-2.0390056e-05,18.761566
1914,1.8535047e-05,20.242424,-2.0620673e-05,20.242424
1915,1.9572224e-05,22.661392,-2.1905485e-05,22.661392
1916,1.7859496e-05,18.761753,-2.0211366e-05,18.761753
1917,1.8596553e-05,20.242329,-2.0918631e-05,20.242329
1918,1.9336538e-05,22.661253,-2.1666974e-05,22.661253
1919,1.7919629e-05,18.761726,-2.0032534e-05,18.761726
1920,1.8715544e-05,20.242338,-2.0918638e-05,20.242338
1921,1.9572626e-05,22.661373,-2.1905473e-05,22.661373
1922,1.7919734e-05,18.76172,-2.0032532e-05,18.76172
1923,1.8475199e-05,20.24244,-2.0799496e-05,20.24244
1924,1.9691248e-05,22.661404,-2.2024702e-05,22.661404
1925,1.7800761e-05,18.76171,-2.0270942e-05,18.76171
1926,1.8595298e-05,20.242392,-2.091867e-05,20.242392
1927,1.9574003e-05,22.661303,-2.1905424e-05,22.661303
1928,1.7978562e-05,18.76176,-2.0092162e-05,18.76176
1929,1.8476738e-05,20.242357,-2.079944e-05,20.242357
1930,1.9573403e-05,22.661333,-2.2143866e-05,22.661333
1931,1.8158165e-05,18.76172,-2.0032532e-05,18.76172
1932,1.8713861e-05,20.242424,-2.1037904e-05,20.242424
1933,1.9573356e-05,22.661335,-2.190545e-05,22.661335
1934,1.792053e-05,18.76168,-2.0032501e-05,18.76168
1935,1.8537283e-05,20.24231,-2.0978225e-05,20.24231
1936,1.9572213e-05,22.661392,-2.166707e-05,22.661392
1937,1.7681587e-05,18.761705,-2.0390147e-05,18.761705
1938,1.8656097e-05,20.242332,-2.0739819e-05,20.242332
1939,1.9691319e-05,22.6614,-2.2024698e-05,22.6614
1940,1.7861734e-05,18.761639,-2.021129e-05,18.761639
1941,1.8298542e-05,20.242327,-2.0859025e-05,20.242327
1942,1.9334924e-05,22.661335,-2.1905445e-05,22.661335
1943,1.8158176e-05,18.761719,-2.0032532e-05,18.761719
1944,1.8417126e-05,20.242357,-2.0739835e-05,20.242357
1945,1.9334526e-05,22.661358,-2.190546e-05,22.661358
1946,1.7741753e-05,18.761677,-2.0211313e-05,18.761677
1947,1.8298706e-05,20.24232,-2.085902e-05,20.24232
1948,1.9335526e-05,22.661304,-2.1905427e-05,22.661304
1949,1.7860153e-05,18.761719,-2.0211346e-05,18.761719
1950,1.8715167e-05,20.242357,-2.103786e-05,20.242357
1951,1.9573039e-05,22.661352,-2.1905456e-05,22.661352
1952,1.7978962e-05,18.76174,-1.9972938e-05,18.76174
1953,1.8476407e-05,20.242376,-2.0799453e-05,20.242376
1954,1.9572555e-05,22.661377,-2.1667056e-05,22.661377
1955,1.7860742e-05,18.76169,-2.0330532e-05,18.76169
1956,1.8535313e-05,20.242413,-2.0620664e-05,20.242413
1957,1.9573024e-05,22.661352,-2.1667038e-05,22.661352
1958,1.7802791e-05,18.761604,-2.039008e-05,18.761604
1959,1.8536124e-05,20.242373,-2.0859054e-05,20.242373
1960,1.9453464e-05,22.66137,-2.2024682e-05,22.66137
1961,1.7978839e-05,18.761745,-2.021136e-05,18.761745
1962,1.853653e-05,20.242348,-2.0739833e-05,20.242348
1963,1.9333194e-05,22.661425,-2.1905504e-05,22.661425
1964,1.8158848e-05,18.761686,-2.0032508e-05,18.761686
1965,1.853491e-05,20.242432,-2.0859095e-05,20.242432
1966,1.9452793e-05,22.661404,-2.1786282e-05,22.661404
1967,1.7800956e-05,18.761698,-2.0270934e-05,18.761698
1968,1.8536717e-05,20.242338,-2.0859034e-05,20.242338
1969,1.9572342e-05,22.661388,-2.1905482e-05,22.661388
1970,1.7859637e-05,18.761745,-2.009215e-05,18.761745
1971,1.8477089e-05,20.24234,-2.103785e-05,20.24234
1972,1.957153e-05,22.661428,-2.1667092e-05,22.661428
1973,1.7800567e-05,18.761717,-2.0032528e-05,18.761717
1974,1.8714614e-05,20.242386,-2.0918671e-05,20.242386
1975,1.9453957e-05,22.661346,-2.1786247e-05,22.661346
1976,1.7860682e-05,18.761692,-2.0092115e-05,18.761692
1977,1.8657087e-05,20.242281,-2.0739788e-05,20.242281
1978,1.9572544e-05,22.661377,-2.1905475e-05,22.661377
1979,1.78593e-05,18.761763,-2.009216e-05,18.761763
1980,1.8775798e-05,20.242306,-2.097822e-05,20.242306
1981,1.9691106e-05,22.66141,-2.2024708e-05,22.66141
1982,1.7800709e-05,18.76171,-1.9913316e-05,18.76171
1983,1.8657924e-05,20.242239,-2.0739755e-05,20.242239
1984,1.9692672e-05,22.661331,-2.2024651e-05,22.661331
1985,1.756249e-05,18.7617,-2.0390144e-05,18.7617
1986,1.8714883e-05,20.242373,-2.0918658e-05,20.242373
1987,1.9573401e-05,22.661333,-2.1905444e-05,22.661333
1988,1.78593e-05,18.761763,-2.009216e-05,18.761763
1989,1.853543e-05,20.242405,-2.0859077e-05,20.242405
1990,1.9454217e-05,22.661333,-2.2024653e-05,22.661333
1991,1.7920524e-05,18.76168,-1.9913296e-05,18.76168
1992,1.847602e-05,20.242395,-2.0918676e-05,20.242395
1993,1.9694047e-05,22.661263,-2.1786187e-05,22.661263
1994,1.7802227e-05,18.761633,-2.0151678e-05,18.761633
1995,1.853576e-05,20.242392,-2.0859065e-05,20.242392
1996,1.9810963e-05,22.661379,-2.1905475e-05,22.661379
1997,1.7979233e-05,18.761726,-2.0092139e-05,18.761726
1998,1.8655712e-05,20.24235,-2.0739833e-05,20.24235
1999,1.9453653e-05,22.66136,-2.1786256e-05,22.66136
