time_s,Fx_N,Fy_N,Fz_N
0.002,0.0,0.0,0.0
0.004,0.0,0.0,0.0
0.006,0.0,0.0,0.0
0.008,0.0,0.0,0.0
0.01,0.0,0.0,0.0
0.012,0.0,0.0,0.0
0.014,0.0,0.0,0.0
0.016,3.253525750414144e-16,0.00021142671583271745,-1.0232158002831948e-18
0.018000000000000002,4.3467594089010976e-16,0.015038268728242979,-1.0842021724855044e-16
0.020000000000000004,0.0,0.0,0.0
0.022000000000000006,0.0,0.0,0.0
0.024000000000000007,0.0,0.0,0.0
0.02600000000000001,2.7074659159789957e-16,-0.003350529384661671,1.3900447395367835e-10
0.02800000000000001,6.815487133312235e-16,-0.0027675330597124012,2.6554312631186286e-10
0.030000000000000013,-6.235651202779343e-16,-0.0022809406874562824,3.8990271563850104e-10
0.032000000000000015,-8.035702907208539e-16,-0.001874410110671086,5.105534220284757e-10
0.034000000000000016,-2.11176718047431e-15,-0.001534232991073669,6.190817402129378e-10
0.03600000000000002,-1.3087450791990023e-16,-0.001249088354221695,7.017783621138183e-10
0.03800000000000002,2.6871361496975406e-16,-0.001010333645311863,7.572613471616149e-10
0.04000000000000002,-8.276547818352593e-16,-0.0008107816789564546,7.879401354446271e-10
0.04200000000000002,-1.389836071641573e-15,-0.0006443582262530542,7.975240875204835e-10
0.044000000000000025,-1.1073720529395834e-15,-0.0005059131070679093,7.900242038930685e-10
0.04600000000000003,-1.501969060698779e-15,-0.00039107605090309296,7.692844149302286e-10
0.04800000000000003,-1.4751631954125767e-15,-0.0002961394584148468,7.387579893522523e-10
0.05000000000000003,-1.0470384791847419e-15,-0.0002179596506046242,7.014476980611529e-10
0.05200000000000003,-1.2737791865094212e-15,-0.00015387249517553642,6.598693559636354e-10
0.054000000000000034,2.458276351902993e-16,-0.00010162112313408104,6.160779157351157e-10
0.056000000000000036,-1.3089927677101163e-15,-5.9294159266461536e-05,5.716896678476442e-10
0.05800000000000004,-2.3003951351445484e-16,-2.5287089220265335e-05,5.281591198203494e-10
0.06000000000000004,0.0,0.0,0.0
0.06200000000000004,0.0,0.0,0.0
0.06400000000000004,0.0,0.0,0.0
0.06600000000000004,0.0,0.0,0.0
0.06800000000000005,0.0,0.0,0.0
0.07000000000000005,0.0,0.0,0.0
0.07200000000000005,0.0,0.0,0.0
0.07400000000000005,0.0,0.0,0.0
0.07600000000000005,0.0,0.0,0.0
0.07800000000000006,0.0,0.0,0.0
0.08000000000000006,0.0,0.0,0.0
0.08200000000000006,0.0,0.0,0.0
0.08400000000000006,0.0,0.0,0.0
0.08600000000000006,0.0,0.0,0.0
0.08800000000000006,0.0,0.0,0.0
0.09000000000000007,0.0,0.0,0.0
0.09200000000000007,0.0,0.0,0.0
0.09400000000000007,0.0,0.0,0.0
0.09600000000000007,0.0,0.0,0.0
0.09800000000000007,0.0,0.0,0.0
0.10000000000000007,0.0,0.0,0.0
0.10200000000000008,0.0,0.0,0.0
0.10400000000000008,0.0,0.0,0.0
0.10600000000000008,0.0,0.0,0.0
0.10800000000000008,0.0,0.0,0.0
0.11000000000000008,0.0,0.0,0.0
0.11200000000000009,0.0,0.0,0.0
0.11400000000000009,0.0,0.0,0.0
0.11600000000000009,0.0,0.0,0.0
0.11800000000000009,0.0,0.0,0.0
0.12000000000000009,0.0,0.0,0.0
0.1220000000000001,0.0,0.0,0.0
0.1240000000000001,0.0,0.0,0.0
0.12600000000000008,0.0,0.0,0.0
0.12800000000000009,0.0,0.0,0.0
0.1300000000000001,0.0,0.0,0.0
0.1320000000000001,0.0,0.0,0.0
0.1340000000000001,0.0,0.0,0.0
0.1360000000000001,0.0,0.0,0.0
0.1380000000000001,0.0,0.0,0.0
0.1400000000000001,0.0,0.0,0.0
0.1420000000000001,0.0,0.0,0.0
0.1440000000000001,0.0,0.0,0.0
0.1460000000000001,0.0,0.0,0.0
0.1480000000000001,0.0,0.0,0.0
0.1500000000000001,0.0,0.0,0.0
0.1520000000000001,0.0,0.0,0.0
0.1540000000000001,0.0,0.0,0.0
0.1560000000000001,0.0,0.0,0.0
0.1580000000000001,0.0,0.0,0.0
0.16000000000000011,0.0,0.0,0.0
0.16200000000000012,0.0,0.0,0.0
0.16400000000000012,0.0,0.0,0.0
0.16600000000000012,0.0,0.0,0.0
0.16800000000000012,0.0,0.0,0.0
0.17000000000000012,0.0,0.0,0.0
0.17200000000000013,0.0,0.0,0.0
0.17400000000000013,0.0,0.0,0.0
0.17600000000000013,0.0,0.0,0.0
0.17800000000000013,0.0,0.0,0.0
0.18000000000000013,0.0,0.0,0.0
0.18200000000000013,0.0,0.0,0.0
0.18400000000000014,0.0,0.0,0.0
0.18600000000000014,0.0,0.0,0.0
0.18800000000000014,0.0,0.0,0.0
0.19000000000000014,0.0,0.0,0.0
0.19200000000000014,0.0,0.0,0.0
0.19400000000000014,0.0,0.0,0.0
0.19600000000000015,0.0,0.0,0.0
0.19800000000000015,0.0,0.0,0.0
0.20000000000000015,0.0,0.0,0.0
0.20200000000000015,0.0,0.0,0.0
0.20400000000000015,0.0,0.0,0.0
0.20600000000000016,0.0,0.0,0.0
0.20800000000000016,0.0,0.0,0.0
0.21000000000000016,0.0,0.0,0.0
0.21200000000000016,0.0,0.0,0.0
0.21400000000000016,0.0,0.0,0.0
0.21600000000000016,0.0,0.0,0.0
0.21800000000000017,0.0,0.0,0.0
0.22000000000000017,0.0,0.0,0.0
0.22200000000000017,0.0,0.0,0.0
0.22400000000000017,0.0,0.0,0.0
0.22600000000000017,0.0,0.0,0.0
0.22800000000000017,0.0,0.0,0.0
0.23000000000000018,0.0,0.0,0.0
0.23200000000000018,0.0,0.0,0.0
0.23400000000000018,0.0,0.0,0.0
0.23600000000000018,0.0,0.0,0.0
0.23800000000000018,0.0,0.0,0.0
0.24000000000000019,0.0,0.0,0.0
0.2420000000000002,0.0,0.0,0.0
0.2440000000000002,0.0,0.0,0.0
0.2460000000000002,0.0,0.0,0.0
0.2480000000000002,0.0,0.0,0.0
0.25000000000000017,0.0,0.0,0.0
0.25200000000000017,0.0,0.0,0.0
0.25400000000000017,0.0,0.0,0.0
0.25600000000000017,0.0,0.0,0.0
0.2580000000000002,0.0,0.0,0.0
0.2600000000000002,0.0,0.0,0.0
0.2620000000000002,0.0,0.0,0.0
0.2640000000000002,0.0,0.0,0.0
0.2660000000000002,0.0,0.0,0.0
0.2680000000000002,0.0,0.0,0.0
0.2700000000000002,0.0,0.0,0.0
0.2720000000000002,0.0,0.0,0.0
0.2740000000000002,0.0,0.0,0.0
0.2760000000000002,0.0,0.0,0.0
0.2780000000000002,0.0,0.0,0.0
0.2800000000000002,0.0,0.0,0.0
0.2820000000000002,0.0,0.0,0.0
0.2840000000000002,0.0,0.0,0.0
0.2860000000000002,0.0,0.0,0.0
0.2880000000000002,0.0,0.0,0.0
0.2900000000000002,0.0,0.0,0.0
0.2920000000000002,0.0,0.0,0.0
0.2940000000000002,0.0,0.0,0.0
0.2960000000000002,0.0,0.0,0.0
0.2980000000000002,0.0,0.0,0.0
0.3000000000000002,0.0,0.0,0.0
0.3020000000000002,0.0,0.0,0.0
0.3040000000000002,0.0,0.0,0.0
0.3060000000000002,0.0,0.0,0.0
0.3080000000000002,0.0,0.0,0.0
0.3100000000000002,0.0,0.0,0.0
0.3120000000000002,0.0,0.0,0.0
0.3140000000000002,0.0,0.0,0.0
0.3160000000000002,0.0,0.0,0.0
0.3180000000000002,0.0,0.0,0.0
0.32000000000000023,0.0,0.0,0.0
0.32200000000000023,0.0,0.0,0.0
0.32400000000000023,0.0,0.0,0.0
0.32600000000000023,0.0,0.0,0.0
0.32800000000000024,0.0,0.0,0.0
0.33000000000000024,0.0,0.0,0.0
0.33200000000000024,0.0,0.0,0.0
0.33400000000000024,0.0,0.0,0.0
0.33600000000000024,0.0,0.0,0.0
0.33800000000000024,0.0,0.0,0.0
0.34000000000000025,0.0,0.0,0.0
0.34200000000000025,0.0,0.0,0.0
0.34400000000000025,0.0,0.0,0.0
0.34600000000000025,0.0,0.0,0.0
0.34800000000000025,0.0,0.0,0.0
0.35000000000000026,0.0,0.0,0.0
0.35200000000000026,0.0,0.0,0.0
0.35400000000000026,0.0,0.0,0.0
0.35600000000000026,0.0,0.0,0.0
0.35800000000000026,0.0,0.0,0.0
0.36000000000000026,0.0,0.0,0.0
0.36200000000000027,0.0,0.0,0.0
0.36400000000000027,0.0,0.0,0.0
0.36600000000000027,0.0,0.0,0.0
0.36800000000000027,0.0,0.0,0.0
0.3700000000000003,0.0,0.0,0.0
0.3720000000000003,0.0,0.0,0.0
0.3740000000000003,0.0,0.0,0.0
0.3760000000000003,0.0,0.0,0.0
0.3780000000000003,0.0,0.0,0.0
0.3800000000000003,0.0,0.0,0.0
0.3820000000000003,0.0,0.0,0.0
0.3840000000000003,0.0,0.0,0.0
0.3860000000000003,0.0,0.0,0.0
0.3880000000000003,0.0,0.0,0.0
0.3900000000000003,0.0,0.0,0.0
0.3920000000000003,0.0,0.0,0.0
0.3940000000000003,0.0,0.0,0.0
0.3960000000000003,0.0,0.0,0.0
0.3980000000000003,0.0,0.0,0.0
0.4000000000000003,0.0,0.0,0.0
0.4020000000000003,0.0,0.0,0.0
0.4040000000000003,0.0,0.0,0.0
0.4060000000000003,0.0,0.0,0.0
0.4080000000000003,0.0,0.0,0.0
0.4100000000000003,0.0,0.0,0.0
0.4120000000000003,0.0,0.0,0.0
0.4140000000000003,0.0,0.0,0.0
0.4160000000000003,0.0,0.0,0.0
0.4180000000000003,0.0,0.0,0.0
0.4200000000000003,0.0,0.0,0.0
0.4220000000000003,0.0,0.0,0.0
0.4240000000000003,0.0,0.0,0.0
0.4260000000000003,0.0,0.0,0.0
0.4280000000000003,0.0,0.0,0.0
0.4300000000000003,0.0,0.0,0.0
0.43200000000000033,0.0,0.0,0.0
0.43400000000000033,0.0,0.0,0.0
0.43600000000000033,0.0,0.0,0.0
0.43800000000000033,0.0,0.0,0.0
0.44000000000000034,0.0,0.0,0.0
0.44200000000000034,0.0,0.0,0.0
0.44400000000000034,0.0,0.0,0.0
0.44600000000000034,0.0,0.0,0.0
0.44800000000000034,0.0,0.0,0.0
0.45000000000000034,0.0,0.0,0.0
0.45200000000000035,0.0,0.0,0.0
0.45400000000000035,0.0,0.0,0.0
0.45600000000000035,0.0,0.0,0.0
0.45800000000000035,0.0,0.0,0.0
0.46000000000000035,0.0,0.0,0.0
0.46200000000000035,0.0,0.0,0.0
0.46400000000000036,0.0,0.0,0.0
0.46600000000000036,0.0,0.0,0.0
0.46800000000000036,0.0,0.0,0.0
0.47000000000000036,0.0,0.0,0.0
0.47200000000000036,0.0,0.0,0.0
0.47400000000000037,0.0,0.0,0.0
0.47600000000000037,0.0,0.0,0.0
0.47800000000000037,0.0,0.0,0.0
0.48000000000000037,0.0,0.0,0.0
0.4820000000000004,0.0,0.0,0.0
0.4840000000000004,0.0,0.0,0.0
0.4860000000000004,0.0,0.0,0.0
0.4880000000000004,0.0,0.0,0.0
0.4900000000000004,0.0,0.0,0.0
0.4920000000000004,0.0,0.0,0.0
0.4940000000000004,0.0,0.0,0.0
0.4960000000000004,0.0,0.0,0.0
0.4980000000000004,0.0,0.0,0.0
0.5000000000000003,0.0,0.0,0.0
0.5020000000000003,0.0,0.0,0.0
0.5040000000000003,0.0,0.0,0.0
0.5060000000000003,0.0,0.0,0.0
0.5080000000000003,0.0,0.0,0.0
0.5100000000000003,0.0,0.0,0.0
0.5120000000000003,0.0,0.0,0.0
0.5140000000000003,0.0,0.0,0.0
0.5160000000000003,0.0,0.0,0.0
0.5180000000000003,0.0,0.0,0.0
0.5200000000000004,0.0,0.0,0.0
0.5220000000000004,0.0,0.0,0.0
0.5240000000000004,0.0,0.0,0.0
0.5260000000000004,0.0,0.0,0.0
0.5280000000000004,0.0,0.0,0.0
0.5300000000000004,0.0,0.0,0.0
0.5320000000000004,0.0,0.0,0.0
0.5340000000000004,0.0,0.0,0.0
0.5360000000000004,0.0,0.0,0.0
0.5380000000000004,-1.5791223429496693e-15,-0.011975320991790554,1.9628034873381045e-15
0.5400000000000004,1.6324353509448667e-16,-0.02099039458527968,5.357787265782764e-15
0.5420000000000004,-3.3200292247069055e-16,-0.028672103497044465,7.204828084183327e-15
0.5440000000000004,2.5686245842595635e-16,-0.03212651582111767,8.029960830712405e-15
0.5460000000000004,-6.232421358955234e-16,-0.03421275528888343,9.057518188226656e-15
0.5480000000000004,-3.962627277516153e-16,-0.03464556816469641,9.893376767607852e-15
0.5500000000000004,-5.39037528565291e-16,-0.03351996885900915,1.0440553224633579e-14
0.5520000000000004,-4.618725559279023e-16,-0.03160082024971661,1.1219307301967118e-14
0.5540000000000004,-8.349498940085501e-16,-0.02899720906824707,1.31287752273565e-14
0.5560000000000004,1.232007124947644e-16,-0.02828371329454396,9.832893065953873e-15
0.5580000000000004,1.0535312326753068e-16,-0.02533636646845394,9.674048395819845e-15
0.5600000000000004,1.1416709376517095e-16,-0.022660127998968604,9.914483163240121e-15
0.5620000000000004,1.1259310697871089e-15,-0.018456974018845634,1.1734695060654458e-14
0.5640000000000004,1.5358757379833522e-16,-0.010503740775960696,1.0934317054746779e-14
0.5660000000000004,-4.8308349652560775e-17,0.002453745594355655,9.967276693370211e-15
0.5680000000000004,7.475404687340406e-16,0.03432997596326777,5.164205156941427e-15
0.5700000000000004,-6.760444608845162e-16,0.09568303689817945,-3.9292726535954264e-15
0.5720000000000004,9.445216581090593e-16,0.19218018532333744,-1.6566141192091215e-14
0.5740000000000004,-1.1015922632771083e-24,0.1681243085090673,-1.761609293399928e-14
0.5760000000000004,5.249959092281039e-16,0.09960781311596079,-1.8455973632826405e-14
0.5780000000000004,6.784989009685544e-16,0.08439943680003312,-1.7548353336308852e-14
0.5800000000000004,-2.335999112362789e-16,0.0643179273988005,-1.831029235019279e-14
0.5820000000000004,-7.846144349831483e-16,0.04062734640350768,-1.611169884233088e-14
0.5840000000000004,-5.639406516235661e-16,0.012960184890546601,-6.136584296267955e-16
0.5860000000000004,0.0,0.0,0.0
0.5880000000000004,0.0,0.0,0.0
0.5900000000000004,0.0,0.0,0.0
0.5920000000000004,0.0,0.0,0.0
0.5940000000000004,0.0,0.0,0.0
0.5960000000000004,0.0,0.0,0.0
0.5980000000000004,-1.5429555410178262e-15,-0.09306197128486786,4.7757773612378055e-09
0.6000000000000004,-7.781095637853095e-15,-0.07703945418376536,1.1340153021755896e-08
0.6020000000000004,-1.027163977895346e-14,-0.0635766620960361,1.640464940972767e-08
0.6040000000000004,-1.2362901498827966e-14,-0.05227680588007885,2.023147516217321e-08
0.6060000000000004,3.896168332402865e-14,-0.042803804035253544,2.3040749107446252e-08
0.6080000000000004,3.906036366562403e-14,-0.034873048845624796,2.5016821914082107e-08
0.6100000000000004,4.251695280487461e-14,-0.02824357329905316,2.6314206203812028e-08
0.6120000000000004,4.575522907837901e-14,-0.022711406541622868,2.7061999638276255e-08
0.6140000000000004,4.5064018935438685e-14,-0.018103937767594048,2.736793215377199e-08
0.6160000000000004,4.591998866314187e-14,-0.014275135719264474,2.7321717263332664e-08
0.6180000000000004,4.408143977477874e-14,-0.011101494115603105,2.6997904771058172e-08
0.6200000000000004,4.3899502989679026e-14,-0.008478592969525677,2.645828417927641e-08
0.6220000000000004,4.057541635359858e-14,-0.006318182420800247,2.575392305001915e-08
0.6240000000000004,4.071098220805232e-14,-0.0045457098549246434,2.4926871534770083e-08
0.6260000000000004,3.9224180395376026e-14,-0.0030982230804734467,2.401163334149387e-08
0.6280000000000004,3.524281539843164e-14,-0.0019225925221988077,2.303638335220745e-08
0.6300000000000004,3.5093119018607524e-14,-0.0009740040294986258,2.2023997204108644e-08
0.6320000000000005,-1.3567985666451753e-14,-0.00021468123388508842,2.0992860974289013e-08
0.6340000000000005,0.0,0.0,0.0
0.6360000000000005,0.0,0.0,0.0
0.6380000000000005,0.0,0.0,0.0
0.6400000000000005,0.0,0.0,0.0
0.6420000000000005,0.0,0.0,0.0
0.6440000000000005,0.0,0.0,0.0
0.6460000000000005,0.0,0.0,0.0
0.6480000000000005,0.0,0.0,0.0
0.6500000000000005,0.0,0.0,0.0
0.6520000000000005,0.0,0.0,0.0
0.6540000000000005,0.0,0.0,0.0
0.6560000000000005,0.0,0.0,0.0
0.6580000000000005,0.0,0.0,0.0
0.6600000000000005,0.0,0.0,0.0
0.6620000000000005,0.0,0.0,0.0
0.6640000000000005,0.0,0.0,0.0
0.6660000000000005,0.0,0.0,0.0
0.6680000000000005,0.0,0.0,0.0
0.6700000000000005,0.0,0.0,0.0
0.6720000000000005,0.0,0.0,0.0
0.6740000000000005,0.0,0.0,0.0
0.6760000000000005,0.0,0.0,0.0
0.6780000000000005,0.0,0.0,0.0
0.6800000000000005,0.0,0.0,0.0
0.6820000000000005,0.0,0.0,0.0
0.6840000000000005,0.0,0.0,0.0
0.6860000000000005,0.0,0.0,0.0
0.6880000000000005,0.0,0.0,0.0
0.6900000000000005,0.0,0.0,0.0
0.6920000000000005,0.0,0.0,0.0
0.6940000000000005,0.0,0.0,0.0
0.6960000000000005,0.0,0.0,0.0
0.6980000000000005,0.0,0.0,0.0
0.7000000000000005,0.0,0.0,0.0
0.7020000000000005,0.0,0.0,0.0
0.7040000000000005,0.0,0.0,0.0
0.7060000000000005,0.0,0.0,0.0
0.7080000000000005,0.0,0.0,0.0
0.7100000000000005,0.0,0.0,0.0
0.7120000000000005,0.0,0.0,0.0
0.7140000000000005,0.0,0.0,0.0
0.7160000000000005,0.0,0.0,0.0
0.7180000000000005,0.0,0.0,0.0
0.7200000000000005,4.842285722917644e-16,0.04505495267318714,-5.93228893170493e-15
0.7220000000000005,-2.3650674289094844e-16,0.020001455070073455,-2.600962831902816e-15
0.7240000000000005,8.769291002142612e-17,-0.01037557560363948,1.216366419426724e-15
0.7260000000000005,1.4822452224099155e-15,-0.016664418522903957,2.5438028525816754e-15
0.7280000000000005,-8.358398493688358e-17,-0.01577839541888868,4.200636428882795e-15
0.7300000000000005,-1.0402245721622123e-15,-0.009709040803392435,1.0519428377217087e-15
0.7320000000000005,0.0,0.0,0.0
0.7340000000000005,0.0,0.0,0.0
0.7360000000000005,0.0,0.0,0.0
0.7380000000000005,0.0,0.0,0.0
0.7400000000000005,0.0,0.0,0.0
0.7420000000000005,0.0,0.0,0.0
0.7440000000000005,-9.110768311770895e-16,-0.065542526801491,1.0145009819447056e-14
0.7460000000000006,-1.0415307616607723e-15,-0.05786656480294034,8.716977815709268e-15
0.7480000000000006,-7.415742795260407e-16,-0.05081111824459114,1.2158977125472243e-14
0.7500000000000006,-2.2146611121163936e-16,-0.04509081436357897,9.764215509961645e-15
0.7520000000000006,1.1103744888380918e-15,-0.039422206427806854,1.0837133479466547e-14
0.7540000000000006,1.2428998056679224e-15,-0.03388255531269968,1.1128044120863611e-14
0.7560000000000006,2.980907558375946e-16,-0.02717535207840479,1.1483977828116636e-14
0.7580000000000006,9.083271157271637e-16,-0.01699945384886722,1.0980506286792007e-14
0.7600000000000006,1.1427527339353835e-15,-0.001902364312382102,9.163408538696815e-15
0.7620000000000006,0.0,0.0,0.0
0.7640000000000006,0.0,0.0,0.0
0.7660000000000006,0.0,0.0,0.0
0.7680000000000006,-0.20430523190149877,0.08078424372011142,0.20883165480497748
0.7700000000000006,-0.7514871751102006,0.06261828340390824,0.3618338561911136
0.7720000000000006,-0.7514871751101989,0.04947514684174334,0.3615585082282091
0.7740000000000006,-0.7514871751101986,0.039090123121676285,0.36152383469806876
0.7760000000000006,-0.751487175110199,0.03088487511386841,0.36152383469807015
0.7780000000000006,-0.7514871751101985,0.024401957185711733,0.3615238346980697
0.7800000000000006,-0.7514871751101989,0.01927984206825905,0.3615238346980704
0.7820000000000006,-0.7514871751101984,0.015232889204258212,0.3615238346980698
0.7840000000000006,-0.7514871751101992,0.01203541567859817,0.36152383469807037
0.7860000000000006,-0.7514871751102001,0.009509110754652664,0.36152383469807076
0.7880000000000006,-0.7514871751101996,0.007513092173877944,0.36152383469807015
0.7900000000000006,-0.7514871751101997,0.005936049696925785,0.3615238346980695
0.7920000000000006,-0.7514871751102,0.004690037761933588,0.3615238346980697
0.7940000000000006,-0.7514871751101992,0.003705571100550733,0.36152383469807037
0.7960000000000006,-0.7514871751101997,0.0029277498131647503,0.36152383469806937
0.7980000000000006,-0.7514871751102001,0.0023131978137492923,0.36152383469807003
0.8000000000000006,-0.7514871751101989,0.001827643913244795,0.3615238346980704
0.8020000000000006,-0.7514871751101986,0.0014440106478429103,0.36152383469806937
0.8040000000000006,-0.7514871751102001,0.0011409042735145026,0.36152383469807037
0.8060000000000006,-0.7514871751101992,0.0009014217196168039,0.36152383469807003
0.8080000000000006,-0.7514871751101985,0.0007122079699937494,0.36152383469807003
0.8100000000000006,-0.7514871751101986,0.0005627113053568976,0.36152383469807037
0.8120000000000006,-0.7514871751101992,0.0004445948746953581,0.36152383469806937
0.8140000000000006,-0.751487175110199,0.00035127178132676615,0.3615238346980697
0.8160000000000006,-0.7514871751102,0.00027753775713451856,0.36152383469806976
0.8180000000000006,-0.7514871751101999,0.00021928094065610008,0.36152383469806804
0.8200000000000006,-0.7514871751101985,0.0001732525744657599,0.3615238346980697
0.8220000000000006,-0.751487175110199,0.00013688583453359414,0.36152383469807015
0.8240000000000006,-0.751487175110199,0.00010815268837263784,0.36152383469807015
0.8260000000000006,-0.7514871751102,8.545079950812088e-05,0.36152383469807076
0.8280000000000006,-0.7514871751101989,6.751417136684115e-05,0.3615238346980697
0.8300000000000006,-0.7514871751101989,5.334254754298525e-05,0.3615238346980687
0.8320000000000006,-0.7514871751101989,4.214563136558137e-05,0.36152383469807003
0.8340000000000006,-0.7514871751101999,3.329901410822014e-05,0.36152383469807037
0.8360000000000006,-0.751487175110199,2.6309354128796205e-05,0.36152383469807037
0.8380000000000006,-0.7514871751101989,2.078686511332613e-05,0.36152383469807003
0.8400000000000006,-0.7514871751101992,1.642357920012167e-05,0.36152383469806976
0.8420000000000006,-0.7514871751101992,1.2976172803052543e-05,0.36152383469806976
0.8440000000000006,-0.7514871751101996,1.025239739543051e-05,0.36152383469806937
0.8460000000000006,-0.7514871751101989,8.100358553181783e-06,0.3615238346980697
0.8480000000000006,-0.7514871751101996,6.40004539030003e-06,0.36152383469806976
0.8500000000000006,-0.7514871751101995,5.05663801536552e-06,0.3615238346980703
0.8520000000000006,-0.7514871751101998,3.995219792800693e-06,0.3615238346980705
0.8540000000000006,-0.7514871751101988,3.15659953203025e-06,0.36152383469807015
0.8560000000000006,-0.7514871751101984,2.4940106232322537e-06,0.36152383469807076
0.8580000000000007,-0.7514871751101989,1.970503044813026e-06,0.3615238346980687
0.8600000000000007,-0.7514871751101992,1.5568828028044163e-06,0.36152383469806976
0.8620000000000007,-0.7514871751101991,1.2300838957356924e-06,0.36152383469807003
0.8640000000000007,-0.7514871751101999,9.718820117066788e-07,0.36152383469806976
0.8660000000000007,-0.7514871751101995,7.678782300683055e-07,0.36152383469806976
0.8680000000000007,-0.7514871751101996,6.06696048553749e-07,0.3615238346980697
0.8700000000000007,-0.7514871751101989,4.793469602361241e-07,0.36152383469807003
0.8720000000000007,-0.7514871751101981,3.787291985714752e-07,0.36152383469806976
0.8740000000000007,-0.7514871751102005,2.9923170007619277e-07,0.3615238346980697
0.8760000000000007,-0.7514871751101989,2.364211966832707e-07,0.3615238346980697
0.8780000000000007,-0.7514871751101989,1.867949894253928e-07,0.36152383469807003
0.8800000000000007,-0.751487175110199,1.4758561645340852e-07,0.36152383469807003
0.8820000000000007,-0.7514871751101998,1.166065227676115e-07,0.36152383469806976
0.8840000000000007,-0.7514871751101992,9.213012405565527e-08,0.3615238346980697
0.8860000000000007,-0.7514871751101998,7.279146618582519e-08,0.36152383469807076
0.8880000000000007,-0.7514871751101995,5.751210692794239e-08,0.36152383469807015
0.8900000000000007,-0.751487175110199,4.543997562441022e-08,0.36152383469807003
0.8920000000000007,-0.7514871751101989,3.590185601756863e-08,0.3615238346980697
0.8940000000000007,-0.7514871751101992,2.836584403561863e-08,0.36152383469807037
0.8960000000000007,-0.7514871751101992,2.2411685611261166e-08,0.3615238346980693
0.8980000000000007,-0.7514871751101992,1.770734025778916e-08,0.36152383469807076
0.9000000000000007,-0.751487175110199,1.3990464830268834e-08,0.36152383469807015
0.9020000000000007,-0.7514871751102001,1.1053783546699487e-08,0.36152383469806937
0.9040000000000007,-0.7514871751101996,8.733528928370888e-09,0.36152383469807003
0.9060000000000007,-0.7514871751101989,6.900309606437693e-09,0.36152383469807037
0.9080000000000007,-0.751487175110199,5.451893809485832e-09,0.36152383469806937
0.9100000000000007,-0.7514871751101982,4.307509000486164e-09,0.3615238346980687
0.9120000000000007,-0.7514871751101995,3.403337406765322e-09,0.36152383469807003
0.9140000000000007,-0.7514871751101992,2.6889566873047194e-09,0.36152383469807037
0.9160000000000007,-0.7514871751101996,2.1245288098183654e-09,0.3615238346980694
0.9180000000000007,-0.7514871751101999,1.678577634897882e-09,0.36152383469806937
0.9200000000000007,-0.7514871751101987,1.3262342225202678e-09,0.36152383469806904
0.9220000000000007,-0.751487175110199,1.0478498617196269e-09,0.36152383469806976
0.9240000000000007,-0.7514871751101994,8.278998739425776e-10,0.3615238346980697
0.9260000000000007,-0.7514871751101996,6.541188356865714e-10,0.36152383469806904
0.9280000000000007,-0.7514871751101992,5.16815381939803e-10,0.36152383469807076
0.9300000000000007,-0.7514871751102001,4.0833274224601465e-10,0.36152383469807003
0.9320000000000007,-0.7514871751102001,3.2262127642100366e-10,0.36152383469806937
0.9340000000000007,-0.7514871751101995,2.5490113088478303e-10,0.36152383469807003
0.9360000000000007,-0.7514871751101992,2.0139589890983482e-10,0.36152383469807003
0.9380000000000007,-0.7514871751101986,1.591216191979443e-10,0.36152383469807003
0.9400000000000007,-0.7514871751101996,1.2572109125907234e-10,0.3615238346980697
0.9420000000000007,-0.7514871751101996,9.933144192458517e-11,0.3615238346980718
0.9440000000000007,-0.7514871751101987,7.848122657993904e-11,0.3615238346980697
0.9460000000000007,-0.7514871751101992,6.200747989203438e-11,0.3615238346980707
0.9480000000000007,-0.7514871751101992,4.899175241295397e-11,0.36152383469807076
0.9500000000000007,-0.7514871751101988,3.8708087767325644e-11,0.3615238346980697
0.9520000000000007,-0.7514871751102005,3.0582997635155794e-11,0.3615238346980697
0.9540000000000007,-0.7514871751101992,2.4163400388276058e-11,0.36152383469807015
0.9560000000000007,-0.7514871751101988,1.909138432032897e-11,0.36152383469807003
0.9580000000000007,-0.7514871751101989,1.5083966800735167e-11,0.36152383469806976
0.9600000000000007,-0.7514871751101992,1.1917732713832646e-11,0.3615238346980698
0.9620000000000007,-0.7514871751101989,9.41610594978097e-12,0.36152383469807037
0.9640000000000007,-0.7514871751101995,7.439550968664044e-12,0.36152383469807003
0.9660000000000007,-0.7514871751101986,5.877971781631342e-12,0.3615238346980697
0.9680000000000007,-0.7514871751101991,4.6441522582288935e-12,0.36152383469806904
0.9700000000000008,-0.7514871751101987,3.669217723624873e-12,0.36152383469806965
0.9720000000000008,-0.7514871751101996,2.8990462034800947e-12,0.36152383469806937
0.9740000000000008,-0.7514871751101992,2.2905115304450163e-12,0.36152383469807003
0.9760000000000008,-0.7514871751101986,1.809724648245028e-12,0.36152383469806904
0.9780000000000008,-0.7514871751101992,1.4298313733456496e-12,0.3615238346980708
0.9800000000000008,-0.7514871751101992,1.1296779976555625e-12,0.3615238346980687
0.9820000000000008,-0.7514871751101995,8.925193922959943e-13,0.3615238346980697
0.9840000000000008,-0.7514871751101984,7.052005497161485e-13,0.36152383469807037
0.9860000000000008,-0.7514871751101998,5.571369817096277e-13,0.36152383469807015
0.9880000000000008,-0.7514871751101998,4.4017925926622295e-13,0.36152383469806904
0.9900000000000008,-0.751487175110199,3.477162876644781e-13,0.36152383469807037
0.9920000000000008,-0.7514871751101998,2.7476677317043093e-13,0.36152383469807076
0.9940000000000008,-0.7514871751101996,2.1702530181490772e-13,0.36152383469806976
0.9960000000000008,-0.751487175110199,1.7147434580111614e-13,0.3615238346980705
0.9980000000000008,-0.7514871751101992,1.3544529454194663e-13,0.3615238346980687
1.0000000000000007,-0.7514871751101992,1.0705760982558522e-13,0.3615238346980697
1.0020000000000007,-0.7514871751101989,8.451538174905283e-14,0.36152383469806937
1.0040000000000007,-0.7514871751101995,6.674594518616313e-14,0.3615238346980704
1.0060000000000007,-0.751487175110199,5.273360814079981e-14,0.3615238346980683
1.0080000000000007,-0.7514871751101992,4.167240968481563e-14,0.36152383469807003
1.0100000000000007,-0.7514871751102002,3.289569513412669e-14,0.36152383469807037
1.0120000000000007,-0.7514871751101992,2.6015933854035715e-14,0.36152383469806837
1.0140000000000007,-0.7514871751101995,2.0519390339422954e-14,0.3615238346980704
1.0160000000000007,-0.7514871751101992,1.6211675369291556e-14,0.3615238346980697
1.0180000000000007,-0.7514871751101996,1.2760730988966575e-14,0.36152383469806937
1.0200000000000007,-0.7514871751101984,1.005778093985184e-14,0.3615238346980697
1.0220000000000007,-0.7514871751101988,7.906051258035494e-15,0.36152383469807037
1.0240000000000007,-0.7514871751101992,6.237885880766092e-15,0.36152383469806937
1.0260000000000007,-0.7514871751101989,4.925455830436387e-15,0.36152383469807003
1.0280000000000007,-0.7514871751101998,3.866952569974808e-15,0.36152383469807037
1.0300000000000007,-0.751487175110199,3.0594498232386606e-15,0.36152383469807003
1.0320000000000007,-0.7514871751101998,2.355638349364465e-15,0.36152383469807015
1.0340000000000007,-0.7514871751101989,1.9010223610697698e-15,0.36152383469806837
1.0360000000000007,-0.7514871751101995,1.4337038884555907e-15,0.36152383469806837
1.0380000000000007,-0.7514871751101996,1.1028634910187714e-15,0.36152383469807003
1.0400000000000007,-0.7514871751101998,8.672159641268586e-16,0.36152383469806915
1.0420000000000007,-0.7514871751101995,7.195935079023322e-16,0.36152383469807076
1.0440000000000007,-0.7514871751101994,5.641189163679108e-16,0.36152383469807076
1.0460000000000007,-0.7514871751101992,4.61520988338546e-16,0.36152383469807037
1.0480000000000007,-0.7514871751101992,2.9672225812074933e-16,0.36152383469807037
1.0500000000000007,-0.7514871751101992,2.70267725112103e-16,0.36152383469807037
1.0520000000000007,-0.7514871751101992,1.6228118873254638e-16,0.36152383469807037
1.0540000000000007,-0.7514871751101991,1.3793244079080605e-17,0.36152383469806976
1.0560000000000007,-0.7514871751101991,-5.182245977280537e-19,0.36152383469806976
1.0580000000000007,-0.7514871751101991,-1.2227608060571502e-17,0.36152383469806976
1.0600000000000007,-0.7514871751101991,-4.345263062815403e-17,0.36152383469806976
1.0620000000000007,-0.7514871751101991,-2.957484282033957e-17,0.36152383469806976
1.0640000000000007,-0.7514871751101991,-2.0901225440455537e-17,0.36152383469806976
1.0660000000000007,-0.7514871751101991,-2.2202268047438142e-17,0.36152383469806976
1.0680000000000007,-0.7514871751101991,-4.2802109324662727e-17,0.36152383469806976
1.0700000000000007,-0.7514871751101991,-7.424397232674236e-17,0.36152383469806976
1.0720000000000007,-0.7514871751101991,-5.125888627004966e-17,0.36152383469806976
1.0740000000000007,-0.7514871751101991,-5.125888627004966e-17,0.36152383469806976
1.0760000000000007,-0.7514871751101991,-6.687139755384093e-17,0.36152383469806976
1.0780000000000007,-0.7514871751101991,-6.947348276780614e-17,0.36152383469806976
1.0800000000000007,-0.7514871751101991,-7.706289797520467e-17,0.36152383469806976
1.0820000000000007,-0.7514871751101991,-1.0373427141834808e-16,0.36152383469806976
1.0840000000000007,-0.7514871751101991,-7.446081276123946e-17,0.36152383469806976
1.0860000000000007,-0.7514871751101991,-9.592801577645244e-17,0.36152383469806976
1.0880000000000007,-0.7514871751101991,-9.896378185941186e-17,0.36152383469806976
1.0900000000000007,-0.7514871751101991,-7.684605754070757e-17,0.36152383469806976
1.0920000000000007,-0.7514871751101991,-7.381029145774815e-17,0.36152383469806976
1.0940000000000007,-0.7514871751101991,-5.386097148401487e-17,0.36152383469806976
1.0960000000000008,-0.7514871751101991,-5.4294652353009074e-17,0.36152383469806976
1.0980000000000008,-0.7514871751101991,-7.381029145774815e-17,0.36152383469806976
1.1000000000000008,-0.7514871751101991,-7.424397232674236e-17,0.36152383469806976
1.1020000000000008,-0.7514871751101991,-5.039152453206126e-17,0.36152383469806976
1.1040000000000008,-0.7514871751101991,-9.939746272840606e-17,0.36152383469806976
1.1060000000000008,-0.7514871751101991,-1.0633635663231329e-16,0.36152383469806976
1.1080000000000008,-0.7514871751101991,-5.169256713904386e-17,0.36152383469806976
1.1100000000000008,-0.7514871751101991,-7.706289797520467e-17,0.36152383469806976
1.1120000000000008,-0.7514871751101991,-9.549433490745824e-17,0.36152383469806976
1.1140000000000008,-0.7514871751101991,-7.771341927869597e-17,0.36152383469806976
1.1160000000000008,-0.7514871751101991,-1.0590267576331908e-16,0.36152383469806976
1.1180000000000008,-0.7514871751101991,-5.342729061502067e-17,0.36152383469806976
1.1200000000000008,-0.7514871751101991,-8.248390883763219e-17,0.36152383469806976
1.1220000000000008,-0.7514871751101991,-7.511133406473076e-17,0.36152383469806976
1.1240000000000008,-0.7514871751101991,-8.226706840313509e-17,0.36152383469806976
1.1260000000000008,-0.7514871751101991,-7.446081276123946e-17,0.36152383469806976
1.1280000000000008,-0.7514871751101991,-1.0481847359083358e-16,0.36152383469806976
1.1300000000000008,-0.7514871751101991,-7.706289797520467e-17,0.36152383469806976
1.1320000000000008,-0.7514871751101991,-8.053234492715828e-17,0.36152383469806976
1.1340000000000008,-0.7514871751101991,-6.903980189881193e-17,0.36152383469806976
1.1360000000000008,-0.7514871751101991,-7.532817449922786e-17,0.36152383469806976
1.1380000000000008,-0.7514871751101991,-8.291758970662639e-17,0.36152383469806976
1.1400000000000008,-0.7514871751101991,-7.684605754070757e-17,0.36152383469806976
1.1420000000000008,-0.7514871751101991,-1.119742079292379e-16,0.36152383469806976
1.1440000000000008,-0.7514871751101991,-7.012400407129744e-17,0.36152383469806976
1.1460000000000008,-0.7514871751101991,-8.291758970662639e-17,0.36152383469806976
1.1480000000000008,-0.7514871751101991,-7.467765319573656e-17,0.36152383469806976
1.1500000000000008,-0.7514871751101991,-8.205022796863799e-17,0.36152383469806976
1.1520000000000008,-0.7514871751101991,-6.687139755384093e-17,0.36152383469806976
1.1540000000000008,-0.7514871751101991,-7.511133406473076e-17,0.36152383469806976
1.1560000000000008,-0.7514871751101991,-8.226706840313509e-17,0.36152383469806976
1.1580000000000008,-0.7514871751101991,-7.641237667171336e-17,0.36152383469806976
1.1600000000000008,-0.7514871751101991,-9.809642012142345e-17,0.36152383469806976
1.1620000000000008,-0.7514871751101991,-1.2303307008859005e-16,0.36152383469806976
1.1640000000000008,-0.7514871751101991,-6.947348276780614e-17,0.36152383469806976
1.1660000000000008,-0.7514871751101991,-7.511133406473076e-17,0.36152383469806976
1.1680000000000008,-0.7514871751101991,-5.299360974602647e-17,0.36152383469806976
1.1700000000000008,-0.7514871751101991,-1.2238254878509875e-16,0.36152383469806976
1.1720000000000008,-0.7514871751101991,-8.248390883763219e-17,0.36152383469806976
1.1740000000000008,-0.7514871751101991,-7.446081276123946e-17,0.36152383469806976
1.1760000000000008,-0.7514871751101991,-1.0481847359083358e-16,0.36152383469806976
1.1780000000000008,-0.7514871751101991,-7.424397232674236e-17,0.36152383469806976
1.1800000000000008,-0.7514871751101991,-1.0546899489432488e-16,0.36152383469806976
1.1820000000000008,-0.7514871751101991,-7.684605754070757e-17,0.36152383469806976
1.1840000000000008,-0.7514871751101991,-1.0677003750130749e-16,0.36152383469806976
1.1860000000000008,-0.7514871751101991,-7.706289797520467e-17,0.36152383469806976
1.1880000000000008,-0.7514871751101991,-8.248390883763219e-17,0.36152383469806976
1.1900000000000008,-0.7514871751101991,-5.125888627004966e-17,0.36152383469806976
1.1920000000000008,-0.7514871751101991,-5.386097148401487e-17,0.36152383469806976
1.1940000000000008,-0.7514871751101991,-5.1909407573540964e-17,0.36152383469806976
1.1960000000000008,-0.7514871751101991,-9.961430316290316e-17,0.36152383469806976
1.1980000000000008,-0.7514871751101991,-7.077452537478874e-17,0.36152383469806976
1.2000000000000008,-0.7514871751101991,-6.990716363680034e-17,0.36152383469806976
1.2020000000000008,-0.7514871751101991,-5.342729061502067e-17,0.36152383469806976
1.2040000000000008,-0.7514871751101991,-8.335127057562059e-17,0.36152383469806976
1.2060000000000008,-0.7514871751101991,-1.0633635663231329e-16,0.36152383469806976
1.2080000000000009,-0.7514871751101991,-7.294292971975975e-17,0.36152383469806976
1.2100000000000009,-0.7514871751101991,-6.773875929182933e-17,0.36152383469806976
1.2120000000000009,-0.7514871751101991,-6.687139755384093e-17,0.36152383469806976
1.2140000000000009,-0.7514871751101991,-7.511133406473076e-17,0.36152383469806976
1.2160000000000009,-0.7514871751101991,-1.0546899489432488e-16,0.36152383469806976
1.2180000000000009,-0.7514871751101991,-7.619553623721626e-17,0.36152383469806976
1.2200000000000009,-0.7514871751101991,-8.855544100355101e-17,0.36152383469806976
1.2220000000000009,-0.7514871751101991,-8.335127057562059e-17,0.36152383469806976
1.2240000000000009,-0.7514871751101991,-8.291758970662639e-17,0.36152383469806976
1.2260000000000009,-0.7514871751101991,-6.860612102981773e-17,0.36152383469806976
1.2280000000000009,-0.7514871751101991,-5.082520540105546e-17,0.36152383469806976
1.2300000000000009,-0.7514871751101991,-8.291758970662639e-17,0.36152383469806976
1.2320000000000009,-0.7514871751101991,-7.684605754070757e-17,0.36152383469806976
1.2340000000000009,-0.7514871751101991,-9.787957968692635e-17,0.36152383469806976
1.2360000000000009,-0.7514871751101991,-1.2281622965409295e-16,0.36152383469806976
1.2380000000000009,-0.7514871751101991,-8.335127057562059e-17,0.36152383469806976
1.2400000000000009,-0.7514871751101991,-9.787957968692635e-17,0.36152383469806976
1.2420000000000009,-0.7514871751101991,-9.983114359740026e-17,0.36152383469806976
1.2440000000000009,-0.7514871751101991,-3.9766343241703314e-17,0.36152383469806976
1.2460000000000009,-0.7514871751101991,-6.687139755384093e-17,0.36152383469806976
1.2480000000000009,-0.7514871751101991,-7.424397232674236e-17,0.36152383469806976
1.2500000000000009,-0.7514871751101991,-7.641237667171336e-17,0.36152383469806976
1.252000000000001,-0.7514871751101991,-9.961430316290316e-17,0.36152383469806976
1.254000000000001,-0.7514871751101991,-5.99325036499337e-17,0.36152383469806976
1.256000000000001,-0.7514871751101991,-7.727973840970177e-17,0.36152383469806976
1.258000000000001,-0.7514871751101991,-9.787957968692635e-17,0.36152383469806976
1.260000000000001,-0.7514871751101991,-1.0156586707337707e-16,0.36152383469806976
1.262000000000001,-0.7514871751101991,-9.787957968692635e-17,0.36152383469806976
1.264000000000001,-0.7514871751101991,-8.898912187254522e-17,0.36152383469806976
1.266000000000001,-0.7514871751101991,-1.0546899489432488e-16,0.36152383469806976
1.268000000000001,-0.7514871751101991,-8.226706840313509e-17,0.36152383469806976
1.270000000000001,-0.7514871751101991,-4.431999236614243e-17,0.36152383469806976
1.272000000000001,-0.7514871751101991,-7.511133406473076e-17,0.36152383469806976
1.274000000000001,-0.7514871751101991,-9.961430316290316e-17,0.36152383469806976
1.276000000000001,-0.7514871751101991,-5.99325036499337e-17,0.36152383469806976
1.278000000000001,-0.7514871751101991,-5.342729061502067e-17,0.36152383469806976
1.280000000000001,-0.7514871751101991,-1.0460163315633648e-16,0.36152383469806976
1.282000000000001,-0.7514871751101991,-5.342729061502067e-17,0.36152383469806976
1.284000000000001,-0.7514871751101991,-1.115405270602437e-16,0.36152383469806976
1.286000000000001,-0.7514871751101991,-9.289224969349303e-17,0.36152383469806976
1.288000000000001,-0.7514871751101991,-7.381029145774815e-17,0.36152383469806976
1.290000000000001,-0.7514871751101991,-7.706289797520467e-17,0.36152383469806976
1.292000000000001,-0.7514871751101991,-9.983114359740026e-17,0.36152383469806976
1.294000000000001,-0.7514871751101991,-7.727973840970177e-17,0.36152383469806976
1.296000000000001,-0.7514871751101991,-1.0330059054935387e-16,0.36152383469806976
1.298000000000001,-0.7514871751101991,-6.730507842283513e-17,0.36152383469806976
1.300000000000001,-0.7514871751101991,-6.990716363680034e-17,0.36152383469806976
1.302000000000001,-0.7514871751101991,-7.727973840970177e-17,0.36152383469806976
1.304000000000001,-0.7514871751101991,-8.074918536165538e-17,0.36152383469806976
1.306000000000001,-0.7514871751101991,-6.903980189881193e-17,0.36152383469806976
1.308000000000001,-0.7514871751101991,-6.990716363680034e-17,0.36152383469806976
1.310000000000001,-0.7514871751101991,-5.125888627004966e-17,0.36152383469806976
1.312000000000001,-0.7514871751101991,-7.446081276123946e-17,0.36152383469806976
1.314000000000001,-0.7514871751101991,-1.0546899489432488e-16,0.36152383469806976
1.316000000000001,-0.7514871751101991,-9.961430316290316e-17,0.36152383469806976
1.318000000000001,-0.7514871751101991,-8.291758970662639e-17,0.36152383469806976
1.320000000000001,-0.7514871751101991,-7.467765319573656e-17,0.36152383469806976
1.322000000000001,-0.7514871751101991,-9.961430316290316e-17,0.36152383469806976
1.324000000000001,-0.7514871751101991,-5.99325036499337e-17,0.36152383469806976
1.326000000000001,-0.7514871751101991,-6.860612102981773e-17,0.36152383469806976
1.328000000000001,-0.7514871751101991,-7.467765319573656e-17,0.36152383469806976
1.330000000000001,-0.7514871751101991,-9.896378185941186e-17,0.36152383469806976
1.332000000000001,-0.7514871751101991,-8.37849514446148e-17,0.36152383469806976
1.334000000000001,-0.7514871751101991,-1.0113218620438287e-16,0.36152383469806976
1.336000000000001,-0.7514871751101991,-1.098058035842669e-16,0.36152383469806976
1.338000000000001,-0.7514871751101991,-8.205022796863799e-17,0.36152383469806976
1.340000000000001,-0.7514871751101991,-4.388631149714823e-17,0.36152383469806976
1.342000000000001,-0.7514871751101991,-9.267540925899593e-17,0.36152383469806976
1.344000000000001,-0.7514871751101991,-9.701221794893795e-17,0.36152383469806976
1.346000000000001,-0.7514871751101991,-7.250924885076555e-17,0.36152383469806976
1.348000000000001,-0.7514871751101991,-6.947348276780614e-17,0.36152383469806976
1.350000000000001,-0.7514871751101991,-7.727973840970177e-17,0.36152383469806976
1.352000000000001,-0.7514871751101991,-8.118286623064958e-17,0.36152383469806976
1.354000000000001,-0.7514871751101991,-6.903980189881193e-17,0.36152383469806976
1.356000000000001,-0.7514871751101991,-7.554501493372496e-17,0.36152383469806976
1.358000000000001,-0.7514871751101991,-1.0308375011485677e-16,0.36152383469806976
1.360000000000001,-0.7514871751101991,-7.706289797520467e-17,0.36152383469806976
1.362000000000001,-0.7514871751101991,-8.226706840313509e-17,0.36152383469806976
1.364000000000001,-0.7514871751101991,-7.424397232674236e-17,0.36152383469806976
1.366000000000001,-0.7514871751101991,-7.641237667171336e-17,0.36152383469806976
1.368000000000001,-0.7514871751101991,-1.089384418462785e-16,0.36152383469806976
1.370000000000001,-0.7514871751101991,-4.2585268890165626e-17,0.36152383469806976
1.372000000000001,-0.7514871751101991,-6.925664233330903e-17,0.36152383469806976
1.374000000000001,-0.7514871751101991,-1.0720371837030169e-16,0.36152383469806976
1.376000000000001,-0.7514871751101991,-9.853010099041765e-17,0.36152383469806976
1.378000000000001,-0.7514871751101991,-8.291758970662639e-17,0.36152383469806976
1.380000000000001,-0.7514871751101991,-7.684605754070757e-17,0.36152383469806976
1.382000000000001,-0.7514871751101991,-8.37849514446148e-17,0.36152383469806976
1.384000000000001,-0.7514871751101991,-8.898912187254522e-17,0.36152383469806976
1.386000000000001,-0.7514871751101991,-8.205022796863799e-17,0.36152383469806976
1.388000000000001,-0.7514871751101991,-5.125888627004966e-17,0.36152383469806976
1.390000000000001,-0.7514871751101991,-7.619553623721626e-17,0.36152383469806976
1.392000000000001,-0.7514871751101991,-7.446081276123946e-17,0.36152383469806976
1.394000000000001,-0.7514871751101991,-1.0633635663231329e-16,0.36152383469806976
1.396000000000001,-0.7514871751101991,-6.947348276780614e-17,0.36152383469806976
1.398000000000001,-0.7514871751101991,-9.853010099041765e-17,0.36152383469806976
1.400000000000001,-0.7514871751101991,-6.687139755384093e-17,0.36152383469806976
1.402000000000001,-0.7514871751101991,-7.597869580271916e-17,0.36152383469806976
1.404000000000001,-0.7514871751101991,-9.766273925242925e-17,0.36152383469806976
1.406000000000001,-0.7514871751101991,-7.684605754070757e-17,0.36152383469806976
1.408000000000001,-0.7514871751101991,-1.0590267576331908e-16,0.36152383469806976
1.410000000000001,-0.7514871751101991,-7.619553623721626e-17,0.36152383469806976
1.412000000000001,-0.7514871751101991,-8.898912187254522e-17,0.36152383469806976
1.414000000000001,-0.7514871751101991,-8.205022796863799e-17,0.36152383469806976
1.416000000000001,-0.7514871751101991,-6.773875929182933e-17,0.36152383469806976
1.418000000000001,-0.7514871751101991,-7.706289797520467e-17,0.36152383469806976
1.420000000000001,-0.7514871751101991,-1.0416795228734228e-16,0.36152383469806976
1.422000000000001,-0.7514871751101991,-5.125888627004966e-17,0.36152383469806976
1.424000000000001,-0.7514871751101991,-5.386097148401487e-17,0.36152383469806976
1.426000000000001,-0.7514871751101991,-7.381029145774815e-17,0.36152383469806976
1.428000000000001,-0.7514871751101991,-1.115405270602437e-16,0.36152383469806976
1.430000000000001,-0.7514871751101991,-7.424397232674236e-17,0.36152383469806976
1.432000000000001,-0.7514871751101991,-7.641237667171336e-17,0.36152383469806976
1.434000000000001,-0.7514871751101991,-9.809642012142345e-17,0.36152383469806976
1.436000000000001,-0.7514871751101991,-7.684605754070757e-17,0.36152383469806976
1.438000000000001,-0.7514871751101991,-1.0503531402533068e-16,0.36152383469806976
1.440000000000001,-0.7514871751101991,-1.0373427141834808e-16,0.36152383469806976
1.442000000000001,-0.7514871751101991,-7.467765319573656e-17,0.36152383469806976
1.444000000000001,-0.7514871751101991,-7.684605754070757e-17,0.36152383469806976
1.446000000000001,-0.7514871751101991,-1.0156586707337707e-16,0.36152383469806976
1.448000000000001,-0.7514871751101991,-7.641237667171336e-17,0.36152383469806976
1.450000000000001,-0.7514871751101991,-8.335127057562059e-17,0.36152383469806976
1.452000000000001,-0.7514871751101991,-8.291758970662639e-17,0.36152383469806976
1.454000000000001,-0.7514871751101991,-7.684605754070757e-17,0.36152383469806976
1.456000000000001,-0.7514871751101991,-8.335127057562059e-17,0.36152383469806976
1.458000000000001,-0.7514871751101991,-9.809642012142345e-17,0.36152383469806976
1.460000000000001,-0.7514871751101991,-5.039152453206126e-17,0.36152383469806976
1.462000000000001,-0.7514871751101991,-9.853010099041765e-17,0.36152383469806976
1.464000000000001,-0.7514871751101991,-1.0677003750130749e-16,0.36152383469806976
1.466000000000001,-0.7514871751101991,-7.706289797520467e-17,0.36152383469806976
1.468000000000001,-0.7514871751101991,-5.97156632154366e-17,0.36152383469806976
1.470000000000001,-0.7514871751101991,-5.039152453206126e-17,0.36152383469806976
1.472000000000001,-0.7514871751101991,-6.12335462569163e-17,0.36152383469806976
1.474000000000001,-0.7514871751101991,-7.706289797520467e-17,0.36152383469806976
1.476000000000001,-0.7514871751101991,-1.0546899489432488e-16,0.36152383469806976
1.478000000000001,-0.7514871751101991,-8.335127057562059e-17,0.36152383469806976
1.480000000000001,-0.7514871751101991,-1.0373427141834808e-16,0.36152383469806976
1.482000000000001,-0.7514871751101991,-9.289224969349303e-17,0.36152383469806976
1.484000000000001,-0.7514871751101991,-7.424397232674236e-17,0.36152383469806976
1.486000000000001,-0.7514871751101991,-6.687139755384093e-17,0.36152383469806976
1.488000000000001,-0.7514871751101991,-6.903980189881193e-17,0.36152383469806976
1.490000000000001,-0.7514871751101991,-5.039152453206126e-17,0.36152383469806976
1.492000000000001,-0.7514871751101991,-8.226706840313509e-17,0.36152383469806976
1.494000000000001,-0.7514871751101991,-7.164188711277714e-17,0.36152383469806976
1.496000000000001,-0.7514871751101991,-8.248390883763219e-17,0.36152383469806976
1.498000000000001,-0.7514871751101991,-8.248390883763219e-17,0.36152383469806976
1.500000000000001,-0.7514871751101991,-7.446081276123946e-17,0.36152383469806976
1.5020000000000011,-0.7514871751101991,-8.335127057562059e-17,0.36152383469806976
1.5040000000000011,-0.7514871751101991,-1.115405270602437e-16,0.36152383469806976
1.5060000000000011,-0.7514871751101991,-6.903980189881193e-17,0.36152383469806976
1.5080000000000011,-0.7514871751101991,-7.554501493372496e-17,0.36152383469806976
1.5100000000000011,-0.7514871751101991,-9.787957968692635e-17,0.36152383469806976
1.5120000000000011,-0.7514871751101991,-7.684605754070757e-17,0.36152383469806976
1.5140000000000011,-0.7514871751101991,-9.983114359740026e-17,0.36152383469806976
1.5160000000000011,-0.7514871751101991,-7.446081276123946e-17,0.36152383469806976
1.5180000000000011,-0.7514871751101991,-8.291758970662639e-17,0.36152383469806976
1.5200000000000011,-0.7514871751101991,-7.532817449922786e-17,0.36152383469806976
1.5220000000000011,-0.7514871751101991,-7.641237667171336e-17,0.36152383469806976
1.5240000000000011,-0.7514871751101991,-9.939746272840606e-17,0.36152383469806976
1.5260000000000011,-0.7514871751101991,-5.97156632154366e-17,0.36152383469806976
1.5280000000000011,-0.7514871751101991,-5.342729061502067e-17,0.36152383469806976
1.5300000000000011,-0.7514871751101991,-7.424397232674236e-17,0.36152383469806976
1.5320000000000011,-0.7514871751101991,-7.684605754070757e-17,0.36152383469806976
1.5340000000000011,-0.7514871751101991,-1.0460163315633648e-16,0.36152383469806976
1.5360000000000011,-0.7514871751101991,-6.817244016082353e-17,0.36152383469806976
1.5380000000000011,-0.7514871751101991,-6.557035494685832e-17,0.36152383469806976
1.5400000000000011,-0.7514871751101991,-1.2368359139208136e-16,0.36152383469806976
1.5420000000000011,-0.7514871751101991,-8.248390883763219e-17,0.36152383469806976
1.5440000000000011,-0.7514871751101991,-4.822312018709025e-17,0.36152383469806976
1.5460000000000012,-0.7514871751101991,-5.082520540105546e-17,0.36152383469806976
1.5480000000000012,-0.7514871751101991,-1.0633635663231329e-16,0.36152383469806976
1.5500000000000012,-0.7514871751101991,-4.605471584211924e-17,0.36152383469806976
1.5520000000000012,-0.7514871751101991,-1.0373427141834808e-16,0.36152383469806976
1.5540000000000012,-0.7514871751101991,-7.706289797520467e-17,0.36152383469806976
1.5560000000000012,-0.7514871751101991,-9.722905838343505e-17,0.36152383469806976
1.5580000000000012,-0.7514871751101991,-7.727973840970177e-17,0.36152383469806976
1.5600000000000012,-0.7514871751101991,-1.098058035842669e-16,0.36152383469806976
1.5620000000000012,-0.7514871751101991,-1.0286690968035967e-16,0.36152383469806976
1.5640000000000012,-0.7514871751101991,-8.291758970662639e-17,0.36152383469806976
1.5660000000000012,-0.7514871751101991,-7.619553623721626e-17,0.36152383469806976
1.5680000000000012,-0.7514871751101991,-8.335127057562059e-17,0.36152383469806976
1.5700000000000012,-0.7514871751101991,-8.291758970662639e-17,0.36152383469806976
1.5720000000000012,-0.7514871751101991,-5.299360974602647e-17,0.36152383469806976
1.5740000000000012,-0.7514871751101991,-1.0546899489432488e-16,0.36152383469806976
1.5760000000000012,-0.7514871751101991,-5.906514191194529e-17,0.36152383469806976
1.5780000000000012,-0.7514871751101991,-8.291758970662639e-17,0.36152383469806976
1.5800000000000012,-0.7514871751101991,-7.511133406473076e-17,0.36152383469806976
1.5820000000000012,-0.7514871751101991,-7.446081276123946e-17,0.36152383469806976
1.5840000000000012,-0.7514871751101991,-8.291758970662639e-17,0.36152383469806976
1.5860000000000012,-0.7514871751101991,-5.4294652353009074e-17,0.36152383469806976
1.5880000000000012,-0.7514871751101991,-6.860612102981773e-17,0.36152383469806976
1.5900000000000012,-0.7514871751101991,-7.467765319573656e-17,0.36152383469806976
1.5920000000000012,-0.7514871751101991,-1.0546899489432488e-16,0.36152383469806976
1.5940000000000012,-0.7514871751101991,-1.2628567660604657e-16,0.36152383469806976
1.5960000000000012,-0.7514871751101991,-6.860612102981773e-17,0.36152383469806976
1.5980000000000012,-0.7514871751101991,-7.034084450579454e-17,0.36152383469806976
1.6000000000000012,-0.7514871751101991,-7.706289797520467e-17,0.36152383469806976
1.6020000000000012,-0.7514871751101991,-1.089384418462785e-16,0.36152383469806976
1.6040000000000012,-0.7514871751101991,-5.125888627004966e-17,0.36152383469806976
1.6060000000000012,-0.7514871751101991,-7.467765319573656e-17,0.36152383469806976
1.6080000000000012,-0.7514871751101991,-7.619553623721626e-17,0.36152383469806976
1.6100000000000012,-0.7514871751101991,-1.0546899489432488e-16,0.36152383469806976
1.6120000000000012,-0.7514871751101991,-8.855544100355101e-17,0.36152383469806976
1.6140000000000012,-0.7514871751101991,-1.0481847359083358e-16,0.36152383469806976
1.6160000000000012,-0.7514871751101991,-9.766273925242925e-17,0.36152383469806976
1.6180000000000012,-0.7514871751101991,-9.462697316946984e-17,0.36152383469806976
1.6200000000000012,-0.7514871751101991,-6.07998653879221e-17,0.36152383469806976
1.6220000000000012,-0.7514871751101991,-8.226706840313509e-17,0.36152383469806976
1.6240000000000012,-0.7514871751101991,-7.164188711277714e-17,0.36152383469806976
1.6260000000000012,-0.7514871751101991,-5.125888627004966e-17,0.36152383469806976
1.6280000000000012,-0.7514871751101991,-4.865680105608445e-17,0.36152383469806976
1.6300000000000012,-0.7514871751101991,-7.446081276123946e-17,0.36152383469806976
1.6320000000000012,-0.7514871751101991,-9.961430316290316e-17,0.36152383469806976
1.6340000000000012,-0.7514871751101991,-7.467765319573656e-17,0.36152383469806976
1.6360000000000012,-0.7514871751101991,-6.03661845189279e-17,0.36152383469806976
1.6380000000000012,-0.7514871751101991,-6.947348276780614e-17,0.36152383469806976
1.6400000000000012,-0.7514871751101991,-8.898912187254522e-17,0.36152383469806976
1.6420000000000012,-0.7514871751101991,-8.898912187254522e-17,0.36152383469806976
1.6440000000000012,-0.7514871751101991,-1.0026482446639446e-16,0.36152383469806976
1.6460000000000012,-0.7514871751101991,-7.727973840970177e-17,0.36152383469806976
1.6480000000000012,-0.7514871751101991,-7.619553623721626e-17,0.36152383469806976
1.6500000000000012,-0.7514871751101991,-8.37849514446148e-17,0.36152383469806976
1.6520000000000012,-0.7514871751101991,-1.111068461912495e-16,0.36152383469806976
1.6540000000000012,-0.7514871751101991,-6.903980189881193e-17,0.36152383469806976
1.6560000000000012,-0.7514871751101991,-7.554501493372496e-17,0.36152383469806976
1.6580000000000013,-0.7514871751101991,-7.706289797520467e-17,0.36152383469806976
1.6600000000000013,-0.7514871751101991,-9.549433490745824e-17,0.36152383469806976
1.6620000000000013,-0.7514871751101991,-7.706289797520467e-17,0.36152383469806976
1.6640000000000013,-0.7514871751101991,-9.722905838343505e-17,0.36152383469806976
1.6660000000000013,-0.7514871751101991,-9.983114359740026e-17,0.36152383469806976
1.6680000000000013,-0.7514871751101991,-7.727973840970177e-17,0.36152383469806976
1.6700000000000013,-0.7514871751101991,-9.592801577645244e-17,0.36152383469806976
1.6720000000000013,-0.7514871751101991,-9.375961143148144e-17,0.36152383469806976
1.6740000000000013,-0.7514871751101991,-5.125888627004966e-17,0.36152383469806976
1.6760000000000013,-0.7514871751101991,-4.2585268890165626e-17,0.36152383469806976
1.6780000000000013,-0.7514871751101991,-4.5187354104130836e-17,0.36152383469806976
1.6800000000000013,-0.7514871751101991,-9.636169664544665e-17,0.36152383469806976
1.6820000000000013,-0.7514871751101991,-8.291758970662639e-17,0.36152383469806976
1.6840000000000013,-0.7514871751101991,-9.896378185941186e-17,0.36152383469806976
1.6860000000000013,-0.7514871751101991,-5.94988227809395e-17,0.36152383469806976
1.6880000000000013,-0.7514871751101991,-1.330077300754567e-16,0.36152383469806976
1.6900000000000013,-0.7514871751101991,-6.903980189881193e-17,0.36152383469806976
1.6920000000000013,-0.7514871751101991,-5.299360974602647e-17,0.36152383469806976
1.6940000000000013,-0.7514871751101991,-1.2715303834403497e-16,0.36152383469806976
1.6960000000000013,-0.7514871751101991,-7.446081276123946e-17,0.36152383469806976
1.6980000000000013,-0.7514871751101991,-8.335127057562059e-17,0.36152383469806976
1.7000000000000013,-0.7514871751101991,-1.0373427141834808e-16,0.36152383469806976
1.7020000000000013,-0.7514871751101991,-7.424397232674236e-17,0.36152383469806976
1.7040000000000013,-0.7514871751101991,-7.424397232674236e-17,0.36152383469806976
1.7060000000000013,-0.7514871751101991,-6.687139755384093e-17,0.36152383469806976
1.7080000000000013,-0.7514871751101991,-6.752191885733223e-17,0.36152383469806976
1.7100000000000013,-0.7514871751101991,-7.706289797520467e-17,0.36152383469806976
1.7120000000000013,-0.7514871751101991,-9.506065403846404e-17,0.36152383469806976
1.7140000000000013,-0.7514871751101991,-6.990716363680034e-17,0.36152383469806976
1.7160000000000013,-0.7514871751101991,-5.299360974602647e-17,0.36152383469806976
1.7180000000000013,-0.7514871751101991,-1.0460163315633648e-16,0.36152383469806976
1.7200000000000013,-0.7514871751101991,-8.335127057562059e-17,0.36152383469806976
1.7220000000000013,-0.7514871751101991,-1.0330059054935387e-16,0.36152383469806976
1.7240000000000013,-0.7514871751101991,-7.597869580271916e-17,0.36152383469806976
1.7260000000000013,-0.7514871751101991,-9.722905838343505e-17,0.36152383469806976
1.7280000000000013,-0.7514871751101991,-9.896378185941186e-17,0.36152383469806976
1.7300000000000013,-0.7514871751101991,-8.248390883763219e-17,0.36152383469806976
1.7320000000000013,-0.7514871751101991,-5.125888627004966e-17,0.36152383469806976
1.7340000000000013,-0.7514871751101991,-6.860612102981773e-17,0.36152383469806976
1.7360000000000013,-0.7514871751101991,-6.990716363680034e-17,0.36152383469806976
1.7380000000000013,-0.7514871751101991,-8.226706840313509e-17,0.36152383469806976
1.7400000000000013,-0.7514871751101991,-5.125888627004966e-17,0.36152383469806976
1.7420000000000013,-0.7514871751101991,-7.619553623721626e-17,0.36152383469806976
1.7440000000000013,-0.7514871751101991,-8.335127057562059e-17,0.36152383469806976
1.7460000000000013,-0.7514871751101991,-1.0373427141834808e-16,0.36152383469806976
1.7480000000000013,-0.7514871751101991,-5.386097148401487e-17,0.36152383469806976
1.7500000000000013,-0.7514871751101991,-9.809642012142345e-17,0.36152383469806976
1.7520000000000013,-0.7514871751101991,-8.898912187254522e-17,0.36152383469806976
1.7540000000000013,-0.7514871751101991,-8.226706840313509e-17,0.36152383469806976
1.7560000000000013,-0.7514871751101991,-5.299360974602647e-17,0.36152383469806976
1.7580000000000013,-0.7514871751101991,-1.0546899489432488e-16,0.36152383469806976
1.7600000000000013,-0.7514871751101991,-1.1761205922616253e-16,0.36152383469806976
1.7620000000000013,-0.7514871751101991,-1.0633635663231329e-16,0.36152383469806976
1.7640000000000013,-0.7514871751101991,-5.039152453206126e-17,0.36152383469806976
1.7660000000000013,-0.7514871751101991,-6.07998653879221e-17,0.36152383469806976
1.7680000000000013,-0.7514871751101991,-7.641237667171336e-17,0.36152383469806976
1.7700000000000014,-0.7514871751101991,-7.684605754070757e-17,0.36152383469806976
1.7720000000000014,-0.7514871751101991,-9.766273925242925e-17,0.36152383469806976
1.7740000000000014,-0.7514871751101991,-9.983114359740026e-17,0.36152383469806976
1.7760000000000014,-0.7514871751101991,-1.111068461912495e-16,0.36152383469806976
1.7780000000000014,-0.7514871751101991,-5.342729061502067e-17,0.36152383469806976
1.7800000000000014,-0.7514871751101991,-8.291758970662639e-17,0.36152383469806976
1.7820000000000014,-0.7514871751101991,-5.169256713904386e-17,0.36152383469806976
1.7840000000000014,-0.7514871751101991,-7.467765319573656e-17,0.36152383469806976
1.7860000000000014,-0.7514871751101991,-7.381029145774815e-17,0.36152383469806976
1.7880000000000014,-0.7514871751101991,-7.684605754070757e-17,0.36152383469806976
1.7900000000000014,-0.7514871751101991,-8.226706840313509e-17,0.36152383469806976
1.7920000000000014,-0.7514871751101991,-4.822312018709025e-17,0.36152383469806976
1.7940000000000014,-0.7514871751101991,-1.1674469748817413e-16,0.36152383469806976
1.7960000000000014,-0.7514871751101991,-1.0546899489432488e-16,0.36152383469806976
1.7980000000000014,-0.7514871751101991,-6.687139755384093e-17,0.36152383469806976
1.8000000000000014,-0.7514871751101991,-6.925664233330903e-17,0.36152383469806976
1.8020000000000014,-0.7514871751101991,-1.0633635663231329e-16,0.36152383469806976
1.8040000000000014,-0.7514871751101991,-5.125888627004966e-17,0.36152383469806976
1.8060000000000014,-0.7514871751101991,-5.4511492787506175e-17,0.36152383469806976
1.8080000000000014,-0.7514871751101991,-7.446081276123946e-17,0.36152383469806976
1.8100000000000014,-0.7514871751101991,-1.0481847359083358e-16,0.36152383469806976
1.8120000000000014,-0.7514871751101991,-7.684605754070757e-17,0.36152383469806976
1.8140000000000014,-0.7514871751101991,-8.898912187254522e-17,0.36152383469806976
1.8160000000000014,-0.7514871751101991,-9.137436665201333e-17,0.36152383469806976
1.8180000000000014,-0.7514871751101991,-8.291758970662639e-17,0.36152383469806976
1.8200000000000014,-0.7514871751101991,-7.511133406473076e-17,0.36152383469806976
1.8220000000000014,-0.7514871751101991,-9.983114359740026e-17,0.36152383469806976
1.8240000000000014,-0.7514871751101991,-7.684605754070757e-17,0.36152383469806976
1.8260000000000014,-0.7514871751101991,-7.381029145774815e-17,0.36152383469806976
1.8280000000000014,-0.7514871751101991,-8.898912187254522e-17,0.36152383469806976
1.8300000000000014,-0.7514871751101991,-1.0546899489432488e-16,0.36152383469806976
1.8320000000000014,-0.7514871751101991,-1.2498463399906396e-16,0.36152383469806976
1.8340000000000014,-0.7514871751101991,-6.643771668484672e-17,0.36152383469806976
1.8360000000000014,-0.7514871751101991,-4.605471584211924e-17,0.36152383469806976
1.8380000000000014,-0.7514871751101991,-8.291758970662639e-17,0.36152383469806976
1.8400000000000014,-0.7514871751101991,-7.858078101668437e-17,0.36152383469806976
1.8420000000000014,-0.7514871751101991,-9.787957968692635e-17,0.36152383469806976
1.8440000000000014,-0.7514871751101991,-1.0156586707337707e-16,0.36152383469806976
1.8460000000000014,-0.7514871751101991,-8.248390883763219e-17,0.36152383469806976
1.8480000000000014,-0.7514871751101991,-5.169256713904386e-17,0.36152383469806976
1.8500000000000014,-0.7514871751101991,-8.248390883763219e-17,0.36152383469806976
1.8520000000000014,-0.7514871751101991,-4.822312018709025e-17,0.36152383469806976
1.8540000000000014,-0.7514871751101991,-4.5187354104130836e-17,0.36152383469806976
1.8560000000000014,-0.7514871751101991,-7.077452537478874e-17,0.36152383469806976
1.8580000000000014,-0.7514871751101991,-9.853010099041765e-17,0.36152383469806976
1.8600000000000014,-0.7514871751101991,-7.424397232674236e-17,0.36152383469806976
1.8620000000000014,-0.7514871751101991,-1.0546899489432488e-16,0.36152383469806976
1.8640000000000014,-0.7514871751101991,-1.2303307008859005e-16,0.36152383469806976
1.8660000000000014,-0.7514871751101991,-6.990716363680034e-17,0.36152383469806976
1.8680000000000014,-0.7514871751101991,-9.809642012142345e-17,0.36152383469806976
1.8700000000000014,-0.7514871751101991,-4.388631149714823e-17,0.36152383469806976
1.8720000000000014,-0.7514871751101991,-8.812176013455681e-17,0.36152383469806976
1.8740000000000014,-0.7514871751101991,-4.2368428455668525e-17,0.36152383469806976
1.8760000000000014,-0.7514871751101991,-8.248390883763219e-17,0.36152383469806976
1.8780000000000014,-0.7514871751101991,-7.424397232674236e-17,0.36152383469806976
1.8800000000000014,-0.7514871751101991,-8.291758970662639e-17,0.36152383469806976
1.8820000000000014,-0.7514871751101991,-7.511133406473076e-17,0.36152383469806976
1.8840000000000015,-0.7514871751101991,-7.684605754070757e-17,0.36152383469806976
1.8860000000000015,-0.7514871751101991,-9.983114359740026e-17,0.36152383469806976
1.8880000000000015,-0.7514871751101991,-7.706289797520467e-17,0.36152383469806976
1.8900000000000015,-0.7514871751101991,-1.0026482446639446e-16,0.36152383469806976
1.8920000000000015,-0.7514871751101991,-7.424397232674236e-17,0.36152383469806976
1.8940000000000015,-0.7514871751101991,-7.641237667171336e-17,0.36152383469806976
1.8960000000000015,-0.7514871751101991,-1.0373427141834808e-16,0.36152383469806976
1.8980000000000015,-0.7514871751101991,-8.248390883763219e-17,0.36152383469806976
1.9000000000000015,-0.7514871751101991,-7.944814275467278e-17,0.36152383469806976
1.9020000000000015,-0.7514871751101991,-8.205022796863799e-17,0.36152383469806976
1.9040000000000015,-0.7514871751101991,-7.511133406473076e-17,0.36152383469806976
1.9060000000000015,-0.7514871751101991,-7.641237667171336e-17,0.36152383469806976
1.9080000000000015,-0.7514871751101991,-9.527749447296114e-17,0.36152383469806976
1.9100000000000015,-0.7514871751101991,-9.375961143148144e-17,0.36152383469806976
1.9120000000000015,-0.7514871751101991,-4.9524162794072854e-17,0.36152383469806976
1.9140000000000015,-0.7514871751101991,-5.4294652353009074e-17,0.36152383469806976
1.9160000000000015,-0.7514871751101991,-7.446081276123946e-17,0.36152383469806976
1.9180000000000015,-0.7514871751101991,-9.983114359740026e-17,0.36152383469806976
1.9200000000000015,-0.7514871751101991,-7.446081276123946e-17,0.36152383469806976
1.9220000000000015,-0.7514871751101991,-7.771341927869597e-17,0.36152383469806976
1.9240000000000015,-0.7514871751101991,-8.291758970662639e-17,0.36152383469806976
1.9260000000000015,-0.7514871751101991,-7.424397232674236e-17,0.36152383469806976
1.9280000000000015,-0.7514871751101991,-7.641237667171336e-17,0.36152383469806976
1.9300000000000015,-0.7514871751101991,-1.0416795228734228e-16,0.36152383469806976
1.9320000000000015,-0.7514871751101991,-1.0416795228734228e-16,0.36152383469806976
1.9340000000000015,-0.7514871751101991,-9.939746272840606e-17,0.36152383469806976
1.9360000000000015,-0.7514871751101991,-7.424397232674236e-17,0.36152383469806976
1.9380000000000015,-0.7514871751101991,-7.641237667171336e-17,0.36152383469806976
1.9400000000000015,-0.7514871751101991,-1.0330059054935387e-16,0.36152383469806976
1.9420000000000015,-0.7514871751101991,-6.730507842283513e-17,0.36152383469806976
1.9440000000000015,-0.7514871751101991,-7.532817449922786e-17,0.36152383469806976
1.9460000000000015,-0.7514871751101991,-1.0373427141834808e-16,0.36152383469806976
1.9480000000000015,-0.7514871751101991,-6.990716363680034e-17,0.36152383469806976
1.9500000000000015,-0.7514871751101991,-8.335127057562059e-17,0.36152383469806976
1.9520000000000015,-0.7514871751101991,-7.771341927869597e-17,0.36152383469806976
1.9540000000000015,-0.7514871751101991,-7.619553623721626e-17,0.36152383469806976
1.9560000000000015,-0.7514871751101991,-1.0720371837030169e-16,0.36152383469806976
1.9580000000000015,-0.7514871751101991,-9.853010099041765e-17,0.36152383469806976
1.9600000000000015,-0.7514871751101991,-9.245856882449883e-17,0.36152383469806976
1.9620000000000015,-0.7514871751101991,-7.619553623721626e-17,0.36152383469806976
1.9640000000000015,-0.7514871751101991,-9.722905838343505e-17,0.36152383469806976
1.9660000000000015,-0.7514871751101991,-9.419329230047564e-17,0.36152383469806976
1.9680000000000015,-0.7514871751101991,-2.0684385005958436e-17,0.36152383469806976
1.9700000000000015,-0.7514871751101991,-7.424397232674236e-17,0.36152383469806976
1.9720000000000015,-0.7514871751101991,-7.706289797520467e-17,0.36152383469806976
1.9740000000000015,-0.7514871751101991,-9.787957968692635e-17,0.36152383469806976
1.9760000000000015,-0.7514871751101991,-7.727973840970177e-17,0.36152383469806976
1.9780000000000015,-0.7514871751101991,-7.641237667171336e-17,0.36152383469806976
1.9800000000000015,-0.7514871751101991,-9.983114359740026e-17,0.36152383469806976
1.9820000000000015,-0.7514871751101991,-7.641237667171336e-17,0.36152383469806976
1.9840000000000015,-0.7514871751101991,-1.0330059054935387e-16,0.36152383469806976
1.9860000000000015,-0.7514871751101991,-6.817244016082353e-17,0.36152383469806976
1.9880000000000015,-0.7514871751101991,-3.65137367242468e-17,0.36152383469806976
1.9900000000000015,-0.7514871751101991,-7.641237667171336e-17,0.36152383469806976
1.9920000000000015,-0.7514871751101991,-9.983114359740026e-17,0.36152383469806976
1.9940000000000015,-0.7514871751101991,-6.990716363680034e-17,0.36152383469806976
1.9960000000000016,-0.7514871751101991,-7.337661058875395e-17,0.36152383469806976
1.9980000000000016,-0.7514871751101991,-9.896378185941186e-17,0.36152383469806976
2.0000000000000013,-0.7514871751101991,-8.226706840313509e-17,0.36152383469806976
2.002000000000001,-0.7514871751101991,-7.706289797520467e-17,0.36152383469806976
2.004000000000001,-0.7514871751101991,-8.074918536165538e-17,0.36152383469806976
2.0060000000000007,-0.7514871751101991,-6.903980189881193e-17,0.36152383469806976
2.0080000000000005,-0.7514871751101991,-7.641237667171336e-17,0.36152383469806976
2.0100000000000002,-0.7514871751101991,-1.0546899489432488e-16,0.36152383469806976
2.012,-0.7514871751101991,-9.267540925899593e-17,0.36152383469806976
2.014,-0.7514871751101991,-9.679537751444085e-17,0.36152383469806976
2.0159999999999996,-0.7514871751101991,-7.381029145774815e-17,0.36152383469806976
2.0179999999999993,-0.7514871751101991,-7.727973840970177e-17,0.36152383469806976
2.019999999999999,-0.7514871751101991,-7.619553623721626e-17,0.36152383469806976
2.021999999999999,-0.7514871751101991,-9.896378185941186e-17,0.36152383469806976
2.0239999999999987,-0.7514871751101991,-7.641237667171336e-17,0.36152383469806976
2.0259999999999985,-0.7514871751101991,-9.809642012142345e-17,0.36152383469806976
2.0279999999999982,-0.7514871751101991,-4.562103497312504e-17,0.36152383469806976
2.029999999999998,-0.7514871751101991,-7.727973840970177e-17,0.36152383469806976
2.031999999999998,-0.7514871751101991,-1.2238254878509875e-16,0.36152383469806976
2.0339999999999976,-0.7514871751101991,-8.37849514446148e-17,0.36152383469806976
2.0359999999999974,-0.7514871751101991,-9.809642012142345e-17,0.36152383469806976
2.037999999999997,-0.7514871751101991,-5.039152453206126e-17,0.36152383469806976
2.039999999999997,-0.7514871751101991,-1.0416795228734228e-16,0.36152383469806976
2.0419999999999967,-0.7514871751101991,-5.125888627004966e-17,0.36152383469806976
2.0439999999999965,-0.7514871751101991,-5.342729061502067e-17,0.36152383469806976
2.0459999999999963,-0.7514871751101991,-7.467765319573656e-17,0.36152383469806976
2.047999999999996,-0.7514871751101991,-1.0221638837686837e-16,0.36152383469806976
2.049999999999996,-0.7514871751101991,-8.291758970662639e-17,0.36152383469806976
2.0519999999999956,-0.7514871751101991,-7.511133406473076e-17,0.36152383469806976
2.0539999999999954,-0.7514871751101991,-7.641237667171336e-17,0.36152383469806976
2.055999999999995,-0.7514871751101991,-7.641237667171336e-17,0.36152383469806976
2.057999999999995,-0.7514871751101991,-1.0720371837030169e-16,0.36152383469806976
2.0599999999999947,-0.7514871751101991,-7.706289797520467e-17,0.36152383469806976
2.0619999999999945,-0.7514871751101991,-8.291758970662639e-17,0.36152383469806976
2.0639999999999943,-0.7514871751101991,-7.532817449922786e-17,0.36152383469806976
2.065999999999994,-0.7514871751101991,-1.0546899489432488e-16,0.36152383469806976
2.067999999999994,-0.7514871751101991,-8.291758970662639e-17,0.36152383469806976
2.0699999999999936,-0.7514871751101991,-6.860612102981773e-17,0.36152383469806976
2.0719999999999934,-0.7514871751101991,-5.125888627004966e-17,0.36152383469806976
2.073999999999993,-0.7514871751101991,-8.812176013455681e-17,0.36152383469806976
2.075999999999993,-0.7514871751101991,-6.687139755384093e-17,0.36152383469806976
2.0779999999999927,-0.7514871751101991,-7.012400407129744e-17,0.36152383469806976
2.0799999999999925,-0.7514871751101991,-7.424397232674236e-17,0.36152383469806976
2.0819999999999923,-0.7514871751101991,-7.077452537478874e-17,0.36152383469806976
2.083999999999992,-0.7514871751101991,-9.289224969349303e-17,0.36152383469806976
2.085999999999992,-0.7514871751101991,-1.0633635663231329e-16,0.36152383469806976
2.0879999999999916,-0.7514871751101991,-5.125888627004966e-17,0.36152383469806976
2.0899999999999914,-0.7514871751101991,-8.291758970662639e-17,0.36152383469806976
2.091999999999991,-0.7514871751101991,-7.684605754070757e-17,0.36152383469806976
2.093999999999991,-0.7514871751101991,-9.809642012142345e-17,0.36152383469806976
2.0959999999999908,-0.7514871751101991,-1.0048166490089156e-16,0.36152383469806976
2.0979999999999905,-0.7514871751101991,-7.706289797520467e-17,0.36152383469806976
2.0999999999999903,-0.7514871751101991,-7.619553623721626e-17,0.36152383469806976
2.10199999999999,-0.7514871751101991,-8.335127057562059e-17,0.36152383469806976
2.10399999999999,-0.7514871751101991,-8.335127057562059e-17,0.36152383469806976
2.1059999999999897,-0.7514871751101991,-9.939746272840606e-17,0.36152383469806976
2.1079999999999894,-0.7514871751101991,-7.727973840970177e-17,0.36152383469806976
2.109999999999989,-0.7514871751101991,-1.0590267576331908e-16,0.36152383469806976
2.111999999999989,-0.7514871751101991,-5.169256713904386e-17,0.36152383469806976
2.1139999999999888,-0.7514871751101991,-7.684605754070757e-17,0.36152383469806976
2.1159999999999886,-0.7514871751101991,-1.0373427141834808e-16,0.36152383469806976
2.1179999999999883,-0.7514871751101991,-7.424397232674236e-17,0.36152383469806976
2.119999999999988,-0.7514871751101991,-1.0460163315633648e-16,0.36152383469806976
2.121999999999988,-0.7514871751101991,-5.299360974602647e-17,0.36152383469806976
2.1239999999999877,-0.7514871751101991,-8.291758970662639e-17,0.36152383469806976
2.1259999999999875,-0.7514871751101991,-7.706289797520467e-17,0.36152383469806976
2.1279999999999872,-0.7514871751101991,-1.0546899489432488e-16,0.36152383469806976
2.129999999999987,-0.7514871751101991,-9.289224969349303e-17,0.36152383469806976
2.131999999999987,-0.7514871751101991,-8.291758970662639e-17,0.36152383469806976
2.1339999999999866,-0.7514871751101991,-7.641237667171336e-17,0.36152383469806976
2.1359999999999864,-0.7514871751101991,-8.335127057562059e-17,0.36152383469806976
2.137999999999986,-0.7514871751101991,-9.983114359740026e-17,0.36152383469806976
2.139999999999986,-0.7514871751101991,-5.125888627004966e-17,0.36152383469806976
2.1419999999999857,-0.7514871751101991,-6.687139755384093e-17,0.36152383469806976
2.1439999999999855,-0.7514871751101991,-6.990716363680034e-17,0.36152383469806976
2.1459999999999853,-0.7514871751101991,-1.0026482446639446e-16,0.36152383469806976
2.147999999999985,-0.7514871751101991,-7.641237667171336e-17,0.36152383469806976
2.149999999999985,-0.7514871751101991,-8.291758970662639e-17,0.36152383469806976
2.1519999999999846,-0.7514871751101991,-9.245856882449883e-17,0.36152383469806976
2.1539999999999844,-0.7514871751101991,-7.532817449922786e-17,0.36152383469806976
2.155999999999984,-0.7514871751101991,-1.0330059054935387e-16,0.36152383469806976
2.157999999999984,-0.7514871751101991,-6.925664233330903e-17,0.36152383469806976
2.1599999999999837,-0.7514871751101991,-1.102394844532611e-16,0.36152383469806976
2.1619999999999835,-0.7514871751101991,-9.072384534852202e-17,0.36152383469806976
2.1639999999999833,-0.7514871751101991,-7.511133406473076e-17,0.36152383469806976
2.165999999999983,-0.7514871751101991,-8.074918536165538e-17,0.36152383469806976
2.167999999999983,-0.7514871751101991,-6.903980189881193e-17,0.36152383469806976
2.1699999999999826,-0.7514871751101991,-6.990716363680034e-17,0.36152383469806976
2.1719999999999824,-0.7514871751101991,-5.125888627004966e-17,0.36152383469806976
2.173999999999982,-0.7514871751101991,-1.0633635663231329e-16,0.36152383469806976
2.175999999999982,-0.7514871751101991,-6.903980189881193e-17,0.36152383469806976
2.1779999999999817,-0.7514871751101991,-7.467765319573656e-17,0.36152383469806976
2.1799999999999815,-0.7514871751101991,-9.787957968692635e-17,0.36152383469806976
2.1819999999999813,-0.7514871751101991,-1.2476779356456686e-16,0.36152383469806976
2.183999999999981,-0.7514871751101991,-8.248390883763219e-17,0.36152383469806976
2.185999999999981,-0.7514871751101991,-7.120820624378294e-17,0.36152383469806976
2.1879999999999806,-0.7514871751101991,-5.039152453206126e-17,0.36152383469806976
2.1899999999999804,-0.7514871751101991,-1.0460163315633648e-16,0.36152383469806976
2.19199999999998,-0.7514871751101991,-6.860612102981773e-17,0.36152383469806976
2.19399999999998,-0.7514871751101991,-4.301894975915983e-17,0.36152383469806976
2.1959999999999797,-0.7514871751101991,-6.687139755384093e-17,0.36152383469806976
2.1979999999999795,-0.7514871751101991,-7.467765319573656e-17,0.36152383469806976
2.1999999999999793,-0.7514871751101991,-9.787957968692635e-17,0.36152383469806976
2.201999999999979,-0.7514871751101991,-1.2303307008859005e-16,0.36152383469806976
2.203999999999979,-0.7514871751101991,-8.291758970662639e-17,0.36152383469806976
2.2059999999999786,-0.7514871751101991,-5.2126248008038065e-17,0.36152383469806976
2.2079999999999784,-0.7514871751101991,-9.419329230047564e-17,0.36152383469806976
2.209999999999978,-0.7514871751101991,-1.0416795228734228e-16,0.36152383469806976
2.211999999999978,-0.7514871751101991,-1.0677003750130749e-16,0.36152383469806976
2.2139999999999778,-0.7514871751101991,-9.766273925242925e-17,0.36152383469806976
2.2159999999999775,-0.7514871751101991,-7.727973840970177e-17,0.36152383469806976
2.2179999999999773,-0.7514871751101991,-7.554501493372496e-17,0.36152383469806976
2.219999999999977,-0.7514871751101991,-7.706289797520467e-17,0.36152383469806976
2.221999999999977,-0.7514871751101991,-9.527749447296114e-17,0.36152383469806976
2.2239999999999767,-0.7514871751101991,-9.419329230047564e-17,0.36152383469806976
2.2259999999999764,-0.7514871751101991,-4.2368428455668525e-17,0.36152383469806976
2.227999999999976,-0.7514871751101991,-6.12335462569163e-17,0.36152383469806976
2.229999999999976,-0.7514871751101991,-7.727973840970177e-17,0.36152383469806976
2.231999999999976,-0.7514871751101991,-9.766273925242925e-17,0.36152383469806976
2.2339999999999756,-0.7514871751101991,-9.983114359740026e-17,0.36152383469806976
2.2359999999999753,-0.7514871751101991,-7.727973840970177e-17,0.36152383469806976
2.237999999999975,-0.7514871751101991,-7.684605754070757e-17,0.36152383469806976
2.239999999999975,-0.7514871751101991,-7.706289797520467e-17,0.36152383469806976
2.2419999999999747,-0.7514871751101991,-1.0373427141834808e-16,0.36152383469806976
2.2439999999999745,-0.7514871751101991,-5.2126248008038065e-17,0.36152383469806976
2.2459999999999742,-0.7514871751101991,-1.093721227152727e-16,0.36152383469806976
2.247999999999974,-0.7514871751101991,-7.381029145774815e-17,0.36152383469806976
2.249999999999974,-0.7514871751101991,-7.467765319573656e-17,0.36152383469806976
2.2519999999999736,-0.7514871751101991,-1.0373427141834808e-16,0.36152383469806976
2.2539999999999734,-0.7514871751101991,-5.169256713904386e-17,0.36152383469806976
2.255999999999973,-0.7514871751101991,-6.557035494685832e-17,0.36152383469806976
2.257999999999973,-0.7514871751101991,-1.0156586707337707e-16,0.36152383469806976
2.2599999999999727,-0.7514871751101991,-9.766273925242925e-17,0.36152383469806976
2.2619999999999725,-0.7514871751101991,-8.291758970662639e-17,0.36152383469806976
2.2639999999999723,-0.7514871751101991,-7.381029145774815e-17,0.36152383469806976
2.265999999999972,-0.7514871751101991,-6.16672271259105e-17,0.36152383469806976
2.267999999999972,-0.7514871751101991,-9.961430316290316e-17,0.36152383469806976
2.2699999999999716,-0.7514871751101991,-7.511133406473076e-17,0.36152383469806976
2.2719999999999714,-0.7514871751101991,-7.597869580271916e-17,0.36152383469806976
2.273999999999971,-0.7514871751101991,-1.115405270602437e-16,0.36152383469806976
2.275999999999971,-0.7514871751101991,-6.903980189881193e-17,0.36152383469806976
2.2779999999999707,-0.7514871751101991,-7.641237667171336e-17,0.36152383469806976
2.2799999999999705,-0.7514871751101991,-9.961430316290316e-17,0.36152383469806976
2.2819999999999703,-0.7514871751101991,-5.082520540105546e-17,0.36152383469806976
2.28399999999997,-0.7514871751101991,-6.687139755384093e-17,0.36152383469806976
2.28599999999997,-0.7514871751101991,-6.990716363680034e-17,0.36152383469806976
2.2879999999999696,-0.7514871751101991,-8.248390883763219e-17,0.36152383469806976
2.2899999999999694,-0.7514871751101991,-7.424397232674236e-17,0.36152383469806976
2.291999999999969,-0.7514871751101991,-8.248390883763219e-17,0.36152383469806976
2.293999999999969,-0.7514871751101991,-7.684605754070757e-17,0.36152383469806976
2.2959999999999687,-0.7514871751101991,-9.614485621094954e-17,0.36152383469806976
2.2979999999999685,-0.7514871751101991,-9.983114359740026e-17,0.36152383469806976
2.2999999999999683,-0.7514871751101991,-8.291758970662639e-17,0.36152383469806976
2.301999999999968,-0.7514871751101991,-7.597869580271916e-17,0.36152383469806976
2.303999999999968,-0.7514871751101991,-7.641237667171336e-17,0.36152383469806976
2.3059999999999676,-0.7514871751101991,-9.809642012142345e-17,0.36152383469806976
2.3079999999999674,-0.7514871751101991,-8.248390883763219e-17,0.36152383469806976
2.309999999999967,-0.7514871751101991,-7.641237667171336e-17,0.36152383469806976
2.311999999999967,-0.7514871751101991,-7.684605754070757e-17,0.36152383469806976
2.3139999999999668,-0.7514871751101991,-1.0026482446639446e-16,0.36152383469806976
2.3159999999999665,-0.7514871751101991,-5.342729061502067e-17,0.36152383469806976
2.3179999999999663,-0.7514871751101991,-1.0460163315633648e-16,0.36152383469806976
2.319999999999966,-0.7514871751101991,-6.860612102981773e-17,0.36152383469806976
2.321999999999966,-0.7514871751101991,-7.120820624378294e-17,0.36152383469806976
2.3239999999999656,-0.7514871751101991,-1.0243322881136547e-16,0.36152383469806976
2.3259999999999654,-0.7514871751101991,-4.822312018709025e-17,0.36152383469806976
2.327999999999965,-0.7514871751101991,-9.983114359740026e-17,0.36152383469806976
2.329999999999965,-0.7514871751101991,-7.771341927869597e-17,0.36152383469806976
2.3319999999999648,-0.7514871751101991,-7.641237667171336e-17,0.36152383469806976
2.3339999999999645,-0.7514871751101991,-1.0742055880479879e-16,0.36152383469806976
2.3359999999999643,-0.7514871751101991,-7.164188711277714e-17,0.36152383469806976
2.337999999999964,-0.7514871751101991,-1.089384418462785e-16,0.36152383469806976
2.339999999999964,-0.7514871751101991,-7.467765319573656e-17,0.36152383469806976
2.3419999999999637,-0.7514871751101991,-1.0330059054935387e-16,0.36152383469806976
2.3439999999999634,-0.7514871751101991,-7.554501493372496e-17,0.36152383469806976
2.3459999999999632,-0.7514871751101991,-6.817244016082353e-17,0.36152383469806976
2.347999999999963,-0.7514871751101991,-6.687139755384093e-17,0.36152383469806976
2.349999999999963,-0.7514871751101991,-7.727973840970177e-17,0.36152383469806976
2.3519999999999626,-0.7514871751101991,-8.248390883763219e-17,0.36152383469806976
2.3539999999999623,-0.7514871751101991,-7.164188711277714e-17,0.36152383469806976
2.355999999999962,-0.7514871751101991,-5.125888627004966e-17,0.36152383469806976
2.357999999999962,-0.7514871751101991,-6.491983364336702e-17,0.36152383469806976
2.3599999999999617,-0.7514871751101991,-1.2281622965409295e-16,0.36152383469806976
2.3619999999999615,-0.7514871751101991,-1.115405270602437e-16,0.36152383469806976
2.3639999999999612,-0.7514871751101991,-6.860612102981773e-17,0.36152383469806976
2.365999999999961,-0.7514871751101991,-6.773875929182933e-17,0.36152383469806976
2.367999999999961,-0.7514871751101991,-9.809642012142345e-17,0.36152383469806976
2.3699999999999606,-0.7514871751101991,-6.643771668484672e-17,0.36152383469806976
2.3719999999999604,-0.7514871751101991,-5.4294652353009074e-17,0.36152383469806976
2.37399999999996,-0.7514871751101991,-9.809642012142345e-17,0.36152383469806976
2.37599999999996,-0.7514871751101991,-4.9524162794072854e-17,0.36152383469806976
2.3779999999999597,-0.7514871751101991,-7.467765319573656e-17,0.36152383469806976
2.3799999999999595,-0.7514871751101991,-8.291758970662639e-17,0.36152383469806976
2.3819999999999593,-0.7514871751101991,-7.554501493372496e-17,0.36152383469806976
2.383999999999959,-0.7514871751101991,-7.641237667171336e-17,0.36152383469806976
2.385999999999959,-0.7514871751101991,-9.809642012142345e-17,0.36152383469806976
2.3879999999999586,-0.7514871751101991,-7.684605754070757e-17,0.36152383469806976
2.3899999999999584,-0.7514871751101991,-1.0590267576331908e-16,0.36152383469806976
2.391999999999958,-0.7514871751101991,-5.125888627004966e-17,0.36152383469806976
2.393999999999958,-0.7514871751101991,-8.291758970662639e-17,0.36152383469806976
2.3959999999999577,-0.7514871751101991,-7.923130232017568e-17,0.36152383469806976
2.3979999999999575,-0.7514871751101991,-1.0330059054935387e-16,0.36152383469806976
2.3999999999999573,-0.7514871751101991,-9.267540925899593e-17,0.36152383469806976
2.401999999999957,-0.7514871751101991,-7.706289797520467e-17,0.36152383469806976
2.403999999999957,-0.7514871751101991,-9.549433490745824e-17,0.36152383469806976
2.4059999999999566,-0.7514871751101991,-9.939746272840606e-17,0.36152383469806976
2.4079999999999564,-0.7514871751101991,-7.706289797520467e-17,0.36152383469806976
2.409999999999956,-0.7514871751101991,-7.597869580271916e-17,0.36152383469806976
2.411999999999956,-0.7514871751101991,-7.706289797520467e-17,0.36152383469806976
2.4139999999999557,-0.7514871751101991,-9.549433490745824e-17,0.36152383469806976
2.4159999999999555,-0.7514871751101991,-9.939746272840606e-17,0.36152383469806976
2.4179999999999553,-0.7514871751101991,-8.291758970662639e-17,0.36152383469806976
2.419999999999955,-0.7514871751101991,-5.125888627004966e-17,0.36152383469806976
2.421999999999955,-0.7514871751101991,-7.619553623721626e-17,0.36152383469806976
2.4239999999999546,-0.7514871751101991,-7.641237667171336e-17,0.36152383469806976
2.4259999999999544,-0.7514871751101991,-8.37849514446148e-17,0.36152383469806976
2.427999999999954,-0.7514871751101991,-1.0026482446639446e-16,0.36152383469806976
2.429999999999954,-0.7514871751101991,-7.424397232674236e-17,0.36152383469806976
2.4319999999999538,-0.7514871751101991,-7.727973840970177e-17,0.36152383469806976
2.4339999999999535,-0.7514871751101991,-9.766273925242925e-17,0.36152383469806976
2.4359999999999533,-0.7514871751101991,-7.641237667171336e-17,0.36152383469806976
2.437999999999953,-0.7514871751101991,-7.706289797520467e-17,0.36152383469806976
2.439999999999953,-0.7514871751101991,-1.089384418462785e-16,0.36152383469806976
2.4419999999999527,-0.7514871751101991,-4.5187354104130836e-17,0.36152383469806976
2.4439999999999524,-0.7514871751101991,-6.860612102981773e-17,0.36152383469806976
2.445999999999952,-0.7514871751101991,-5.125888627004966e-17,0.36152383469806976
2.447999999999952,-0.7514871751101991,-7.771341927869597e-17,0.36152383469806976
2.4499999999999518,-0.7514871751101991,-1.0330059054935387e-16,0.36152383469806976
2.4519999999999516,-0.7514871751101991,-7.727973840970177e-17,0.36152383469806976
2.4539999999999513,-0.7514871751101991,-1.0546899489432488e-16,0.36152383469806976
2.455999999999951,-0.7514871751101991,-1.0373427141834808e-16,0.36152383469806976
2.457999999999951,-0.7514871751101991,-7.424397232674236e-17,0.36152383469806976
2.4599999999999507,-0.7514871751101991,-7.424397232674236e-17,0.36152383469806976
2.4619999999999505,-0.7514871751101991,-1.0633635663231329e-16,0.36152383469806976
2.4639999999999502,-0.7514871751101991,-6.773875929182933e-17,0.36152383469806976
2.46599999999995,-0.7514871751101991,-5.125888627004966e-17,0.36152383469806976
2.46799999999995,-0.7514871751101991,-8.291758970662639e-17,0.36152383469806976
2.4699999999999496,-0.7514871751101991,-7.120820624378294e-17,0.36152383469806976
2.4719999999999493,-0.7514871751101991,-1.0503531402533068e-16,0.36152383469806976
2.473999999999949,-0.7514871751101991,-1.2303307008859005e-16,0.36152383469806976
2.475999999999949,-0.7514871751101991,-6.947348276780614e-17,0.36152383469806976
2.4779999999999487,-0.7514871751101991,-7.532817449922786e-17,0.36152383469806976
2.4799999999999485,-0.7514871751101991,-7.641237667171336e-17,0.36152383469806976
2.4819999999999482,-0.7514871751101991,-8.248390883763219e-17,0.36152383469806976
2.483999999999948,-0.7514871751101991,-6.947348276780614e-17,0.36152383469806976
2.485999999999948,-0.7514871751101991,-4.301894975915983e-17,0.36152383469806976
2.4879999999999476,-0.7514871751101991,-1.0026482446639446e-16,0.36152383469806976
2.4899999999999474,-0.7514871751101991,-6.947348276780614e-17,0.36152383469806976
2.491999999999947,-0.7514871751101991,-9.853010099041765e-17,0.36152383469806976
2.493999999999947,-0.7514871751101991,-6.07998653879221e-17,0.36152383469806976
2.4959999999999467,-0.7514871751101991,-8.291758970662639e-17,0.36152383469806976
2.4979999999999465,-0.7514871751101991,-9.029016447952782e-17,0.36152383469806976
2.4999999999999463,-0.7514871751101991,-5.386097148401487e-17,0.36152383469806976
2.501999999999946,-0.7514871751101991,-8.291758970662639e-17,0.36152383469806976
2.503999999999946,-0.7514871751101991,-7.771341927869597e-17,0.36152383469806976
2.5059999999999456,-0.7514871751101991,-7.684605754070757e-17,0.36152383469806976
2.5079999999999454,-0.7514871751101991,-1.091552822807756e-16,0.36152383469806976
2.509999999999945,-0.7514871751101991,-1.102394844532611e-16,0.36152383469806976
2.511999999999945,-0.7514871751101991,-9.267540925899593e-17,0.36152383469806976
2.5139999999999447,-0.7514871751101991,-5.99325036499337e-17,0.36152383469806976
2.5159999999999445,-0.7514871751101991,-7.381029145774815e-17,0.36152383469806976
2.5179999999999443,-0.7514871751101991,-7.381029145774815e-17,0.36152383469806976
2.519999999999944,-0.7514871751101991,-8.898912187254522e-17,0.36152383469806976
2.521999999999944,-0.7514871751101991,-1.0373427141834808e-16,0.36152383469806976
2.5239999999999436,-0.7514871751101991,-6.990716363680034e-17,0.36152383469806976
2.5259999999999434,-0.7514871751101991,-5.364413104951777e-17,0.36152383469806976
2.527999999999943,-0.7514871751101991,-5.125888627004966e-17,0.36152383469806976
2.529999999999943,-0.7514871751101991,-1.12191048363735e-16,0.36152383469806976
2.5319999999999427,-0.7514871751101991,-9.961430316290316e-17,0.36152383469806976
2.5339999999999425,-0.7514871751101991,-4.6922077580107643e-17,0.36152383469806976
2.5359999999999423,-0.7514871751101991,-1.0460163315633648e-16,0.36152383469806976
2.537999999999942,-0.7514871751101991,-4.5187354104130836e-17,0.36152383469806976
2.539999999999942,-0.7514871751101991,-4.822312018709025e-17,0.36152383469806976
2.5419999999999416,-0.7514871751101991,-1.2498463399906396e-16,0.36152383469806976
2.5439999999999414,-0.7514871751101991,-8.335127057562059e-17,0.36152383469806976
2.545999999999941,-0.7514871751101991,-1.2043098487462484e-16,0.36152383469806976
2.547999999999941,-0.7514871751101991,-9.007332404503072e-17,0.36152383469806976
2.5499999999999408,-0.7514871751101991,-7.446081276123946e-17,0.36152383469806976
2.5519999999999405,-0.7514871751101991,-9.787957968692635e-17,0.36152383469806976
2.5539999999999403,-0.7514871751101991,-7.467765319573656e-17,0.36152383469806976
2.55599999999994,-0.7514871751101991,-7.424397232674236e-17,0.36152383469806976
2.55799999999994,-0.7514871751101991,-6.860612102981773e-17,0.36152383469806976
2.5599999999999397,-0.7514871751101991,-7.446081276123946e-17,0.36152383469806976
2.5619999999999394,-0.7514871751101991,-9.983114359740026e-17,0.36152383469806976
2.563999999999939,-0.7514871751101991,-5.082520540105546e-17,0.36152383469806976
2.565999999999939,-0.7514871751101991,-7.424397232674236e-17,0.36152383469806976
2.5679999999999388,-0.7514871751101991,-1.0416795228734228e-16,0.36152383469806976
2.5699999999999386,-0.7514871751101991,-1.091552822807756e-16,0.36152383469806976
2.5719999999999383,-0.7514871751101991,-1.098058035842669e-16,0.36152383469806976
2.573999999999938,-0.7514871751101991,-7.771341927869597e-17,0.36152383469806976
2.575999999999938,-0.7514871751101991,-7.641237667171336e-17,0.36152383469806976
2.5779999999999377,-0.7514871751101991,-6.687139755384093e-17,0.36152383469806976
2.5799999999999375,-0.7514871751101991,-7.467765319573656e-17,0.36152383469806976
2.5819999999999372,-0.7514871751101991,-7.641237667171336e-17,0.36152383469806976
2.583999999999937,-0.7514871751101991,-9.766273925242925e-17,0.36152383469806976
2.585999999999937,-0.7514871751101991,-6.947348276780614e-17,0.36152383469806976
2.5879999999999366,-0.7514871751101991,-5.039152453206126e-17,0.36152383469806976
2.5899999999999364,-0.7514871751101991,-1.119742079292379e-16,0.36152383469806976
2.591999999999936,-0.7514871751101991,-7.532817449922786e-17,0.36152383469806976
2.593999999999936,-0.7514871751101991,-6.817244016082353e-17,0.36152383469806976
2.5959999999999357,-0.7514871751101991,-5.082520540105546e-17,0.36152383469806976
2.5979999999999355,-0.7514871751101991,-8.291758970662639e-17,0.36152383469806976
2.5999999999999353,-0.7514871751101991,-7.467765319573656e-17,0.36152383469806976
2.601999999999935,-0.7514871751101991,-9.983114359740026e-17,0.36152383469806976
2.603999999999935,-0.7514871751101991,-7.706289797520467e-17,0.36152383469806976
2.6059999999999346,-0.7514871751101991,-9.549433490745824e-17,0.36152383469806976
2.6079999999999344,-0.7514871751101991,-9.419329230047564e-17,0.36152383469806976
2.609999999999934,-0.7514871751101991,-4.822312018709025e-17,0.36152383469806976
2.611999999999934,-0.7514871751101991,-1.0677003750130749e-16,0.36152383469806976
2.6139999999999337,-0.7514871751101991,-1.0330059054935387e-16,0.36152383469806976
2.6159999999999335,-0.7514871751101991,-5.4294652353009074e-17,0.36152383469806976
2.6179999999999333,-0.7514871751101991,-6.990716363680034e-17,0.36152383469806976
2.619999999999933,-0.7514871751101991,-7.727973840970177e-17,0.36152383469806976
2.621999999999933,-0.7514871751101991,-9.853010099041765e-17,0.36152383469806976
2.6239999999999326,-0.7514871751101991,-5.082520540105546e-17,0.36152383469806976
2.6259999999999324,-0.7514871751101991,-1.1414261227420892e-16,0.36152383469806976
2.627999999999932,-0.7514871751101991,-7.684605754070757e-17,0.36152383469806976
2.629999999999932,-0.7514871751101991,-1.0590267576331908e-16,0.36152383469806976
2.6319999999999317,-0.7514871751101991,-4.431999236614243e-17,0.36152383469806976
2.6339999999999315,-0.7514871751101991,-8.248390883763219e-17,0.36152383469806976
2.6359999999999313,-0.7514871751101991,-7.727973840970177e-17,0.36152383469806976
2.637999999999931,-0.7514871751101991,-9.809642012142345e-17,0.36152383469806976
2.639999999999931,-0.7514871751101991,-9.983114359740026e-17,0.36152383469806976
2.6419999999999306,-0.7514871751101991,-1.0026482446639446e-16,0.36152383469806976
2.6439999999999304,-0.7514871751101991,-6.990716363680034e-17,0.36152383469806976
2.64599999999993,-0.7514871751101991,-5.039152453206126e-17,0.36152383469806976
2.64799999999993,-0.7514871751101991,-1.1414261227420892e-16,0.36152383469806976
2.6499999999999297,-0.7514871751101991,-5.364413104951777e-17,0.36152383469806976
2.6519999999999295,-0.7514871751101991,-7.727973840970177e-17,0.36152383469806976
2.6539999999999293,-0.7514871751101991,-1.0330059054935387e-16,0.36152383469806976
2.655999999999929,-0.7514871751101991,-7.034084450579454e-17,0.36152383469806976
2.657999999999929,-0.7514871751101991,-1.0546899489432488e-16,0.36152383469806976
2.6599999999999286,-0.7514871751101991,-9.787957968692635e-17,0.36152383469806976
2.6619999999999284,-0.7514871751101991,-5.99325036499337e-17,0.36152383469806976
2.663999999999928,-0.7514871751101991,-7.381029145774815e-17,0.36152383469806976
2.665999999999928,-0.7514871751101991,-5.386097148401487e-17,0.36152383469806976
2.6679999999999278,-0.7514871751101991,-5.386097148401487e-17,0.36152383469806976
2.6699999999999275,-0.7514871751101991,-7.164188711277714e-17,0.36152383469806976
2.6719999999999273,-0.7514871751101991,-1.2563515530255527e-16,0.36152383469806976
2.673999999999927,-0.7514871751101991,-9.701221794893795e-17,0.36152383469806976
2.675999999999927,-0.7514871751101991,-4.301894975915983e-17,0.36152383469806976
2.6779999999999267,-0.7514871751101991,-6.947348276780614e-17,0.36152383469806976
2.6799999999999264,-0.7514871751101991,-8.205022796863799e-17,0.36152383469806976
2.681999999999926,-0.7514871751101991,-7.684605754070757e-17,0.36152383469806976
2.683999999999926,-0.7514871751101991,-1.089384418462785e-16,0.36152383469806976
2.685999999999926,-0.7514871751101991,-5.125888627004966e-17,0.36152383469806976
2.6879999999999256,-0.7514871751101991,-4.605471584211924e-17,0.36152383469806976
2.6899999999999253,-0.7514871751101991,-8.248390883763219e-17,0.36152383469806976
2.691999999999925,-0.7514871751101991,-7.901446188567857e-17,0.36152383469806976
2.693999999999925,-0.7514871751101991,-9.809642012142345e-17,0.36152383469806976
2.6959999999999247,-0.7514871751101991,-1.2498463399906396e-16,0.36152383469806976
2.6979999999999245,-0.7514871751101991,-8.291758970662639e-17,0.36152383469806976
2.6999999999999242,-0.7514871751101991,-7.684605754070757e-17,0.36152383469806976
2.701999999999924,-0.7514871751101991,-7.684605754070757e-17,0.36152383469806976
2.703999999999924,-0.7514871751101991,-1.1674469748817413e-16,0.36152383469806976
2.7059999999999236,-0.7514871751101991,-1.0069850533538866e-16,0.36152383469806976
2.7079999999999234,-0.7514871751101991,-9.375961143148144e-17,0.36152383469806976
2.709999999999923,-0.7514871751101991,-8.855544100355101e-17,0.36152383469806976
2.711999999999923,-0.7514871751101991,-7.988182362366698e-17,0.36152383469806976
2.7139999999999227,-0.7514871751101991,-6.643771668484672e-17,0.36152383469806976
2.7159999999999225,-0.7514871751101991,-6.990716363680034e-17,0.36152383469806976
2.7179999999999223,-0.7514871751101991,-4.5187354104130836e-17,0.36152383469806976
2.719999999999922,-0.7514871751101991,-7.684605754070757e-17,0.36152383469806976
2.721999999999922,-0.7514871751101991,-1.089384418462785e-16,0.36152383469806976
2.7239999999999216,-0.7514871751101991,-4.2585268890165626e-17,0.36152383469806976
2.7259999999999214,-0.7514871751101991,-6.925664233330903e-17,0.36152383469806976
2.727999999999921,-0.7514871751101991,-1.1457629314320312e-16,0.36152383469806976
2.729999999999921,-0.7514871751101991,-7.597869580271916e-17,0.36152383469806976
2.7319999999999207,-0.7514871751101991,-7.619553623721626e-17,0.36152383469806976
2.7339999999999205,-0.7514871751101991,-8.291758970662639e-17,0.36152383469806976
2.7359999999999203,-0.7514871751101991,-7.467765319573656e-17,0.36152383469806976
2.73799999999992,-0.7514871751101991,-1.0546899489432488e-16,0.36152383469806976
2.73999999999992,-0.7514871751101991,-1.0373427141834808e-16,0.36152383469806976
2.7419999999999196,-0.7514871751101991,-6.990716363680034e-17,0.36152383469806976
2.7439999999999194,-0.7514871751101991,-9.853010099041765e-17,0.36152383469806976
2.745999999999919,-0.7514871751101991,-6.07998653879221e-17,0.36152383469806976
2.747999999999919,-0.7514871751101991,-7.684605754070757e-17,0.36152383469806976
2.7499999999999187,-0.7514871751101991,-9.115752621751622e-17,0.36152383469806976
2.7519999999999185,-0.7514871751101991,-8.248390883763219e-17,0.36152383469806976
2.7539999999999183,-0.7514871751101991,-5.169256713904386e-17,0.36152383469806976
2.755999999999918,-0.7514871751101991,-8.291758970662639e-17,0.36152383469806976
2.757999999999918,-0.7514871751101991,-7.467765319573656e-17,0.36152383469806976
2.7599999999999176,-0.7514871751101991,-1.0546899489432488e-16,0.36152383469806976
2.7619999999999174,-0.7514871751101991,-6.16672271259105e-17,0.36152383469806976
2.763999999999917,-0.7514871751101991,-8.291758970662639e-17,0.36152383469806976
2.765999999999917,-0.7514871751101991,-7.532817449922786e-17,0.36152383469806976
2.7679999999999167,-0.7514871751101991,-7.706289797520467e-17,0.36152383469806976
2.7699999999999165,-0.7514871751101991,-7.381029145774815e-17,0.36152383469806976
2.7719999999999163,-0.7514871751101991,-1.0590267576331908e-16,0.36152383469806976
2.773999999999916,-0.7514871751101991,-6.16672271259105e-17,0.36152383469806976
2.775999999999916,-0.7514871751101991,-8.812176013455681e-17,0.36152383469806976
2.7779999999999156,-0.7514871751101991,-6.860612102981773e-17,0.36152383469806976
2.7799999999999154,-0.7514871751101991,-5.125888627004966e-17,0.36152383469806976
2.781999999999915,-0.7514871751101991,-8.855544100355101e-17,0.36152383469806976
2.783999999999915,-0.7514871751101991,-1.327908896409596e-16,0.36152383469806976
2.7859999999999148,-0.7514871751101991,-4.909048192507865e-17,0.36152383469806976
2.7879999999999145,-0.7514871751101991,-7.641237667171336e-17,0.36152383469806976
2.7899999999999143,-0.7514871751101991,-8.855544100355101e-17,0.36152383469806976
2.791999999999914,-0.7514871751101991,-8.898912187254522e-17,0.36152383469806976
2.793999999999914,-0.7514871751101991,-8.898912187254522e-17,0.36152383469806976
2.7959999999999137,-0.7514871751101991,-8.942280274153942e-17,0.36152383469806976
2.7979999999999134,-0.7514871751101991,-1.0026482446639446e-16,0.36152383469806976
2.7999999999999132,-0.7514871751101991,-7.554501493372496e-17,0.36152383469806976
2.801999999999913,-0.7514871751101991,-8.205022796863799e-17,0.36152383469806976
2.803999999999913,-0.7514871751101991,-6.600403581585252e-17,0.36152383469806976
2.8059999999999126,-0.7514871751101991,-6.947348276780614e-17,0.36152383469806976
2.8079999999999123,-0.7514871751101991,-4.4753673235136635e-17,0.36152383469806976
2.809999999999912,-0.7514871751101991,-1.119742079292379e-16,0.36152383469806976
2.811999999999912,-0.7514871751101991,-7.684605754070757e-17,0.36152383469806976
2.8139999999999117,-0.7514871751101991,-8.205022796863799e-17,0.36152383469806976
2.8159999999999115,-0.7514871751101991,-1.2758671921302917e-16,0.36152383469806976
2.8179999999999112,-0.7514871751101991,-7.641237667171336e-17,0.36152383469806976
2.819999999999911,-0.7514871751101991,-5.299360974602647e-17,0.36152383469806976
2.821999999999911,-0.7514871751101991,-4.605471584211924e-17,0.36152383469806976
2.8239999999999106,-0.7514871751101991,-7.684605754070757e-17,0.36152383469806976
2.8259999999999104,-0.7514871751101991,-9.787957968692635e-17,0.36152383469806976
2.82799999999991,-0.7514871751101991,-8.291758970662639e-17,0.36152383469806976
2.82999999999991,-0.7514871751101991,-7.381029145774815e-17,0.36152383469806976
2.8319999999999097,-0.7514871751101991,-7.727973840970177e-17,0.36152383469806976
2.8339999999999095,-0.7514871751101991,-1.0330059054935387e-16,0.36152383469806976
2.8359999999999093,-0.7514871751101991,-7.706289797520467e-17,0.36152383469806976
2.837999999999909,-0.7514871751101991,-9.983114359740026e-17,0.36152383469806976
2.839999999999909,-0.7514871751101991,-4.822312018709025e-17,0.36152383469806976
2.8419999999999086,-0.7514871751101991,-1.2238254878509875e-16,0.36152383469806976
2.8439999999999084,-0.7514871751101991,-7.727973840970177e-17,0.36152383469806976
2.845999999999908,-0.7514871751101991,-9.592801577645244e-17,0.36152383469806976
2.847999999999908,-0.7514871751101991,-1.2324991052308716e-16,0.36152383469806976
2.8499999999999077,-0.7514871751101991,-7.641237667171336e-17,0.36152383469806976
2.8519999999999075,-0.7514871751101991,-7.641237667171336e-17,0.36152383469806976
2.8539999999999073,-0.7514871751101991,-7.727973840970177e-17,0.36152383469806976
2.855999999999907,-0.7514871751101991,-7.684605754070757e-17,0.36152383469806976
2.857999999999907,-0.7514871751101991,-9.527749447296114e-17,0.36152383469806976
2.8599999999999066,-0.7514871751101991,-9.375961143148144e-17,0.36152383469806976
2.8619999999999064,-0.7514871751101991,-8.291758970662639e-17,0.36152383469806976
2.863999999999906,-0.7514871751101991,-6.687139755384093e-17,0.36152383469806976
2.865999999999906,-0.7514871751101991,-6.925664233330903e-17,0.36152383469806976
2.8679999999999057,-0.7514871751101991,-6.16672271259105e-17,0.36152383469806976
2.8699999999999055,-0.7514871751101991,-7.727973840970177e-17,0.36152383469806976
2.8719999999999053,-0.7514871751101991,-8.291758970662639e-17,0.36152383469806976
2.873999999999905,-0.7514871751101991,-7.532817449922786e-17,0.36152383469806976
2.875999999999905,-0.7514871751101991,-9.722905838343505e-17,0.36152383469806976
2.8779999999999046,-0.7514871751101991,-7.684605754070757e-17,0.36152383469806976
2.8799999999999044,-0.7514871751101991,-7.684605754070757e-17,0.36152383469806976
2.881999999999904,-0.7514871751101991,-1.0373427141834808e-16,0.36152383469806976
2.883999999999904,-0.7514871751101991,-7.381029145774815e-17,0.36152383469806976
2.8859999999999038,-0.7514871751101991,-7.467765319573656e-17,0.36152383469806976
2.8879999999999035,-0.7514871751101991,-7.619553623721626e-17,0.36152383469806976
2.8899999999999033,-0.7514871751101991,-7.771341927869597e-17,0.36152383469806976
2.891999999999903,-0.7514871751101991,-8.855544100355101e-17,0.36152383469806976
2.893999999999903,-0.7514871751101991,-9.961430316290316e-17,0.36152383469806976
2.8959999999999027,-0.7514871751101991,-7.467765319573656e-17,0.36152383469806976
2.8979999999999024,-0.7514871751101991,-7.597869580271916e-17,0.36152383469806976
2.899999999999902,-0.7514871751101991,-7.771341927869597e-17,0.36152383469806976
2.901999999999902,-0.7514871751101991,-9.809642012142345e-17,0.36152383469806976
2.9039999999999018,-0.7514871751101991,-7.706289797520467e-17,0.36152383469806976
2.9059999999999016,-0.7514871751101991,-8.205022796863799e-17,0.36152383469806976
2.9079999999999013,-0.7514871751101991,-7.381029145774815e-17,0.36152383469806976
2.909999999999901,-0.7514871751101991,-9.939746272840606e-17,0.36152383469806976
2.911999999999901,-0.7514871751101991,-2.4804353261403353e-17,0.36152383469806976
2.9139999999999007,-0.7514871751101991,-9.983114359740026e-17,0.36152383469806976
2.9159999999999004,-0.7514871751101991,-9.853010099041765e-17,0.36152383469806976
2.9179999999999002,-0.7514871751101991,-1.0156586707337707e-16,0.36152383469806976
2.9199999999999,-0.7514871751101991,-1.098058035842669e-16,0.36152383469806976
2.9219999999999,-0.7514871751101991,-7.706289797520467e-17,0.36152383469806976
2.9239999999998996,-0.7514871751101991,-9.549433490745824e-17,0.36152383469806976
2.9259999999998993,-0.7514871751101991,-9.202488795550463e-17,0.36152383469806976
2.927999999999899,-0.7514871751101991,-4.345263062815403e-17,0.36152383469806976
2.929999999999899,-0.7514871751101991,-8.291758970662639e-17,0.36152383469806976
2.9319999999998987,-0.7514871751101991,-6.903980189881193e-17,0.36152383469806976
2.9339999999998985,-0.7514871751101991,-6.990716363680034e-17,0.36152383469806976
2.9359999999998982,-0.7514871751101991,-5.082520540105546e-17,0.36152383469806976
2.937999999999898,-0.7514871751101991,-1.1414261227420892e-16,0.36152383469806976
2.939999999999898,-0.7514871751101991,-7.511133406473076e-17,0.36152383469806976
2.9419999999998976,-0.7514871751101991,-7.706289797520467e-17,0.36152383469806976
2.9439999999998974,-0.7514871751101991,-1.0330059054935387e-16,0.36152383469806976
2.945999999999897,-0.7514871751101991,-7.727973840970177e-17,0.36152383469806976
2.947999999999897,-0.7514871751101991,-9.787957968692635e-17,0.36152383469806976
2.9499999999998967,-0.7514871751101991,-9.419329230047564e-17,0.36152383469806976
2.9519999999998965,-0.7514871751101991,-4.2585268890165626e-17,0.36152383469806976
2.9539999999998963,-0.7514871751101991,-6.730507842283513e-17,0.36152383469806976
2.955999999999896,-0.7514871751101991,-7.684605754070757e-17,0.36152383469806976
2.957999999999896,-0.7514871751101991,-1.0546899489432488e-16,0.36152383469806976
2.9599999999998956,-0.7514871751101991,-1.0373427141834808e-16,0.36152383469806976
2.9619999999998954,-0.7514871751101991,-7.424397232674236e-17,0.36152383469806976
2.963999999999895,-0.7514871751101991,-7.381029145774815e-17,0.36152383469806976
2.965999999999895,-0.7514871751101991,-9.961430316290316e-17,0.36152383469806976
2.9679999999998947,-0.7514871751101991,-4.2585268890165626e-17,0.36152383469806976
2.9699999999998945,-0.7514871751101991,-5.97156632154366e-17,0.36152383469806976
2.9719999999998943,-0.7514871751101991,-8.205022796863799e-17,0.36152383469806976
2.973999999999894,-0.7514871751101991,-7.641237667171336e-17,0.36152383469806976
2.975999999999894,-0.7514871751101991,-1.0546899489432488e-16,0.36152383469806976
2.9779999999998936,-0.7514871751101991,-1.0373427141834808e-16,0.36152383469806976
2.9799999999998934,-0.7514871751101991,-7.467765319573656e-17,0.36152383469806976
2.981999999999893,-0.7514871751101991,-9.961430316290316e-17,0.36152383469806976
2.983999999999893,-0.7514871751101991,-4.670523714561054e-17,0.36152383469806976
2.9859999999998927,-0.7514871751101991,-1.0373427141834808e-16,0.36152383469806976
2.9879999999998925,-0.7514871751101991,-7.446081276123946e-17,0.36152383469806976
2.9899999999998923,-0.7514871751101991,-9.787957968692635e-17,0.36152383469806976
2.991999999999892,-0.7514871751101991,-7.771341927869597e-17,0.36152383469806976
2.993999999999892,-0.7514871751101991,-7.727973840970177e-17,0.36152383469806976
2.9959999999998916,-0.7514871751101991,-1.0373427141834808e-16,0.36152383469806976
2.9979999999998914,-0.7514871751101991,-6.817244016082353e-17,0.36152383469806976
2.999999999999891,-0.7514871751101991,-6.860612102981773e-17,0.36152383469806976
3.001999999999891,-0.7514871751101991,-6.903980189881193e-17,0.36152383469806976
3.0039999999998908,-0.7514871751101991,-7.684605754070757e-17,0.36152383469806976
3.0059999999998905,-0.7514871751101991,-9.983114359740026e-17,0.36152383469806976
3.0079999999998903,-0.7514871751101991,-4.822312018709025e-17,0.36152383469806976
3.00999999999989,-0.7514871751101991,-1.2281622965409295e-16,0.36152383469806976
3.01199999999989,-0.7514871751101991,-9.809642012142345e-17,0.36152383469806976
3.0139999999998897,-0.7514871751101991,-1.0156586707337707e-16,0.36152383469806976
3.0159999999998894,-0.7514871751101991,-1.0416795228734228e-16,0.36152383469806976
3.017999999999889,-0.7514871751101991,-7.641237667171336e-17,0.36152383469806976
3.019999999999889,-0.7514871751101991,-7.641237667171336e-17,0.36152383469806976
3.0219999999998888,-0.7514871751101991,-9.983114359740026e-17,0.36152383469806976
3.0239999999998886,-0.7514871751101991,-1.656441675051352e-17,0.36152383469806976
3.0259999999998883,-0.7514871751101991,-1.0156586707337707e-16,0.36152383469806976
3.027999999999888,-0.7514871751101991,-8.139970666514668e-17,0.36152383469806976
3.029999999999888,-0.7514871751101991,-6.730507842283513e-17,0.36152383469806976
3.0319999999998877,-0.7514871751101991,-7.554501493372496e-17,0.36152383469806976
3.0339999999998875,-0.7514871751101991,-1.0546899489432488e-16,0.36152383469806976
3.0359999999998872,-0.7514871751101991,-6.687139755384093e-17,0.36152383469806976
3.037999999999887,-0.7514871751101991,-7.467765319573656e-17,0.36152383469806976
3.039999999999887,-0.7514871751101991,-7.619553623721626e-17,0.36152383469806976
3.0419999999998866,-0.7514871751101991,-7.641237667171336e-17,0.36152383469806976
3.0439999999998864,-0.7514871751101991,-8.335127057562059e-17,0.36152383469806976
3.045999999999886,-0.7514871751101991,-9.289224969349303e-17,0.36152383469806976
3.047999999999886,-0.7514871751101991,-9.896378185941186e-17,0.36152383469806976
3.0499999999998857,-0.7514871751101991,-5.082520540105546e-17,0.36152383469806976
3.0519999999998855,-0.7514871751101991,-6.687139755384093e-17,0.36152383469806976
3.0539999999998853,-0.7514871751101991,-6.925664233330903e-17,0.36152383469806976
3.055999999999885,-0.7514871751101991,-9.961430316290316e-17,0.36152383469806976
3.057999999999885,-0.7514871751101991,-7.424397232674236e-17,0.36152383469806976
3.0599999999998846,-0.7514871751101991,-8.291758970662639e-17,0.36152383469806976
3.0619999999998844,-0.7514871751101991,-5.169256713904386e-17,0.36152383469806976
3.063999999999884,-0.7514871751101991,-7.706289797520467e-17,0.36152383469806976
3.065999999999884,-0.7514871751101991,-1.0503531402533068e-16,0.36152383469806976
3.0679999999998837,-0.7514871751101991,-1.0330059054935387e-16,0.36152383469806976
3.0699999999998835,-0.7514871751101991,-6.752191885733223e-17,0.36152383469806976
3.0719999999998833,-0.7514871751101991,-6.687139755384093e-17,0.36152383469806976
3.073999999999883,-0.7514871751101991,-7.424397232674236e-17,0.36152383469806976
3.075999999999883,-0.7514871751101991,-1.0546899489432488e-16,0.36152383469806976
3.0779999999998826,-0.7514871751101991,-6.12335462569163e-17,0.36152383469806976
3.0799999999998824,-0.7514871751101991,-7.727973840970177e-17,0.36152383469806976
3.081999999999882,-0.7514871751101991,-1.111068461912495e-16,0.36152383469806976
3.083999999999882,-0.7514871751101991,-5.364413104951777e-17,0.36152383469806976
3.0859999999998817,-0.7514871751101991,-7.988182362366698e-17,0.36152383469806976
3.0879999999998815,-0.7514871751101991,-7.424397232674236e-17,0.36152383469806976
3.0899999999998813,-0.7514871751101991,-7.706289797520467e-17,0.36152383469806976
3.091999999999881,-0.7514871751101991,-8.053234492715828e-17,0.36152383469806976
3.093999999999881,-0.7514871751101991,-6.730507842283513e-17,0.36152383469806976
3.0959999999998806,-0.7514871751101991,-9.853010099041765e-17,0.36152383469806976
3.0979999999998804,-0.7514871751101991,-7.034084450579454e-17,0.36152383469806976
3.09999999999988,-0.7514871751101991,-8.248390883763219e-17,0.36152383469806976
3.10199999999988,-0.7514871751101991,-7.706289797520467e-17,0.36152383469806976
3.1039999999998797,-0.7514871751101991,-1.089384418462785e-16,0.36152383469806976
3.1059999999998795,-0.7514871751101991,-5.169256713904386e-17,0.36152383469806976
3.1079999999998793,-0.7514871751101991,-7.164188711277714e-17,0.36152383469806976
3.109999999999879,-0.7514871751101991,-1.0503531402533068e-16,0.36152383469806976
3.111999999999879,-0.7514871751101991,-1.2455095313006976e-16,0.36152383469806976
3.1139999999998786,-0.7514871751101991,-8.812176013455681e-17,0.36152383469806976
3.1159999999998784,-0.7514871751101991,-5.364413104951777e-17,0.36152383469806976
3.117999999999878,-0.7514871751101991,-7.771341927869597e-17,0.36152383469806976
3.119999999999878,-0.7514871751101991,-9.766273925242925e-17,0.36152383469806976
3.1219999999998778,-0.7514871751101991,-8.291758970662639e-17,0.36152383469806976
3.1239999999998775,-0.7514871751101991,-6.817244016082353e-17,0.36152383469806976
3.1259999999998773,-0.7514871751101991,-4.605471584211924e-17,0.36152383469806976
3.127999999999877,-0.7514871751101991,-7.684605754070757e-17,0.36152383469806976
3.129999999999877,-0.7514871751101991,-1.0546899489432488e-16,0.36152383469806976
3.1319999999998767,-0.7514871751101991,-1.0026482446639446e-16,0.36152383469806976
3.1339999999998764,-0.7514871751101991,-8.139970666514668e-17,0.36152383469806976
3.135999999999876,-0.7514871751101991,-7.684605754070757e-17,0.36152383469806976
3.137999999999876,-0.7514871751101991,-1.0503531402533068e-16,0.36152383469806976
3.139999999999876,-0.7514871751101991,-9.701221794893795e-17,0.36152383469806976
3.1419999999998756,-0.7514871751101991,-7.684605754070757e-17,0.36152383469806976
3.1439999999998753,-0.7514871751101991,-7.424397232674236e-17,0.36152383469806976
3.145999999999875,-0.7514871751101991,-1.0590267576331908e-16,0.36152383469806976
3.147999999999875,-0.7514871751101991,-6.687139755384093e-17,0.36152383469806976
3.1499999999998747,-0.7514871751101991,-6.903980189881193e-17,0.36152383469806976
3.1519999999998745,-0.7514871751101991,-6.947348276780614e-17,0.36152383469806976
3.1539999999998742,-0.7514871751101991,-6.643771668484672e-17,0.36152383469806976
3.155999999999874,-0.7514871751101991,-6.925664233330903e-17,0.36152383469806976
3.157999999999874,-0.7514871751101991,-9.853010099041765e-17,0.36152383469806976
3.1599999999998736,-0.7514871751101991,-6.07998653879221e-17,0.36152383469806976
3.1619999999998734,-0.7514871751101991,-8.248390883763219e-17,0.36152383469806976
3.163999999999873,-0.7514871751101991,-6.752191885733223e-17,0.36152383469806976
3.165999999999873,-0.7514871751101991,-1.098058035842669e-16,0.36152383469806976
3.1679999999998727,-0.7514871751101991,-8.335127057562059e-17,0.36152383469806976
3.1699999999998725,-0.7514871751101991,-9.809642012142345e-17,0.36152383469806976
3.1719999999998723,-0.7514871751101991,-4.345263062815403e-17,0.36152383469806976
3.173999999999872,-0.7514871751101991,-6.947348276780614e-17,0.36152383469806976
3.175999999999872,-0.7514871751101991,-1.0481847359083358e-16,0.36152383469806976
3.1779999999998716,-0.7514871751101991,-8.812176013455681e-17,0.36152383469806976
3.1799999999998714,-0.7514871751101991,-7.641237667171336e-17,0.36152383469806976
3.181999999999871,-0.7514871751101991,-1.0503531402533068e-16,0.36152383469806976
3.183999999999871,-0.7514871751101991,-9.267540925899593e-17,0.36152383469806976
3.1859999999998707,-0.7514871751101991,-7.684605754070757e-17,0.36152383469806976
3.1879999999998705,-0.7514871751101991,-7.294292971975975e-17,0.36152383469806976
3.1899999999998703,-0.7514871751101991,-9.375961143148144e-17,0.36152383469806976
3.19199999999987,-0.7514871751101991,-4.4753673235136635e-17,0.36152383469806976
3.19399999999987,-0.7514871751101991,-1.1717837835716833e-16,0.36152383469806976
3.1959999999998696,-0.7514871751101991,-9.939746272840606e-17,0.36152383469806976
3.1979999999998694,-0.7514871751101991,-5.364413104951777e-17,0.36152383469806976
3.199999999999869,-0.7514871751101991,-7.424397232674236e-17,0.36152383469806976
3.201999999999869,-0.7514871751101991,-7.641237667171336e-17,0.36152383469806976
3.2039999999998687,-0.7514871751101991,-9.787957968692635e-17,0.36152383469806976
3.2059999999998685,-0.7514871751101991,-7.706289797520467e-17,0.36152383469806976
3.2079999999998683,-0.7514871751101991,-8.226706840313509e-17,0.36152383469806976
3.209999999999868,-0.7514871751101991,-6.860612102981773e-17,0.36152383469806976
3.211999999999868,-0.7514871751101991,-5.125888627004966e-17,0.36152383469806976
3.2139999999998676,-0.7514871751101991,-7.727973840970177e-17,0.36152383469806976
3.2159999999998674,-0.7514871751101991,-9.809642012142345e-17,0.36152383469806976
3.217999999999867,-0.7514871751101991,-9.809642012142345e-17,0.36152383469806976
3.219999999999867,-0.7514871751101991,-7.771341927869597e-17,0.36152383469806976
3.2219999999998667,-0.7514871751101991,-9.787957968692635e-17,0.36152383469806976
3.2239999999998665,-0.7514871751101991,-1.0156586707337707e-16,0.36152383469806976
3.2259999999998663,-0.7514871751101991,-7.706289797520467e-17,0.36152383469806976
3.227999999999866,-0.7514871751101991,-8.248390883763219e-17,0.36152383469806976
3.229999999999866,-0.7514871751101991,-5.125888627004966e-17,0.36152383469806976
3.2319999999998656,-0.7514871751101991,-7.424397232674236e-17,0.36152383469806976
3.2339999999998654,-0.7514871751101991,-4.9957843663067056e-17,0.36152383469806976
3.235999999999865,-0.7514871751101991,-7.706289797520467e-17,0.36152383469806976
3.237999999999865,-0.7514871751101991,-1.2064782530912194e-16,0.36152383469806976
3.2399999999998648,-0.7514871751101991,-7.554501493372496e-17,0.36152383469806976
3.2419999999998645,-0.7514871751101991,-1.0503531402533068e-16,0.36152383469806976
3.2439999999998643,-0.7514871751101991,-1.0330059054935387e-16,0.36152383469806976
3.245999999999864,-0.7514871751101991,-7.554501493372496e-17,0.36152383469806976
3.247999999999864,-0.7514871751101991,-9.549433490745824e-17,0.36152383469806976
3.2499999999998637,-0.7514871751101991,-9.375961143148144e-17,0.36152383469806976
3.2519999999998634,-0.7514871751101991,-4.2151588021171424e-17,0.36152383469806976
3.2539999999998632,-0.7514871751101991,-6.687139755384093e-17,0.36152383469806976
3.255999999999863,-0.7514871751101991,-5.4294652353009074e-17,0.36152383469806976
3.257999999999863,-0.7514871751101991,-7.424397232674236e-17,0.36152383469806976
3.2599999999998626,-0.7514871751101991,-8.205022796863799e-17,0.36152383469806976
3.2619999999998623,-0.7514871751101991,-1.2758671921302917e-16,0.36152383469806976
3.263999999999862,-0.7514871751101991,-7.684605754070757e-17,0.36152383469806976
3.265999999999862,-0.7514871751101991,-1.089384418462785e-16,0.36152383469806976
3.2679999999998617,-0.7514871751101991,-4.5187354104130836e-17,0.36152383469806976
3.2699999999998615,-0.7514871751101991,-6.903980189881193e-17,0.36152383469806976
3.2719999999998612,-0.7514871751101991,-5.082520540105546e-17,0.36152383469806976
3.273999999999861,-0.7514871751101991,-8.291758970662639e-17,0.36152383469806976
3.275999999999861,-0.7514871751101991,-7.858078101668437e-17,0.36152383469806976
3.2779999999998606,-0.7514871751101991,-7.641237667171336e-17,0.36152383469806976
3.2799999999998604,-0.7514871751101991,-1.0633635663231329e-16,0.36152383469806976
3.28199999999986,-0.7514871751101991,-6.752191885733223e-17,0.36152383469806976
3.28399999999986,-0.7514871751101991,-1.0720371837030169e-16,0.36152383469806976
3.2859999999998597,-0.7514871751101991,-7.684605754070757e-17,0.36152383469806976
3.2879999999998595,-0.7514871751101991,-1.0546899489432488e-16,0.36152383469806976
3.2899999999998593,-0.7514871751101991,-8.248390883763219e-17,0.36152383469806976
3.291999999999859,-0.7514871751101991,-6.990716363680034e-17,0.36152383469806976
3.293999999999859,-0.7514871751101991,-6.860612102981773e-17,0.36152383469806976
3.2959999999998586,-0.7514871751101991,-7.164188711277714e-17,0.36152383469806976
3.2979999999998584,-0.7514871751101991,-1.091552822807756e-16,0.36152383469806976
3.299999999999858,-0.7514871751101991,-8.898912187254522e-17,0.36152383469806976
3.301999999999858,-0.7514871751101991,-8.812176013455681e-17,0.36152383469806976
3.3039999999998577,-0.7514871751101991,-7.424397232674236e-17,0.36152383469806976
3.3059999999998575,-0.7514871751101991,-6.557035494685832e-17,0.36152383469806976
3.3079999999998573,-0.7514871751101991,-1.2476779356456686e-16,0.36152383469806976
3.309999999999857,-0.7514871751101991,-7.727973840970177e-17,0.36152383469806976
3.311999999999857,-0.7514871751101991,-9.549433490745824e-17,0.36152383469806976
3.3139999999998566,-0.7514871751101991,-8.248390883763219e-17,0.36152383469806976
3.3159999999998564,-0.7514871751101991,-6.730507842283513e-17,0.36152383469806976
3.317999999999856,-0.7514871751101991,-7.446081276123946e-17,0.36152383469806976
3.319999999999856,-0.7514871751101991,-7.641237667171336e-17,0.36152383469806976
3.3219999999998557,-0.7514871751101991,-8.291758970662639e-17,0.36152383469806976
3.3239999999998555,-0.7514871751101991,-5.169256713904386e-17,0.36152383469806976
3.3259999999998553,-0.7514871751101991,-8.291758970662639e-17,0.36152383469806976
3.327999999999855,-0.7514871751101991,-7.684605754070757e-17,0.36152383469806976
3.329999999999855,-0.7514871751101991,-8.205022796863799e-17,0.36152383469806976
3.3319999999998546,-0.7514871751101991,-7.641237667171336e-17,0.36152383469806976
3.3339999999998544,-0.7514871751101991,-9.787957968692635e-17,0.36152383469806976
3.335999999999854,-0.7514871751101991,-1.0156586707337707e-16,0.36152383469806976
3.337999999999854,-0.7514871751101991,-9.787957968692635e-17,0.36152383469806976
3.3399999999998538,-0.7514871751101991,-8.291758970662639e-17,0.36152383469806976
3.3419999999998535,-0.7514871751101991,-5.299360974602647e-17,0.36152383469806976
3.3439999999998533,-0.7514871751101991,-9.961430316290316e-17,0.36152383469806976
3.345999999999853,-0.7514871751101991,-5.4294652353009074e-17,0.36152383469806976
3.347999999999853,-0.7514871751101991,-7.446081276123946e-17,0.36152383469806976
3.3499999999998527,-0.7514871751101991,-9.896378185941186e-17,0.36152383469806976
3.3519999999998524,-0.7514871751101991,-6.860612102981773e-17,0.36152383469806976
3.353999999999852,-0.7514871751101991,-7.381029145774815e-17,0.36152383469806976
3.355999999999852,-0.7514871751101991,-7.706289797520467e-17,0.36152383469806976
3.3579999999998518,-0.7514871751101991,-1.2238254878509875e-16,0.36152383469806976
3.3599999999998515,-0.7514871751101991,-1.0546899489432488e-16,0.36152383469806976
3.3619999999998513,-0.7514871751101991,-5.125888627004966e-17,0.36152383469806976
3.363999999999851,-0.7514871751101991,-1.0460163315633648e-16,0.36152383469806976
3.365999999999851,-0.7514871751101991,-1.0677003750130749e-16,0.36152383469806976
3.3679999999998507,-0.7514871751101991,-7.467765319573656e-17,0.36152383469806976
3.3699999999998504,-0.7514871751101991,-7.684605754070757e-17,0.36152383469806976
3.3719999999998502,-0.7514871751101991,-8.226706840313509e-17,0.36152383469806976
3.37399999999985,-0.7514871751101991,-5.082520540105546e-17,0.36152383469806976
3.37599999999985,-0.7514871751101991,-5.4294652353009074e-17,0.36152383469806976
3.3779999999998496,-0.7514871751101991,-6.990716363680034e-17,0.36152383469806976
3.3799999999998493,-0.7514871751101991,-1.0590267576331908e-16,0.36152383469806976
3.381999999999849,-0.7514871751101991,-4.605471584211924e-17,0.36152383469806976
3.383999999999849,-0.7514871751101991,-8.812176013455681e-17,0.36152383469806976
3.3859999999998487,-0.7514871751101991,-4.2585268890165626e-17,0.36152383469806976
3.3879999999998485,-0.7514871751101991,-5.125888627004966e-17,0.36152383469806976
3.3899999999998482,-0.7514871751101991,-9.766273925242925e-17,0.36152383469806976
3.391999999999848,-0.7514871751101991,-1.0590267576331908e-16,0.36152383469806976
3.393999999999848,-0.7514871751101991,-6.752191885733223e-17,0.36152383469806976
3.3959999999998476,-0.7514871751101991,-1.0460163315633648e-16,0.36152383469806976
3.3979999999998474,-0.7514871751101991,-1.093721227152727e-16,0.36152383469806976
3.399999999999847,-0.7514871751101991,-7.641237667171336e-17,0.36152383469806976
3.401999999999847,-0.7514871751101991,-1.0742055880479879e-16,0.36152383469806976
3.4039999999998467,-0.7514871751101991,-4.778943931809605e-17,0.36152383469806976
3.4059999999998465,-0.7514871751101991,-9.983114359740026e-17,0.36152383469806976
3.4079999999998463,-0.7514871751101991,-4.171790715217722e-17,0.36152383469806976
3.409999999999846,-0.7514871751101991,-6.903980189881193e-17,0.36152383469806976
3.411999999999846,-0.7514871751101991,-7.619553623721626e-17,0.36152383469806976
3.4139999999998456,-0.7514871751101991,-9.983114359740026e-17,0.36152383469806976
3.4159999999998454,-0.7514871751101991,-7.424397232674236e-17,0.36152383469806976
3.417999999999845,-0.7514871751101991,-8.291758970662639e-17,0.36152383469806976
3.419999999999845,-0.7514871751101991,-7.727973840970177e-17,0.36152383469806976
3.4219999999998447,-0.7514871751101991,-1.0330059054935387e-16,0.36152383469806976
3.4239999999998445,-0.7514871751101991,-5.386097148401487e-17,0.36152383469806976
3.4259999999998443,-0.7514871751101991,-7.727973840970177e-17,0.36152383469806976
3.427999999999844,-0.7514871751101991,-7.706289797520467e-17,0.36152383469806976
3.429999999999844,-0.7514871751101991,-1.089384418462785e-16,0.36152383469806976
3.4319999999998436,-0.7514871751101991,-7.446081276123946e-17,0.36152383469806976
3.4339999999998434,-0.7514871751101991,-1.0546899489432488e-16,0.36152383469806976
3.435999999999843,-0.7514871751101991,-9.896378185941186e-17,0.36152383469806976
3.437999999999843,-0.7514871751101991,-5.94988227809395e-17,0.36152383469806976
3.4399999999998427,-0.7514871751101991,-7.619553623721626e-17,0.36152383469806976
3.4419999999998425,-0.7514871751101991,-8.855544100355101e-17,0.36152383469806976
3.4439999999998423,-0.7514871751101991,-1.0546899489432488e-16,0.36152383469806976
3.445999999999842,-0.7514871751101991,-6.925664233330903e-17,0.36152383469806976
3.447999999999842,-0.7514871751101991,-6.860612102981773e-17,0.36152383469806976
3.4499999999998416,-0.7514871751101991,-6.752191885733223e-17,0.36152383469806976
3.4519999999998414,-0.7514871751101991,-1.0460163315633648e-16,0.36152383469806976
3.453999999999841,-0.7514871751101991,-9.853010099041765e-17,0.36152383469806976
3.455999999999841,-0.7514871751101991,-5.169256713904386e-17,0.36152383469806976
3.4579999999998408,-0.7514871751101991,-5.97156632154366e-17,0.36152383469806976
3.4599999999998405,-0.7514871751101991,-7.923130232017568e-17,0.36152383469806976
3.4619999999998403,-0.7514871751101991,-9.809642012142345e-17,0.36152383469806976
3.46399999999984,-0.7514871751101991,-1.2476779356456686e-16,0.36152383469806976
3.46599999999984,-0.7514871751101991,-7.727973840970177e-17,0.36152383469806976
3.4679999999998397,-0.7514871751101991,-9.592801577645244e-17,0.36152383469806976
3.4699999999998394,-0.7514871751101991,-7.706289797520467e-17,0.36152383469806976
3.471999999999839,-0.7514871751101991,-1.0546899489432488e-16,0.36152383469806976
3.473999999999839,-0.7514871751101991,-8.226706840313509e-17,0.36152383469806976
3.4759999999998388,-0.7514871751101991,-6.687139755384093e-17,0.36152383469806976
3.4779999999998386,-0.7514871751101991,-6.947348276780614e-17,0.36152383469806976
3.4799999999998383,-0.7514871751101991,-6.817244016082353e-17,0.36152383469806976
3.481999999999838,-0.7514871751101991,-6.21009079949047e-17,0.36152383469806976
3.483999999999838,-0.7514871751101991,-8.248390883763219e-17,0.36152383469806976
3.4859999999998377,-0.7514871751101991,-7.684605754070757e-17,0.36152383469806976
3.4879999999998375,-0.7514871751101991,-8.226706840313509e-17,0.36152383469806976
3.4899999999998372,-0.7514871751101991,-6.925664233330903e-17,0.36152383469806976
3.491999999999837,-0.7514871751101991,-4.5187354104130836e-17,0.36152383469806976
3.493999999999837,-0.7514871751101991,-5.99325036499337e-17,0.36152383469806976
3.4959999999998366,-0.7514871751101991,-7.944814275467278e-17,0.36152383469806976
3.4979999999998364,-0.7514871751101991,-1.0416795228734228e-16,0.36152383469806976
3.499999999999836,-0.7514871751101991,-1.091552822807756e-16,0.36152383469806976
3.501999999999836,-0.7514871751101991,-1.098058035842669e-16,0.36152383469806976
3.5039999999998357,-0.7514871751101991,-9.245856882449883e-17,0.36152383469806976
3.5059999999998355,-0.7514871751101991,-7.684605754070757e-17,0.36152383469806976
3.5079999999998353,-0.7514871751101991,-7.511133406473076e-17,0.36152383469806976
3.509999999999835,-0.7514871751101991,-8.205022796863799e-17,0.36152383469806976
3.511999999999835,-0.7514871751101991,-6.16672271259105e-17,0.36152383469806976
3.5139999999998346,-0.7514871751101991,-8.855544100355101e-17,0.36152383469806976
3.5159999999998344,-0.7514871751101991,-1.0503531402533068e-16,0.36152383469806976
3.517999999999834,-0.7514871751101991,-9.853010099041765e-17,0.36152383469806976
3.519999999999834,-0.7514871751101991,-1.1717837835716833e-16,0.36152383469806976
3.5219999999998337,-0.7514871751101991,-4.9524162794072854e-17,0.36152383469806976
3.5239999999998335,-0.7514871751101991,-4.670523714561054e-17,0.36152383469806976
3.5259999999998333,-0.7514871751101991,-8.053234492715828e-17,0.36152383469806976
3.527999999999833,-0.7514871751101991,-6.730507842283513e-17,0.36152383469806976
3.529999999999833,-0.7514871751101991,-6.990716363680034e-17,0.36152383469806976
3.5319999999998326,-0.7514871751101991,-6.860612102981773e-17,0.36152383469806976
3.5339999999998324,-0.7514871751101991,-7.641237667171336e-17,0.36152383469806976
3.535999999999832,-0.7514871751101991,-1.0026482446639446e-16,0.36152383469806976
3.537999999999832,-0.7514871751101991,-4.822312018709025e-17,0.36152383469806976
3.5399999999998317,-0.7514871751101991,-1.2303307008859005e-16,0.36152383469806976
3.5419999999998315,-0.7514871751101991,-7.727973840970177e-17,0.36152383469806976
3.5439999999998313,-0.7514871751101991,-8.074918536165538e-17,0.36152383469806976
3.545999999999831,-0.7514871751101991,-6.925664233330903e-17,0.36152383469806976
3.547999999999831,-0.7514871751101991,-9.809642012142345e-17,0.36152383469806976
3.5499999999998306,-0.7514871751101991,-6.643771668484672e-17,0.36152383469806976
3.5519999999998304,-0.7514871751101991,-6.990716363680034e-17,0.36152383469806976
3.55399999999983,-0.7514871751101991,-8.291758970662639e-17,0.36152383469806976
3.55599999999983,-0.7514871751101991,-5.169256713904386e-17,0.36152383469806976
3.5579999999998297,-0.7514871751101991,-7.684605754070757e-17,0.36152383469806976
3.5599999999998295,-0.7514871751101991,-1.098058035842669e-16,0.36152383469806976
3.5619999999998293,-0.7514871751101991,-1.089384418462785e-16,0.36152383469806976
3.563999999999829,-0.7514871751101991,-6.773875929182933e-17,0.36152383469806976
3.565999999999829,-0.7514871751101991,-1.0460163315633648e-16,0.36152383469806976
3.5679999999998286,-0.7514871751101991,-9.983114359740026e-17,0.36152383469806976
3.5699999999998284,-0.7514871751101991,-5.169256713904386e-17,0.36152383469806976
3.571999999999828,-0.7514871751101991,-7.381029145774815e-17,0.36152383469806976
3.573999999999828,-0.7514871751101991,-7.641237667171336e-17,0.36152383469806976
3.5759999999998278,-0.7514871751101991,-9.961430316290316e-17,0.36152383469806976
3.5779999999998275,-0.7514871751101991,-4.865680105608445e-17,0.36152383469806976
3.5799999999998273,-0.7514871751101991,-5.169256713904386e-17,0.36152383469806976
3.581999999999827,-0.7514871751101991,-7.424397232674236e-17,0.36152383469806976
3.583999999999827,-0.7514871751101991,-7.684605754070757e-17,0.36152383469806976
3.5859999999998267,-0.7514871751101991,-1.0026482446639446e-16,0.36152383469806976
3.5879999999998264,-0.7514871751101991,-7.771341927869597e-17,0.36152383469806976
3.589999999999826,-0.7514871751101991,-9.809642012142345e-17,0.36152383469806976
3.591999999999826,-0.7514871751101991,-1.2455095313006976e-16,0.36152383469806976
3.593999999999826,-0.7514871751101991,-1.0373427141834808e-16,0.36152383469806976
3.5959999999998256,-0.7514871751101991,-7.727973840970177e-17,0.36152383469806976
3.5979999999998253,-0.7514871751101991,-8.291758970662639e-17,0.36152383469806976
3.599999999999825,-0.7514871751101991,-6.860612102981773e-17,0.36152383469806976
3.601999999999825,-0.7514871751101991,-4.605471584211924e-17,0.36152383469806976
3.6039999999998247,-0.7514871751101991,-5.125888627004966e-17,0.36152383469806976
3.6059999999998245,-0.7514871751101991,-7.706289797520467e-17,0.36152383469806976
3.6079999999998242,-0.7514871751101991,-1.111068461912495e-16,0.36152383469806976
3.609999999999824,-0.7514871751101991,-1.1327525053622051e-16,0.36152383469806976
3.611999999999824,-0.7514871751101991,-7.684605754070757e-17,0.36152383469806976
3.6139999999998236,-0.7514871751101991,-9.766273925242925e-17,0.36152383469806976
3.6159999999998234,-0.7514871751101991,-9.202488795550463e-17,0.36152383469806976
3.617999999999823,-0.7514871751101991,-5.99325036499337e-17,0.36152383469806976
3.619999999999823,-0.7514871751101991,-6.860612102981773e-17,0.36152383469806976
3.6219999999998227,-0.7514871751101991,-5.125888627004966e-17,0.36152383469806976
3.6239999999998225,-0.7514871751101991,-8.205022796863799e-17,0.36152383469806976
3.6259999999998223,-0.7514871751101991,-7.164188711277714e-17,0.36152383469806976
3.627999999999822,-0.7514871751101991,-9.961430316290316e-17,0.36152383469806976
3.629999999999822,-0.7514871751101991,-8.855544100355101e-17,0.36152383469806976
3.6319999999998216,-0.7514871751101991,-8.291758970662639e-17,0.36152383469806976
3.6339999999998214,-0.7514871751101991,-5.2559928877032267e-17,0.36152383469806976
3.635999999999821,-0.7514871751101991,-1.0026482446639446e-16,0.36152383469806976
3.637999999999821,-0.7514871751101991,-8.291758970662639e-17,0.36152383469806976
3.6399999999998207,-0.7514871751101991,-7.120820624378294e-17,0.36152383469806976
3.6419999999998205,-0.7514871751101991,-1.2563515530255527e-16,0.36152383469806976
3.6439999999998203,-0.7514871751101991,-9.896378185941186e-17,0.36152383469806976
3.64599999999982,-0.7514871751101991,-4.865680105608445e-17,0.36152383469806976
3.64799999999982,-0.7514871751101991,-7.641237667171336e-17,0.36152383469806976
3.6499999999998196,-0.7514871751101991,-8.898912187254522e-17,0.36152383469806976
3.6519999999998194,-0.7514871751101991,-8.291758970662639e-17,0.36152383469806976
3.653999999999819,-0.7514871751101991,-7.467765319573656e-17,0.36152383469806976
3.655999999999819,-0.7514871751101991,-1.0546899489432488e-16,0.36152383469806976
3.6579999999998187,-0.7514871751101991,-1.115405270602437e-16,0.36152383469806976
3.6599999999998185,-0.7514871751101991,-6.925664233330903e-17,0.36152383469806976
3.6619999999998183,-0.7514871751101991,-9.289224969349303e-17,0.36152383469806976
3.663999999999818,-0.7514871751101991,-9.896378185941186e-17,0.36152383469806976
3.665999999999818,-0.7514871751101991,-5.299360974602647e-17,0.36152383469806976
3.6679999999998176,-0.7514871751101991,-9.853010099041765e-17,0.36152383469806976
3.6699999999998174,-0.7514871751101991,-5.082520540105546e-17,0.36152383469806976
3.671999999999817,-0.7514871751101991,-1.1414261227420892e-16,0.36152383469806976
3.673999999999817,-0.7514871751101991,-5.364413104951777e-17,0.36152383469806976
3.6759999999998167,-0.7514871751101991,-7.727973840970177e-17,0.36152383469806976
3.6779999999998165,-0.7514871751101991,-7.641237667171336e-17,0.36152383469806976
3.6799999999998163,-0.7514871751101991,-8.291758970662639e-17,0.36152383469806976
3.681999999999816,-0.7514871751101991,-7.511133406473076e-17,0.36152383469806976
3.683999999999816,-0.7514871751101991,-7.684605754070757e-17,0.36152383469806976
3.6859999999998156,-0.7514871751101991,-7.684605754070757e-17,0.36152383469806976
3.6879999999998154,-0.7514871751101991,-7.424397232674236e-17,0.36152383469806976
3.689999999999815,-0.7514871751101991,-8.291758970662639e-17,0.36152383469806976
3.691999999999815,-0.7514871751101991,-7.771341927869597e-17,0.36152383469806976
3.6939999999998148,-0.7514871751101991,-9.722905838343505e-17,0.36152383469806976
3.6959999999998145,-0.7514871751101991,-6.947348276780614e-17,0.36152383469806976
3.6979999999998143,-0.7514871751101991,-5.039152453206126e-17,0.36152383469806976
3.699999999999814,-0.7514871751101991,-1.0633635663231329e-16,0.36152383469806976
3.701999999999814,-0.7514871751101991,-5.364413104951777e-17,0.36152383469806976
3.7039999999998137,-0.7514871751101991,-7.424397232674236e-17,0.36152383469806976
3.7059999999998134,-0.7514871751101991,-7.684605754070757e-17,0.36152383469806976
3.7079999999998132,-0.7514871751101991,-9.549433490745824e-17,0.36152383469806976
3.709999999999813,-0.7514871751101991,-1.0546899489432488e-16,0.36152383469806976
3.711999999999813,-0.7514871751101991,-1.0373427141834808e-16,0.36152383469806976
3.7139999999998126,-0.7514871751101991,-7.467765319573656e-17,0.36152383469806976
3.7159999999998123,-0.7514871751101991,-9.809642012142345e-17,0.36152383469806976
3.717999999999812,-0.7514871751101991,-9.939746272840606e-17,0.36152383469806976
3.719999999999812,-0.7514871751101991,-8.291758970662639e-17,0.36152383469806976
3.7219999999998117,-0.7514871751101991,-7.446081276123946e-17,0.36152383469806976
3.7239999999998115,-0.7514871751101991,-7.446081276123946e-17,0.36152383469806976
3.7259999999998112,-0.7514871751101991,-9.787957968692635e-17,0.36152383469806976
3.727999999999811,-0.7514871751101991,-1.0026482446639446e-16,0.36152383469806976
3.729999999999811,-0.7514871751101991,-1.115405270602437e-16,0.36152383469806976
3.7319999999998106,-0.7514871751101991,-6.687139755384093e-17,0.36152383469806976
3.7339999999998104,-0.7514871751101991,-7.424397232674236e-17,0.36152383469806976
3.73599999999981,-0.7514871751101991,-7.706289797520467e-17,0.36152383469806976
3.73799999999981,-0.7514871751101991,-9.375961143148144e-17,0.36152383469806976
3.7399999999998097,-0.7514871751101991,-4.431999236614243e-17,0.36152383469806976
3.7419999999998095,-0.7514871751101991,-8.855544100355101e-17,0.36152383469806976
3.7439999999998093,-0.7514871751101991,-1.0156586707337707e-16,0.36152383469806976
3.745999999999809,-0.7514871751101991,-7.446081276123946e-17,0.36152383469806976
3.747999999999809,-0.7514871751101991,-9.961430316290316e-17,0.36152383469806976
3.7499999999998086,-0.7514871751101991,-6.860612102981773e-17,0.36152383469806976
3.7519999999998084,-0.7514871751101991,-6.687139755384093e-17,0.36152383469806976
3.753999999999808,-0.7514871751101991,-6.817244016082353e-17,0.36152383469806976
3.755999999999808,-0.7514871751101991,-7.554501493372496e-17,0.36152383469806976
3.7579999999998077,-0.7514871751101991,-8.291758970662639e-17,0.36152383469806976
3.7599999999998075,-0.7514871751101991,-6.860612102981773e-17,0.36152383469806976
3.7619999999998073,-0.7514871751101991,-4.562103497312504e-17,0.36152383469806976
3.763999999999807,-0.7514871751101991,-7.446081276123946e-17,0.36152383469806976
3.765999999999807,-0.7514871751101991,-9.787957968692635e-17,0.36152383469806976
3.7679999999998066,-0.7514871751101991,-8.291758970662639e-17,0.36152383469806976
3.7699999999998064,-0.7514871751101991,-7.164188711277714e-17,0.36152383469806976
3.771999999999806,-0.7514871751101991,-9.983114359740026e-17,0.36152383469806976
3.773999999999806,-0.7514871751101991,-7.706289797520467e-17,0.36152383469806976
3.7759999999998057,-0.7514871751101991,-7.597869580271916e-17,0.36152383469806976
3.7779999999998055,-0.7514871751101991,-7.727973840970177e-17,0.36152383469806976
3.7799999999998053,-0.7514871751101991,-1.0633635663231329e-16,0.36152383469806976
3.781999999999805,-0.7514871751101991,-5.125888627004966e-17,0.36152383469806976
3.783999999999805,-0.7514871751101991,-7.684605754070757e-17,0.36152383469806976
3.7859999999998046,-0.7514871751101991,-1.0330059054935387e-16,0.36152383469806976
3.7879999999998044,-0.7514871751101991,-5.4294652353009074e-17,0.36152383469806976
3.789999999999804,-0.7514871751101991,-7.424397232674236e-17,0.36152383469806976
3.791999999999804,-0.7514871751101991,-1.098058035842669e-16,0.36152383469806976
3.7939999999998038,-0.7514871751101991,-9.809642012142345e-17,0.36152383469806976
3.7959999999998035,-0.7514871751101991,-1.0026482446639446e-16,0.36152383469806976
3.7979999999998033,-0.7514871751101991,-3.9983183676200415e-17,0.36152383469806976
3.799999999999803,-0.7514871751101991,-7.597869580271916e-17,0.36152383469806976
3.801999999999803,-0.7514871751101991,-1.0460163315633648e-16,0.36152383469806976
3.8039999999998027,-0.7514871751101991,-1.0373427141834808e-16,0.36152383469806976
3.8059999999998024,-0.7514871751101991,-6.730507842283513e-17,0.36152383469806976
3.807999999999802,-0.7514871751101991,-7.641237667171336e-17,0.36152383469806976
3.809999999999802,-0.7514871751101991,-7.446081276123946e-17,0.36152383469806976
3.8119999999998018,-0.7514871751101991,-8.335127057562059e-17,0.36152383469806976
3.8139999999998015,-0.7514871751101991,-8.291758970662639e-17,0.36152383469806976
3.8159999999998013,-0.7514871751101991,-6.860612102981773e-17,0.36152383469806976
3.817999999999801,-0.7514871751101991,-5.082520540105546e-17,0.36152383469806976
3.819999999999801,-0.7514871751101991,-8.291758970662639e-17,0.36152383469806976
3.8219999999998007,-0.7514871751101991,-7.944814275467278e-17,0.36152383469806976
3.8239999999998004,-0.7514871751101991,-8.248390883763219e-17,0.36152383469806976
3.8259999999998002,-0.7514871751101991,-8.291758970662639e-17,0.36152383469806976
3.8279999999998,-0.7514871751101991,-7.641237667171336e-17,0.36152383469806976
3.8299999999998,-0.7514871751101991,-1.0546899489432488e-16,0.36152383469806976
3.8319999999997996,-0.7514871751101991,-9.853010099041765e-17,0.36152383469806976
3.8339999999997993,-0.7514871751101991,-6.12335462569163e-17,0.36152383469806976
3.835999999999799,-0.7514871751101991,-7.706289797520467e-17,0.36152383469806976
3.837999999999799,-0.7514871751101991,-7.727973840970177e-17,0.36152383469806976
3.8399999999997987,-0.7514871751101991,-1.0546899489432488e-16,0.36152383469806976
3.8419999999997985,-0.7514871751101991,-9.722905838343505e-17,0.36152383469806976
3.8439999999997982,-0.7514871751101991,-5.97156632154366e-17,0.36152383469806976
3.845999999999798,-0.7514871751101991,-7.467765319573656e-17,0.36152383469806976
3.847999999999798,-0.7514871751101991,-8.335127057562059e-17,0.36152383469806976
3.8499999999997976,-0.7514871751101991,-1.0546899489432488e-16,0.36152383469806976
3.8519999999997974,-0.7514871751101991,-7.619553623721626e-17,0.36152383469806976
3.853999999999797,-0.7514871751101991,-1.091552822807756e-16,0.36152383469806976
3.855999999999797,-0.7514871751101991,-9.983114359740026e-17,0.36152383469806976
3.8579999999997967,-0.7514871751101991,-6.925664233330903e-17,0.36152383469806976
3.8599999999997965,-0.7514871751101991,-6.947348276780614e-17,0.36152383469806976
3.8619999999997963,-0.7514871751101991,-4.5187354104130836e-17,0.36152383469806976
3.863999999999796,-0.7514871751101991,-5.4511492787506175e-17,0.36152383469806976
3.865999999999796,-0.7514871751101991,-7.511133406473076e-17,0.36152383469806976
3.8679999999997956,-0.7514871751101991,-9.983114359740026e-17,0.36152383469806976
3.8699999999997954,-0.7514871751101991,-7.077452537478874e-17,0.36152383469806976
3.871999999999795,-0.7514871751101991,-7.706289797520467e-17,0.36152383469806976
3.873999999999795,-0.7514871751101991,-9.549433490745824e-17,0.36152383469806976
3.8759999999997947,-0.7514871751101991,-9.939746272840606e-17,0.36152383469806976
3.8779999999997945,-0.7514871751101991,-8.248390883763219e-17,0.36152383469806976
3.8799999999997943,-0.7514871751101991,-4.605471584211924e-17,0.36152383469806976
3.881999999999794,-0.7514871751101991,-5.125888627004966e-17,0.36152383469806976
3.883999999999794,-0.7514871751101991,-7.446081276123946e-17,0.36152383469806976
3.8859999999997936,-0.7514871751101991,-9.809642012142345e-17,0.36152383469806976
3.8879999999997934,-0.7514871751101991,-1.115405270602437e-16,0.36152383469806976
3.889999999999793,-0.7514871751101991,-7.641237667171336e-17,0.36152383469806976
3.891999999999793,-0.7514871751101991,-9.983114359740026e-17,0.36152383469806976
3.8939999999997927,-0.7514871751101991,-7.684605754070757e-17,0.36152383469806976
3.8959999999997925,-0.7514871751101991,-9.787957968692635e-17,0.36152383469806976
3.8979999999997923,-0.7514871751101991,-1.0026482446639446e-16,0.36152383469806976
3.899999999999792,-0.7514871751101991,-1.115405270602437e-16,0.36152383469806976
3.901999999999792,-0.7514871751101991,-5.364413104951777e-17,0.36152383469806976
3.9039999999997916,-0.7514871751101991,-5.4294652353009074e-17,0.36152383469806976
3.9059999999997914,-0.7514871751101991,-9.787957968692635e-17,0.36152383469806976
3.907999999999791,-0.7514871751101991,-8.855544100355101e-17,0.36152383469806976
3.909999999999791,-0.7514871751101991,-8.161654709964379e-17,0.36152383469806976
3.9119999999997908,-0.7514871751101991,-6.817244016082353e-17,0.36152383469806976
3.9139999999997905,-0.7514871751101991,-4.562103497312504e-17,0.36152383469806976
3.9159999999997903,-0.7514871751101991,-7.727973840970177e-17,0.36152383469806976
3.91799999999979,-0.7514871751101991,-1.0330059054935387e-16,0.36152383469806976
3.91999999999979,-0.7514871751101991,-6.925664233330903e-17,0.36152383469806976
3.9219999999997897,-0.7514871751101991,-9.267540925899593e-17,0.36152383469806976
3.9239999999997894,-0.7514871751101991,-7.727973840970177e-17,0.36152383469806976
3.925999999999789,-0.7514871751101991,-9.722905838343505e-17,0.36152383469806976
3.927999999999789,-0.7514871751101991,-1.2281622965409295e-16,0.36152383469806976
3.9299999999997888,-0.7514871751101991,-8.248390883763219e-17,0.36152383469806976
3.9319999999997886,-0.7514871751101991,-6.773875929182933e-17,0.36152383469806976
3.9339999999997883,-0.7514871751101991,-4.2802109324662727e-17,0.36152383469806976
3.935999999999788,-0.7514871751101991,-7.619553623721626e-17,0.36152383469806976
3.937999999999788,-0.7514871751101991,-8.248390883763219e-17,0.36152383469806976
3.9399999999997877,-0.7514871751101991,-6.990716363680034e-17,0.36152383469806976
3.9419999999997875,-0.7514871751101991,-5.125888627004966e-17,0.36152383469806976
3.9439999999997872,-0.7514871751101991,-1.119742079292379e-16,0.36152383469806976
3.945999999999787,-0.7514871751101991,-7.619553623721626e-17,0.36152383469806976
3.947999999999787,-0.7514871751101991,-8.855544100355101e-17,0.36152383469806976
3.9499999999997866,-0.7514871751101991,-9.115752621751622e-17,0.36152383469806976
3.9519999999997864,-0.7514871751101991,-8.248390883763219e-17,0.36152383469806976
3.953999999999786,-0.7514871751101991,-7.467765319573656e-17,0.36152383469806976
3.955999999999786,-0.7514871751101991,-1.106731653222553e-16,0.36152383469806976
3.9579999999997857,-0.7514871751101991,-9.983114359740026e-17,0.36152383469806976
3.9599999999997855,-0.7514871751101991,-6.947348276780614e-17,0.36152383469806976
3.9619999999997852,-0.7514871751101991,-7.684605754070757e-17,0.36152383469806976
3.963999999999785,-0.7514871751101991,-1.0330059054935387e-16,0.36152383469806976
3.965999999999785,-0.7514871751101991,-5.386097148401487e-17,0.36152383469806976
3.9679999999997846,-0.7514871751101991,-7.706289797520467e-17,0.36152383469806976
3.9699999999997844,-0.7514871751101991,-8.291758970662639e-17,0.36152383469806976
3.971999999999784,-0.7514871751101991,-5.125888627004966e-17,0.36152383469806976
3.973999999999784,-0.7514871751101991,-6.903980189881193e-17,0.36152383469806976
3.9759999999997837,-0.7514871751101991,-7.619553623721626e-17,0.36152383469806976
3.9779999999997835,-0.7514871751101991,-9.961430316290316e-17,0.36152383469806976
3.9799999999997833,-0.7514871751101991,-8.248390883763219e-17,0.36152383469806976
3.981999999999783,-0.7514871751101991,-7.120820624378294e-17,0.36152383469806976
3.983999999999783,-0.7514871751101991,-1.089384418462785e-16,0.36152383469806976
3.9859999999997826,-0.7514871751101991,-6.773875929182933e-17,0.36152383469806976
3.9879999999997824,-0.7514871751101991,-5.299360974602647e-17,0.36152383469806976
3.989999999999782,-0.7514871751101991,-1.0416795228734228e-16,0.36152383469806976
3.991999999999782,-0.7514871751101991,-8.335127057562059e-17,0.36152383469806976
3.9939999999997817,-0.7514871751101991,-7.684605754070757e-17,0.36152383469806976
3.9959999999997815,-0.7514871751101991,-1.091552822807756e-16,0.36152383469806976
3.9979999999997813,-0.7514871751101991,-8.898912187254522e-17,0.36152383469806976
3.999999999999781,-0.7514871751101991,-9.072384534852202e-17,0.36152383469806976
4.001999999999781,-0.7514871751101991,-7.771341927869597e-17,0.36152383469806976
4.003999999999781,-0.7514871751101991,-8.226706840313509e-17,0.36152383469806976
4.005999999999781,-0.7514871751101991,-4.605471584211924e-17,0.36152383469806976
4.007999999999781,-0.7514871751101991,-7.619553623721626e-17,0.36152383469806976
4.00999999999978,-0.7514871751101991,-8.291758970662639e-17,0.36152383469806976
4.01199999999978,-0.7514871751101991,-7.532817449922786e-17,0.36152383469806976
4.01399999999978,-0.7514871751101991,-9.766273925242925e-17,0.36152383469806976
4.01599999999978,-0.7514871751101991,-8.248390883763219e-17,0.36152383469806976
4.0179999999997795,-0.7514871751101991,-6.925664233330903e-17,0.36152383469806976
4.019999999999779,-0.7514871751101991,-1.0633635663231329e-16,0.36152383469806976
4.021999999999779,-0.7514871751101991,-5.125888627004966e-17,0.36152383469806976
4.023999999999779,-0.7514871751101991,-7.467765319573656e-17,0.36152383469806976
4.025999999999779,-0.7514871751101991,-9.809642012142345e-17,0.36152383469806976
4.027999999999778,-0.7514871751101991,-7.706289797520467e-17,0.36152383469806976
4.029999999999778,-0.7514871751101991,-1.0503531402533068e-16,0.36152383469806976
4.031999999999778,-0.7514871751101991,-9.787957968692635e-17,0.36152383469806976
4.033999999999778,-0.7514871751101991,-9.896378185941186e-17,0.36152383469806976
4.0359999999997775,-0.7514871751101991,-6.03661845189279e-17,0.36152383469806976
4.037999999999777,-0.7514871751101991,-6.925664233330903e-17,0.36152383469806976
4.039999999999777,-0.7514871751101991,-1.089384418462785e-16,0.36152383469806976
4.041999999999777,-0.7514871751101991,-7.446081276123946e-17,0.36152383469806976
4.043999999999777,-0.7514871751101991,-8.335127057562059e-17,0.36152383469806976
4.045999999999776,-0.7514871751101991,-9.787957968692635e-17,0.36152383469806976
4.047999999999776,-0.7514871751101991,-7.771341927869597e-17,0.36152383469806976
4.049999999999776,-0.7514871751101991,-7.446081276123946e-17,0.36152383469806976
4.051999999999776,-0.7514871751101991,-1.0156586707337707e-16,0.36152383469806976
4.053999999999776,-0.7514871751101991,-8.291758970662639e-17,0.36152383469806976
4.055999999999775,-0.7514871751101991,-7.446081276123946e-17,0.36152383469806976
4.057999999999775,-0.7514871751101991,-7.424397232674236e-17,0.36152383469806976
4.059999999999775,-0.7514871751101991,-7.619553623721626e-17,0.36152383469806976
4.061999999999775,-0.7514871751101991,-8.226706840313509e-17,0.36152383469806976
4.0639999999997745,-0.7514871751101991,-6.687139755384093e-17,0.36152383469806976
4.065999999999774,-0.7514871751101991,-5.4294652353009074e-17,0.36152383469806976
4.067999999999774,-0.7514871751101991,-7.641237667171336e-17,0.36152383469806976
4.069999999999774,-0.7514871751101991,-1.0026482446639446e-16,0.36152383469806976
4.071999999999774,-0.7514871751101991,-4.2585268890165626e-17,0.36152383469806976
4.073999999999773,-0.7514871751101991,-6.903980189881193e-17,0.36152383469806976
4.075999999999773,-0.7514871751101991,-7.684605754070757e-17,0.36152383469806976
4.077999999999773,-0.7514871751101991,-9.983114359740026e-17,0.36152383469806976
4.079999999999773,-0.7514871751101991,-7.597869580271916e-17,0.36152383469806976
4.0819999999997725,-0.7514871751101991,-7.706289797520467e-17,0.36152383469806976
4.083999999999772,-0.7514871751101991,-1.089384418462785e-16,0.36152383469806976
4.085999999999772,-0.7514871751101991,-4.865680105608445e-17,0.36152383469806976
4.087999999999772,-0.7514871751101991,-7.012400407129744e-17,0.36152383469806976
4.089999999999772,-0.7514871751101991,-7.381029145774815e-17,0.36152383469806976
4.091999999999771,-0.7514871751101991,-1.115405270602437e-16,0.36152383469806976
4.093999999999771,-0.7514871751101991,-9.679537751444085e-17,0.36152383469806976
4.095999999999771,-0.7514871751101991,-9.375961143148144e-17,0.36152383469806976
4.097999999999771,-0.7514871751101991,-4.9957843663067056e-17,0.36152383469806976
4.0999999999997705,-0.7514871751101991,-7.706289797520467e-17,0.36152383469806976
4.10199999999977,-0.7514871751101991,-9.787957968692635e-17,0.36152383469806976
4.10399999999977,-0.7514871751101991,-1.0113218620438287e-16,0.36152383469806976
4.10599999999977,-0.7514871751101991,-1.0373427141834808e-16,0.36152383469806976
4.10799999999977,-0.7514871751101991,-6.03661845189279e-17,0.36152383469806976
4.109999999999769,-0.7514871751101991,-9.245856882449883e-17,0.36152383469806976
4.111999999999769,-0.7514871751101991,-6.03661845189279e-17,0.36152383469806976
4.113999999999769,-0.7514871751101991,-7.120820624378294e-17,0.36152383469806976
4.115999999999769,-0.7514871751101991,-1.0113218620438287e-16,0.36152383469806976
4.1179999999997685,-0.7514871751101991,-1.0373427141834808e-16,0.36152383469806976
4.119999999999768,-0.7514871751101991,-7.446081276123946e-17,0.36152383469806976
4.121999999999768,-0.7514871751101991,-8.291758970662639e-17,0.36152383469806976
4.123999999999768,-0.7514871751101991,-6.947348276780614e-17,0.36152383469806976
4.125999999999768,-0.7514871751101991,-7.597869580271916e-17,0.36152383469806976
4.127999999999767,-0.7514871751101991,-7.684605754070757e-17,0.36152383469806976
4.129999999999767,-0.7514871751101991,-9.766273925242925e-17,0.36152383469806976
4.131999999999767,-0.7514871751101991,-6.03661845189279e-17,0.36152383469806976
4.133999999999767,-0.7514871751101991,-1.0633635663231329e-16,0.36152383469806976
4.1359999999997665,-0.7514871751101991,-5.169256713904386e-17,0.36152383469806976
4.137999999999766,-0.7514871751101991,-7.511133406473076e-17,0.36152383469806976
4.139999999999766,-0.7514871751101991,-7.641237667171336e-17,0.36152383469806976
4.141999999999766,-0.7514871751101991,-8.898912187254522e-17,0.36152383469806976
4.143999999999766,-0.7514871751101991,-1.0546899489432488e-16,0.36152383469806976
4.145999999999765,-0.7514871751101991,-8.855544100355101e-17,0.36152383469806976
4.147999999999765,-0.7514871751101991,-1.0546899489432488e-16,0.36152383469806976
4.149999999999765,-0.7514871751101991,-7.619553623721626e-17,0.36152383469806976
4.151999999999765,-0.7514871751101991,-8.291758970662639e-17,0.36152383469806976
4.1539999999997645,-0.7514871751101991,-7.619553623721626e-17,0.36152383469806976
4.155999999999764,-0.7514871751101991,-7.619553623721626e-17,0.36152383469806976
4.157999999999764,-0.7514871751101991,-7.597869580271916e-17,0.36152383469806976
4.159999999999764,-0.7514871751101991,-6.557035494685832e-17,0.36152383469806976
4.161999999999764,-0.7514871751101991,-1.2476779356456686e-16,0.36152383469806976
4.1639999999997634,-0.7514871751101991,-7.684605754070757e-17,0.36152383469806976
4.165999999999763,-0.7514871751101991,-9.809642012142345e-17,0.36152383469806976
4.167999999999763,-0.7514871751101991,-7.511133406473076e-17,0.36152383469806976
4.169999999999763,-0.7514871751101991,-8.205022796863799e-17,0.36152383469806976
4.171999999999763,-0.7514871751101991,-4.5187354104130836e-17,0.36152383469806976
4.173999999999762,-0.7514871751101991,-9.766273925242925e-17,0.36152383469806976
4.175999999999762,-0.7514871751101991,-7.727973840970177e-17,0.36152383469806976
4.177999999999762,-0.7514871751101991,-7.597869580271916e-17,0.36152383469806976
4.179999999999762,-0.7514871751101991,-7.467765319573656e-17,0.36152383469806976
4.1819999999997615,-0.7514871751101991,-1.0481847359083358e-16,0.36152383469806976
4.183999999999761,-0.7514871751101991,-9.939746272840606e-17,0.36152383469806976
4.185999999999761,-0.7514871751101991,-5.906514191194529e-17,0.36152383469806976
4.187999999999761,-0.7514871751101991,-5.125888627004966e-17,0.36152383469806976
4.189999999999761,-0.7514871751101991,-7.446081276123946e-17,0.36152383469806976
4.19199999999976,-0.7514871751101991,-9.614485621094954e-17,0.36152383469806976
4.19399999999976,-0.7514871751101991,-7.706289797520467e-17,0.36152383469806976
4.19599999999976,-0.7514871751101991,-8.248390883763219e-17,0.36152383469806976
4.19799999999976,-0.7514871751101991,-5.125888627004966e-17,0.36152383469806976
4.1999999999997595,-0.7514871751101991,-6.903980189881193e-17,0.36152383469806976
4.201999999999759,-0.7514871751101991,-7.467765319573656e-17,0.36152383469806976
4.203999999999759,-0.7514871751101991,-7.706289797520467e-17,0.36152383469806976
4.205999999999759,-0.7514871751101991,-9.115752621751622e-17,0.36152383469806976
4.207999999999759,-0.7514871751101991,-8.248390883763219e-17,0.36152383469806976
4.209999999999758,-0.7514871751101991,-7.446081276123946e-17,0.36152383469806976
4.211999999999758,-0.7514871751101991,-9.961430316290316e-17,0.36152383469806976
4.213999999999758,-0.7514871751101991,-5.99325036499337e-17,0.36152383469806976
4.215999999999758,-0.7514871751101991,-7.684605754070757e-17,0.36152383469806976
4.2179999999997575,-0.7514871751101991,-9.592801577645244e-17,0.36152383469806976
4.219999999999757,-0.7514871751101991,-9.983114359740026e-17,0.36152383469806976
4.221999999999757,-0.7514871751101991,-8.812176013455681e-17,0.36152383469806976
4.223999999999757,-0.7514871751101991,-6.817244016082353e-17,0.36152383469806976
4.225999999999757,-0.7514871751101991,-4.5187354104130836e-17,0.36152383469806976
4.227999999999756,-0.7514871751101991,-7.706289797520467e-17,0.36152383469806976
4.229999999999756,-0.7514871751101991,-1.0330059054935387e-16,0.36152383469806976
4.231999999999756,-0.7514871751101991,-9.289224969349303e-17,0.36152383469806976
4.233999999999756,-0.7514871751101991,-7.727973840970177e-17,0.36152383469806976
4.2359999999997555,-0.7514871751101991,-9.766273925242925e-17,0.36152383469806976
4.237999999999755,-0.7514871751101991,-8.291758970662639e-17,0.36152383469806976
4.239999999999755,-0.7514871751101991,-7.446081276123946e-17,0.36152383469806976
4.241999999999755,-0.7514871751101991,-9.961430316290316e-17,0.36152383469806976
4.243999999999755,-0.7514871751101991,-7.641237667171336e-17,0.36152383469806976
4.245999999999754,-0.7514871751101991,-9.809642012142345e-17,0.36152383469806976
4.247999999999754,-0.7514871751101991,-7.706289797520467e-17,0.36152383469806976
4.249999999999754,-0.7514871751101991,-8.248390883763219e-17,0.36152383469806976
4.251999999999754,-0.7514871751101991,-7.446081276123946e-17,0.36152383469806976
4.2539999999997535,-0.7514871751101991,-8.855544100355101e-17,0.36152383469806976
4.255999999999753,-0.7514871751101991,-8.812176013455681e-17,0.36152383469806976
4.257999999999753,-0.7514871751101991,-6.730507842283513e-17,0.36152383469806976
4.259999999999753,-0.7514871751101991,-7.446081276123946e-17,0.36152383469806976
4.261999999999753,-0.7514871751101991,-9.809642012142345e-17,0.36152383469806976
4.263999999999752,-0.7514871751101991,-7.554501493372496e-17,0.36152383469806976
4.265999999999752,-0.7514871751101991,-8.226706840313509e-17,0.36152383469806976
4.267999999999752,-0.7514871751101991,-7.467765319573656e-17,0.36152383469806976
4.269999999999752,-0.7514871751101991,-1.0481847359083358e-16,0.36152383469806976
4.2719999999997516,-0.7514871751101991,-8.291758970662639e-17,0.36152383469806976
4.273999999999751,-0.7514871751101991,-6.817244016082353e-17,0.36152383469806976
4.275999999999751,-0.7514871751101991,-4.301894975915983e-17,0.36152383469806976
4.277999999999751,-0.7514871751101991,-9.766273925242925e-17,0.36152383469806976
4.279999999999751,-0.7514871751101991,-1.0113218620438287e-16,0.36152383469806976
4.2819999999997505,-0.7514871751101991,-9.766273925242925e-17,0.36152383469806976
4.28399999999975,-0.7514871751101991,-7.727973840970177e-17,0.36152383469806976
4.28599999999975,-0.7514871751101991,-8.053234492715828e-17,0.36152383469806976
4.28799999999975,-0.7514871751101991,-6.687139755384093e-17,0.36152383469806976
4.28999999999975,-0.7514871751101991,-7.446081276123946e-17,0.36152383469806976
4.291999999999749,-0.7514871751101991,-9.983114359740026e-17,0.36152383469806976
4.293999999999749,-0.7514871751101991,-7.684605754070757e-17,0.36152383469806976
4.295999999999749,-0.7514871751101991,-9.592801577645244e-17,0.36152383469806976
4.297999999999749,-0.7514871751101991,-9.983114359740026e-17,0.36152383469806976
4.2999999999997485,-0.7514871751101991,-7.727973840970177e-17,0.36152383469806976
4.301999999999748,-0.7514871751101991,-8.118286623064958e-17,0.36152383469806976
4.303999999999748,-0.7514871751101991,-6.925664233330903e-17,0.36152383469806976
4.305999999999748,-0.7514871751101991,-6.687139755384093e-17,0.36152383469806976
4.307999999999748,-0.7514871751101991,-6.947348276780614e-17,0.36152383469806976
4.309999999999747,-0.7514871751101991,-1.0373427141834808e-16,0.36152383469806976
4.311999999999747,-0.7514871751101991,-7.597869580271916e-17,0.36152383469806976
4.313999999999747,-0.7514871751101991,-1.0460163315633648e-16,0.36152383469806976
4.315999999999747,-0.7514871751101991,-1.0677003750130749e-16,0.36152383469806976
4.3179999999997465,-0.7514871751101991,-9.787957968692635e-17,0.36152383469806976
4.319999999999746,-0.7514871751101991,-7.727973840970177e-17,0.36152383469806976
4.321999999999746,-0.7514871751101991,-7.641237667171336e-17,0.36152383469806976
4.323999999999746,-0.7514871751101991,-7.641237667171336e-17,0.36152383469806976
4.325999999999746,-0.7514871751101991,-7.619553623721626e-17,0.36152383469806976
4.327999999999745,-0.7514871751101991,-9.766273925242925e-17,0.36152383469806976
4.329999999999745,-0.7514871751101991,-8.248390883763219e-17,0.36152383469806976
4.331999999999745,-0.7514871751101991,-5.169256713904386e-17,0.36152383469806976
4.333999999999745,-0.7514871751101991,-5.4294652353009074e-17,0.36152383469806976
4.3359999999997445,-0.7514871751101991,-7.684605754070757e-17,0.36152383469806976
4.337999999999744,-0.7514871751101991,-9.939746272840606e-17,0.36152383469806976
4.339999999999744,-0.7514871751101991,-7.771341927869597e-17,0.36152383469806976
4.341999999999744,-0.7514871751101991,-9.809642012142345e-17,0.36152383469806976
4.343999999999744,-0.7514871751101991,-9.983114359740026e-17,0.36152383469806976
4.345999999999743,-0.7514871751101991,-4.2151588021171424e-17,0.36152383469806976
4.347999999999743,-0.7514871751101991,-6.903980189881193e-17,0.36152383469806976
4.349999999999743,-0.7514871751101991,-7.641237667171336e-17,0.36152383469806976
4.351999999999743,-0.7514871751101991,-9.939746272840606e-17,0.36152383469806976
4.3539999999997425,-0.7514871751101991,-5.386097148401487e-17,0.36152383469806976
4.355999999999742,-0.7514871751101991,-7.684605754070757e-17,0.36152383469806976
4.357999999999742,-0.7514871751101991,-9.549433490745824e-17,0.36152383469806976
4.359999999999742,-0.7514871751101991,-1.0069850533538866e-16,0.36152383469806976
4.361999999999742,-0.7514871751101991,-7.641237667171336e-17,0.36152383469806976
4.363999999999741,-0.7514871751101991,-8.161654709964379e-17,0.36152383469806976
4.365999999999741,-0.7514871751101991,-7.511133406473076e-17,0.36152383469806976
4.367999999999741,-0.7514871751101991,-9.809642012142345e-17,0.36152383469806976
4.369999999999741,-0.7514871751101991,-1.0156586707337707e-16,0.36152383469806976
4.3719999999997405,-0.7514871751101991,-1.0330059054935387e-16,0.36152383469806976
4.37399999999974,-0.7514871751101991,-9.245856882449883e-17,0.36152383469806976
4.37599999999974,-0.7514871751101991,-7.381029145774815e-17,0.36152383469806976
4.37799999999974,-0.7514871751101991,-4.9957843663067056e-17,0.36152383469806976
4.37999999999974,-0.7514871751101991,-6.903980189881193e-17,0.36152383469806976
4.381999999999739,-0.7514871751101991,-7.706289797520467e-17,0.36152383469806976
4.383999999999739,-0.7514871751101991,-9.549433490745824e-17,0.36152383469806976
4.385999999999739,-0.7514871751101991,-9.983114359740026e-17,0.36152383469806976
4.387999999999739,-0.7514871751101991,-8.291758970662639e-17,0.36152383469806976
4.3899999999997386,-0.7514871751101991,-7.641237667171336e-17,0.36152383469806976
4.391999999999738,-0.7514871751101991,-8.37849514446148e-17,0.36152383469806976
4.393999999999738,-0.7514871751101991,-8.291758970662639e-17,0.36152383469806976
4.395999999999738,-0.7514871751101991,-7.381029145774815e-17,0.36152383469806976
4.397999999999738,-0.7514871751101991,-7.381029145774815e-17,0.36152383469806976
4.3999999999997375,-0.7514871751101991,-1.0069850533538866e-16,0.36152383469806976
4.401999999999737,-0.7514871751101991,-3.7814779331229406e-17,0.36152383469806976
4.403999999999737,-0.7514871751101991,-8.291758970662639e-17,0.36152383469806976
4.405999999999737,-0.7514871751101991,-7.532817449922786e-17,0.36152383469806976
4.407999999999737,-0.7514871751101991,-8.812176013455681e-17,0.36152383469806976
4.409999999999736,-0.7514871751101991,-7.706289797520467e-17,0.36152383469806976
4.411999999999736,-0.7514871751101991,-1.0460163315633648e-16,0.36152383469806976
4.413999999999736,-0.7514871751101991,-9.983114359740026e-17,0.36152383469806976
4.415999999999736,-0.7514871751101991,-6.990716363680034e-17,0.36152383469806976
4.4179999999997355,-0.7514871751101991,-1.0026482446639446e-16,0.36152383469806976
4.419999999999735,-0.7514871751101991,-7.619553623721626e-17,0.36152383469806976
4.421999999999735,-0.7514871751101991,-8.291758970662639e-17,0.36152383469806976
4.423999999999735,-0.7514871751101991,-6.990716363680034e-17,0.36152383469806976
4.425999999999735,-0.7514871751101991,-7.706289797520467e-17,0.36152383469806976
4.427999999999734,-0.7514871751101991,-1.0330059054935387e-16,0.36152383469806976
4.429999999999734,-0.7514871751101991,-6.947348276780614e-17,0.36152383469806976
4.431999999999734,-0.7514871751101991,-5.299360974602647e-17,0.36152383469806976
4.433999999999734,-0.7514871751101991,-1.0373427141834808e-16,0.36152383469806976
4.4359999999997335,-0.7514871751101991,-7.511133406473076e-17,0.36152383469806976
4.437999999999733,-0.7514871751101991,-8.855544100355101e-17,0.36152383469806976
4.439999999999733,-0.7514871751101991,-8.335127057562059e-17,0.36152383469806976
4.441999999999733,-0.7514871751101991,-1.111068461912495e-16,0.36152383469806976
4.443999999999733,-0.7514871751101991,-6.687139755384093e-17,0.36152383469806976
4.445999999999732,-0.7514871751101991,-6.925664233330903e-17,0.36152383469806976
4.447999999999732,-0.7514871751101991,-9.853010099041765e-17,0.36152383469806976
4.449999999999732,-0.7514871751101991,-6.03661845189279e-17,0.36152383469806976
4.451999999999732,-0.7514871751101991,-8.291758970662639e-17,0.36152383469806976
4.4539999999997315,-0.7514871751101991,-7.467765319573656e-17,0.36152383469806976
4.455999999999731,-0.7514871751101991,-7.467765319573656e-17,0.36152383469806976
4.457999999999731,-0.7514871751101991,-8.291758970662639e-17,0.36152383469806976
4.459999999999731,-0.7514871751101991,-6.990716363680034e-17,0.36152383469806976
4.461999999999731,-0.7514871751101991,-4.5187354104130836e-17,0.36152383469806976
4.46399999999973,-0.7514871751101991,-1.119742079292379e-16,0.36152383469806976
4.46599999999973,-0.7514871751101991,-7.641237667171336e-17,0.36152383469806976
4.46799999999973,-0.7514871751101991,-9.983114359740026e-17,0.36152383469806976
4.46999999999973,-0.7514871751101991,-7.381029145774815e-17,0.36152383469806976
4.4719999999997295,-0.7514871751101991,-5.299360974602647e-17,0.36152383469806976
4.473999999999729,-0.7514871751101991,-8.855544100355101e-17,0.36152383469806976
4.475999999999729,-0.7514871751101991,-8.248390883763219e-17,0.36152383469806976
4.477999999999729,-0.7514871751101991,-5.125888627004966e-17,0.36152383469806976
4.479999999999729,-0.7514871751101991,-7.771341927869597e-17,0.36152383469806976
4.481999999999728,-0.7514871751101991,-9.983114359740026e-17,0.36152383469806976
4.483999999999728,-0.7514871751101991,-4.388631149714823e-17,0.36152383469806976
4.485999999999728,-0.7514871751101991,-8.898912187254522e-17,0.36152383469806976
4.487999999999728,-0.7514871751101991,-1.0590267576331908e-16,0.36152383469806976
4.4899999999997275,-0.7514871751101991,-6.773875929182933e-17,0.36152383469806976
4.491999999999727,-0.7514871751101991,-5.364413104951777e-17,0.36152383469806976
4.493999999999727,-0.7514871751101991,-7.684605754070757e-17,0.36152383469806976
4.495999999999727,-0.7514871751101991,-1.0546899489432488e-16,0.36152383469806976
4.497999999999727,-0.7514871751101991,-1.0546899489432488e-16,0.36152383469806976
4.499999999999726,-0.7514871751101991,-8.812176013455681e-17,0.36152383469806976
4.501999999999726,-0.7514871751101991,-6.730507842283513e-17,0.36152383469806976
4.503999999999726,-0.7514871751101991,-6.990716363680034e-17,0.36152383469806976
4.505999999999726,-0.7514871751101991,-1.0026482446639446e-16,0.36152383469806976
4.507999999999726,-0.7514871751101991,-8.226706840313509e-17,0.36152383469806976
4.509999999999725,-0.7514871751101991,-7.684605754070757e-17,0.36152383469806976
4.511999999999725,-0.7514871751101991,-1.0546899489432488e-16,0.36152383469806976
4.513999999999725,-0.7514871751101991,-8.291758970662639e-17,0.36152383469806976
4.515999999999725,-0.7514871751101991,-6.773875929182933e-17,0.36152383469806976
4.5179999999997245,-0.7514871751101991,-9.983114359740026e-17,0.36152383469806976
4.519999999999724,-0.7514871751101991,-6.925664233330903e-17,0.36152383469806976
4.521999999999724,-0.7514871751101991,-1.115405270602437e-16,0.36152383469806976
4.523999999999724,-0.7514871751101991,-5.97156632154366e-17,0.36152383469806976
4.525999999999724,-0.7514871751101991,-6.557035494685832e-17,0.36152383469806976
4.527999999999723,-0.7514871751101991,-1.2476779356456686e-16,0.36152383469806976
4.529999999999723,-0.7514871751101991,-7.424397232674236e-17,0.36152383469806976
4.531999999999723,-0.7514871751101991,-1.0460163315633648e-16,0.36152383469806976
4.533999999999723,-0.7514871751101991,-5.169256713904386e-17,0.36152383469806976
4.5359999999997225,-0.7514871751101991,-6.557035494685832e-17,0.36152383469806976
4.537999999999722,-0.7514871751101991,-1.3083932573048569e-16,0.36152383469806976
4.539999999999722,-0.7514871751101991,-4.410315193164533e-17,0.36152383469806976
4.541999999999722,-0.7514871751101991,-9.809642012142345e-17,0.36152383469806976
4.543999999999722,-0.7514871751101991,-4.562103497312504e-17,0.36152383469806976
4.545999999999721,-0.7514871751101991,-7.077452537478874e-17,0.36152383469806976
4.547999999999721,-0.7514871751101991,-9.267540925899593e-17,0.36152383469806976
4.549999999999721,-0.7514871751101991,-8.291758970662639e-17,0.36152383469806976
4.551999999999721,-0.7514871751101991,-6.817244016082353e-17,0.36152383469806976
4.5539999999997205,-0.7514871751101991,-4.5187354104130836e-17,0.36152383469806976
4.55599999999972,-0.7514871751101991,-8.291758970662639e-17,0.36152383469806976
4.55799999999972,-0.7514871751101991,-7.684605754070757e-17,0.36152383469806976
4.55999999999972,-0.7514871751101991,-7.684605754070757e-17,0.36152383469806976
4.56199999999972,-0.7514871751101991,-1.325740492064625e-16,0.36152383469806976
4.563999999999719,-0.7514871751101991,-4.865680105608445e-17,0.36152383469806976
4.565999999999719,-0.7514871751101991,-7.424397232674236e-17,0.36152383469806976
4.567999999999719,-0.7514871751101991,-7.684605754070757e-17,0.36152383469806976
4.569999999999719,-0.7514871751101991,-9.527749447296114e-17,0.36152383469806976
4.5719999999997185,-0.7514871751101991,-1.0026482446639446e-16,0.36152383469806976
4.573999999999718,-0.7514871751101991,-7.641237667171336e-17,0.36152383469806976
4.575999999999718,-0.7514871751101991,-8.37849514446148e-17,0.36152383469806976
4.577999999999718,-0.7514871751101991,-1.0026482446639446e-16,0.36152383469806976
4.579999999999718,-0.7514871751101991,-7.619553623721626e-17,0.36152383469806976
4.581999999999717,-0.7514871751101991,-9.961430316290316e-17,0.36152383469806976
4.583999999999717,-0.7514871751101991,-6.773875929182933e-17,0.36152383469806976
4.585999999999717,-0.7514871751101991,-8.37849514446148e-17,0.36152383469806976
4.587999999999717,-0.7514871751101991,-1.0416795228734228e-16,0.36152383469806976
4.5899999999997165,-0.7514871751101991,-9.939746272840606e-17,0.36152383469806976
4.591999999999716,-0.7514871751101991,-6.752191885733223e-17,0.36152383469806976
4.593999999999716,-0.7514871751101991,-4.5187354104130836e-17,0.36152383469806976
4.595999999999716,-0.7514871751101991,-8.226706840313509e-17,0.36152383469806976
4.597999999999716,-0.7514871751101991,-7.077452537478874e-17,0.36152383469806976
4.599999999999715,-0.7514871751101991,-7.706289797520467e-17,0.36152383469806976
4.601999999999715,-0.7514871751101991,-1.0026482446639446e-16,0.36152383469806976
4.603999999999715,-0.7514871751101991,-7.424397232674236e-17,0.36152383469806976
4.605999999999715,-0.7514871751101991,-7.706289797520467e-17,0.36152383469806976
4.6079999999997145,-0.7514871751101991,-9.722905838343505e-17,0.36152383469806976
4.609999999999714,-0.7514871751101991,-7.684605754070757e-17,0.36152383469806976
4.611999999999714,-0.7514871751101991,-9.983114359740026e-17,0.36152383469806976
4.613999999999714,-0.7514871751101991,-5.125888627004966e-17,0.36152383469806976
4.615999999999714,-0.7514871751101991,-9.961430316290316e-17,0.36152383469806976
4.6179999999997134,-0.7514871751101991,-7.684605754070757e-17,0.36152383469806976
4.619999999999713,-0.7514871751101991,-1.0373427141834808e-16,0.36152383469806976
4.621999999999713,-0.7514871751101991,-7.467765319573656e-17,0.36152383469806976
4.623999999999713,-0.7514871751101991,-9.853010099041765e-17,0.36152383469806976
4.625999999999713,-0.7514871751101991,-5.082520540105546e-17,0.36152383469806976
4.627999999999712,-0.7514871751101991,-1.0460163315633648e-16,0.36152383469806976
4.629999999999712,-0.7514871751101991,-5.169256713904386e-17,0.36152383469806976
4.631999999999712,-0.7514871751101991,-1.2715303834403497e-16,0.36152383469806976
4.633999999999712,-0.7514871751101991,-7.641237667171336e-17,0.36152383469806976
4.6359999999997115,-0.7514871751101991,-9.766273925242925e-17,0.36152383469806976
4.637999999999711,-0.7514871751101991,-9.939746272840606e-17,0.36152383469806976
4.639999999999711,-0.7514871751101991,-8.248390883763219e-17,0.36152383469806976
4.641999999999711,-0.7514871751101991,-7.424397232674236e-17,0.36152383469806976
4.643999999999711,-0.7514871751101991,-7.424397232674236e-17,0.36152383469806976
4.64599999999971,-0.7514871751101991,-5.039152453206126e-17,0.36152383469806976
4.64799999999971,-0.7514871751101991,-8.291758970662639e-17,0.36152383469806976
4.64999999999971,-0.7514871751101991,-6.752191885733223e-17,0.36152383469806976
4.65199999999971,-0.7514871751101991,-6.860612102981773e-17,0.36152383469806976
4.6539999999997095,-0.7514871751101991,-7.684605754070757e-17,0.36152383469806976
4.655999999999709,-0.7514871751101991,-1.0503531402533068e-16,0.36152383469806976
4.657999999999709,-0.7514871751101991,-9.722905838343505e-17,0.36152383469806976
4.659999999999709,-0.7514871751101991,-5.169256713904386e-17,0.36152383469806976
4.661999999999709,-0.7514871751101991,-7.684605754070757e-17,0.36152383469806976
4.663999999999708,-0.7514871751101991,-9.614485621094954e-17,0.36152383469806976
4.665999999999708,-0.7514871751101991,-9.983114359740026e-17,0.36152383469806976
4.667999999999708,-0.7514871751101991,-8.898912187254522e-17,0.36152383469806976
4.669999999999708,-0.7514871751101991,-8.053234492715828e-17,0.36152383469806976
4.6719999999997075,-0.7514871751101991,-6.860612102981773e-17,0.36152383469806976
4.673999999999707,-0.7514871751101991,-6.925664233330903e-17,0.36152383469806976
4.675999999999707,-0.7514871751101991,-6.925664233330903e-17,0.36152383469806976
4.677999999999707,-0.7514871751101991,-9.289224969349303e-17,0.36152383469806976
4.679999999999707,-0.7514871751101991,-9.722905838343505e-17,0.36152383469806976
4.681999999999706,-0.7514871751101991,-5.299360974602647e-17,0.36152383469806976
4.683999999999706,-0.7514871751101991,-8.291758970662639e-17,0.36152383469806976
4.685999999999706,-0.7514871751101991,-7.446081276123946e-17,0.36152383469806976
4.687999999999706,-0.7514871751101991,-9.961430316290316e-17,0.36152383469806976
4.6899999999997055,-0.7514871751101991,-7.467765319573656e-17,0.36152383469806976
4.691999999999705,-0.7514871751101991,-7.619553623721626e-17,0.36152383469806976
4.693999999999705,-0.7514871751101991,-8.37849514446148e-17,0.36152383469806976
4.695999999999705,-0.7514871751101991,-1.0633635663231329e-16,0.36152383469806976
4.697999999999705,-0.7514871751101991,-5.082520540105546e-17,0.36152383469806976
4.699999999999704,-0.7514871751101991,-5.4294652353009074e-17,0.36152383469806976
4.701999999999704,-0.7514871751101991,-7.771341927869597e-17,0.36152383469806976
4.703999999999704,-0.7514871751101991,-1.2238254878509875e-16,0.36152383469806976
4.705999999999704,-0.7514871751101991,-1.0590267576331908e-16,0.36152383469806976
4.7079999999997035,-0.7514871751101991,-5.039152453206126e-17,0.36152383469806976
4.709999999999703,-0.7514871751101991,-7.207556798177135e-17,0.36152383469806976
4.711999999999703,-0.7514871751101991,-6.752191885733223e-17,0.36152383469806976
4.713999999999703,-0.7514871751101991,-1.0460163315633648e-16,0.36152383469806976
4.715999999999703,-0.7514871751101991,-1.0460163315633648e-16,0.36152383469806976
4.717999999999702,-0.7514871751101991,-5.082520540105546e-17,0.36152383469806976
4.719999999999702,-0.7514871751101991,-1.124078887982321e-16,0.36152383469806976
4.721999999999702,-0.7514871751101991,-7.511133406473076e-17,0.36152383469806976
4.723999999999702,-0.7514871751101991,-8.291758970662639e-17,0.36152383469806976
4.7259999999997016,-0.7514871751101991,-7.034084450579454e-17,0.36152383469806976
4.727999999999701,-0.7514871751101991,-7.727973840970177e-17,0.36152383469806976
4.729999999999701,-0.7514871751101991,-1.0330059054935387e-16,0.36152383469806976
4.731999999999701,-0.7514871751101991,-6.925664233330903e-17,0.36152383469806976
4.733999999999701,-0.7514871751101991,-4.5187354104130836e-17,0.36152383469806976
4.7359999999997004,-0.7514871751101991,-7.706289797520467e-17,0.36152383469806976
4.7379999999997,-0.7514871751101991,-1.0026482446639446e-16,0.36152383469806976
4.7399999999997,-0.7514871751101991,-7.120820624378294e-17,0.36152383469806976
4.7419999999997,-0.7514871751101991,-1.2498463399906396e-16,0.36152383469806976
4.7439999999997,-0.7514871751101991,-9.896378185941186e-17,0.36152383469806976
4.745999999999699,-0.7514871751101991,-4.822312018709025e-17,0.36152383469806976
4.747999999999699,-0.7514871751101991,-4.562103497312504e-17,0.36152383469806976
4.749999999999699,-0.7514871751101991,-7.077452537478874e-17,0.36152383469806976
4.751999999999699,-0.7514871751101991,-9.809642012142345e-17,0.36152383469806976
4.7539999999996985,-0.7514871751101991,-5.364413104951777e-17,0.36152383469806976
4.755999999999698,-0.7514871751101991,-1.0026482446639446e-16,0.36152383469806976
4.757999999999698,-0.7514871751101991,-7.641237667171336e-17,0.36152383469806976
4.759999999999698,-0.7514871751101991,-1.0330059054935387e-16,0.36152383469806976
4.761999999999698,-0.7514871751101991,-6.947348276780614e-17,0.36152383469806976
4.763999999999697,-0.7514871751101991,-5.169256713904386e-17,0.36152383469806976
4.765999999999697,-0.7514871751101991,-7.120820624378294e-17,0.36152383469806976
4.767999999999697,-0.7514871751101991,-1.3018880442699438e-16,0.36152383469806976
4.769999999999697,-0.7514871751101991,-1.0633635663231329e-16,0.36152383469806976
4.7719999999996965,-0.7514871751101991,-5.342729061502067e-17,0.36152383469806976
4.773999999999696,-0.7514871751101991,-8.855544100355101e-17,0.36152383469806976
4.775999999999696,-0.7514871751101991,-1.0330059054935387e-16,0.36152383469806976
4.777999999999696,-0.7514871751101991,-5.386097148401487e-17,0.36152383469806976
4.779999999999696,-0.7514871751101991,-7.381029145774815e-17,0.36152383469806976
4.781999999999695,-0.7514871751101991,-7.207556798177135e-17,0.36152383469806976
4.783999999999695,-0.7514871751101991,-6.687139755384093e-17,0.36152383469806976
4.785999999999695,-0.7514871751101991,-7.012400407129744e-17,0.36152383469806976
4.787999999999695,-0.7514871751101991,-8.226706840313509e-17,0.36152383469806976
4.7899999999996945,-0.7514871751101991,-7.641237667171336e-17,0.36152383469806976
4.791999999999694,-0.7514871751101991,-8.898912187254522e-17,0.36152383469806976
4.793999999999694,-0.7514871751101991,-1.111068461912495e-16,0.36152383469806976
4.795999999999694,-0.7514871751101991,-1.0633635663231329e-16,0.36152383469806976
4.797999999999694,-0.7514871751101991,-6.16672271259105e-17,0.36152383469806976
4.799999999999693,-0.7514871751101991,-8.291758970662639e-17,0.36152383469806976
4.801999999999693,-0.7514871751101991,-6.990716363680034e-17,0.36152383469806976
4.803999999999693,-0.7514871751101991,-6.860612102981773e-17,0.36152383469806976
4.805999999999693,-0.7514871751101991,-7.077452537478874e-17,0.36152383469806976
4.8079999999996925,-0.7514871751101991,-9.245856882449883e-17,0.36152383469806976
4.809999999999692,-0.7514871751101991,-5.99325036499337e-17,0.36152383469806976
4.811999999999692,-0.7514871751101991,-7.424397232674236e-17,0.36152383469806976
4.813999999999692,-0.7514871751101991,-7.684605754070757e-17,0.36152383469806976
4.815999999999692,-0.7514871751101991,-9.766273925242925e-17,0.36152383469806976
4.817999999999691,-0.7514871751101991,-8.291758970662639e-17,0.36152383469806976
4.819999999999691,-0.7514871751101991,-7.641237667171336e-17,0.36152383469806976
4.821999999999691,-0.7514871751101991,-9.961430316290316e-17,0.36152383469806976
4.823999999999691,-0.7514871751101991,-6.990716363680034e-17,0.36152383469806976
4.8259999999996905,-0.7514871751101991,-7.706289797520467e-17,0.36152383469806976
4.82799999999969,-0.7514871751101991,-8.226706840313509e-17,0.36152383469806976
4.82999999999969,-0.7514871751101991,-7.619553623721626e-17,0.36152383469806976
4.83199999999969,-0.7514871751101991,-8.942280274153942e-17,0.36152383469806976
4.83399999999969,-0.7514871751101991,-1.0546899489432488e-16,0.36152383469806976
4.835999999999689,-0.7514871751101991,-9.853010099041765e-17,0.36152383469806976
4.837999999999689,-0.7514871751101991,-5.125888627004966e-17,0.36152383469806976
4.839999999999689,-0.7514871751101991,-1.0460163315633648e-16,0.36152383469806976
4.841999999999689,-0.7514871751101991,-1.091552822807756e-16,0.36152383469806976
4.8439999999996886,-0.7514871751101991,-8.898912187254522e-17,0.36152383469806976
4.845999999999688,-0.7514871751101991,-7.771341927869597e-17,0.36152383469806976
4.847999999999688,-0.7514871751101991,-8.291758970662639e-17,0.36152383469806976
4.849999999999688,-0.7514871751101991,-5.169256713904386e-17,0.36152383469806976
4.851999999999688,-0.7514871751101991,-7.641237667171336e-17,0.36152383469806976
4.8539999999996875,-0.7514871751101991,-9.961430316290316e-17,0.36152383469806976
4.855999999999687,-0.7514871751101991,-7.641237667171336e-17,0.36152383469806976
4.857999999999687,-0.7514871751101991,-7.641237667171336e-17,0.36152383469806976
4.859999999999687,-0.7514871751101991,-9.549433490745824e-17,0.36152383469806976
4.861999999999687,-0.7514871751101991,-8.226706840313509e-17,0.36152383469806976
4.863999999999686,-0.7514871751101991,-5.125888627004966e-17,0.36152383469806976
4.865999999999686,-0.7514871751101991,-7.641237667171336e-17,0.36152383469806976
4.867999999999686,-0.7514871751101991,-1.0330059054935387e-16,0.36152383469806976
4.869999999999686,-0.7514871751101991,-7.597869580271916e-17,0.36152383469806976
4.8719999999996855,-0.7514871751101991,-7.424397232674236e-17,0.36152383469806976
4.873999999999685,-0.7514871751101991,-1.098058035842669e-16,0.36152383469806976
4.875999999999685,-0.7514871751101991,-7.641237667171336e-17,0.36152383469806976
4.877999999999685,-0.7514871751101991,-1.0677003750130749e-16,0.36152383469806976
4.879999999999685,-0.7514871751101991,-7.684605754070757e-17,0.36152383469806976
4.881999999999684,-0.7514871751101991,-7.706289797520467e-17,0.36152383469806976
4.883999999999684,-0.7514871751101991,-9.853010099041765e-17,0.36152383469806976
4.885999999999684,-0.7514871751101991,-4.5187354104130836e-17,0.36152383469806976
4.887999999999684,-0.7514871751101991,-6.947348276780614e-17,0.36152383469806976
4.8899999999996835,-0.7514871751101991,-1.0546899489432488e-16,0.36152383469806976
4.891999999999683,-0.7514871751101991,-8.291758970662639e-17,0.36152383469806976
4.893999999999683,-0.7514871751101991,-6.860612102981773e-17,0.36152383469806976
4.895999999999683,-0.7514871751101991,-4.5187354104130836e-17,0.36152383469806976
4.897999999999683,-0.7514871751101991,-8.291758970662639e-17,0.36152383469806976
4.899999999999682,-0.7514871751101991,-7.858078101668437e-17,0.36152383469806976
4.901999999999682,-0.7514871751101991,-9.787957968692635e-17,0.36152383469806976
4.903999999999682,-0.7514871751101991,-1.0156586707337707e-16,0.36152383469806976
4.905999999999682,-0.7514871751101991,-1.0546899489432488e-16,0.36152383469806976
4.9079999999996815,-0.7514871751101991,-8.248390883763219e-17,0.36152383469806976
4.909999999999681,-0.7514871751101991,-6.752191885733223e-17,0.36152383469806976
4.911999999999681,-0.7514871751101991,-7.467765319573656e-17,0.36152383469806976
4.913999999999681,-0.7514871751101991,-7.641237667171336e-17,0.36152383469806976
4.915999999999681,-0.7514871751101991,-1.089384418462785e-16,0.36152383469806976
4.91799999999968,-0.7514871751101991,-4.822312018709025e-17,0.36152383469806976
4.91999999999968,-0.7514871751101991,-1.2194886791610455e-16,0.36152383469806976
4.92199999999968,-0.7514871751101991,-7.706289797520467e-17,0.36152383469806976
4.92399999999968,-0.7514871751101991,-8.205022796863799e-17,0.36152383469806976
4.9259999999996795,-0.7514871751101991,-6.730507842283513e-17,0.36152383469806976
4.927999999999679,-0.7514871751101991,-6.947348276780614e-17,0.36152383469806976
4.929999999999679,-0.7514871751101991,-6.12335462569163e-17,0.36152383469806976
4.931999999999679,-0.7514871751101991,-9.961430316290316e-17,0.36152383469806976
4.933999999999679,-0.7514871751101991,-7.532817449922786e-17,0.36152383469806976
4.935999999999678,-0.7514871751101991,-8.226706840313509e-17,0.36152383469806976
4.937999999999678,-0.7514871751101991,-6.600403581585252e-17,0.36152383469806976
4.939999999999678,-0.7514871751101991,-7.727973840970177e-17,0.36152383469806976
4.941999999999678,-0.7514871751101991,-1.0590267576331908e-16,0.36152383469806976
4.9439999999996775,-0.7514871751101991,-4.5187354104130836e-17,0.36152383469806976
4.945999999999677,-0.7514871751101991,-7.684605754070757e-17,0.36152383469806976
4.947999999999677,-0.7514871751101991,-9.961430316290316e-17,0.36152383469806976
4.949999999999677,-0.7514871751101991,-7.511133406473076e-17,0.36152383469806976
4.951999999999677,-0.7514871751101991,-9.853010099041765e-17,0.36152383469806976
4.953999999999676,-0.7514871751101991,-8.226706840313509e-17,0.36152383469806976
4.955999999999676,-0.7514871751101991,-5.169256713904386e-17,0.36152383469806976
4.957999999999676,-0.7514871751101991,-8.855544100355101e-17,0.36152383469806976
4.959999999999676,-0.7514871751101991,-1.0720371837030169e-16,0.36152383469806976
4.961999999999676,-0.7514871751101991,-9.853010099041765e-17,0.36152383469806976
4.963999999999675,-0.7514871751101991,-9.029016447952782e-17,0.36152383469806976
4.965999999999675,-0.7514871751101991,-7.532817449922786e-17,0.36152383469806976
4.967999999999675,-0.7514871751101991,-8.053234492715828e-17,0.36152383469806976
4.969999999999675,-0.7514871751101991,-6.730507842283513e-17,0.36152383469806976
4.9719999999996745,-0.7514871751101991,-6.947348276780614e-17,0.36152383469806976
4.973999999999674,-0.7514871751101991,-6.687139755384093e-17,0.36152383469806976
4.975999999999674,-0.7514871751101991,-6.947348276780614e-17,0.36152383469806976
4.977999999999674,-0.7514871751101991,-1.115405270602437e-16,0.36152383469806976
4.979999999999674,-0.7514871751101991,-6.947348276780614e-17,0.36152383469806976
4.981999999999673,-0.7514871751101991,-9.961430316290316e-17,0.36152383469806976
4.983999999999673,-0.7514871751101991,-7.424397232674236e-17,0.36152383469806976
4.985999999999673,-0.7514871751101991,-7.641237667171336e-17,0.36152383469806976
4.987999999999673,-0.7514871751101991,-7.727973840970177e-17,0.36152383469806976
4.9899999999996725,-0.7514871751101991,-9.592801577645244e-17,0.36152383469806976
4.991999999999672,-0.7514871751101991,-6.990716363680034e-17,0.36152383469806976
4.993999999999672,-0.7514871751101991,-1.093721227152727e-16,0.36152383469806976
4.995999999999672,-0.7514871751101991,-1.102394844532611e-16,0.36152383469806976
4.997999999999672,-0.7514871751101991,-9.245856882449883e-17,0.36152383469806976
4.999999999999671,-0.7514871751101991,-7.706289797520467e-17,0.36152383469806976
5.001999999999671,-0.7514871751101991,-8.074918536165538e-17,0.36152383469806976
5.003999999999671,-0.7514871751101991,-6.860612102981773e-17,0.36152383469806976
5.005999999999671,-0.7514871751101991,-6.947348276780614e-17,0.36152383469806976
5.0079999999996705,-0.7514871751101991,-6.687139755384093e-17,0.36152383469806976
5.00999999999967,-0.7514871751101991,-7.012400407129744e-17,0.36152383469806976
5.01199999999967,-0.7514871751101991,-8.291758970662639e-17,0.36152383469806976
5.01399999999967,-0.7514871751101991,-7.446081276123946e-17,0.36152383469806976
5.01599999999967,-0.7514871751101991,-8.291758970662639e-17,0.36152383469806976
5.017999999999669,-0.7514871751101991,-7.467765319573656e-17,0.36152383469806976
5.019999999999669,-0.7514871751101991,-9.961430316290316e-17,0.36152383469806976
5.021999999999669,-0.7514871751101991,-7.684605754070757e-17,0.36152383469806976
5.023999999999669,-0.7514871751101991,-9.853010099041765e-17,0.36152383469806976
5.0259999999996685,-0.7514871751101991,-7.727973840970177e-17,0.36152383469806976
5.027999999999668,-0.7514871751101991,-1.0546899489432488e-16,0.36152383469806976
5.029999999999668,-0.7514871751101991,-7.467765319573656e-17,0.36152383469806976
5.031999999999668,-0.7514871751101991,-1.0720371837030169e-16,0.36152383469806976
5.033999999999668,-0.7514871751101991,-7.641237667171336e-17,0.36152383469806976
5.035999999999667,-0.7514871751101991,-9.983114359740026e-17,0.36152383469806976
5.037999999999667,-0.7514871751101991,-5.125888627004966e-17,0.36152383469806976
5.039999999999667,-0.7514871751101991,-5.4294652353009074e-17,0.36152383469806976
5.041999999999667,-0.7514871751101991,-7.424397232674236e-17,0.36152383469806976
5.0439999999996665,-0.7514871751101991,-7.120820624378294e-17,0.36152383469806976
5.045999999999666,-0.7514871751101991,-9.809642012142345e-17,0.36152383469806976
5.047999999999666,-0.7514871751101991,-1.1717837835716833e-16,0.36152383469806976
5.049999999999666,-0.7514871751101991,-1.0633635663231329e-16,0.36152383469806976
5.051999999999666,-0.7514871751101991,-4.605471584211924e-17,0.36152383469806976
5.053999999999665,-0.7514871751101991,-4.5187354104130836e-17,0.36152383469806976
5.055999999999665,-0.7514871751101991,-5.386097148401487e-17,0.36152383469806976
5.057999999999665,-0.7514871751101991,-8.291758970662639e-17,0.36152383469806976
5.059999999999665,-0.7514871751101991,-7.901446188567857e-17,0.36152383469806976
5.0619999999996645,-0.7514871751101991,-9.809642012142345e-17,0.36152383469806976
5.063999999999664,-0.7514871751101991,-1.0199954794237127e-16,0.36152383469806976
5.065999999999664,-0.7514871751101991,-1.119742079292379e-16,0.36152383469806976
5.067999999999664,-0.7514871751101991,-6.925664233330903e-17,0.36152383469806976
5.069999999999664,-0.7514871751101991,-8.248390883763219e-17,0.36152383469806976
5.0719999999996634,-0.7514871751101991,-5.125888627004966e-17,0.36152383469806976
5.073999999999663,-0.7514871751101991,-5.97156632154366e-17,0.36152383469806976
5.075999999999663,-0.7514871751101991,-7.164188711277714e-17,0.36152383469806976
5.077999999999663,-0.7514871751101991,-1.0720371837030169e-16,0.36152383469806976
5.079999999999663,-0.7514871751101991,-1.0373427141834808e-16,0.36152383469806976
5.081999999999662,-0.7514871751101991,-6.947348276780614e-17,0.36152383469806976
5.083999999999662,-0.7514871751101991,-7.511133406473076e-17,0.36152383469806976
5.085999999999662,-0.7514871751101991,-1.089384418462785e-16,0.36152383469806976
5.087999999999662,-0.7514871751101991,-4.5187354104130836e-17,0.36152383469806976
5.0899999999996615,-0.7514871751101991,-7.381029145774815e-17,0.36152383469806976
5.091999999999661,-0.7514871751101991,-9.896378185941186e-17,0.36152383469806976
5.093999999999661,-0.7514871751101991,-1.098058035842669e-16,0.36152383469806976
5.095999999999661,-0.7514871751101991,-7.641237667171336e-17,0.36152383469806976
5.097999999999661,-0.7514871751101991,-9.983114359740026e-17,0.36152383469806976
5.09999999999966,-0.7514871751101991,-4.171790715217722e-17,0.36152383469806976
5.10199999999966,-0.7514871751101991,-6.687139755384093e-17,0.36152383469806976
5.10399999999966,-0.7514871751101991,-7.381029145774815e-17,0.36152383469806976
5.10599999999966,-0.7514871751101991,-7.641237667171336e-17,0.36152383469806976
5.1079999999996595,-0.7514871751101991,-8.898912187254522e-17,0.36152383469806976
5.109999999999659,-0.7514871751101991,-1.0373427141834808e-16,0.36152383469806976
5.111999999999659,-0.7514871751101991,-6.990716363680034e-17,0.36152383469806976
5.113999999999659,-0.7514871751101991,-8.898912187254522e-17,0.36152383469806976
5.115999999999659,-0.7514871751101991,-8.898912187254522e-17,0.36152383469806976
5.117999999999658,-0.7514871751101991,-8.898912187254522e-17,0.36152383469806976
5.119999999999658,-0.7514871751101991,-8.855544100355101e-17,0.36152383469806976
5.121999999999658,-0.7514871751101991,-8.335127057562059e-17,0.36152383469806976
5.123999999999658,-0.7514871751101991,-7.771341927869597e-17,0.36152383469806976
5.1259999999996575,-0.7514871751101991,-7.597869580271916e-17,0.36152383469806976
5.127999999999657,-0.7514871751101991,-5.97156632154366e-17,0.36152383469806976
5.129999999999657,-0.7514871751101991,-5.125888627004966e-17,0.36152383469806976
5.131999999999657,-0.7514871751101991,-7.467765319573656e-17,0.36152383469806976
5.133999999999657,-0.7514871751101991,-9.853010099041765e-17,0.36152383469806976
5.135999999999656,-0.7514871751101991,-8.226706840313509e-17,0.36152383469806976
5.137999999999656,-0.7514871751101991,-7.467765319573656e-17,0.36152383469806976
5.139999999999656,-0.7514871751101991,-9.766273925242925e-17,0.36152383469806976
5.141999999999656,-0.7514871751101991,-5.97156632154366e-17,0.36152383469806976
5.1439999999996555,-0.7514871751101991,-6.513667407786412e-17,0.36152383469806976
5.145999999999655,-0.7514871751101991,-1.2476779356456686e-16,0.36152383469806976
5.147999999999655,-0.7514871751101991,-8.37849514446148e-17,0.36152383469806976
5.149999999999655,-0.7514871751101991,-4.562103497312504e-17,0.36152383469806976
5.151999999999655,-0.7514871751101991,-6.947348276780614e-17,0.36152383469806976
5.153999999999654,-0.7514871751101991,-1.0026482446639446e-16,0.36152383469806976
5.155999999999654,-0.7514871751101991,-9.787957968692635e-17,0.36152383469806976
5.157999999999654,-0.7514871751101991,-7.771341927869597e-17,0.36152383469806976
5.159999999999654,-0.7514871751101991,-9.766273925242925e-17,0.36152383469806976
5.1619999999996535,-0.7514871751101991,-1.0113218620438287e-16,0.36152383469806976
5.163999999999653,-0.7514871751101991,-1.0416795228734228e-16,0.36152383469806976
5.165999999999653,-0.7514871751101991,-9.961430316290316e-17,0.36152383469806976
5.167999999999653,-0.7514871751101991,-5.039152453206126e-17,0.36152383469806976
5.169999999999653,-0.7514871751101991,-7.641237667171336e-17,0.36152383469806976
5.171999999999652,-0.7514871751101991,-7.684605754070757e-17,0.36152383469806976
5.173999999999652,-0.7514871751101991,-8.898912187254522e-17,0.36152383469806976
5.175999999999652,-0.7514871751101991,-8.37849514446148e-17,0.36152383469806976
5.177999999999652,-0.7514871751101991,-8.291758970662639e-17,0.36152383469806976
5.1799999999996515,-0.7514871751101991,-7.424397232674236e-17,0.36152383469806976
5.181999999999651,-0.7514871751101991,-7.381029145774815e-17,0.36152383469806976
5.183999999999651,-0.7514871751101991,-1.0416795228734228e-16,0.36152383469806976
5.185999999999651,-0.7514871751101991,-1.091552822807756e-16,0.36152383469806976
5.187999999999651,-0.7514871751101991,-8.812176013455681e-17,0.36152383469806976
5.1899999999996504,-0.7514871751101991,-6.730507842283513e-17,0.36152383469806976
5.19199999999965,-0.7514871751101991,-6.925664233330903e-17,0.36152383469806976
5.19399999999965,-0.7514871751101991,-9.332593056248723e-17,0.36152383469806976
5.19599999999965,-0.7514871751101991,-9.722905838343505e-17,0.36152383469806976
5.19799999999965,-0.7514871751101991,-5.082520540105546e-17,0.36152383469806976
5.199999999999649,-0.7514871751101991,-7.641237667171336e-17,0.36152383469806976
5.201999999999649,-0.7514871751101991,-9.853010099041765e-17,0.36152383469806976
5.203999999999649,-0.7514871751101991,-7.684605754070757e-17,0.36152383469806976
5.205999999999649,-0.7514871751101991,-7.641237667171336e-17,0.36152383469806976
5.2079999999996485,-0.7514871751101991,-9.787957968692635e-17,0.36152383469806976
5.209999999999648,-0.7514871751101991,-9.983114359740026e-17,0.36152383469806976
5.211999999999648,-0.7514871751101991,-8.291758970662639e-17,0.36152383469806976
5.213999999999648,-0.7514871751101991,-5.342729061502067e-17,0.36152383469806976
5.215999999999648,-0.7514871751101991,-7.467765319573656e-17,0.36152383469806976
5.217999999999647,-0.7514871751101991,-7.619553623721626e-17,0.36152383469806976
5.219999999999647,-0.7514871751101991,-7.424397232674236e-17,0.36152383469806976
5.221999999999647,-0.7514871751101991,-8.248390883763219e-17,0.36152383469806976
5.223999999999647,-0.7514871751101991,-7.012400407129744e-17,0.36152383469806976
5.2259999999996465,-0.7514871751101991,-5.082520540105546e-17,0.36152383469806976
5.227999999999646,-0.7514871751101991,-1.098058035842669e-16,0.36152383469806976
5.229999999999646,-0.7514871751101991,-1.0308375011485677e-16,0.36152383469806976
5.231999999999646,-0.7514871751101991,-8.291758970662639e-17,0.36152383469806976
5.233999999999646,-0.7514871751101991,-7.381029145774815e-17,0.36152383469806976
5.235999999999645,-0.7514871751101991,-7.597869580271916e-17,0.36152383469806976
5.237999999999645,-0.7514871751101991,-1.0633635663231329e-16,0.36152383469806976
5.239999999999645,-0.7514871751101991,-5.125888627004966e-17,0.36152383469806976
5.241999999999645,-0.7514871751101991,-6.817244016082353e-17,0.36152383469806976
5.2439999999996445,-0.7514871751101991,-5.039152453206126e-17,0.36152383469806976
5.245999999999644,-0.7514871751101991,-7.619553623721626e-17,0.36152383469806976
5.247999999999644,-0.7514871751101991,-9.961430316290316e-17,0.36152383469806976
5.249999999999644,-0.7514871751101991,-6.600403581585252e-17,0.36152383469806976
5.251999999999644,-0.7514871751101991,-7.706289797520467e-17,0.36152383469806976
5.253999999999643,-0.7514871751101991,-1.0633635663231329e-16,0.36152383469806976
5.255999999999643,-0.7514871751101991,-5.125888627004966e-17,0.36152383469806976
5.257999999999643,-0.7514871751101991,-7.684605754070757e-17,0.36152383469806976
5.259999999999643,-0.7514871751101991,-1.0373427141834808e-16,0.36152383469806976
5.2619999999996425,-0.7514871751101991,-8.335127057562059e-17,0.36152383469806976
5.263999999999642,-0.7514871751101991,-1.2238254878509875e-16,0.36152383469806976
5.265999999999642,-0.7514871751101991,-8.291758970662639e-17,0.36152383469806976
5.267999999999642,-0.7514871751101991,-7.467765319573656e-17,0.36152383469806976
5.269999999999642,-0.7514871751101991,-1.0026482446639446e-16,0.36152383469806976
5.271999999999641,-0.7514871751101991,-7.424397232674236e-17,0.36152383469806976
5.273999999999641,-0.7514871751101991,-7.641237667171336e-17,0.36152383469806976
5.275999999999641,-0.7514871751101991,-1.0373427141834808e-16,0.36152383469806976
5.277999999999641,-0.7514871751101991,-5.4294652353009074e-17,0.36152383469806976
5.2799999999996405,-0.7514871751101991,-7.446081276123946e-17,0.36152383469806976
5.28199999999964,-0.7514871751101991,-9.787957968692635e-17,0.36152383469806976
5.28399999999964,-0.7514871751101991,-5.4294652353009074e-17,0.36152383469806976
5.28599999999964,-0.7514871751101991,-5.342729061502067e-17,0.36152383469806976
5.28799999999964,-0.7514871751101991,-1.0460163315633648e-16,0.36152383469806976
5.289999999999639,-0.7514871751101991,-5.342729061502067e-17,0.36152383469806976
5.291999999999639,-0.7514871751101991,-8.812176013455681e-17,0.36152383469806976
5.293999999999639,-0.7514871751101991,-6.752191885733223e-17,0.36152383469806976
5.295999999999639,-0.7514871751101991,-1.0460163315633648e-16,0.36152383469806976
5.2979999999996386,-0.7514871751101991,-1.098058035842669e-16,0.36152383469806976
5.299999999999638,-0.7514871751101991,-9.701221794893795e-17,0.36152383469806976
5.301999999999638,-0.7514871751101991,-5.342729061502067e-17,0.36152383469806976
5.303999999999638,-0.7514871751101991,-5.342729061502067e-17,0.36152383469806976
5.305999999999638,-0.7514871751101991,-1.0460163315633648e-16,0.36152383469806976
5.3079999999996375,-0.7514871751101991,-7.727973840970177e-17,0.36152383469806976
5.309999999999637,-0.7514871751101991,-9.766273925242925e-17,0.36152383469806976
5.311999999999637,-0.7514871751101991,-9.983114359740026e-17,0.36152383469806976
5.313999999999637,-0.7514871751101991,-4.388631149714823e-17,0.36152383469806976
5.315999999999637,-0.7514871751101991,-8.291758970662639e-17,0.36152383469806976
5.317999999999636,-0.7514871751101991,-9.180804752100753e-17,0.36152383469806976
5.319999999999636,-0.7514871751101991,-7.424397232674236e-17,0.36152383469806976
5.321999999999636,-0.7514871751101991,-9.506065403846404e-17,0.36152383469806976
5.323999999999636,-0.7514871751101991,-6.990716363680034e-17,0.36152383469806976
5.3259999999996355,-0.7514871751101991,-8.291758970662639e-17,0.36152383469806976
5.327999999999635,-0.7514871751101991,-7.381029145774815e-17,0.36152383469806976
5.329999999999635,-0.7514871751101991,-7.424397232674236e-17,0.36152383469806976
5.331999999999635,-0.7514871751101991,-1.2671935747504077e-16,0.36152383469806976
5.333999999999635,-0.7514871751101991,-7.641237667171336e-17,0.36152383469806976
5.335999999999634,-0.7514871751101991,-9.766273925242925e-17,0.36152383469806976
5.337999999999634,-0.7514871751101991,-9.983114359740026e-17,0.36152383469806976
5.339999999999634,-0.7514871751101991,-8.291758970662639e-17,0.36152383469806976
5.341999999999634,-0.7514871751101991,-5.299360974602647e-17,0.36152383469806976
5.3439999999996335,-0.7514871751101991,-7.446081276123946e-17,0.36152383469806976
5.345999999999633,-0.7514871751101991,-8.291758970662639e-17,0.36152383469806976
5.347999999999633,-0.7514871751101991,-5.169256713904386e-17,0.36152383469806976
5.349999999999633,-0.7514871751101991,-8.291758970662639e-17,0.36152383469806976
5.351999999999633,-0.7514871751101991,-7.511133406473076e-17,0.36152383469806976
5.353999999999632,-0.7514871751101991,-8.205022796863799e-17,0.36152383469806976
5.355999999999632,-0.7514871751101991,-7.532817449922786e-17,0.36152383469806976
5.357999999999632,-0.7514871751101991,-1.093721227152727e-16,0.36152383469806976
5.359999999999632,-0.7514871751101991,-9.549433490745824e-17,0.36152383469806976
5.3619999999996315,-0.7514871751101991,-7.727973840970177e-17,0.36152383469806976
5.363999999999631,-0.7514871751101991,-7.684605754070757e-17,0.36152383469806976
5.365999999999631,-0.7514871751101991,-7.684605754070757e-17,0.36152383469806976
5.367999999999631,-0.7514871751101991,-7.446081276123946e-17,0.36152383469806976
5.369999999999631,-0.7514871751101991,-1.0330059054935387e-16,0.36152383469806976
5.37199999999963,-0.7514871751101991,-5.386097148401487e-17,0.36152383469806976
5.37399999999963,-0.7514871751101991,-5.4294652353009074e-17,0.36152383469806976
5.37599999999963,-0.7514871751101991,-7.684605754070757e-17,0.36152383469806976
5.37799999999963,-0.7514871751101991,-8.226706840313509e-17,0.36152383469806976
5.3799999999996295,-0.7514871751101991,-7.511133406473076e-17,0.36152383469806976
5.381999999999629,-0.7514871751101991,-8.053234492715828e-17,0.36152383469806976
5.383999999999629,-0.7514871751101991,-6.860612102981773e-17,0.36152383469806976
5.385999999999629,-0.7514871751101991,-6.990716363680034e-17,0.36152383469806976
5.387999999999629,-0.7514871751101991,-6.687139755384093e-17,0.36152383469806976
5.389999999999628,-0.7514871751101991,-9.289224969349303e-17,0.36152383469806976
5.391999999999628,-0.7514871751101991,-8.226706840313509e-17,0.36152383469806976
5.393999999999628,-0.7514871751101991,-7.684605754070757e-17,0.36152383469806976
5.395999999999628,-0.7514871751101991,-9.766273925242925e-17,0.36152383469806976
5.3979999999996275,-0.7514871751101991,-9.983114359740026e-17,0.36152383469806976
5.399999999999627,-0.7514871751101991,-1.0546899489432488e-16,0.36152383469806976
5.401999999999627,-0.7514871751101991,-1.0742055880479879e-16,0.36152383469806976
5.403999999999627,-0.7514871751101991,-4.822312018709025e-17,0.36152383469806976
5.405999999999627,-0.7514871751101991,-1.2238254878509875e-16,0.36152383469806976
5.407999999999626,-0.7514871751101991,-7.727973840970177e-17,0.36152383469806976
5.409999999999626,-0.7514871751101991,-7.446081276123946e-17,0.36152383469806976
5.411999999999626,-0.7514871751101991,-1.0677003750130749e-16,0.36152383469806976
5.413999999999626,-0.7514871751101991,-7.641237667171336e-17,0.36152383469806976
5.415999999999626,-0.7514871751101991,-8.37849514446148e-17,0.36152383469806976
5.417999999999625,-0.7514871751101991,-8.291758970662639e-17,0.36152383469806976
5.419999999999625,-0.7514871751101991,-5.386097148401487e-17,0.36152383469806976
5.421999999999625,-0.7514871751101991,-8.248390883763219e-17,0.36152383469806976
5.423999999999625,-0.7514871751101991,-6.730507842283513e-17,0.36152383469806976
5.4259999999996245,-0.7514871751101991,-5.2559928877032267e-17,0.36152383469806976
5.427999999999624,-0.7514871751101991,-1.0416795228734228e-16,0.36152383469806976
5.429999999999624,-0.7514871751101991,-1.0416795228734228e-16,0.36152383469806976
5.431999999999624,-0.7514871751101991,-8.291758970662639e-17,0.36152383469806976
5.433999999999624,-0.7514871751101991,-5.169256713904386e-17,0.36152383469806976
5.435999999999623,-0.7514871751101991,-6.817244016082353e-17,0.36152383469806976
5.437999999999623,-0.7514871751101991,-6.947348276780614e-17,0.36152383469806976
5.439999999999623,-0.7514871751101991,-9.961430316290316e-17,0.36152383469806976
5.441999999999623,-0.7514871751101991,-7.424397232674236e-17,0.36152383469806976
5.4439999999996225,-0.7514871751101991,-7.706289797520467e-17,0.36152383469806976
5.445999999999622,-0.7514871751101991,-8.226706840313509e-17,0.36152383469806976
5.447999999999622,-0.7514871751101991,-7.684605754070757e-17,0.36152383469806976
5.449999999999622,-0.7514871751101991,-7.619553623721626e-17,0.36152383469806976
5.451999999999622,-0.7514871751101991,-8.291758970662639e-17,0.36152383469806976
5.453999999999621,-0.7514871751101991,-7.684605754070757e-17,0.36152383469806976
5.455999999999621,-0.7514871751101991,-1.0373427141834808e-16,0.36152383469806976
5.457999999999621,-0.7514871751101991,-7.381029145774815e-17,0.36152383469806976
5.459999999999621,-0.7514871751101991,-7.381029145774815e-17,0.36152383469806976
5.4619999999996205,-0.7514871751101991,-8.248390883763219e-17,0.36152383469806976
5.46399999999962,-0.7514871751101991,-7.164188711277714e-17,0.36152383469806976
5.46599999999962,-0.7514871751101991,-8.226706840313509e-17,0.36152383469806976
5.46799999999962,-0.7514871751101991,-8.248390883763219e-17,0.36152383469806976
5.46999999999962,-0.7514871751101991,-5.125888627004966e-17,0.36152383469806976
5.471999999999619,-0.7514871751101991,-6.860612102981773e-17,0.36152383469806976
5.473999999999619,-0.7514871751101991,-7.012400407129744e-17,0.36152383469806976
5.475999999999619,-0.7514871751101991,-1.0590267576331908e-16,0.36152383469806976
5.477999999999619,-0.7514871751101991,-5.364413104951777e-17,0.36152383469806976
5.4799999999996185,-0.7514871751101991,-7.727973840970177e-17,0.36152383469806976
5.481999999999618,-0.7514871751101991,-9.809642012142345e-17,0.36152383469806976
5.483999999999618,-0.7514871751101991,-8.898912187254522e-17,0.36152383469806976
5.485999999999618,-0.7514871751101991,-1.0546899489432488e-16,0.36152383469806976
5.487999999999618,-0.7514871751101991,-1.2108150617811615e-16,0.36152383469806976
5.489999999999617,-0.7514871751101991,-9.245856882449883e-17,0.36152383469806976
5.491999999999617,-0.7514871751101991,-7.706289797520467e-17,0.36152383469806976
5.493999999999617,-0.7514871751101991,-7.619553623721626e-17,0.36152383469806976
5.495999999999617,-0.7514871751101991,-8.291758970662639e-17,0.36152383469806976
5.4979999999996165,-0.7514871751101991,-6.730507842283513e-17,0.36152383469806976
5.499999999999616,-0.7514871751101991,-7.532817449922786e-17,0.36152383469806976
5.501999999999616,-0.7514871751101991,-8.226706840313509e-17,0.36152383469806976
5.503999999999616,-0.7514871751101991,-5.125888627004966e-17,0.36152383469806976
5.505999999999616,-0.7514871751101991,-7.381029145774815e-17,0.36152383469806976
5.507999999999615,-0.7514871751101991,-1.0590267576331908e-16,0.36152383469806976
5.509999999999615,-0.7514871751101991,-6.687139755384093e-17,0.36152383469806976
5.511999999999615,-0.7514871751101991,-6.990716363680034e-17,0.36152383469806976
5.513999999999615,-0.7514871751101991,-5.082520540105546e-17,0.36152383469806976
5.5159999999996145,-0.7514871751101991,-1.0633635663231329e-16,0.36152383469806976
5.517999999999614,-0.7514871751101991,-7.706289797520467e-17,0.36152383469806976
5.519999999999614,-0.7514871751101991,-1.0546899489432488e-16,0.36152383469806976
5.521999999999614,-0.7514871751101991,-1.0373427141834808e-16,0.36152383469806976
5.523999999999614,-0.7514871751101991,-7.467765319573656e-17,0.36152383469806976
5.525999999999613,-0.7514871751101991,-1.0026482446639446e-16,0.36152383469806976
5.527999999999613,-0.7514871751101991,-6.947348276780614e-17,0.36152383469806976
5.529999999999613,-0.7514871751101991,-1.091552822807756e-16,0.36152383469806976
5.531999999999613,-0.7514871751101991,-1.0503531402533068e-16,0.36152383469806976
5.533999999999613,-0.7514871751101991,-7.727973840970177e-17,0.36152383469806976
5.535999999999612,-0.7514871751101991,-7.684605754070757e-17,0.36152383469806976
5.537999999999612,-0.7514871751101991,-1.1674469748817413e-16,0.36152383469806976
5.539999999999612,-0.7514871751101991,-4.9307322359575753e-17,0.36152383469806976
5.541999999999612,-0.7514871751101991,-6.16672271259105e-17,0.36152383469806976
5.5439999999996115,-0.7514871751101991,-8.161654709964379e-17,0.36152383469806976
5.545999999999611,-0.7514871751101991,-7.381029145774815e-17,0.36152383469806976
5.547999999999611,-0.7514871751101991,-6.12335462569163e-17,0.36152383469806976
5.549999999999611,-0.7514871751101991,-7.727973840970177e-17,0.36152383469806976
5.551999999999611,-0.7514871751101991,-7.727973840970177e-17,0.36152383469806976
5.55399999999961,-0.7514871751101991,-1.0546899489432488e-16,0.36152383469806976
5.55599999999961,-0.7514871751101991,-7.467765319573656e-17,0.36152383469806976
5.55799999999961,-0.7514871751101991,-9.983114359740026e-17,0.36152383469806976
5.55999999999961,-0.7514871751101991,-9.787957968692635e-17,0.36152383469806976
5.5619999999996095,-0.7514871751101991,-4.301894975915983e-17,0.36152383469806976
5.563999999999609,-0.7514871751101991,-1.0026482446639446e-16,0.36152383469806976
5.565999999999609,-0.7514871751101991,-7.532817449922786e-17,0.36152383469806976
5.567999999999609,-0.7514871751101991,-7.467765319573656e-17,0.36152383469806976
5.569999999999609,-0.7514871751101991,-7.641237667171336e-17,0.36152383469806976
5.571999999999608,-0.7514871751101991,-8.291758970662639e-17,0.36152383469806976
5.573999999999608,-0.7514871751101991,-5.169256713904386e-17,0.36152383469806976
5.575999999999608,-0.7514871751101991,-7.511133406473076e-17,0.36152383469806976
5.577999999999608,-0.7514871751101991,-1.0481847359083358e-16,0.36152383469806976
5.5799999999996075,-0.7514871751101991,-8.161654709964379e-17,0.36152383469806976
5.581999999999607,-0.7514871751101991,-7.684605754070757e-17,0.36152383469806976
5.583999999999607,-0.7514871751101991,-1.0373427141834808e-16,0.36152383469806976
5.585999999999607,-0.7514871751101991,-7.706289797520467e-17,0.36152383469806976
5.587999999999607,-0.7514871751101991,-9.766273925242925e-17,0.36152383469806976
5.589999999999606,-0.7514871751101991,-8.291758970662639e-17,0.36152383469806976
5.591999999999606,-0.7514871751101991,-6.773875929182933e-17,0.36152383469806976
5.593999999999606,-0.7514871751101991,-7.532817449922786e-17,0.36152383469806976
5.595999999999606,-0.7514871751101991,-8.161654709964379e-17,0.36152383469806976
5.5979999999996055,-0.7514871751101991,-7.381029145774815e-17,0.36152383469806976
5.599999999999605,-0.7514871751101991,-7.619553623721626e-17,0.36152383469806976
5.601999999999605,-0.7514871751101991,-9.787957968692635e-17,0.36152383469806976
5.603999999999605,-0.7514871751101991,-8.248390883763219e-17,0.36152383469806976
5.605999999999605,-0.7514871751101991,-5.125888627004966e-17,0.36152383469806976
5.607999999999604,-0.7514871751101991,-5.99325036499337e-17,0.36152383469806976
5.609999999999604,-0.7514871751101991,-7.901446188567857e-17,0.36152383469806976
5.611999999999604,-0.7514871751101991,-7.619553623721626e-17,0.36152383469806976
5.613999999999604,-0.7514871751101991,-1.0742055880479879e-16,0.36152383469806976
5.6159999999996035,-0.7514871751101991,-7.077452537478874e-17,0.36152383469806976
5.617999999999603,-0.7514871751101991,-7.684605754070757e-17,0.36152383469806976
5.619999999999603,-0.7514871751101991,-1.106731653222553e-16,0.36152383469806976
5.621999999999603,-0.7514871751101991,-9.787957968692635e-17,0.36152383469806976
5.623999999999603,-0.7514871751101991,-9.939746272840606e-17,0.36152383469806976
5.625999999999602,-0.7514871751101991,-2.133490630944974e-17,0.36152383469806976
5.627999999999602,-0.7514871751101991,-8.226706840313509e-17,0.36152383469806976
5.629999999999602,-0.7514871751101991,-7.706289797520467e-17,0.36152383469806976
5.631999999999602,-0.7514871751101991,-1.0546899489432488e-16,0.36152383469806976
5.6339999999996015,-0.7514871751101991,-9.766273925242925e-17,0.36152383469806976
5.635999999999601,-0.7514871751101991,-5.94988227809395e-17,0.36152383469806976
5.637999999999601,-0.7514871751101991,-7.164188711277714e-17,0.36152383469806976
5.639999999999601,-0.7514871751101991,-1.0720371837030169e-16,0.36152383469806976
5.641999999999601,-0.7514871751101991,-7.706289797520467e-17,0.36152383469806976
5.6439999999996004,-0.7514871751101991,-8.855544100355101e-17,0.36152383469806976
5.6459999999996,-0.7514871751101991,-8.291758970662639e-17,0.36152383469806976
5.6479999999996,-0.7514871751101991,-5.125888627004966e-17,0.36152383469806976
5.6499999999996,-0.7514871751101991,-8.291758970662639e-17,0.36152383469806976
5.6519999999996,-0.7514871751101991,-5.2126248008038065e-17,0.36152383469806976
5.653999999999599,-0.7514871751101991,-1.0546899489432488e-16,0.36152383469806976
5.655999999999599,-0.7514871751101991,-1.0221638837686837e-16,0.36152383469806976
5.657999999999599,-0.7514871751101991,-7.684605754070757e-17,0.36152383469806976
5.659999999999599,-0.7514871751101991,-9.983114359740026e-17,0.36152383469806976
5.6619999999995985,-0.7514871751101991,-4.822312018709025e-17,0.36152383469806976
5.663999999999598,-0.7514871751101991,-1.0677003750130749e-16,0.36152383469806976
5.665999999999598,-0.7514871751101991,-1.0308375011485677e-16,0.36152383469806976
5.667999999999598,-0.7514871751101991,-7.619553623721626e-17,0.36152383469806976
5.669999999999598,-0.7514871751101991,-7.424397232674236e-17,0.36152383469806976
5.671999999999597,-0.7514871751101991,-7.641237667171336e-17,0.36152383469806976
5.673999999999597,-0.7514871751101991,-1.0373427141834808e-16,0.36152383469806976
5.675999999999597,-0.7514871751101991,-5.386097148401487e-17,0.36152383469806976
5.677999999999597,-0.7514871751101991,-7.706289797520467e-17,0.36152383469806976
5.6799999999995965,-0.7514871751101991,-9.896378185941186e-17,0.36152383469806976
5.681999999999596,-0.7514871751101991,-7.706289797520467e-17,0.36152383469806976
5.683999999999596,-0.7514871751101991,-9.202488795550463e-17,0.36152383469806976
5.685999999999596,-0.7514871751101991,-2.7406438475368564e-17,0.36152383469806976
5.687999999999596,-0.7514871751101991,-9.896378185941186e-17,0.36152383469806976
5.689999999999595,-0.7514871751101991,-1.0590267576331908e-16,0.36152383469806976
5.691999999999595,-0.7514871751101991,-5.342729061502067e-17,0.36152383469806976
5.693999999999595,-0.7514871751101991,-1.093721227152727e-16,0.36152383469806976
5.695999999999595,-0.7514871751101991,-7.641237667171336e-17,0.36152383469806976
5.6979999999995945,-0.7514871751101991,-1.0156586707337707e-16,0.36152383469806976
5.699999999999594,-0.7514871751101991,-8.335127057562059e-17,0.36152383469806976
5.701999999999594,-0.7514871751101991,-1.0546899489432488e-16,0.36152383469806976
5.703999999999594,-0.7514871751101991,-7.619553623721626e-17,0.36152383469806976
5.705999999999594,-0.7514871751101991,-8.291758970662639e-17,0.36152383469806976
5.707999999999593,-0.7514871751101991,-7.684605754070757e-17,0.36152383469806976
5.709999999999593,-0.7514871751101991,-8.031550449266118e-17,0.36152383469806976
5.711999999999593,-0.7514871751101991,-6.687139755384093e-17,0.36152383469806976
5.713999999999593,-0.7514871751101991,-6.752191885733223e-17,0.36152383469806976
5.7159999999995925,-0.7514871751101991,-6.600403581585252e-17,0.36152383469806976
5.717999999999592,-0.7514871751101991,-6.947348276780614e-17,0.36152383469806976
5.719999999999592,-0.7514871751101991,-9.853010099041765e-17,0.36152383469806976
5.721999999999592,-0.7514871751101991,-6.687139755384093e-17,0.36152383469806976
5.723999999999592,-0.7514871751101991,-7.706289797520467e-17,0.36152383469806976
5.725999999999591,-0.7514871751101991,-9.592801577645244e-17,0.36152383469806976
5.727999999999591,-0.7514871751101991,-7.727973840970177e-17,0.36152383469806976
5.729999999999591,-0.7514871751101991,-1.093721227152727e-16,0.36152383469806976
5.731999999999591,-0.7514871751101991,-9.766273925242925e-17,0.36152383469806976
5.7339999999995905,-0.7514871751101991,-9.419329230047564e-17,0.36152383469806976
5.73599999999959,-0.7514871751101991,-5.125888627004966e-17,0.36152383469806976
5.73799999999959,-0.7514871751101991,-1.0460163315633648e-16,0.36152383469806976
5.73999999999959,-0.7514871751101991,-5.125888627004966e-17,0.36152383469806976
5.74199999999959,-0.7514871751101991,-1.089384418462785e-16,0.36152383469806976
5.743999999999589,-0.7514871751101991,-5.125888627004966e-17,0.36152383469806976
5.745999999999589,-0.7514871751101991,-7.467765319573656e-17,0.36152383469806976
5.747999999999589,-0.7514871751101991,-7.619553623721626e-17,0.36152383469806976
5.749999999999589,-0.7514871751101991,-7.619553623721626e-17,0.36152383469806976
5.7519999999995886,-0.7514871751101991,-8.335127057562059e-17,0.36152383469806976
5.753999999999588,-0.7514871751101991,-1.0633635663231329e-16,0.36152383469806976
5.755999999999588,-0.7514871751101991,-6.817244016082353e-17,0.36152383469806976
5.757999999999588,-0.7514871751101991,-4.5187354104130836e-17,0.36152383469806976
5.759999999999588,-0.7514871751101991,-7.641237667171336e-17,0.36152383469806976
5.7619999999995875,-0.7514871751101991,-1.0026482446639446e-16,0.36152383469806976
5.763999999999587,-0.7514871751101991,-7.706289797520467e-17,0.36152383469806976
5.765999999999587,-0.7514871751101991,-1.0546899489432488e-16,0.36152383469806976
5.767999999999587,-0.7514871751101991,-7.641237667171336e-17,0.36152383469806976
5.769999999999587,-0.7514871751101991,-8.291758970662639e-17,0.36152383469806976
5.771999999999586,-0.7514871751101991,-5.342729061502067e-17,0.36152383469806976
5.773999999999586,-0.7514871751101991,-8.812176013455681e-17,0.36152383469806976
5.775999999999586,-0.7514871751101991,-4.5187354104130836e-17,0.36152383469806976
5.777999999999586,-0.7514871751101991,-7.619553623721626e-17,0.36152383469806976
5.7799999999995855,-0.7514871751101991,-8.898912187254522e-17,0.36152383469806976
5.781999999999585,-0.7514871751101991,-1.0546899489432488e-16,0.36152383469806976
5.783999999999585,-0.7514871751101991,-1.0503531402533068e-16,0.36152383469806976
5.785999999999585,-0.7514871751101991,-7.424397232674236e-17,0.36152383469806976
5.787999999999585,-0.7514871751101991,-4.9957843663067056e-17,0.36152383469806976
5.789999999999584,-0.7514871751101991,-7.446081276123946e-17,0.36152383469806976
5.791999999999584,-0.7514871751101991,-8.335127057562059e-17,0.36152383469806976
5.793999999999584,-0.7514871751101991,-1.0633635663231329e-16,0.36152383469806976
5.795999999999584,-0.7514871751101991,-5.364413104951777e-17,0.36152383469806976
5.7979999999995835,-0.7514871751101991,-9.853010099041765e-17,0.36152383469806976
5.799999999999583,-0.7514871751101991,-1.0633635663231329e-16,0.36152383469806976
5.801999999999583,-0.7514871751101991,-5.125888627004966e-17,0.36152383469806976
5.803999999999583,-0.7514871751101991,-7.511133406473076e-17,0.36152383469806976
5.805999999999583,-0.7514871751101991,-9.787957968692635e-17,0.36152383469806976
5.807999999999582,-0.7514871751101991,-8.812176013455681e-17,0.36152383469806976
5.809999999999582,-0.7514871751101991,-5.97156632154366e-17,0.36152383469806976
5.811999999999582,-0.7514871751101991,-7.077452537478874e-17,0.36152383469806976
5.813999999999582,-0.7514871751101991,-9.245856882449883e-17,0.36152383469806976
5.8159999999995815,-0.7514871751101991,-7.641237667171336e-17,0.36152383469806976
5.817999999999581,-0.7514871751101991,-9.766273925242925e-17,0.36152383469806976
5.819999999999581,-0.7514871751101991,-9.375961143148144e-17,0.36152383469806976
5.821999999999581,-0.7514871751101991,-4.778943931809605e-17,0.36152383469806976
5.823999999999581,-0.7514871751101991,-1.0156586707337707e-16,0.36152383469806976
5.82599999999958,-0.7514871751101991,-7.641237667171336e-17,0.36152383469806976
5.82799999999958,-0.7514871751101991,-8.291758970662639e-17,0.36152383469806976
5.82999999999958,-0.7514871751101991,-5.342729061502067e-17,0.36152383469806976
5.83199999999958,-0.7514871751101991,-8.248390883763219e-17,0.36152383469806976
5.8339999999995795,-0.7514871751101991,-7.446081276123946e-17,0.36152383469806976
5.835999999999579,-0.7514871751101991,-1.0546899489432488e-16,0.36152383469806976
5.837999999999579,-0.7514871751101991,-9.961430316290316e-17,0.36152383469806976
5.839999999999579,-0.7514871751101991,-5.4294652353009074e-17,0.36152383469806976
5.841999999999579,-0.7514871751101991,-7.381029145774815e-17,0.36152383469806976
5.843999999999578,-0.7514871751101991,-9.701221794893795e-17,0.36152383469806976
5.845999999999578,-0.7514871751101991,-8.205022796863799e-17,0.36152383469806976
5.847999999999578,-0.7514871751101991,-6.903980189881193e-17,0.36152383469806976
5.849999999999578,-0.7514871751101991,-7.619553623721626e-17,0.36152383469806976
5.8519999999995775,-0.7514871751101991,-9.939746272840606e-17,0.36152383469806976
5.853999999999577,-0.7514871751101991,-5.386097148401487e-17,0.36152383469806976
5.855999999999577,-0.7514871751101991,-5.2126248008038065e-17,0.36152383469806976
5.857999999999577,-0.7514871751101991,-1.0590267576331908e-16,0.36152383469806976
5.859999999999577,-0.7514871751101991,-6.513667407786412e-17,0.36152383469806976
5.861999999999576,-0.7514871751101991,-1.2476779356456686e-16,0.36152383469806976
5.863999999999576,-0.7514871751101991,-8.248390883763219e-17,0.36152383469806976
5.865999999999576,-0.7514871751101991,-7.901446188567857e-17,0.36152383469806976
5.867999999999576,-0.7514871751101991,-9.787957968692635e-17,0.36152383469806976
5.869999999999576,-0.7514871751101991,-1.0156586707337707e-16,0.36152383469806976
5.871999999999575,-0.7514871751101991,-7.641237667171336e-17,0.36152383469806976
5.873999999999575,-0.7514871751101991,-7.641237667171336e-17,0.36152383469806976
5.875999999999575,-0.7514871751101991,-7.532817449922786e-17,0.36152383469806976
5.877999999999575,-0.7514871751101991,-7.706289797520467e-17,0.36152383469806976
5.8799999999995745,-0.7514871751101991,-1.0503531402533068e-16,0.36152383469806976
5.881999999999574,-0.7514871751101991,-9.939746272840606e-17,0.36152383469806976
5.883999999999574,-0.7514871751101991,-8.248390883763219e-17,0.36152383469806976
5.885999999999574,-0.7514871751101991,-4.431999236614243e-17,0.36152383469806976
5.887999999999574,-0.7514871751101991,-7.706289797520467e-17,0.36152383469806976
5.889999999999573,-0.7514871751101991,-8.053234492715828e-17,0.36152383469806976
5.891999999999573,-0.7514871751101991,-6.903980189881193e-17,0.36152383469806976
5.893999999999573,-0.7514871751101991,-7.532817449922786e-17,0.36152383469806976
5.895999999999573,-0.7514871751101991,-9.527749447296114e-17,0.36152383469806976
5.8979999999995725,-0.7514871751101991,-9.896378185941186e-17,0.36152383469806976
5.899999999999572,-0.7514871751101991,-1.0503531402533068e-16,0.36152383469806976
5.901999999999572,-0.7514871751101991,-9.722905838343505e-17,0.36152383469806976
5.903999999999572,-0.7514871751101991,-5.386097148401487e-17,0.36152383469806976
5.905999999999572,-0.7514871751101991,-6.817244016082353e-17,0.36152383469806976
5.907999999999571,-0.7514871751101991,-4.562103497312504e-17,0.36152383469806976
5.909999999999571,-0.7514871751101991,-7.424397232674236e-17,0.36152383469806976
5.911999999999571,-0.7514871751101991,-8.248390883763219e-17,0.36152383469806976
5.913999999999571,-0.7514871751101991,-7.164188711277714e-17,0.36152383469806976
5.9159999999995705,-0.7514871751101991,-9.983114359740026e-17,0.36152383469806976
5.91799999999957,-0.7514871751101991,-7.706289797520467e-17,0.36152383469806976
5.91999999999957,-0.7514871751101991,-9.853010099041765e-17,0.36152383469806976
5.92199999999957,-0.7514871751101991,-4.345263062815403e-17,0.36152383469806976
5.92399999999957,-0.7514871751101991,-8.248390883763219e-17,0.36152383469806976
5.925999999999569,-0.7514871751101991,-7.467765319573656e-17,0.36152383469806976
5.927999999999569,-0.7514871751101991,-7.684605754070757e-17,0.36152383469806976
5.929999999999569,-0.7514871751101991,-9.722905838343505e-17,0.36152383469806976
5.931999999999569,-0.7514871751101991,-9.983114359740026e-17,0.36152383469806976
5.9339999999995685,-0.7514871751101991,-8.291758970662639e-17,0.36152383469806976
5.935999999999568,-0.7514871751101991,-5.1909407573540964e-17,0.36152383469806976
5.937999999999568,-0.7514871751101991,-9.787957968692635e-17,0.36152383469806976
5.939999999999568,-0.7514871751101991,-1.0069850533538866e-16,0.36152383469806976
5.941999999999568,-0.7514871751101991,-9.809642012142345e-17,0.36152383469806976
5.943999999999567,-0.7514871751101991,-7.511133406473076e-17,0.36152383469806976
5.945999999999567,-0.7514871751101991,-1.0546899489432488e-16,0.36152383469806976
5.947999999999567,-0.7514871751101991,-9.419329230047564e-17,0.36152383469806976
5.949999999999567,-0.7514871751101991,-7.381029145774815e-17,0.36152383469806976
5.9519999999995665,-0.7514871751101991,-1.0633635663231329e-16,0.36152383469806976
5.953999999999566,-0.7514871751101991,-4.2151588021171424e-17,0.36152383469806976
5.955999999999566,-0.7514871751101991,-9.983114359740026e-17,0.36152383469806976
5.957999999999566,-0.7514871751101991,-6.947348276780614e-17,0.36152383469806976
5.959999999999566,-0.7514871751101991,-5.125888627004966e-17,0.36152383469806976
5.961999999999565,-0.7514871751101991,-1.0416795228734228e-16,0.36152383469806976
5.963999999999565,-0.7514871751101991,-4.562103497312504e-17,0.36152383469806976
5.965999999999565,-0.7514871751101991,-6.947348276780614e-17,0.36152383469806976
5.967999999999565,-0.7514871751101991,-7.467765319573656e-17,0.36152383469806976
5.9699999999995645,-0.7514871751101991,-9.939746272840606e-17,0.36152383469806976
5.971999999999564,-0.7514871751101991,-7.446081276123946e-17,0.36152383469806976
5.973999999999564,-0.7514871751101991,-5.99325036499337e-17,0.36152383469806976
5.975999999999564,-0.7514871751101991,-7.554501493372496e-17,0.36152383469806976
5.977999999999564,-0.7514871751101991,-9.874694142491476e-17,0.36152383469806976
5.979999999999563,-0.7514871751101991,-4.822312018709025e-17,0.36152383469806976
5.981999999999563,-0.7514871751101991,-1.0720371837030169e-16,0.36152383469806976
5.983999999999563,-0.7514871751101991,-9.809642012142345e-17,0.36152383469806976
5.985999999999563,-0.7514871751101991,-9.072384534852202e-17,0.36152383469806976
5.987999999999563,-0.7514871751101991,-7.684605754070757e-17,0.36152383469806976
5.989999999999562,-0.7514871751101991,-9.809642012142345e-17,0.36152383469806976
5.991999999999562,-0.7514871751101991,-1.0633635663231329e-16,0.36152383469806976
5.993999999999562,-0.7514871751101991,-7.597869580271916e-17,0.36152383469806976
5.995999999999562,-0.7514871751101991,-7.446081276123946e-17,0.36152383469806976
5.9979999999995615,-0.7514871751101991,-8.291758970662639e-17,0.36152383469806976
5.999999999999561,-0.7514871751101991,-7.532817449922786e-17,0.36152383469806976
6.001999999999561,-0.7514871751101991,-7.641237667171336e-17,0.36152383469806976
6.003999999999561,-0.7514871751101991,-9.787957968692635e-17,0.36152383469806976
6.005999999999561,-0.7514871751101991,-8.985648361053362e-17,0.36152383469806976
6.00799999999956,-0.7514871751101991,-4.605471584211924e-17,0.36152383469806976
6.00999999999956,-0.7514871751101991,-6.687139755384093e-17,0.36152383469806976
6.01199999999956,-0.7514871751101991,-7.446081276123946e-17,0.36152383469806976
6.01399999999956,-0.7514871751101991,-1.0308375011485677e-16,0.36152383469806976
6.0159999999995595,-0.7514871751101991,-9.245856882449883e-17,0.36152383469806976
6.017999999999559,-0.7514871751101991,-5.4511492787506175e-17,0.36152383469806976
6.019999999999559,-0.7514871751101991,-7.446081276123946e-17,0.36152383469806976
6.021999999999559,-0.7514871751101991,-9.961430316290316e-17,0.36152383469806976
6.023999999999559,-0.7514871751101991,-7.684605754070757e-17,0.36152383469806976
6.025999999999558,-0.7514871751101991,-7.619553623721626e-17,0.36152383469806976
6.027999999999558,-0.7514871751101991,-1.0763739923929589e-16,0.36152383469806976
6.029999999999558,-0.7514871751101991,-7.077452537478874e-17,0.36152383469806976
6.031999999999558,-0.7514871751101991,-7.706289797520467e-17,0.36152383469806976
6.0339999999995575,-0.7514871751101991,-9.592801577645244e-17,0.36152383469806976
6.035999999999557,-0.7514871751101991,-9.939746272840606e-17,0.36152383469806976
6.037999999999557,-0.7514871751101991,-1.0590267576331908e-16,0.36152383469806976
6.039999999999557,-0.7514871751101991,-5.082520540105546e-17,0.36152383469806976
6.041999999999557,-0.7514871751101991,-7.381029145774815e-17,0.36152383469806976
6.043999999999556,-0.7514871751101991,-8.335127057562059e-17,0.36152383469806976
6.045999999999556,-0.7514871751101991,-1.0677003750130749e-16,0.36152383469806976
6.047999999999556,-0.7514871751101991,-7.597869580271916e-17,0.36152383469806976
6.049999999999556,-0.7514871751101991,-7.771341927869597e-17,0.36152383469806976
6.0519999999995555,-0.7514871751101991,-7.684605754070757e-17,0.36152383469806976
6.053999999999555,-0.7514871751101991,-8.161654709964379e-17,0.36152383469806976
6.055999999999555,-0.7514871751101991,-6.752191885733223e-17,0.36152383469806976
6.057999999999555,-0.7514871751101991,-7.727973840970177e-17,0.36152383469806976
6.059999999999555,-0.7514871751101991,-9.766273925242925e-17,0.36152383469806976
6.061999999999554,-0.7514871751101991,-9.939746272840606e-17,0.36152383469806976
6.063999999999554,-0.7514871751101991,-7.727973840970177e-17,0.36152383469806976
6.065999999999554,-0.7514871751101991,-9.722905838343505e-17,0.36152383469806976
6.067999999999554,-0.7514871751101991,-9.896378185941186e-17,0.36152383469806976
6.0699999999995535,-0.7514871751101991,-2.0467544571461335e-17,0.36152383469806976
6.071999999999553,-0.7514871751101991,-8.291758970662639e-17,0.36152383469806976
6.073999999999553,-0.7514871751101991,-7.012400407129744e-17,0.36152383469806976
6.075999999999553,-0.7514871751101991,-7.381029145774815e-17,0.36152383469806976
6.077999999999553,-0.7514871751101991,-4.9957843663067056e-17,0.36152383469806976
6.079999999999552,-0.7514871751101991,-7.684605754070757e-17,0.36152383469806976
6.081999999999552,-0.7514871751101991,-1.0503531402533068e-16,0.36152383469806976
6.083999999999552,-0.7514871751101991,-9.701221794893795e-17,0.36152383469806976
6.085999999999552,-0.7514871751101991,-7.771341927869597e-17,0.36152383469806976
6.0879999999995515,-0.7514871751101991,-1.2628567660604657e-16,0.36152383469806976
6.089999999999551,-0.7514871751101991,-5.299360974602647e-17,0.36152383469806976
6.091999999999551,-0.7514871751101991,-1.089384418462785e-16,0.36152383469806976
6.093999999999551,-0.7514871751101991,-4.648839671111344e-17,0.36152383469806976
6.095999999999551,-0.7514871751101991,-6.752191885733223e-17,0.36152383469806976
6.0979999999995504,-0.7514871751101991,-7.467765319573656e-17,0.36152383469806976
6.09999999999955,-0.7514871751101991,-9.961430316290316e-17,0.36152383469806976
6.10199999999955,-0.7514871751101991,-5.082520540105546e-17,0.36152383469806976
6.10399999999955,-0.7514871751101991,-8.248390883763219e-17,0.36152383469806976
6.10599999999955,-0.7514871751101991,-7.684605754070757e-17,0.36152383469806976
6.107999999999549,-0.7514871751101991,-9.766273925242925e-17,0.36152383469806976
6.109999999999549,-0.7514871751101991,-1.2281622965409295e-16,0.36152383469806976
6.111999999999549,-0.7514871751101991,-8.812176013455681e-17,0.36152383469806976
6.113999999999549,-0.7514871751101991,-4.5187354104130836e-17,0.36152383469806976
6.1159999999995485,-0.7514871751101991,-7.641237667171336e-17,0.36152383469806976
6.117999999999548,-0.7514871751101991,-1.2043098487462484e-16,0.36152383469806976
6.119999999999548,-0.7514871751101991,-9.072384534852202e-17,0.36152383469806976
6.121999999999548,-0.7514871751101991,-7.641237667171336e-17,0.36152383469806976
6.123999999999548,-0.7514871751101991,-1.0373427141834808e-16,0.36152383469806976
6.125999999999547,-0.7514871751101991,-5.1909407573540964e-17,0.36152383469806976
6.127999999999547,-0.7514871751101991,-1.089384418462785e-16,0.36152383469806976
6.129999999999547,-0.7514871751101991,-4.822312018709025e-17,0.36152383469806976
6.131999999999547,-0.7514871751101991,-1.2238254878509875e-16,0.36152383469806976
6.1339999999995465,-0.7514871751101991,-7.727973840970177e-17,0.36152383469806976
6.135999999999546,-0.7514871751101991,-9.722905838343505e-17,0.36152383469806976
6.137999999999546,-0.7514871751101991,-9.939746272840606e-17,0.36152383469806976
6.139999999999546,-0.7514871751101991,-7.727973840970177e-17,0.36152383469806976
6.141999999999546,-0.7514871751101991,-9.939746272840606e-17,0.36152383469806976
6.143999999999545,-0.7514871751101991,-3.9549502807206213e-17,0.36152383469806976
6.145999999999545,-0.7514871751101991,-9.375961143148144e-17,0.36152383469806976
6.147999999999545,-0.7514871751101991,-4.2151588021171424e-17,0.36152383469806976
6.149999999999545,-0.7514871751101991,-6.16672271259105e-17,0.36152383469806976
6.1519999999995445,-0.7514871751101991,-8.248390883763219e-17,0.36152383469806976
6.153999999999544,-0.7514871751101991,-6.817244016082353e-17,0.36152383469806976
6.155999999999544,-0.7514871751101991,-4.5187354104130836e-17,0.36152383469806976
6.157999999999544,-0.7514871751101991,-1.0590267576331908e-16,0.36152383469806976
6.159999999999544,-0.7514871751101991,-6.557035494685832e-17,0.36152383469806976
6.161999999999543,-0.7514871751101991,-1.3062248529598859e-16,0.36152383469806976
6.163999999999543,-0.7514871751101991,-1.0026482446639446e-16,0.36152383469806976
6.165999999999543,-0.7514871751101991,-7.424397232674236e-17,0.36152383469806976
6.167999999999543,-0.7514871751101991,-5.99325036499337e-17,0.36152383469806976
6.1699999999995425,-0.7514871751101991,-5.386097148401487e-17,0.36152383469806976
6.171999999999542,-0.7514871751101991,-5.125888627004966e-17,0.36152383469806976
6.173999999999542,-0.7514871751101991,-7.727973840970177e-17,0.36152383469806976
6.175999999999542,-0.7514871751101991,-9.809642012142345e-17,0.36152383469806976
6.177999999999542,-0.7514871751101991,-1.098058035842669e-16,0.36152383469806976
6.179999999999541,-0.7514871751101991,-8.335127057562059e-17,0.36152383469806976
6.181999999999541,-0.7514871751101991,-1.0373427141834808e-16,0.36152383469806976
6.183999999999541,-0.7514871751101991,-8.248390883763219e-17,0.36152383469806976
6.185999999999541,-0.7514871751101991,-5.169256713904386e-17,0.36152383469806976
6.1879999999995405,-0.7514871751101991,-8.291758970662639e-17,0.36152383469806976
6.18999999999954,-0.7514871751101991,-7.467765319573656e-17,0.36152383469806976
6.19199999999954,-0.7514871751101991,-1.106731653222553e-16,0.36152383469806976
6.19399999999954,-0.7514871751101991,-1.1674469748817413e-16,0.36152383469806976
6.19599999999954,-0.7514871751101991,-4.0416864545194617e-17,0.36152383469806976
6.197999999999539,-0.7514871751101991,-6.687139755384093e-17,0.36152383469806976
6.199999999999539,-0.7514871751101991,-7.381029145774815e-17,0.36152383469806976
6.201999999999539,-0.7514871751101991,-7.381029145774815e-17,0.36152383469806976
6.203999999999539,-0.7514871751101991,-8.898912187254522e-17,0.36152383469806976
6.2059999999995386,-0.7514871751101991,-1.106731653222553e-16,0.36152383469806976
6.207999999999538,-0.7514871751101991,-9.159120708651043e-17,0.36152383469806976
6.209999999999538,-0.7514871751101991,-7.641237667171336e-17,0.36152383469806976
6.211999999999538,-0.7514871751101991,-8.37849514446148e-17,0.36152383469806976
6.213999999999538,-0.7514871751101991,-8.335127057562059e-17,0.36152383469806976
6.2159999999995375,-0.7514871751101991,-9.701221794893795e-17,0.36152383469806976
6.217999999999537,-0.7514871751101991,-7.511133406473076e-17,0.36152383469806976
6.219999999999537,-0.7514871751101991,-8.226706840313509e-17,0.36152383469806976
6.221999999999537,-0.7514871751101991,-4.605471584211924e-17,0.36152383469806976
6.223999999999537,-0.7514871751101991,-6.817244016082353e-17,0.36152383469806976
6.225999999999536,-0.7514871751101991,-4.345263062815403e-17,0.36152383469806976
6.227999999999536,-0.7514871751101991,-7.641237667171336e-17,0.36152383469806976
6.229999999999536,-0.7514871751101991,-9.766273925242925e-17,0.36152383469806976
6.231999999999536,-0.7514871751101991,-9.245856882449883e-17,0.36152383469806976
6.2339999999995355,-0.7514871751101991,-8.898912187254522e-17,0.36152383469806976
6.235999999999535,-0.7514871751101991,-8.898912187254522e-17,0.36152383469806976
6.237999999999535,-0.7514871751101991,-8.942280274153942e-17,0.36152383469806976
6.239999999999535,-0.7514871751101991,-7.727973840970177e-17,0.36152383469806976
6.241999999999535,-0.7514871751101991,-8.248390883763219e-17,0.36152383469806976
6.243999999999534,-0.7514871751101991,-7.684605754070757e-17,0.36152383469806976
6.245999999999534,-0.7514871751101991,-8.855544100355101e-17,0.36152383469806976
6.247999999999534,-0.7514871751101991,-8.291758970662639e-17,0.36152383469806976
6.249999999999534,-0.7514871751101991,-5.386097148401487e-17,0.36152383469806976
6.2519999999995335,-0.7514871751101991,-7.467765319573656e-17,0.36152383469806976
6.253999999999533,-0.7514871751101991,-7.641237667171336e-17,0.36152383469806976
6.255999999999533,-0.7514871751101991,-9.722905838343505e-17,0.36152383469806976
6.257999999999533,-0.7514871751101991,-8.291758970662639e-17,0.36152383469806976
6.259999999999533,-0.7514871751101991,-7.641237667171336e-17,0.36152383469806976
6.261999999999532,-0.7514871751101991,-8.898912187254522e-17,0.36152383469806976
6.263999999999532,-0.7514871751101991,-8.226706840313509e-17,0.36152383469806976
6.265999999999532,-0.7514871751101991,-8.291758970662639e-17,0.36152383469806976
6.267999999999532,-0.7514871751101991,-8.898912187254522e-17,0.36152383469806976
6.2699999999995315,-0.7514871751101991,-6.687139755384093e-17,0.36152383469806976
6.271999999999531,-0.7514871751101991,-5.4294652353009074e-17,0.36152383469806976
6.273999999999531,-0.7514871751101991,-7.446081276123946e-17,0.36152383469806976
6.275999999999531,-0.7514871751101991,-9.766273925242925e-17,0.36152383469806976
6.277999999999531,-0.7514871751101991,-8.226706840313509e-17,0.36152383469806976
6.27999999999953,-0.7514871751101991,-7.858078101668437e-17,0.36152383469806976
6.28199999999953,-0.7514871751101991,-9.787957968692635e-17,0.36152383469806976
6.28399999999953,-0.7514871751101991,-9.939746272840606e-17,0.36152383469806976
6.28599999999953,-0.7514871751101991,-8.291758970662639e-17,0.36152383469806976
6.2879999999995295,-0.7514871751101991,-5.364413104951777e-17,0.36152383469806976
6.289999999999529,-0.7514871751101991,-7.337661058875395e-17,0.36152383469806976
6.291999999999529,-0.7514871751101991,-7.554501493372496e-17,0.36152383469806976
6.293999999999529,-0.7514871751101991,-1.0416795228734228e-16,0.36152383469806976
6.295999999999529,-0.7514871751101991,-1.0742055880479879e-16,0.36152383469806976
6.297999999999528,-0.7514871751101991,-4.778943931809605e-17,0.36152383469806976
6.299999999999528,-0.7514871751101991,-9.983114359740026e-17,0.36152383469806976
6.301999999999528,-0.7514871751101991,-9.787957968692635e-17,0.36152383469806976
6.303999999999528,-0.7514871751101991,-1.0199954794237127e-16,0.36152383469806976
6.3059999999995275,-0.7514871751101991,-1.093721227152727e-16,0.36152383469806976
6.307999999999527,-0.7514871751101991,-7.706289797520467e-17,0.36152383469806976
6.309999999999527,-0.7514871751101991,-7.511133406473076e-17,0.36152383469806976
6.311999999999527,-0.7514871751101991,-7.424397232674236e-17,0.36152383469806976
6.313999999999527,-0.7514871751101991,-5.4511492787506175e-17,0.36152383469806976
6.315999999999526,-0.7514871751101991,-7.554501493372496e-17,0.36152383469806976
6.317999999999526,-0.7514871751101991,-7.381029145774815e-17,0.36152383469806976
6.319999999999526,-0.7514871751101991,-4.9957843663067056e-17,0.36152383469806976
6.321999999999526,-0.7514871751101991,-6.947348276780614e-17,0.36152383469806976
6.323999999999526,-0.7514871751101991,-5.082520540105546e-17,0.36152383469806976
6.325999999999525,-0.7514871751101991,-1.1457629314320312e-16,0.36152383469806976
6.327999999999525,-0.7514871751101991,-9.787957968692635e-17,0.36152383469806976
6.329999999999525,-0.7514871751101991,-1.2281622965409295e-16,0.36152383469806976
6.331999999999525,-0.7514871751101991,-9.983114359740026e-17,0.36152383469806976
6.3339999999995245,-0.7514871751101991,-7.424397232674236e-17,0.36152383469806976
6.335999999999524,-0.7514871751101991,-7.727973840970177e-17,0.36152383469806976
6.337999999999524,-0.7514871751101991,-8.291758970662639e-17,0.36152383469806976
6.339999999999524,-0.7514871751101991,-7.858078101668437e-17,0.36152383469806976
6.341999999999524,-0.7514871751101991,-9.787957968692635e-17,0.36152383469806976
6.343999999999523,-0.7514871751101991,-9.983114359740026e-17,0.36152383469806976
6.345999999999523,-0.7514871751101991,-4.388631149714823e-17,0.36152383469806976
6.347999999999523,-0.7514871751101991,-8.248390883763219e-17,0.36152383469806976
6.349999999999523,-0.7514871751101991,-6.730507842283513e-17,0.36152383469806976
6.3519999999995225,-0.7514871751101991,-6.990716363680034e-17,0.36152383469806976
6.353999999999522,-0.7514871751101991,-5.039152453206126e-17,0.36152383469806976
6.355999999999522,-0.7514871751101991,-7.684605754070757e-17,0.36152383469806976
6.357999999999522,-0.7514871751101991,-9.983114359740026e-17,0.36152383469806976
6.359999999999522,-0.7514871751101991,-7.120820624378294e-17,0.36152383469806976
6.361999999999521,-0.7514871751101991,-1.0633635663231329e-16,0.36152383469806976
6.363999999999521,-0.7514871751101991,-9.766273925242925e-17,0.36152383469806976
6.365999999999521,-0.7514871751101991,-8.248390883763219e-17,0.36152383469806976
6.367999999999521,-0.7514871751101991,-5.169256713904386e-17,0.36152383469806976
6.3699999999995205,-0.7514871751101991,-7.727973840970177e-17,0.36152383469806976
6.37199999999952,-0.7514871751101991,-9.592801577645244e-17,0.36152383469806976
6.37399999999952,-0.7514871751101991,-7.771341927869597e-17,0.36152383469806976
6.37599999999952,-0.7514871751101991,-1.0546899489432488e-16,0.36152383469806976
6.37799999999952,-0.7514871751101991,-9.961430316290316e-17,0.36152383469806976
6.379999999999519,-0.7514871751101991,-7.641237667171336e-17,0.36152383469806976
6.381999999999519,-0.7514871751101991,-1.0373427141834808e-16,0.36152383469806976
6.383999999999519,-0.7514871751101991,-5.386097148401487e-17,0.36152383469806976
6.385999999999519,-0.7514871751101991,-7.706289797520467e-17,0.36152383469806976
6.3879999999995185,-0.7514871751101991,-7.771341927869597e-17,0.36152383469806976
6.389999999999518,-0.7514871751101991,-9.766273925242925e-17,0.36152383469806976
6.391999999999518,-0.7514871751101991,-9.939746272840606e-17,0.36152383469806976
6.393999999999518,-0.7514871751101991,-7.727973840970177e-17,0.36152383469806976
6.395999999999518,-0.7514871751101991,-9.592801577645244e-17,0.36152383469806976
6.397999999999517,-0.7514871751101991,-9.939746272840606e-17,0.36152383469806976
6.399999999999517,-0.7514871751101991,-5.99325036499337e-17,0.36152383469806976
6.401999999999517,-0.7514871751101991,-6.903980189881193e-17,0.36152383469806976
6.403999999999517,-0.7514871751101991,-6.903980189881193e-17,0.36152383469806976
6.4059999999995165,-0.7514871751101991,-6.925664233330903e-17,0.36152383469806976
6.407999999999516,-0.7514871751101991,-1.0720371837030169e-16,0.36152383469806976
6.409999999999516,-0.7514871751101991,-9.722905838343505e-17,0.36152383469806976
6.411999999999516,-0.7514871751101991,-5.97156632154366e-17,0.36152383469806976
6.413999999999516,-0.7514871751101991,-7.120820624378294e-17,0.36152383469806976
6.415999999999515,-0.7514871751101991,-1.0633635663231329e-16,0.36152383469806976
6.417999999999515,-0.7514871751101991,-7.641237667171336e-17,0.36152383469806976
6.419999999999515,-0.7514871751101991,-8.291758970662639e-17,0.36152383469806976
6.421999999999515,-0.7514871751101991,-5.125888627004966e-17,0.36152383469806976
6.4239999999995145,-0.7514871751101991,-7.446081276123946e-17,0.36152383469806976
6.425999999999514,-0.7514871751101991,-7.641237667171336e-17,0.36152383469806976
6.427999999999514,-0.7514871751101991,-7.641237667171336e-17,0.36152383469806976
6.429999999999514,-0.7514871751101991,-8.37849514446148e-17,0.36152383469806976
6.431999999999514,-0.7514871751101991,-9.983114359740026e-17,0.36152383469806976
6.433999999999513,-0.7514871751101991,-7.619553623721626e-17,0.36152383469806976
6.435999999999513,-0.7514871751101991,-8.335127057562059e-17,0.36152383469806976
6.437999999999513,-0.7514871751101991,-8.335127057562059e-17,0.36152383469806976
6.439999999999513,-0.7514871751101991,-1.0373427141834808e-16,0.36152383469806976
6.441999999999513,-0.7514871751101991,-8.248390883763219e-17,0.36152383469806976
6.443999999999512,-0.7514871751101991,-7.424397232674236e-17,0.36152383469806976
6.445999999999512,-0.7514871751101991,-7.727973840970177e-17,0.36152383469806976
6.447999999999512,-0.7514871751101991,-9.896378185941186e-17,0.36152383469806976
6.449999999999512,-0.7514871751101991,-7.706289797520467e-17,0.36152383469806976
6.4519999999995115,-0.7514871751101991,-1.1674469748817413e-16,0.36152383469806976
6.453999999999511,-0.7514871751101991,-9.853010099041765e-17,0.36152383469806976
6.455999999999511,-0.7514871751101991,-5.039152453206126e-17,0.36152383469806976
6.457999999999511,-0.7514871751101991,-1.115405270602437e-16,0.36152383469806976
6.459999999999511,-0.7514871751101991,-5.386097148401487e-17,0.36152383469806976
6.46199999999951,-0.7514871751101991,-5.386097148401487e-17,0.36152383469806976
6.46399999999951,-0.7514871751101991,-9.245856882449883e-17,0.36152383469806976
6.46599999999951,-0.7514871751101991,-7.706289797520467e-17,0.36152383469806976
6.46799999999951,-0.7514871751101991,-8.074918536165538e-17,0.36152383469806976
6.4699999999995095,-0.7514871751101991,-6.903980189881193e-17,0.36152383469806976
6.471999999999509,-0.7514871751101991,-6.947348276780614e-17,0.36152383469806976
6.473999999999509,-0.7514871751101991,-9.853010099041765e-17,0.36152383469806976
6.475999999999509,-0.7514871751101991,-6.687139755384093e-17,0.36152383469806976
6.477999999999509,-0.7514871751101991,-5.4294652353009074e-17,0.36152383469806976
6.479999999999508,-0.7514871751101991,-9.809642012142345e-17,0.36152383469806976
6.481999999999508,-0.7514871751101991,-8.855544100355101e-17,0.36152383469806976
6.483999999999508,-0.7514871751101991,-8.226706840313509e-17,0.36152383469806976
6.485999999999508,-0.7514871751101991,-7.381029145774815e-17,0.36152383469806976
6.4879999999995075,-0.7514871751101991,-9.896378185941186e-17,0.36152383469806976
6.489999999999507,-0.7514871751101991,-5.386097148401487e-17,0.36152383469806976
6.491999999999507,-0.7514871751101991,-5.299360974602647e-17,0.36152383469806976
6.493999999999507,-0.7514871751101991,-1.0416795228734228e-16,0.36152383469806976
6.495999999999507,-0.7514871751101991,-1.093721227152727e-16,0.36152383469806976
6.497999999999506,-0.7514871751101991,-1.0546899489432488e-16,0.36152383469806976
6.499999999999506,-0.7514871751101991,-7.706289797520467e-17,0.36152383469806976
6.501999999999506,-0.7514871751101991,-7.467765319573656e-17,0.36152383469806976
6.503999999999506,-0.7514871751101991,-1.0720371837030169e-16,0.36152383469806976
6.5059999999995055,-0.7514871751101991,-7.467765319573656e-17,0.36152383469806976
6.507999999999505,-0.7514871751101991,-7.619553623721626e-17,0.36152383469806976
6.509999999999505,-0.7514871751101991,-7.446081276123946e-17,0.36152383469806976
6.511999999999505,-0.7514871751101991,-6.903980189881193e-17,0.36152383469806976
6.513999999999505,-0.7514871751101991,-6.925664233330903e-17,0.36152383469806976
6.515999999999504,-0.7514871751101991,-4.5187354104130836e-17,0.36152383469806976
6.517999999999504,-0.7514871751101991,-8.291758970662639e-17,0.36152383469806976
6.519999999999504,-0.7514871751101991,-7.619553623721626e-17,0.36152383469806976
6.521999999999504,-0.7514871751101991,-9.983114359740026e-17,0.36152383469806976
6.5239999999995035,-0.7514871751101991,-7.706289797520467e-17,0.36152383469806976
6.525999999999503,-0.7514871751101991,-1.0330059054935387e-16,0.36152383469806976
6.527999999999503,-0.7514871751101991,-7.706289797520467e-17,0.36152383469806976
6.529999999999503,-0.7514871751101991,-9.766273925242925e-17,0.36152383469806976
6.531999999999503,-0.7514871751101991,-9.983114359740026e-17,0.36152383469806976
6.533999999999502,-0.7514871751101991,-8.248390883763219e-17,0.36152383469806976
6.535999999999502,-0.7514871751101991,-5.125888627004966e-17,0.36152383469806976
6.537999999999502,-0.7514871751101991,-7.619553623721626e-17,0.36152383469806976
6.539999999999502,-0.7514871751101991,-9.961430316290316e-17,0.36152383469806976
6.5419999999995015,-0.7514871751101991,-7.684605754070757e-17,0.36152383469806976
6.543999999999501,-0.7514871751101991,-9.983114359740026e-17,0.36152383469806976
6.545999999999501,-0.7514871751101991,-4.778943931809605e-17,0.36152383469806976
6.547999999999501,-0.7514871751101991,-6.07998653879221e-17,0.36152383469806976
6.549999999999501,-0.7514871751101991,-7.684605754070757e-17,0.36152383469806976
6.5519999999995004,-0.7514871751101991,-8.205022796863799e-17,0.36152383469806976
6.5539999999995,-0.7514871751101991,-7.684605754070757e-17,0.36152383469806976
6.5559999999995,-0.7514871751101991,-1.0330059054935387e-16,0.36152383469806976
6.5579999999995,-0.7514871751101991,-6.730507842283513e-17,0.36152383469806976
6.5599999999995,-0.7514871751101991,-7.641237667171336e-17,0.36152383469806976
6.561999999999499,-0.7514871751101991,-1.0330059054935387e-16,0.36152383469806976
6.563999999999499,-0.7514871751101991,-6.990716363680034e-17,0.36152383469806976
6.565999999999499,-0.7514871751101991,-8.898912187254522e-17,0.36152383469806976
6.567999999999499,-0.7514871751101991,-8.37849514446148e-17,0.36152383469806976
6.5699999999994985,-0.7514871751101991,-8.898912187254522e-17,0.36152383469806976
6.571999999999498,-0.7514871751101991,-1.0546899489432488e-16,0.36152383469806976
6.573999999999498,-0.7514871751101991,-8.205022796863799e-17,0.36152383469806976
6.575999999999498,-0.7514871751101991,-6.687139755384093e-17,0.36152383469806976
6.577999999999498,-0.7514871751101991,-6.947348276780614e-17,0.36152383469806976
6.579999999999497,-0.7514871751101991,-4.5187354104130836e-17,0.36152383469806976
6.581999999999497,-0.7514871751101991,-5.94988227809395e-17,0.36152383469806976
6.583999999999497,-0.7514871751101991,-7.164188711277714e-17,0.36152383469806976
6.585999999999497,-0.7514871751101991,-1.093721227152727e-16,0.36152383469806976
6.5879999999994965,-0.7514871751101991,-1.115405270602437e-16,0.36152383469806976
6.589999999999496,-0.7514871751101991,-6.730507842283513e-17,0.36152383469806976
6.591999999999496,-0.7514871751101991,-5.4294652353009074e-17,0.36152383469806976
6.593999999999496,-0.7514871751101991,-4.9957843663067056e-17,0.36152383469806976
6.595999999999496,-0.7514871751101991,-7.684605754070757e-17,0.36152383469806976
6.597999999999495,-0.7514871751101991,-1.0460163315633648e-16,0.36152383469806976
6.599999999999495,-0.7514871751101991,-1.2997196399249728e-16,0.36152383469806976
6.601999999999495,-0.7514871751101991,-4.2368428455668525e-17,0.36152383469806976
6.603999999999495,-0.7514871751101991,-6.903980189881193e-17,0.36152383469806976
6.6059999999994945,-0.7514871751101991,-7.619553623721626e-17,0.36152383469806976
6.607999999999494,-0.7514871751101991,-9.983114359740026e-17,0.36152383469806976
6.609999999999494,-0.7514871751101991,-7.619553623721626e-17,0.36152383469806976
6.611999999999494,-0.7514871751101991,-8.898912187254522e-17,0.36152383469806976
6.613999999999494,-0.7514871751101991,-1.0546899489432488e-16,0.36152383469806976
6.615999999999493,-0.7514871751101991,-9.853010099041765e-17,0.36152383469806976
6.617999999999493,-0.7514871751101991,-6.07998653879221e-17,0.36152383469806976
6.619999999999493,-0.7514871751101991,-7.511133406473076e-17,0.36152383469806976
6.621999999999493,-0.7514871751101991,-8.855544100355101e-17,0.36152383469806976
6.6239999999994925,-0.7514871751101991,-8.335127057562059e-17,0.36152383469806976
6.625999999999492,-0.7514871751101991,-8.226706840313509e-17,0.36152383469806976
6.627999999999492,-0.7514871751101991,-7.446081276123946e-17,0.36152383469806976
6.629999999999492,-0.7514871751101991,-8.248390883763219e-17,0.36152383469806976
6.631999999999492,-0.7514871751101991,-5.169256713904386e-17,0.36152383469806976
6.633999999999491,-0.7514871751101991,-5.99325036499337e-17,0.36152383469806976
6.635999999999491,-0.7514871751101991,-7.901446188567857e-17,0.36152383469806976
6.637999999999491,-0.7514871751101991,-9.787957968692635e-17,0.36152383469806976
6.639999999999491,-0.7514871751101991,-1.0156586707337707e-16,0.36152383469806976
6.6419999999994905,-0.7514871751101991,-9.787957968692635e-17,0.36152383469806976
6.64399999999949,-0.7514871751101991,-7.771341927869597e-17,0.36152383469806976
6.64599999999949,-0.7514871751101991,-9.787957968692635e-17,0.36152383469806976
6.64799999999949,-0.7514871751101991,-6.07998653879221e-17,0.36152383469806976
6.64999999999949,-0.7514871751101991,-8.291758970662639e-17,0.36152383469806976
6.651999999999489,-0.7514871751101991,-5.125888627004966e-17,0.36152383469806976
6.653999999999489,-0.7514871751101991,-1.098058035842669e-16,0.36152383469806976
6.655999999999489,-0.7514871751101991,-1.0373427141834808e-16,0.36152383469806976
6.657999999999489,-0.7514871751101991,-6.947348276780614e-17,0.36152383469806976
6.6599999999994886,-0.7514871751101991,-5.039152453206126e-17,0.36152383469806976
6.661999999999488,-0.7514871751101991,-1.12191048363735e-16,0.36152383469806976
6.663999999999488,-0.7514871751101991,-7.641237667171336e-17,0.36152383469806976
6.665999999999488,-0.7514871751101991,-9.983114359740026e-17,0.36152383469806976
6.667999999999488,-0.7514871751101991,-7.381029145774815e-17,0.36152383469806976
6.6699999999994874,-0.7514871751101991,-7.727973840970177e-17,0.36152383469806976
6.671999999999487,-0.7514871751101991,-7.706289797520467e-17,0.36152383469806976
6.673999999999487,-0.7514871751101991,-9.527749447296114e-17,0.36152383469806976
6.675999999999487,-0.7514871751101991,-7.706289797520467e-17,0.36152383469806976
6.677999999999487,-0.7514871751101991,-9.549433490745824e-17,0.36152383469806976
6.679999999999486,-0.7514871751101991,-1.1761205922616253e-16,0.36152383469806976
6.681999999999486,-0.7514871751101991,-1.098058035842669e-16,0.36152383469806976
6.683999999999486,-0.7514871751101991,-7.684605754070757e-17,0.36152383469806976
6.685999999999486,-0.7514871751101991,-9.939746272840606e-17,0.36152383469806976
6.6879999999994855,-0.7514871751101991,-7.706289797520467e-17,0.36152383469806976
6.689999999999485,-0.7514871751101991,-7.424397232674236e-17,0.36152383469806976
6.691999999999485,-0.7514871751101991,-6.730507842283513e-17,0.36152383469806976
6.693999999999485,-0.7514871751101991,-6.903980189881193e-17,0.36152383469806976
6.695999999999485,-0.7514871751101991,-6.947348276780614e-17,0.36152383469806976
6.697999999999484,-0.7514871751101991,-6.687139755384093e-17,0.36152383469806976
6.699999999999484,-0.7514871751101991,-6.990716363680034e-17,0.36152383469806976
6.701999999999484,-0.7514871751101991,-8.248390883763219e-17,0.36152383469806976
6.703999999999484,-0.7514871751101991,-9.701221794893795e-17,0.36152383469806976
6.7059999999994835,-0.7514871751101991,-5.364413104951777e-17,0.36152383469806976
6.707999999999483,-0.7514871751101991,-5.386097148401487e-17,0.36152383469806976
6.709999999999483,-0.7514871751101991,-7.164188711277714e-17,0.36152383469806976
6.711999999999483,-0.7514871751101991,-1.0720371837030169e-16,0.36152383469806976
6.713999999999483,-0.7514871751101991,-7.467765319573656e-17,0.36152383469806976
6.715999999999482,-0.7514871751101991,-9.983114359740026e-17,0.36152383469806976
6.717999999999482,-0.7514871751101991,-7.467765319573656e-17,0.36152383469806976
6.719999999999482,-0.7514871751101991,-7.641237667171336e-17,0.36152383469806976
6.721999999999482,-0.7514871751101991,-9.939746272840606e-17,0.36152383469806976
6.7239999999994815,-0.7514871751101991,-7.381029145774815e-17,0.36152383469806976
6.725999999999481,-0.7514871751101991,-7.684605754070757e-17,0.36152383469806976
6.727999999999481,-0.7514871751101991,-8.226706840313509e-17,0.36152383469806976
6.729999999999481,-0.7514871751101991,-6.557035494685832e-17,0.36152383469806976
6.731999999999481,-0.7514871751101991,-1.2476779356456686e-16,0.36152383469806976
6.73399999999948,-0.7514871751101991,-7.706289797520467e-17,0.36152383469806976
6.73599999999948,-0.7514871751101991,-7.619553623721626e-17,0.36152383469806976
6.73799999999948,-0.7514871751101991,-8.291758970662639e-17,0.36152383469806976
6.73999999999948,-0.7514871751101991,-6.903980189881193e-17,0.36152383469806976
6.7419999999994795,-0.7514871751101991,-7.554501493372496e-17,0.36152383469806976
6.743999999999479,-0.7514871751101991,-8.291758970662639e-17,0.36152383469806976
6.745999999999479,-0.7514871751101991,-7.684605754070757e-17,0.36152383469806976
6.747999999999479,-0.7514871751101991,-7.684605754070757e-17,0.36152383469806976
6.749999999999479,-0.7514871751101991,-1.0026482446639446e-16,0.36152383469806976
6.751999999999478,-0.7514871751101991,-4.2585268890165626e-17,0.36152383469806976
6.753999999999478,-0.7514871751101991,-6.687139755384093e-17,0.36152383469806976
6.755999999999478,-0.7514871751101991,-7.684605754070757e-17,0.36152383469806976
6.757999999999478,-0.7514871751101991,-1.0633635663231329e-16,0.36152383469806976
6.7599999999994775,-0.7514871751101991,-5.342729061502067e-17,0.36152383469806976
6.761999999999477,-0.7514871751101991,-8.812176013455681e-17,0.36152383469806976
6.763999999999477,-0.7514871751101991,-7.337661058875395e-17,0.36152383469806976
6.765999999999477,-0.7514871751101991,-8.248390883763219e-17,0.36152383469806976
6.767999999999477,-0.7514871751101991,-7.684605754070757e-17,0.36152383469806976
6.769999999999476,-0.7514871751101991,-1.0416795228734228e-16,0.36152383469806976
6.771999999999476,-0.7514871751101991,-1.0677003750130749e-16,0.36152383469806976
6.773999999999476,-0.7514871751101991,-7.684605754070757e-17,0.36152383469806976
6.775999999999476,-0.7514871751101991,-8.898912187254522e-17,0.36152383469806976
6.7779999999994756,-0.7514871751101991,-1.0546899489432488e-16,0.36152383469806976
6.779999999999475,-0.7514871751101991,-9.853010099041765e-17,0.36152383469806976
6.781999999999475,-0.7514871751101991,-5.039152453206126e-17,0.36152383469806976
6.783999999999475,-0.7514871751101991,-1.115405270602437e-16,0.36152383469806976
6.785999999999475,-0.7514871751101991,-5.4294652353009074e-17,0.36152383469806976
6.7879999999994745,-0.7514871751101991,-7.706289797520467e-17,0.36152383469806976
6.789999999999474,-0.7514871751101991,-9.722905838343505e-17,0.36152383469806976
6.791999999999474,-0.7514871751101991,-1.0546899489432488e-16,0.36152383469806976
6.793999999999474,-0.7514871751101991,-9.983114359740026e-17,0.36152383469806976
6.795999999999474,-0.7514871751101991,-6.925664233330903e-17,0.36152383469806976
6.797999999999473,-0.7514871751101991,-5.299360974602647e-17,0.36152383469806976
6.799999999999473,-0.7514871751101991,-8.291758970662639e-17,0.36152383469806976
6.801999999999473,-0.7514871751101991,-5.386097148401487e-17,0.36152383469806976
6.803999999999473,-0.7514871751101991,-9.094068578301912e-17,0.36152383469806976
6.8059999999994725,-0.7514871751101991,-7.706289797520467e-17,0.36152383469806976
6.807999999999472,-0.7514871751101991,-9.766273925242925e-17,0.36152383469806976
6.809999999999472,-0.7514871751101991,-8.248390883763219e-17,0.36152383469806976
6.811999999999472,-0.7514871751101991,-7.424397232674236e-17,0.36152383469806976
6.813999999999472,-0.7514871751101991,-7.706289797520467e-17,0.36152383469806976
6.815999999999471,-0.7514871751101991,-9.939746272840606e-17,0.36152383469806976
6.817999999999471,-0.7514871751101991,-7.706289797520467e-17,0.36152383469806976
6.819999999999471,-0.7514871751101991,-9.375961143148144e-17,0.36152383469806976
6.821999999999471,-0.7514871751101991,-1.0416795228734228e-16,0.36152383469806976
6.8239999999994705,-0.7514871751101991,-5.082520540105546e-17,0.36152383469806976
6.82599999999947,-0.7514871751101991,-1.0546899489432488e-16,0.36152383469806976
6.82799999999947,-0.7514871751101991,-9.983114359740026e-17,0.36152383469806976
6.82999999999947,-0.7514871751101991,-4.2368428455668525e-17,0.36152383469806976
6.83199999999947,-0.7514871751101991,-4.5187354104130836e-17,0.36152383469806976
6.833999999999469,-0.7514871751101991,-9.549433490745824e-17,0.36152383469806976
6.835999999999469,-0.7514871751101991,-8.248390883763219e-17,0.36152383469806976
6.837999999999469,-0.7514871751101991,-7.381029145774815e-17,0.36152383469806976
6.839999999999469,-0.7514871751101991,-5.386097148401487e-17,0.36152383469806976
6.8419999999994685,-0.7514871751101991,-5.364413104951777e-17,0.36152383469806976
6.843999999999468,-0.7514871751101991,-7.684605754070757e-17,0.36152383469806976
6.845999999999468,-0.7514871751101991,-8.248390883763219e-17,0.36152383469806976
6.847999999999468,-0.7514871751101991,-7.727973840970177e-17,0.36152383469806976
6.849999999999468,-0.7514871751101991,-1.0330059054935387e-16,0.36152383469806976
6.851999999999467,-0.7514871751101991,-6.947348276780614e-17,0.36152383469806976
6.853999999999467,-0.7514871751101991,-5.364413104951777e-17,0.36152383469806976
6.855999999999467,-0.7514871751101991,-8.226706840313509e-17,0.36152383469806976
6.857999999999467,-0.7514871751101991,-8.248390883763219e-17,0.36152383469806976
6.8599999999994665,-0.7514871751101991,-8.205022796863799e-17,0.36152383469806976
6.861999999999466,-0.7514871751101991,-7.727973840970177e-17,0.36152383469806976
6.863999999999466,-0.7514871751101991,-1.2108150617811615e-16,0.36152383469806976
6.865999999999466,-0.7514871751101991,-5.364413104951777e-17,0.36152383469806976
6.867999999999466,-0.7514871751101991,-7.727973840970177e-17,0.36152383469806976
6.869999999999465,-0.7514871751101991,-1.2281622965409295e-16,0.36152383469806976
6.871999999999465,-0.7514871751101991,-1.0546899489432488e-16,0.36152383469806976
6.873999999999465,-0.7514871751101991,-1.0373427141834808e-16,0.36152383469806976
6.875999999999465,-0.7514871751101991,-7.424397232674236e-17,0.36152383469806976
6.8779999999994645,-0.7514871751101991,-6.860612102981773e-17,0.36152383469806976
6.879999999999464,-0.7514871751101991,-4.5187354104130836e-17,0.36152383469806976
6.881999999999464,-0.7514871751101991,-7.706289797520467e-17,0.36152383469806976
6.883999999999464,-0.7514871751101991,-9.592801577645244e-17,0.36152383469806976
6.885999999999464,-0.7514871751101991,-8.291758970662639e-17,0.36152383469806976
6.887999999999463,-0.7514871751101991,-5.364413104951777e-17,0.36152383469806976
6.889999999999463,-0.7514871751101991,-7.706289797520467e-17,0.36152383469806976
6.891999999999463,-0.7514871751101991,-1.0503531402533068e-16,0.36152383469806976
6.893999999999463,-0.7514871751101991,-9.961430316290316e-17,0.36152383469806976
6.895999999999463,-0.7514871751101991,-7.424397232674236e-17,0.36152383469806976
6.897999999999462,-0.7514871751101991,-8.248390883763219e-17,0.36152383469806976
6.899999999999462,-0.7514871751101991,-7.120820624378294e-17,0.36152383469806976
6.901999999999462,-0.7514871751101991,-8.291758970662639e-17,0.36152383469806976
6.903999999999462,-0.7514871751101991,-6.947348276780614e-17,0.36152383469806976
6.9059999999994615,-0.7514871751101991,-4.5187354104130836e-17,0.36152383469806976
6.907999999999461,-0.7514871751101991,-8.855544100355101e-17,0.36152383469806976
6.909999999999461,-0.7514871751101991,-1.0720371837030169e-16,0.36152383469806976
6.911999999999461,-0.7514871751101991,-9.787957968692635e-17,0.36152383469806976
6.913999999999461,-0.7514871751101991,-8.855544100355101e-17,0.36152383469806976
6.91599999999946,-0.7514871751101991,-9.939746272840606e-17,0.36152383469806976
6.91799999999946,-0.7514871751101991,-7.467765319573656e-17,0.36152383469806976
6.91999999999946,-0.7514871751101991,-5.4728333222003275e-17,0.36152383469806976
6.92199999999946,-0.7514871751101991,-7.446081276123946e-17,0.36152383469806976
6.9239999999994595,-0.7514871751101991,-1.0546899489432488e-16,0.36152383469806976
6.925999999999459,-0.7514871751101991,-9.029016447952782e-17,0.36152383469806976
6.927999999999459,-0.7514871751101991,-7.727973840970177e-17,0.36152383469806976
6.929999999999459,-0.7514871751101991,-9.701221794893795e-17,0.36152383469806976
6.931999999999459,-0.7514871751101991,-3.7381098462235204e-17,0.36152383469806976
6.933999999999458,-0.7514871751101991,-1.115405270602437e-16,0.36152383469806976
6.935999999999458,-0.7514871751101991,-7.381029145774815e-17,0.36152383469806976
6.937999999999458,-0.7514871751101991,-7.424397232674236e-17,0.36152383469806976
6.939999999999458,-0.7514871751101991,-1.0460163315633648e-16,0.36152383469806976
6.9419999999994575,-0.7514871751101991,-5.299360974602647e-17,0.36152383469806976
6.943999999999457,-0.7514871751101991,-1.098058035842669e-16,0.36152383469806976
6.945999999999457,-0.7514871751101991,-8.291758970662639e-17,0.36152383469806976
6.947999999999457,-0.7514871751101991,-7.619553623721626e-17,0.36152383469806976
6.949999999999457,-0.7514871751101991,-8.291758970662639e-17,0.36152383469806976
6.951999999999456,-0.7514871751101991,-6.990716363680034e-17,0.36152383469806976
6.953999999999456,-0.7514871751101991,-9.809642012142345e-17,0.36152383469806976
6.955999999999456,-0.7514871751101991,-5.1909407573540964e-17,0.36152383469806976
6.957999999999456,-0.7514871751101991,-9.939746272840606e-17,0.36152383469806976
6.9599999999994555,-0.7514871751101991,-7.467765319573656e-17,0.36152383469806976
6.961999999999455,-0.7514871751101991,-7.532817449922786e-17,0.36152383469806976
6.963999999999455,-0.7514871751101991,-7.706289797520467e-17,0.36152383469806976
6.965999999999455,-0.7514871751101991,-8.226706840313509e-17,0.36152383469806976
6.967999999999455,-0.7514871751101991,-6.752191885733223e-17,0.36152383469806976
6.969999999999454,-0.7514871751101991,-1.0026482446639446e-16,0.36152383469806976
6.971999999999454,-0.7514871751101991,-7.381029145774815e-17,0.36152383469806976
6.973999999999454,-0.7514871751101991,-7.771341927869597e-17,0.36152383469806976
6.975999999999454,-0.7514871751101991,-1.2281622965409295e-16,0.36152383469806976
6.9779999999994535,-0.7514871751101991,-8.291758970662639e-17,0.36152383469806976
6.979999999999453,-0.7514871751101991,-6.773875929182933e-17,0.36152383469806976
6.981999999999453,-0.7514871751101991,-4.5187354104130836e-17,0.36152383469806976
6.983999999999453,-0.7514871751101991,-7.077452537478874e-17,0.36152383469806976
6.985999999999453,-0.7514871751101991,-9.245856882449883e-17,0.36152383469806976
6.987999999999452,-0.7514871751101991,-7.467765319573656e-17,0.36152383469806976
6.989999999999452,-0.7514871751101991,-7.511133406473076e-17,0.36152383469806976
6.991999999999452,-0.7514871751101991,-7.727973840970177e-17,0.36152383469806976
6.993999999999452,-0.7514871751101991,-9.983114359740026e-17,0.36152383469806976
6.9959999999994515,-0.7514871751101991,-1.0590267576331908e-16,0.36152383469806976
6.997999999999451,-0.7514871751101991,-5.125888627004966e-17,0.36152383469806976
6.999999999999451,-0.7514871751101991,-7.467765319573656e-17,0.36152383469806976
7.001999999999451,-0.7514871751101991,-9.853010099041765e-17,0.36152383469806976
7.003999999999451,-0.7514871751101991,-1.0373427141834808e-16,0.36152383469806976
7.0059999999994504,-0.7514871751101991,-8.291758970662639e-17,0.36152383469806976
7.00799999999945,-0.7514871751101991,-6.947348276780614e-17,0.36152383469806976
7.00999999999945,-0.7514871751101991,-7.706289797520467e-17,0.36152383469806976
7.01199999999945,-0.7514871751101991,-8.248390883763219e-17,0.36152383469806976
7.01399999999945,-0.7514871751101991,-7.446081276123946e-17,0.36152383469806976
7.015999999999449,-0.7514871751101991,-8.226706840313509e-17,0.36152383469806976
7.017999999999449,-0.7514871751101991,-5.125888627004966e-17,0.36152383469806976
7.019999999999449,-0.7514871751101991,-8.291758970662639e-17,0.36152383469806976
7.021999999999449,-0.7514871751101991,-5.1909407573540964e-17,0.36152383469806976
7.0239999999994485,-0.7514871751101991,-1.1674469748817413e-16,0.36152383469806976
7.025999999999448,-0.7514871751101991,-4.2368428455668525e-17,0.36152383469806976
7.027999999999448,-0.7514871751101991,-5.125888627004966e-17,0.36152383469806976
7.029999999999448,-0.7514871751101991,-9.983114359740026e-17,0.36152383469806976
7.031999999999448,-0.7514871751101991,-7.164188711277714e-17,0.36152383469806976
7.033999999999447,-0.7514871751101991,-1.098058035842669e-16,0.36152383469806976
7.035999999999447,-0.7514871751101991,-1.347424535514335e-16,0.36152383469806976
7.037999999999447,-0.7514871751101991,-9.289224969349303e-17,0.36152383469806976
7.039999999999447,-0.7514871751101991,-7.706289797520467e-17,0.36152383469806976
7.0419999999994465,-0.7514871751101991,-9.766273925242925e-17,0.36152383469806976
7.043999999999446,-0.7514871751101991,-8.226706840313509e-17,0.36152383469806976
7.045999999999446,-0.7514871751101991,-7.381029145774815e-17,0.36152383469806976
7.047999999999446,-0.7514871751101991,-7.727973840970177e-17,0.36152383469806976
7.049999999999446,-0.7514871751101991,-9.939746272840606e-17,0.36152383469806976
7.051999999999445,-0.7514871751101991,-7.706289797520467e-17,0.36152383469806976
7.053999999999445,-0.7514871751101991,-1.1717837835716833e-16,0.36152383469806976
7.055999999999445,-0.7514871751101991,-1.0416795228734228e-16,0.36152383469806976
7.057999999999445,-0.7514871751101991,-5.125888627004966e-17,0.36152383469806976
7.0599999999994445,-0.7514871751101991,-1.0460163315633648e-16,0.36152383469806976
7.061999999999444,-0.7514871751101991,-5.1909407573540964e-17,0.36152383469806976
7.063999999999444,-0.7514871751101991,-7.511133406473076e-17,0.36152383469806976
7.065999999999444,-0.7514871751101991,-7.641237667171336e-17,0.36152383469806976
7.067999999999444,-0.7514871751101991,-8.161654709964379e-17,0.36152383469806976
7.069999999999443,-0.7514871751101991,-6.16672271259105e-17,0.36152383469806976
7.071999999999443,-0.7514871751101991,-7.684605754070757e-17,0.36152383469806976
7.073999999999443,-0.7514871751101991,-9.961430316290316e-17,0.36152383469806976
7.075999999999443,-0.7514871751101991,-7.706289797520467e-17,0.36152383469806976
7.0779999999994425,-0.7514871751101991,-7.511133406473076e-17,0.36152383469806976
7.079999999999442,-0.7514871751101991,-7.684605754070757e-17,0.36152383469806976
7.081999999999442,-0.7514871751101991,-7.684605754070757e-17,0.36152383469806976
7.083999999999442,-0.7514871751101991,-9.983114359740026e-17,0.36152383469806976
7.085999999999442,-0.7514871751101991,-5.4294652353009074e-17,0.36152383469806976
7.087999999999441,-0.7514871751101991,-7.706289797520467e-17,0.36152383469806976
7.089999999999441,-0.7514871751101991,-7.684605754070757e-17,0.36152383469806976
7.091999999999441,-0.7514871751101991,-8.37849514446148e-17,0.36152383469806976
7.093999999999441,-0.7514871751101991,-8.898912187254522e-17,0.36152383469806976
7.0959999999994405,-0.7514871751101991,-1.0503531402533068e-16,0.36152383469806976
7.09799999999944,-0.7514871751101991,-7.619553623721626e-17,0.36152383469806976
7.09999999999944,-0.7514871751101991,-8.335127057562059e-17,0.36152383469806976
7.10199999999944,-0.7514871751101991,-9.983114359740026e-17,0.36152383469806976
7.10399999999944,-0.7514871751101991,-7.771341927869597e-17,0.36152383469806976
7.105999999999439,-0.7514871751101991,-9.983114359740026e-17,0.36152383469806976
7.107999999999439,-0.7514871751101991,-4.0416864545194617e-17,0.36152383469806976
7.109999999999439,-0.7514871751101991,-6.600403581585252e-17,0.36152383469806976
7.111999999999439,-0.7514871751101991,-5.299360974602647e-17,0.36152383469806976
7.1139999999994386,-0.7514871751101991,-9.983114359740026e-17,0.36152383469806976
7.115999999999438,-0.7514871751101991,-7.727973840970177e-17,0.36152383469806976
7.117999999999438,-0.7514871751101991,-9.787957968692635e-17,0.36152383469806976
7.119999999999438,-0.7514871751101991,-1.0156586707337707e-16,0.36152383469806976
7.121999999999438,-0.7514871751101991,-7.641237667171336e-17,0.36152383469806976
7.1239999999994374,-0.7514871751101991,-8.291758970662639e-17,0.36152383469806976
7.125999999999437,-0.7514871751101991,-5.364413104951777e-17,0.36152383469806976
7.127999999999437,-0.7514871751101991,-8.335127057562059e-17,0.36152383469806976
7.129999999999437,-0.7514871751101991,-9.787957968692635e-17,0.36152383469806976
7.131999999999437,-0.7514871751101991,-9.029016447952782e-17,0.36152383469806976
7.133999999999436,-0.7514871751101991,-8.812176013455681e-17,0.36152383469806976
7.135999999999436,-0.7514871751101991,-6.687139755384093e-17,0.36152383469806976
7.137999999999436,-0.7514871751101991,-6.990716363680034e-17,0.36152383469806976
7.139999999999436,-0.7514871751101991,-7.706289797520467e-17,0.36152383469806976
7.1419999999994355,-0.7514871751101991,-1.0373427141834808e-16,0.36152383469806976
7.143999999999435,-0.7514871751101991,-6.925664233330903e-17,0.36152383469806976
7.145999999999435,-0.7514871751101991,-5.299360974602647e-17,0.36152383469806976
7.147999999999435,-0.7514871751101991,-1.0460163315633648e-16,0.36152383469806976
7.149999999999435,-0.7514871751101991,-8.855544100355101e-17,0.36152383469806976
7.151999999999434,-0.7514871751101991,-7.511133406473076e-17,0.36152383469806976
7.153999999999434,-0.7514871751101991,-7.684605754070757e-17,0.36152383469806976
7.155999999999434,-0.7514871751101991,-1.0546899489432488e-16,0.36152383469806976
7.157999999999434,-0.7514871751101991,-1.2238254878509875e-16,0.36152383469806976
7.1599999999994335,-0.7514871751101991,-7.706289797520467e-17,0.36152383469806976
7.161999999999433,-0.7514871751101991,-7.619553623721626e-17,0.36152383469806976
7.163999999999433,-0.7514871751101991,-7.424397232674236e-17,0.36152383469806976
7.165999999999433,-0.7514871751101991,-6.513667407786412e-17,0.36152383469806976
7.167999999999433,-0.7514871751101991,-9.419329230047564e-17,0.36152383469806976
7.169999999999432,-0.7514871751101991,-4.9957843663067056e-17,0.36152383469806976
7.171999999999432,-0.7514871751101991,-6.925664233330903e-17,0.36152383469806976
7.173999999999432,-0.7514871751101991,-6.773875929182933e-17,0.36152383469806976
7.175999999999432,-0.7514871751101991,-7.120820624378294e-17,0.36152383469806976
7.1779999999994315,-0.7514871751101991,-1.2476779356456686e-16,0.36152383469806976
7.179999999999431,-0.7514871751101991,-8.291758970662639e-17,0.36152383469806976
7.181999999999431,-0.7514871751101991,-5.342729061502067e-17,0.36152383469806976
7.183999999999431,-0.7514871751101991,-9.527749447296114e-17,0.36152383469806976
7.185999999999431,-0.7514871751101991,-9.419329230047564e-17,0.36152383469806976
7.18799999999943,-0.7514871751101991,-4.410315193164533e-17,0.36152383469806976
7.18999999999943,-0.7514871751101991,-1.0113218620438287e-16,0.36152383469806976
7.19199999999943,-0.7514871751101991,-9.722905838343505e-17,0.36152383469806976
7.19399999999943,-0.7514871751101991,-7.706289797520467e-17,0.36152383469806976
7.1959999999994295,-0.7514871751101991,-1.0330059054935387e-16,0.36152383469806976
7.197999999999429,-0.7514871751101991,-9.267540925899593e-17,0.36152383469806976
7.199999999999429,-0.7514871751101991,-7.641237667171336e-17,0.36152383469806976
7.201999999999429,-0.7514871751101991,-7.988182362366698e-17,0.36152383469806976
7.203999999999429,-0.7514871751101991,-6.16672271259105e-17,0.36152383469806976
7.205999999999428,-0.7514871751101991,-7.706289797520467e-17,0.36152383469806976
7.207999999999428,-0.7514871751101991,-9.375961143148144e-17,0.36152383469806976
7.209999999999428,-0.7514871751101991,-4.2368428455668525e-17,0.36152383469806976
7.211999999999428,-0.7514871751101991,-6.752191885733223e-17,0.36152383469806976
7.2139999999994275,-0.7514871751101991,-9.983114359740026e-17,0.36152383469806976
7.215999999999427,-0.7514871751101991,-6.990716363680034e-17,0.36152383469806976
7.217999999999427,-0.7514871751101991,-5.082520540105546e-17,0.36152383469806976
7.219999999999427,-0.7514871751101991,-1.2932144268900598e-16,0.36152383469806976
7.221999999999427,-0.7514871751101991,-7.532817449922786e-17,0.36152383469806976
7.223999999999426,-0.7514871751101991,-1.0373427141834808e-16,0.36152383469806976
7.225999999999426,-0.7514871751101991,-7.684605754070757e-17,0.36152383469806976
7.227999999999426,-0.7514871751101991,-1.0373427141834808e-16,0.36152383469806976
7.229999999999426,-0.7514871751101991,-5.364413104951777e-17,0.36152383469806976
7.2319999999994256,-0.7514871751101991,-5.4294652353009074e-17,0.36152383469806976
7.233999999999425,-0.7514871751101991,-7.554501493372496e-17,0.36152383469806976
7.235999999999425,-0.7514871751101991,-7.619553623721626e-17,0.36152383469806976
7.237999999999425,-0.7514871751101991,-1.0330059054935387e-16,0.36152383469806976
7.239999999999425,-0.7514871751101991,-6.925664233330903e-17,0.36152383469806976
7.2419999999994245,-0.7514871751101991,-1.0416795228734228e-16,0.36152383469806976
7.243999999999424,-0.7514871751101991,-1.0460163315633648e-16,0.36152383469806976
7.245999999999424,-0.7514871751101991,-1.089384418462785e-16,0.36152383469806976
7.247999999999424,-0.7514871751101991,-7.424397232674236e-17,0.36152383469806976
7.249999999999424,-0.7514871751101991,-6.513667407786412e-17,0.36152383469806976
7.251999999999423,-0.7514871751101991,-1.2476779356456686e-16,0.36152383469806976
7.253999999999423,-0.7514871751101991,-7.446081276123946e-17,0.36152383469806976
7.255999999999423,-0.7514871751101991,-7.294292971975975e-17,0.36152383469806976
7.257999999999423,-0.7514871751101991,-7.727973840970177e-17,0.36152383469806976
7.2599999999994225,-0.7514871751101991,-7.424397232674236e-17,0.36152383469806976
7.261999999999422,-0.7514871751101991,-7.446081276123946e-17,0.36152383469806976
7.263999999999422,-0.7514871751101991,-9.939746272840606e-17,0.36152383469806976
7.265999999999422,-0.7514871751101991,-5.125888627004966e-17,0.36152383469806976
7.267999999999422,-0.7514871751101991,-6.687139755384093e-17,0.36152383469806976
7.269999999999421,-0.7514871751101991,-6.860612102981773e-17,0.36152383469806976
7.271999999999421,-0.7514871751101991,-6.730507842283513e-17,0.36152383469806976
7.273999999999421,-0.7514871751101991,-5.99325036499337e-17,0.36152383469806976
7.275999999999421,-0.7514871751101991,-5.386097148401487e-17,0.36152383469806976
7.2779999999994205,-0.7514871751101991,-7.532817449922786e-17,0.36152383469806976
7.27999999999942,-0.7514871751101991,-7.727973840970177e-17,0.36152383469806976
7.28199999999942,-0.7514871751101991,-1.115405270602437e-16,0.36152383469806976
7.28399999999942,-0.7514871751101991,-7.467765319573656e-17,0.36152383469806976
7.28599999999942,-0.7514871751101991,-1.0503531402533068e-16,0.36152383469806976
7.287999999999419,-0.7514871751101991,-9.853010099041765e-17,0.36152383469806976
7.289999999999419,-0.7514871751101991,-9.332593056248723e-17,0.36152383469806976
7.291999999999419,-0.7514871751101991,-9.701221794893795e-17,0.36152383469806976
7.293999999999419,-0.7514871751101991,-5.125888627004966e-17,0.36152383469806976
7.2959999999994185,-0.7514871751101991,-7.424397232674236e-17,0.36152383469806976
7.297999999999418,-0.7514871751101991,-1.0416795228734228e-16,0.36152383469806976
7.299999999999418,-0.7514871751101991,-1.0763739923929589e-16,0.36152383469806976
7.301999999999418,-0.7514871751101991,-4.822312018709025e-17,0.36152383469806976
7.303999999999418,-0.7514871751101991,-1.0221638837686837e-16,0.36152383469806976
7.305999999999417,-0.7514871751101991,-4.0416864545194617e-17,0.36152383469806976
7.307999999999417,-0.7514871751101991,-5.364413104951777e-17,0.36152383469806976
7.309999999999417,-0.7514871751101991,-7.684605754070757e-17,0.36152383469806976
7.311999999999417,-0.7514871751101991,-7.727973840970177e-17,0.36152383469806976
7.3139999999994165,-0.7514871751101991,-1.0373427141834808e-16,0.36152383469806976
7.315999999999416,-0.7514871751101991,-7.467765319573656e-17,0.36152383469806976
7.317999999999416,-0.7514871751101991,-1.0416795228734228e-16,0.36152383469806976
7.319999999999416,-0.7514871751101991,-1.0720371837030169e-16,0.36152383469806976
7.321999999999416,-0.7514871751101991,-7.641237667171336e-17,0.36152383469806976
7.323999999999415,-0.7514871751101991,-8.898912187254522e-17,0.36152383469806976
7.325999999999415,-0.7514871751101991,-7.684605754070757e-17,0.36152383469806976
7.327999999999415,-0.7514871751101991,-8.226706840313509e-17,0.36152383469806976
7.329999999999415,-0.7514871751101991,-6.903980189881193e-17,0.36152383469806976
7.3319999999994145,-0.7514871751101991,-5.125888627004966e-17,0.36152383469806976
7.333999999999414,-0.7514871751101991,-8.291758970662639e-17,0.36152383469806976
7.335999999999414,-0.7514871751101991,-7.164188711277714e-17,0.36152383469806976
7.337999999999414,-0.7514871751101991,-9.961430316290316e-17,0.36152383469806976
7.339999999999414,-0.7514871751101991,-6.925664233330903e-17,0.36152383469806976
7.341999999999413,-0.7514871751101991,-1.0742055880479879e-16,0.36152383469806976
7.343999999999413,-0.7514871751101991,-7.077452537478874e-17,0.36152383469806976
7.345999999999413,-0.7514871751101991,-9.267540925899593e-17,0.36152383469806976
7.347999999999413,-0.7514871751101991,-7.381029145774815e-17,0.36152383469806976
7.349999999999413,-0.7514871751101991,-9.939746272840606e-17,0.36152383469806976
7.351999999999412,-0.7514871751101991,-7.467765319573656e-17,0.36152383469806976
7.353999999999412,-0.7514871751101991,-1.0546899489432488e-16,0.36152383469806976
7.355999999999412,-0.7514871751101991,-8.226706840313509e-17,0.36152383469806976
7.357999999999412,-0.7514871751101991,-6.752191885733223e-17,0.36152383469806976
7.3599999999994115,-0.7514871751101991,-8.291758970662639e-17,0.36152383469806976
7.361999999999411,-0.7514871751101991,-7.619553623721626e-17,0.36152383469806976
7.363999999999411,-0.7514871751101991,-8.335127057562059e-17,0.36152383469806976
7.365999999999411,-0.7514871751101991,-1.0590267576331908e-16,0.36152383469806976
7.367999999999411,-0.7514871751101991,-4.605471584211924e-17,0.36152383469806976
7.36999999999941,-0.7514871751101991,-8.291758970662639e-17,0.36152383469806976
7.37199999999941,-0.7514871751101991,-4.909048192507865e-17,0.36152383469806976
7.37399999999941,-0.7514871751101991,-6.947348276780614e-17,0.36152383469806976
7.37599999999941,-0.7514871751101991,-6.860612102981773e-17,0.36152383469806976
7.3779999999994095,-0.7514871751101991,-7.684605754070757e-17,0.36152383469806976
7.379999999999409,-0.7514871751101991,-9.787957968692635e-17,0.36152383469806976
7.381999999999409,-0.7514871751101991,-1.0156586707337707e-16,0.36152383469806976
7.383999999999409,-0.7514871751101991,-8.226706840313509e-17,0.36152383469806976
7.385999999999409,-0.7514871751101991,-7.381029145774815e-17,0.36152383469806976
7.387999999999408,-0.7514871751101991,-5.4294652353009074e-17,0.36152383469806976
7.389999999999408,-0.7514871751101991,-7.164188711277714e-17,0.36152383469806976
7.391999999999408,-0.7514871751101991,-5.125888627004966e-17,0.36152383469806976
7.393999999999408,-0.7514871751101991,-1.2953828312350308e-16,0.36152383469806976
7.3959999999994075,-0.7514871751101991,-7.706289797520467e-17,0.36152383469806976
7.397999999999407,-0.7514871751101991,-9.809642012142345e-17,0.36152383469806976
7.399999999999407,-0.7514871751101991,-4.5187354104130836e-17,0.36152383469806976
7.401999999999407,-0.7514871751101991,-6.925664233330903e-17,0.36152383469806976
7.403999999999407,-0.7514871751101991,-1.0546899489432488e-16,0.36152383469806976
7.405999999999406,-0.7514871751101991,-1.0546899489432488e-16,0.36152383469806976
7.407999999999406,-0.7514871751101991,-9.766273925242925e-17,0.36152383469806976
7.409999999999406,-0.7514871751101991,-8.291758970662639e-17,0.36152383469806976
7.411999999999406,-0.7514871751101991,-5.1909407573540964e-17,0.36152383469806976
7.4139999999994055,-0.7514871751101991,-8.291758970662639e-17,0.36152383469806976
7.415999999999405,-0.7514871751101991,-7.012400407129744e-17,0.36152383469806976
7.417999999999405,-0.7514871751101991,-1.0546899489432488e-16,0.36152383469806976
7.419999999999405,-0.7514871751101991,-9.766273925242925e-17,0.36152383469806976
7.421999999999405,-0.7514871751101991,-8.226706840313509e-17,0.36152383469806976
7.423999999999404,-0.7514871751101991,-5.299360974602647e-17,0.36152383469806976
7.425999999999404,-0.7514871751101991,-7.771341927869597e-17,0.36152383469806976
7.427999999999404,-0.7514871751101991,-1.2715303834403497e-16,0.36152383469806976
7.429999999999404,-0.7514871751101991,-7.532817449922786e-17,0.36152383469806976
7.4319999999994035,-0.7514871751101991,-7.424397232674236e-17,0.36152383469806976
7.433999999999403,-0.7514871751101991,-7.619553623721626e-17,0.36152383469806976
7.435999999999403,-0.7514871751101991,-7.727973840970177e-17,0.36152383469806976
7.437999999999403,-0.7514871751101991,-9.592801577645244e-17,0.36152383469806976
7.439999999999403,-0.7514871751101991,-9.375961143148144e-17,0.36152383469806976
7.441999999999402,-0.7514871751101991,-4.822312018709025e-17,0.36152383469806976
7.443999999999402,-0.7514871751101991,-1.0026482446639446e-16,0.36152383469806976
7.445999999999402,-0.7514871751101991,-4.2151588021171424e-17,0.36152383469806976
7.447999999999402,-0.7514871751101991,-6.860612102981773e-17,0.36152383469806976
7.4499999999994015,-0.7514871751101991,-7.597869580271916e-17,0.36152383469806976
7.451999999999401,-0.7514871751101991,-9.939746272840606e-17,0.36152383469806976
7.453999999999401,-0.7514871751101991,-4.2368428455668525e-17,0.36152383469806976
7.455999999999401,-0.7514871751101991,-7.684605754070757e-17,0.36152383469806976
7.457999999999401,-0.7514871751101991,-1.0546899489432488e-16,0.36152383469806976
7.4599999999994,-0.7514871751101991,-1.0416795228734228e-16,0.36152383469806976
7.4619999999994,-0.7514871751101991,-1.2476779356456686e-16,0.36152383469806976
7.4639999999994,-0.7514871751101991,-8.291758970662639e-17,0.36152383469806976
7.4659999999994,-0.7514871751101991,-5.386097148401487e-17,0.36152383469806976
7.4679999999994,-0.7514871751101991,-7.619553623721626e-17,0.36152383469806976
7.469999999999399,-0.7514871751101991,-8.335127057562059e-17,0.36152383469806976
7.471999999999399,-0.7514871751101991,-8.291758970662639e-17,0.36152383469806976
7.473999999999399,-0.7514871751101991,-7.619553623721626e-17,0.36152383469806976
7.475999999999399,-0.7514871751101991,-8.291758970662639e-17,0.36152383469806976
7.4779999999993985,-0.7514871751101991,-5.125888627004966e-17,0.36152383469806976
7.479999999999398,-0.7514871751101991,-8.335127057562059e-17,0.36152383469806976
7.481999999999398,-0.7514871751101991,-1.2281622965409295e-16,0.36152383469806976
7.483999999999398,-0.7514871751101991,-1.0633635663231329e-16,0.36152383469806976
7.485999999999398,-0.7514871751101991,-5.169256713904386e-17,0.36152383469806976
7.487999999999397,-0.7514871751101991,-5.299360974602647e-17,0.36152383469806976
7.489999999999397,-0.7514871751101991,-1.0460163315633648e-16,0.36152383469806976
7.491999999999397,-0.7514871751101991,-6.860612102981773e-17,0.36152383469806976
7.493999999999397,-0.7514871751101991,-6.557035494685832e-17,0.36152383469806976
7.4959999999993965,-0.7514871751101991,-1.2563515530255527e-16,0.36152383469806976
7.497999999999396,-0.7514871751101991,-7.446081276123946e-17,0.36152383469806976
7.499999999999396,-0.7514871751101991,-9.787957968692635e-17,0.36152383469806976
7.501999999999396,-0.7514871751101991,-8.226706840313509e-17,0.36152383469806976
7.503999999999396,-0.7514871751101991,-5.169256713904386e-17,0.36152383469806976
7.505999999999395,-0.7514871751101991,-5.99325036499337e-17,0.36152383469806976
7.507999999999395,-0.7514871751101991,-7.727973840970177e-17,0.36152383469806976
7.509999999999395,-0.7514871751101991,-7.684605754070757e-17,0.36152383469806976
7.511999999999395,-0.7514871751101991,-1.1674469748817413e-16,0.36152383469806976
7.5139999999993945,-0.7514871751101991,-1.0460163315633648e-16,0.36152383469806976
7.515999999999394,-0.7514871751101991,-7.381029145774815e-17,0.36152383469806976
7.517999999999394,-0.7514871751101991,-1.093721227152727e-16,0.36152383469806976
7.519999999999394,-0.7514871751101991,-7.641237667171336e-17,0.36152383469806976
7.521999999999394,-0.7514871751101991,-9.939746272840606e-17,0.36152383469806976
7.523999999999393,-0.7514871751101991,-6.730507842283513e-17,0.36152383469806976
7.525999999999393,-0.7514871751101991,-6.903980189881193e-17,0.36152383469806976
7.527999999999393,-0.7514871751101991,-7.597869580271916e-17,0.36152383469806976
7.529999999999393,-0.7514871751101991,-7.467765319573656e-17,0.36152383469806976
7.5319999999993925,-0.7514871751101991,-7.684605754070757e-17,0.36152383469806976
7.533999999999392,-0.7514871751101991,-1.0330059054935387e-16,0.36152383469806976
7.535999999999392,-0.7514871751101991,-7.706289797520467e-17,0.36152383469806976
7.537999999999392,-0.7514871751101991,-9.527749447296114e-17,0.36152383469806976
7.539999999999392,-0.7514871751101991,-9.419329230047564e-17,0.36152383469806976
7.541999999999391,-0.7514871751101991,-4.2585268890165626e-17,0.36152383469806976
7.543999999999391,-0.7514871751101991,-6.687139755384093e-17,0.36152383469806976
7.545999999999391,-0.7514871751101991,-5.97156632154366e-17,0.36152383469806976
7.547999999999391,-0.7514871751101991,-5.125888627004966e-17,0.36152383469806976
7.5499999999993905,-0.7514871751101991,-1.0026482446639446e-16,0.36152383469806976
7.55199999999939,-0.7514871751101991,-5.386097148401487e-17,0.36152383469806976
7.55399999999939,-0.7514871751101991,-7.988182362366698e-17,0.36152383469806976
7.55599999999939,-0.7514871751101991,-6.16672271259105e-17,0.36152383469806976
7.55799999999939,-0.7514871751101991,-8.291758970662639e-17,0.36152383469806976
7.559999999999389,-0.7514871751101991,-8.205022796863799e-17,0.36152383469806976
7.561999999999389,-0.7514871751101991,-1.323572087719654e-16,0.36152383469806976
7.563999999999389,-0.7514871751101991,-7.381029145774815e-17,0.36152383469806976
7.565999999999389,-0.7514871751101991,-8.248390883763219e-17,0.36152383469806976
7.5679999999993885,-0.7514871751101991,-7.684605754070757e-17,0.36152383469806976
7.569999999999388,-0.7514871751101991,-9.787957968692635e-17,0.36152383469806976
7.571999999999388,-0.7514871751101991,-1.0156586707337707e-16,0.36152383469806976
7.573999999999388,-0.7514871751101991,-9.809642012142345e-17,0.36152383469806976
7.575999999999388,-0.7514871751101991,-8.291758970662639e-17,0.36152383469806976
7.5779999999993874,-0.7514871751101991,-6.860612102981773e-17,0.36152383469806976
7.579999999999387,-0.7514871751101991,-5.082520540105546e-17,0.36152383469806976
7.581999999999387,-0.7514871751101991,-8.248390883763219e-17,0.36152383469806976
7.583999999999387,-0.7514871751101991,-7.858078101668437e-17,0.36152383469806976
7.585999999999387,-0.7514871751101991,-7.641237667171336e-17,0.36152383469806976
7.587999999999386,-0.7514871751101991,-8.335127057562059e-17,0.36152383469806976
7.589999999999386,-0.7514871751101991,-1.1674469748817413e-16,0.36152383469806976
7.591999999999386,-0.7514871751101991,-1.0546899489432488e-16,0.36152383469806976
7.593999999999386,-0.7514871751101991,-1.2238254878509875e-16,0.36152383469806976
7.5959999999993855,-0.7514871751101991,-7.684605754070757e-17,0.36152383469806976
7.597999999999385,-0.7514871751101991,-7.424397232674236e-17,0.36152383469806976
7.599999999999385,-0.7514871751101991,-7.467765319573656e-17,0.36152383469806976
7.601999999999385,-0.7514871751101991,-7.966498318916988e-17,0.36152383469806976
7.603999999999385,-0.7514871751101991,-6.16672271259105e-17,0.36152383469806976
7.605999999999384,-0.7514871751101991,-7.684605754070757e-17,0.36152383469806976
7.607999999999384,-0.7514871751101991,-1.0742055880479879e-16,0.36152383469806976
7.609999999999384,-0.7514871751101991,-4.778943931809605e-17,0.36152383469806976
7.611999999999384,-0.7514871751101991,-9.419329230047564e-17,0.36152383469806976
7.6139999999993835,-0.7514871751101991,-6.513667407786412e-17,0.36152383469806976
7.615999999999383,-0.7514871751101991,-9.375961143148144e-17,0.36152383469806976
7.617999999999383,-0.7514871751101991,-2.133490630944974e-17,0.36152383469806976
7.619999999999383,-0.7514871751101991,-8.226706840313509e-17,0.36152383469806976
7.621999999999383,-0.7514871751101991,-6.947348276780614e-17,0.36152383469806976
7.623999999999382,-0.7514871751101991,-1.0546899489432488e-16,0.36152383469806976
7.625999999999382,-0.7514871751101991,-9.961430316290316e-17,0.36152383469806976
7.627999999999382,-0.7514871751101991,-6.947348276780614e-17,0.36152383469806976
7.629999999999382,-0.7514871751101991,-7.424397232674236e-17,0.36152383469806976
7.6319999999993815,-0.7514871751101991,-1.0416795228734228e-16,0.36152383469806976
7.633999999999381,-0.7514871751101991,-1.0546899489432488e-16,0.36152383469806976
7.635999999999381,-0.7514871751101991,-9.983114359740026e-17,0.36152383469806976
7.637999999999381,-0.7514871751101991,-4.410315193164533e-17,0.36152383469806976
7.639999999999381,-0.7514871751101991,-1.0503531402533068e-16,0.36152383469806976
7.64199999999938,-0.7514871751101991,-1.0156586707337707e-16,0.36152383469806976
7.64399999999938,-0.7514871751101991,-8.248390883763219e-17,0.36152383469806976
7.64599999999938,-0.7514871751101991,-4.605471584211924e-17,0.36152383469806976
7.64799999999938,-0.7514871751101991,-5.169256713904386e-17,0.36152383469806976
7.6499999999993795,-0.7514871751101991,-7.467765319573656e-17,0.36152383469806976
7.651999999999379,-0.7514871751101991,-7.641237667171336e-17,0.36152383469806976
7.653999999999379,-0.7514871751101991,-1.0546899489432488e-16,0.36152383469806976
7.655999999999379,-0.7514871751101991,-8.291758970662639e-17,0.36152383469806976
7.657999999999379,-0.7514871751101991,-7.446081276123946e-17,0.36152383469806976
7.659999999999378,-0.7514871751101991,-9.939746272840606e-17,0.36152383469806976
7.661999999999378,-0.7514871751101991,-7.467765319573656e-17,0.36152383469806976
7.663999999999378,-0.7514871751101991,-7.446081276123946e-17,0.36152383469806976
7.665999999999378,-0.7514871751101991,-7.597869580271916e-17,0.36152383469806976
7.6679999999993775,-0.7514871751101991,-5.94988227809395e-17,0.36152383469806976
7.669999999999377,-0.7514871751101991,-7.684605754070757e-17,0.36152383469806976
7.671999999999377,-0.7514871751101991,-1.0330059054935387e-16,0.36152383469806976
7.673999999999377,-0.7514871751101991,-9.853010099041765e-17,0.36152383469806976
7.675999999999377,-0.7514871751101991,-6.16672271259105e-17,0.36152383469806976
7.677999999999376,-0.7514871751101991,-8.291758970662639e-17,0.36152383469806976
7.679999999999376,-0.7514871751101991,-6.947348276780614e-17,0.36152383469806976
7.681999999999376,-0.7514871751101991,-7.511133406473076e-17,0.36152383469806976
7.683999999999376,-0.7514871751101991,-8.226706840313509e-17,0.36152383469806976
7.6859999999993756,-0.7514871751101991,-5.082520540105546e-17,0.36152383469806976
7.687999999999375,-0.7514871751101991,-7.641237667171336e-17,0.36152383469806976
7.689999999999375,-0.7514871751101991,-9.853010099041765e-17,0.36152383469806976
7.691999999999375,-0.7514871751101991,-8.812176013455681e-17,0.36152383469806976
7.693999999999375,-0.7514871751101991,-7.467765319573656e-17,0.36152383469806976
7.6959999999993745,-0.7514871751101991,-1.0330059054935387e-16,0.36152383469806976
7.697999999999374,-0.7514871751101991,-6.947348276780614e-17,0.36152383469806976
7.699999999999374,-0.7514871751101991,-8.335127057562059e-17,0.36152383469806976
7.701999999999374,-0.7514871751101991,-8.335127057562059e-17,0.36152383469806976
7.703999999999374,-0.7514871751101991,-1.0373427141834808e-16,0.36152383469806976
7.705999999999373,-0.7514871751101991,-6.752191885733223e-17,0.36152383469806976
7.707999999999373,-0.7514871751101991,-4.4753673235136635e-17,0.36152383469806976
7.709999999999373,-0.7514871751101991,-1.115405270602437e-16,0.36152383469806976
7.711999999999373,-0.7514871751101991,-6.16672271259105e-17,0.36152383469806976
7.7139999999993725,-0.7514871751101991,-8.898912187254522e-17,0.36152383469806976
7.715999999999372,-0.7514871751101991,-8.053234492715828e-17,0.36152383469806976
7.717999999999372,-0.7514871751101991,-6.860612102981773e-17,0.36152383469806976
7.719999999999372,-0.7514871751101991,-9.809642012142345e-17,0.36152383469806976
7.721999999999372,-0.7514871751101991,-4.778943931809605e-17,0.36152383469806976
7.723999999999371,-0.7514871751101991,-9.809642012142345e-17,0.36152383469806976
7.725999999999371,-0.7514871751101991,-1.0243322881136547e-16,0.36152383469806976
7.727999999999371,-0.7514871751101991,-7.641237667171336e-17,0.36152383469806976
7.729999999999371,-0.7514871751101991,-1.0503531402533068e-16,0.36152383469806976
7.7319999999993705,-0.7514871751101991,-9.853010099041765e-17,0.36152383469806976
7.73399999999937,-0.7514871751101991,-9.029016447952782e-17,0.36152383469806976
7.73599999999937,-0.7514871751101991,-7.446081276123946e-17,0.36152383469806976
7.73799999999937,-0.7514871751101991,-9.766273925242925e-17,0.36152383469806976
7.73999999999937,-0.7514871751101991,-9.462697316946984e-17,0.36152383469806976
7.741999999999369,-0.7514871751101991,-4.431999236614243e-17,0.36152383469806976
7.743999999999369,-0.7514871751101991,-1.1631101661917993e-16,0.36152383469806976
7.745999999999369,-0.7514871751101991,-4.2585268890165626e-17,0.36152383469806976
7.747999999999369,-0.7514871751101991,-4.4753673235136635e-17,0.36152383469806976
7.7499999999993685,-0.7514871751101991,-1.0546899489432488e-16,0.36152383469806976
7.751999999999368,-0.7514871751101991,-6.687139755384093e-17,0.36152383469806976
7.753999999999368,-0.7514871751101991,-4.670523714561054e-17,0.36152383469806976
7.755999999999368,-0.7514871751101991,-1.0546899489432488e-16,0.36152383469806976
7.757999999999368,-0.7514871751101991,-8.812176013455681e-17,0.36152383469806976
7.759999999999367,-0.7514871751101991,-4.5187354104130836e-17,0.36152383469806976
7.761999999999367,-0.7514871751101991,-8.248390883763219e-17,0.36152383469806976
7.763999999999367,-0.7514871751101991,-7.077452537478874e-17,0.36152383469806976
7.765999999999367,-0.7514871751101991,-9.853010099041765e-17,0.36152383469806976
7.7679999999993665,-0.7514871751101991,-6.860612102981773e-17,0.36152383469806976
7.769999999999366,-0.7514871751101991,-6.947348276780614e-17,0.36152383469806976
7.771999999999366,-0.7514871751101991,-1.0590267576331908e-16,0.36152383469806976
7.773999999999366,-0.7514871751101991,-6.990716363680034e-17,0.36152383469806976
7.775999999999366,-0.7514871751101991,-1.0546899489432488e-16,0.36152383469806976
7.777999999999365,-0.7514871751101991,-8.248390883763219e-17,0.36152383469806976
7.779999999999365,-0.7514871751101991,-6.730507842283513e-17,0.36152383469806976
7.781999999999365,-0.7514871751101991,-5.99325036499337e-17,0.36152383469806976
7.783999999999365,-0.7514871751101991,-6.860612102981773e-17,0.36152383469806976
7.7859999999993645,-0.7514871751101991,-5.125888627004966e-17,0.36152383469806976
7.787999999999364,-0.7514871751101991,-8.768807926556261e-17,0.36152383469806976
7.789999999999364,-0.7514871751101991,-7.446081276123946e-17,0.36152383469806976
7.791999999999364,-0.7514871751101991,-1.0308375011485677e-16,0.36152383469806976
7.793999999999364,-0.7514871751101991,-7.727973840970177e-17,0.36152383469806976
7.795999999999363,-0.7514871751101991,-9.722905838343505e-17,0.36152383469806976
7.797999999999363,-0.7514871751101991,-1.2281622965409295e-16,0.36152383469806976
7.799999999999363,-0.7514871751101991,-4.410315193164533e-17,0.36152383469806976
7.801999999999363,-0.7514871751101991,-1.0503531402533068e-16,0.36152383469806976
7.803999999999363,-0.7514871751101991,-1.0373427141834808e-16,0.36152383469806976
7.805999999999362,-0.7514871751101991,-7.424397232674236e-17,0.36152383469806976
7.807999999999362,-0.7514871751101991,-7.467765319573656e-17,0.36152383469806976
7.809999999999362,-0.7514871751101991,-7.684605754070757e-17,0.36152383469806976
7.811999999999362,-0.7514871751101991,-1.0373427141834808e-16,0.36152383469806976
7.8139999999993615,-0.7514871751101991,-5.4294652353009074e-17,0.36152383469806976
7.815999999999361,-0.7514871751101991,-7.727973840970177e-17,0.36152383469806976
7.817999999999361,-0.7514871751101991,-1.0590267576331908e-16,0.36152383469806976
7.819999999999361,-0.7514871751101991,-5.125888627004966e-17,0.36152383469806976
7.821999999999361,-0.7514871751101991,-7.446081276123946e-17,0.36152383469806976
7.82399999999936,-0.7514871751101991,-9.853010099041765e-17,0.36152383469806976
7.82599999999936,-0.7514871751101991,-7.706289797520467e-17,0.36152383469806976
7.82799999999936,-0.7514871751101991,-8.226706840313509e-17,0.36152383469806976
7.82999999999936,-0.7514871751101991,-6.903980189881193e-17,0.36152383469806976
7.8319999999993595,-0.7514871751101991,-7.619553623721626e-17,0.36152383469806976
7.833999999999359,-0.7514871751101991,-8.335127057562059e-17,0.36152383469806976
7.835999999999359,-0.7514871751101991,-8.335127057562059e-17,0.36152383469806976
7.837999999999359,-0.7514871751101991,-1.0330059054935387e-16,0.36152383469806976
7.839999999999359,-0.7514871751101991,-5.4294652353009074e-17,0.36152383469806976
7.841999999999358,-0.7514871751101991,-7.381029145774815e-17,0.36152383469806976
7.843999999999358,-0.7514871751101991,-7.446081276123946e-17,0.36152383469806976
7.845999999999358,-0.7514871751101991,-8.291758970662639e-17,0.36152383469806976
7.847999999999358,-0.7514871751101991,-7.532817449922786e-17,0.36152383469806976
7.8499999999993575,-0.7514871751101991,-8.205022796863799e-17,0.36152383469806976
7.851999999999357,-0.7514871751101991,-1.2758671921302917e-16,0.36152383469806976
7.853999999999357,-0.7514871751101991,-7.424397232674236e-17,0.36152383469806976
7.855999999999357,-0.7514871751101991,-7.446081276123946e-17,0.36152383469806976
7.857999999999357,-0.7514871751101991,-1.0481847359083358e-16,0.36152383469806976
7.859999999999356,-0.7514871751101991,-7.706289797520467e-17,0.36152383469806976
7.861999999999356,-0.7514871751101991,-7.619553623721626e-17,0.36152383469806976
7.863999999999356,-0.7514871751101991,-8.291758970662639e-17,0.36152383469806976
7.865999999999356,-0.7514871751101991,-6.903980189881193e-17,0.36152383469806976
7.8679999999993555,-0.7514871751101991,-7.012400407129744e-17,0.36152383469806976
7.869999999999355,-0.7514871751101991,-5.125888627004966e-17,0.36152383469806976
7.871999999999355,-0.7514871751101991,-8.248390883763219e-17,0.36152383469806976
7.873999999999355,-0.7514871751101991,-7.706289797520467e-17,0.36152383469806976
7.875999999999355,-0.7514871751101991,-1.089384418462785e-16,0.36152383469806976
7.877999999999354,-0.7514871751101991,-5.125888627004966e-17,0.36152383469806976
7.879999999999354,-0.7514871751101991,-7.424397232674236e-17,0.36152383469806976
7.881999999999354,-0.7514871751101991,-1.115405270602437e-16,0.36152383469806976
7.883999999999354,-0.7514871751101991,-7.424397232674236e-17,0.36152383469806976
7.8859999999993535,-0.7514871751101991,-7.467765319573656e-17,0.36152383469806976
7.887999999999353,-0.7514871751101991,-9.853010099041765e-17,0.36152383469806976
7.889999999999353,-0.7514871751101991,-7.771341927869597e-17,0.36152383469806976
7.891999999999353,-0.7514871751101991,-1.0546899489432488e-16,0.36152383469806976
7.893999999999353,-0.7514871751101991,-7.684605754070757e-17,0.36152383469806976
7.895999999999352,-0.7514871751101991,-1.0807108010829009e-16,0.36152383469806976
7.897999999999352,-0.7514871751101991,-7.164188711277714e-17,0.36152383469806976
7.899999999999352,-0.7514871751101991,-5.125888627004966e-17,0.36152383469806976
7.901999999999352,-0.7514871751101991,-1.104563248877582e-16,0.36152383469806976
7.9039999999993515,-0.7514871751101991,-9.896378185941186e-17,0.36152383469806976
7.905999999999351,-0.7514871751101991,-6.687139755384093e-17,0.36152383469806976
7.907999999999351,-0.7514871751101991,-6.773875929182933e-17,0.36152383469806976
7.909999999999351,-0.7514871751101991,-7.381029145774815e-17,0.36152383469806976
7.911999999999351,-0.7514871751101991,-8.898912187254522e-17,0.36152383469806976
7.91399999999935,-0.7514871751101991,-1.089384418462785e-16,0.36152383469806976
7.91599999999935,-0.7514871751101991,-4.562103497312504e-17,0.36152383469806976
7.91799999999935,-0.7514871751101991,-7.381029145774815e-17,0.36152383469806976
7.91999999999935,-0.7514871751101991,-7.641237667171336e-17,0.36152383469806976
7.92199999999935,-0.7514871751101991,-1.0460163315633648e-16,0.36152383469806976
7.923999999999349,-0.7514871751101991,-1.093721227152727e-16,0.36152383469806976
7.925999999999349,-0.7514871751101991,-8.291758970662639e-17,0.36152383469806976
7.927999999999349,-0.7514871751101991,-5.169256713904386e-17,0.36152383469806976
7.929999999999349,-0.7514871751101991,-7.467765319573656e-17,0.36152383469806976
7.9319999999993485,-0.7514871751101991,-1.0286690968035967e-16,0.36152383469806976
7.933999999999348,-0.7514871751101991,-7.511133406473076e-17,0.36152383469806976
7.935999999999348,-0.7514871751101991,-7.381029145774815e-17,0.36152383469806976
7.937999999999348,-0.7514871751101991,-8.898912187254522e-17,0.36152383469806976
7.939999999999348,-0.7514871751101991,-1.0373427141834808e-16,0.36152383469806976
7.941999999999347,-0.7514871751101991,-7.381029145774815e-17,0.36152383469806976
7.943999999999347,-0.7514871751101991,-7.424397232674236e-17,0.36152383469806976
7.945999999999347,-0.7514871751101991,-6.687139755384093e-17,0.36152383469806976
7.947999999999347,-0.7514871751101991,-6.773875929182933e-17,0.36152383469806976
7.9499999999993465,-0.7514871751101991,-9.983114359740026e-17,0.36152383469806976
7.951999999999346,-0.7514871751101991,-7.467765319573656e-17,0.36152383469806976
7.953999999999346,-0.7514871751101991,-7.619553623721626e-17,0.36152383469806976
7.955999999999346,-0.7514871751101991,-9.961430316290316e-17,0.36152383469806976
7.957999999999346,-0.7514871751101991,-7.381029145774815e-17,0.36152383469806976
7.959999999999345,-0.7514871751101991,-7.532817449922786e-17,0.36152383469806976
7.961999999999345,-0.7514871751101991,-8.205022796863799e-17,0.36152383469806976
7.963999999999345,-0.7514871751101991,-7.164188711277714e-17,0.36152383469806976
7.965999999999345,-0.7514871751101991,-1.0677003750130749e-16,0.36152383469806976
7.9679999999993445,-0.7514871751101991,-7.619553623721626e-17,0.36152383469806976
7.969999999999344,-0.7514871751101991,-9.961430316290316e-17,0.36152383469806976
7.971999999999344,-0.7514871751101991,-7.424397232674236e-17,0.36152383469806976
7.973999999999344,-0.7514871751101991,-7.706289797520467e-17,0.36152383469806976
7.975999999999344,-0.7514871751101991,-1.0546899489432488e-16,0.36152383469806976
7.977999999999343,-0.7514871751101991,-9.766273925242925e-17,0.36152383469806976
7.979999999999343,-0.7514871751101991,-5.4294652353009074e-17,0.36152383469806976
7.981999999999343,-0.7514871751101991,-8.291758970662639e-17,0.36152383469806976
7.983999999999343,-0.7514871751101991,-4.648839671111344e-17,0.36152383469806976
7.9859999999993425,-0.7514871751101991,-7.467765319573656e-17,0.36152383469806976
7.987999999999342,-0.7514871751101991,-9.983114359740026e-17,0.36152383469806976
7.989999999999342,-0.7514871751101991,-7.424397232674236e-17,0.36152383469806976
7.991999999999342,-0.7514871751101991,-8.291758970662639e-17,0.36152383469806976
7.993999999999342,-0.7514871751101991,-7.684605754070757e-17,0.36152383469806976
7.995999999999341,-0.7514871751101991,-7.619553623721626e-17,0.36152383469806976
7.997999999999341,-0.7514871751101991,-8.335127057562059e-17,0.36152383469806976
7.999999999999341,-0.7514871751101991,-1.1631101661917993e-16,0.36152383469806976
8.001999999999342,-0.7514871751101991,-4.410315193164533e-17,0.36152383469806976
8.003999999999342,-0.7514871751101991,-1.0503531402533068e-16,0.36152383469806976
8.005999999999343,-0.7514871751101991,-1.0156586707337707e-16,0.36152383469806976
8.007999999999344,-0.7514871751101991,-7.706289797520467e-17,0.36152383469806976
8.009999999999344,-0.7514871751101991,-7.381029145774815e-17,0.36152383469806976
8.011999999999345,-0.7514871751101991,-5.169256713904386e-17,0.36152383469806976
8.013999999999346,-0.7514871751101991,-7.424397232674236e-17,0.36152383469806976
8.015999999999346,-0.7514871751101991,-7.706289797520467e-17,0.36152383469806976
8.017999999999347,-0.7514871751101991,-9.896378185941186e-17,0.36152383469806976
8.019999999999348,-0.7514871751101991,-1.0590267576331908e-16,0.36152383469806976
8.021999999999348,-0.7514871751101991,-5.125888627004966e-17,0.36152383469806976
8.023999999999349,-0.7514871751101991,-5.039152453206126e-17,0.36152383469806976
8.02599999999935,-0.7514871751101991,-7.706289797520467e-17,0.36152383469806976
8.02799999999935,-0.7514871751101991,-9.549433490745824e-17,0.36152383469806976
8.029999999999351,-0.7514871751101991,-1.0590267576331908e-16,0.36152383469806976
8.031999999999352,-0.7514871751101991,-7.532817449922786e-17,0.36152383469806976
8.033999999999352,-0.7514871751101991,-8.205022796863799e-17,0.36152383469806976
8.035999999999353,-0.7514871751101991,-1.2758671921302917e-16,0.36152383469806976
8.037999999999354,-0.7514871751101991,-7.424397232674236e-17,0.36152383469806976
8.039999999999354,-0.7514871751101991,-7.424397232674236e-17,0.36152383469806976
8.041999999999355,-0.7514871751101991,-6.687139755384093e-17,0.36152383469806976
8.043999999999356,-0.7514871751101991,-6.752191885733223e-17,0.36152383469806976
8.045999999999356,-0.7514871751101991,-7.684605754070757e-17,0.36152383469806976
8.047999999999357,-0.7514871751101991,-9.506065403846404e-17,0.36152383469806976
8.049999999999358,-0.7514871751101991,-6.687139755384093e-17,0.36152383469806976
8.051999999999358,-0.7514871751101991,-6.773875929182933e-17,0.36152383469806976
8.053999999999359,-0.7514871751101991,-4.5187354104130836e-17,0.36152383469806976
8.05599999999936,-0.7514871751101991,-6.903980189881193e-17,0.36152383469806976
8.05799999999936,-0.7514871751101991,-8.291758970662639e-17,0.36152383469806976
8.059999999999361,-0.7514871751101991,-1.349592939859306e-16,0.36152383469806976
8.061999999999362,-0.7514871751101991,-7.467765319573656e-17,0.36152383469806976
8.063999999999362,-0.7514871751101991,-8.37849514446148e-17,0.36152383469806976
8.065999999999363,-0.7514871751101991,-1.115405270602437e-16,0.36152383469806976
8.067999999999364,-0.7514871751101991,-6.903980189881193e-17,0.36152383469806976
8.069999999999364,-0.7514871751101991,-7.619553623721626e-17,0.36152383469806976
8.071999999999365,-0.7514871751101991,-7.684605754070757e-17,0.36152383469806976
8.073999999999366,-0.7514871751101991,-8.855544100355101e-17,0.36152383469806976
8.075999999999366,-0.7514871751101991,-7.771341927869597e-17,0.36152383469806976
8.077999999999367,-0.7514871751101991,-7.706289797520467e-17,0.36152383469806976
8.079999999999368,-0.7514871751101991,-9.766273925242925e-17,0.36152383469806976
8.081999999999368,-0.7514871751101991,-6.07998653879221e-17,0.36152383469806976
8.083999999999369,-0.7514871751101991,-8.855544100355101e-17,0.36152383469806976
8.08599999999937,-0.7514871751101991,-1.0308375011485677e-16,0.36152383469806976
8.08799999999937,-0.7514871751101991,-8.335127057562059e-17,0.36152383469806976
8.089999999999371,-0.7514871751101991,-1.2281622965409295e-16,0.36152383469806976
8.091999999999372,-0.7514871751101991,-7.706289797520467e-17,0.36152383469806976
8.093999999999372,-0.7514871751101991,-9.375961143148144e-17,0.36152383469806976
8.095999999999373,-0.7514871751101991,-1.916650196447873e-17,0.36152383469806976
8.097999999999374,-0.7514871751101991,-5.125888627004966e-17,0.36152383469806976
8.099999999999374,-0.7514871751101991,-8.291758970662639e-17,0.36152383469806976
8.101999999999375,-0.7514871751101991,-7.446081276123946e-17,0.36152383469806976
8.103999999999376,-0.7514871751101991,-1.0546899489432488e-16,0.36152383469806976
8.105999999999376,-0.7514871751101991,-1.2303307008859005e-16,0.36152383469806976
8.107999999999377,-0.7514871751101991,-7.532817449922786e-17,0.36152383469806976
8.109999999999378,-0.7514871751101991,-8.205022796863799e-17,0.36152383469806976
8.111999999999378,-0.7514871751101991,-4.7572598883598946e-17,0.36152383469806976
8.113999999999379,-0.7514871751101991,-9.983114359740026e-17,0.36152383469806976
8.11599999999938,-0.7514871751101991,-7.771341927869597e-17,0.36152383469806976
8.11799999999938,-0.7514871751101991,-9.896378185941186e-17,0.36152383469806976
8.119999999999381,-0.7514871751101991,-1.0590267576331908e-16,0.36152383469806976
8.121999999999382,-0.7514871751101991,-5.082520540105546e-17,0.36152383469806976
8.123999999999382,-0.7514871751101991,-6.687139755384093e-17,0.36152383469806976
8.125999999999383,-0.7514871751101991,-6.947348276780614e-17,0.36152383469806976
8.127999999999384,-0.7514871751101991,-7.532817449922786e-17,0.36152383469806976
8.129999999999384,-0.7514871751101991,-1.0373427141834808e-16,0.36152383469806976
8.131999999999385,-0.7514871751101991,-5.94988227809395e-17,0.36152383469806976
8.133999999999386,-0.7514871751101991,-5.125888627004966e-17,0.36152383469806976
8.135999999999386,-0.7514871751101991,-7.706289797520467e-17,0.36152383469806976
8.137999999999387,-0.7514871751101991,-1.0416795228734228e-16,0.36152383469806976
8.139999999999388,-0.7514871751101991,-9.853010099041765e-17,0.36152383469806976
8.141999999999388,-0.7514871751101991,-8.291758970662639e-17,0.36152383469806976
8.143999999999389,-0.7514871751101991,-7.446081276123946e-17,0.36152383469806976
8.14599999999939,-0.7514871751101991,-9.983114359740026e-17,0.36152383469806976
8.14799999999939,-0.7514871751101991,-5.1909407573540964e-17,0.36152383469806976
8.149999999999391,-0.7514871751101991,-8.291758970662639e-17,0.36152383469806976
8.151999999999392,-0.7514871751101991,-7.446081276123946e-17,0.36152383469806976
8.153999999999392,-0.7514871751101991,-9.983114359740026e-17,0.36152383469806976
8.155999999999393,-0.7514871751101991,-7.684605754070757e-17,0.36152383469806976
8.157999999999394,-0.7514871751101991,-9.766273925242925e-17,0.36152383469806976
8.159999999999394,-0.7514871751101991,-7.727973840970177e-17,0.36152383469806976
8.161999999999395,-0.7514871751101991,-8.291758970662639e-17,0.36152383469806976
8.163999999999396,-0.7514871751101991,-7.467765319573656e-17,0.36152383469806976
8.165999999999396,-0.7514871751101991,-8.335127057562059e-17,0.36152383469806976
8.167999999999397,-0.7514871751101991,-1.0590267576331908e-16,0.36152383469806976
8.169999999999398,-0.7514871751101991,-5.125888627004966e-17,0.36152383469806976
8.171999999999398,-0.7514871751101991,-6.687139755384093e-17,0.36152383469806976
8.173999999999399,-0.7514871751101991,-7.467765319573656e-17,0.36152383469806976
8.1759999999994,-0.7514871751101991,-7.641237667171336e-17,0.36152383469806976
8.1779999999994,-0.7514871751101991,-1.0546899489432488e-16,0.36152383469806976
8.179999999999401,-0.7514871751101991,-8.291758970662639e-17,0.36152383469806976
8.181999999999402,-0.7514871751101991,-7.684605754070757e-17,0.36152383469806976
8.183999999999402,-0.7514871751101991,-9.983114359740026e-17,0.36152383469806976
8.185999999999403,-0.7514871751101991,-6.990716363680034e-17,0.36152383469806976
8.187999999999404,-0.7514871751101991,-1.098058035842669e-16,0.36152383469806976
8.189999999999404,-0.7514871751101991,-8.812176013455681e-17,0.36152383469806976
8.191999999999405,-0.7514871751101991,-5.039152453206126e-17,0.36152383469806976
8.193999999999406,-0.7514871751101991,-5.1909407573540964e-17,0.36152383469806976
8.195999999999406,-0.7514871751101991,-1.0460163315633648e-16,0.36152383469806976
8.197999999999407,-0.7514871751101991,-9.961430316290316e-17,0.36152383469806976
8.199999999999408,-0.7514871751101991,-7.706289797520467e-17,0.36152383469806976
8.201999999999408,-0.7514871751101991,-1.0373427141834808e-16,0.36152383469806976
8.203999999999409,-0.7514871751101991,-7.381029145774815e-17,0.36152383469806976
8.20599999999941,-0.7514871751101991,-6.491983364336702e-17,0.36152383469806976
8.20799999999941,-0.7514871751101991,-9.939746272840606e-17,0.36152383469806976
8.209999999999411,-0.7514871751101991,-7.706289797520467e-17,0.36152383469806976
8.211999999999412,-0.7514871751101991,-7.446081276123946e-17,0.36152383469806976
8.213999999999412,-0.7514871751101991,-9.939746272840606e-17,0.36152383469806976
8.215999999999413,-0.7514871751101991,-8.248390883763219e-17,0.36152383469806976
8.217999999999414,-0.7514871751101991,-5.299360974602647e-17,0.36152383469806976
8.219999999999414,-0.7514871751101991,-7.619553623721626e-17,0.36152383469806976
8.221999999999415,-0.7514871751101991,-8.248390883763219e-17,0.36152383469806976
8.223999999999416,-0.7514871751101991,-7.641237667171336e-17,0.36152383469806976
8.225999999999416,-0.7514871751101991,-8.074918536165538e-17,0.36152383469806976
8.227999999999417,-0.7514871751101991,-6.903980189881193e-17,0.36152383469806976
8.229999999999418,-0.7514871751101991,-7.554501493372496e-17,0.36152383469806976
8.231999999999418,-0.7514871751101991,-7.619553623721626e-17,0.36152383469806976
8.23399999999942,-0.7514871751101991,-1.0546899489432488e-16,0.36152383469806976
8.23599999999942,-0.7514871751101991,-1.1717837835716833e-16,0.36152383469806976
8.23799999999942,-0.7514871751101991,-1.0546899489432488e-16,0.36152383469806976
8.239999999999421,-0.7514871751101991,-6.643771668484672e-17,0.36152383469806976
8.241999999999422,-0.7514871751101991,-6.773875929182933e-17,0.36152383469806976
8.243999999999422,-0.7514871751101991,-7.424397232674236e-17,0.36152383469806976
8.245999999999423,-0.7514871751101991,-6.817244016082353e-17,0.36152383469806976
8.247999999999424,-0.7514871751101991,-5.039152453206126e-17,0.36152383469806976
8.249999999999424,-0.7514871751101991,-7.511133406473076e-17,0.36152383469806976
8.251999999999425,-0.7514871751101991,-8.161654709964379e-17,0.36152383469806976
8.253999999999426,-0.7514871751101991,-6.557035494685832e-17,0.36152383469806976
8.255999999999426,-0.7514871751101991,-1.2324991052308716e-16,0.36152383469806976
8.257999999999427,-0.7514871751101991,-7.684605754070757e-17,0.36152383469806976
8.259999999999428,-0.7514871751101991,-8.074918536165538e-17,0.36152383469806976
8.261999999999428,-0.7514871751101991,-6.860612102981773e-17,0.36152383469806976
8.26399999999943,-0.7514871751101991,-6.925664233330903e-17,0.36152383469806976
8.26599999999943,-0.7514871751101991,-1.0373427141834808e-16,0.36152383469806976
8.26799999999943,-0.7514871751101991,-7.446081276123946e-17,0.36152383469806976
8.269999999999431,-0.7514871751101991,-8.291758970662639e-17,0.36152383469806976
8.271999999999432,-0.7514871751101991,-7.641237667171336e-17,0.36152383469806976
8.273999999999432,-0.7514871751101991,-7.684605754070757e-17,0.36152383469806976
8.275999999999433,-0.7514871751101991,-1.093721227152727e-16,0.36152383469806976
8.277999999999434,-0.7514871751101991,-8.855544100355101e-17,0.36152383469806976
8.279999999999434,-0.7514871751101991,-8.291758970662639e-17,0.36152383469806976
8.281999999999435,-0.7514871751101991,-5.1909407573540964e-17,0.36152383469806976
8.283999999999436,-0.7514871751101991,-7.706289797520467e-17,0.36152383469806976
8.285999999999436,-0.7514871751101991,-8.226706840313509e-17,0.36152383469806976
8.287999999999437,-0.7514871751101991,-7.381029145774815e-17,0.36152383469806976
8.289999999999438,-0.7514871751101991,-7.641237667171336e-17,0.36152383469806976
8.291999999999438,-0.7514871751101991,-1.0330059054935387e-16,0.36152383469806976
8.29399999999944,-0.7514871751101991,-7.727973840970177e-17,0.36152383469806976
8.29599999999944,-0.7514871751101991,-7.597869580271916e-17,0.36152383469806976
8.29799999999944,-0.7514871751101991,-7.641237667171336e-17,0.36152383469806976
8.299999999999441,-0.7514871751101991,-9.961430316290316e-17,0.36152383469806976
8.301999999999442,-0.7514871751101991,-4.865680105608445e-17,0.36152383469806976
8.303999999999442,-0.7514871751101991,-5.125888627004966e-17,0.36152383469806976
8.305999999999443,-0.7514871751101991,-9.549433490745824e-17,0.36152383469806976
8.307999999999444,-0.7514871751101991,-7.727973840970177e-17,0.36152383469806976
8.309999999999444,-0.7514871751101991,-1.111068461912495e-16,0.36152383469806976
8.311999999999445,-0.7514871751101991,-6.903980189881193e-17,0.36152383469806976
8.313999999999446,-0.7514871751101991,-7.554501493372496e-17,0.36152383469806976
8.315999999999447,-0.7514871751101991,-9.809642012142345e-17,0.36152383469806976
8.317999999999447,-0.7514871751101991,-9.809642012142345e-17,0.36152383469806976
8.319999999999448,-0.7514871751101991,-7.727973840970177e-17,0.36152383469806976
8.321999999999449,-0.7514871751101991,-9.614485621094954e-17,0.36152383469806976
8.32399999999945,-0.7514871751101991,-1.0026482446639446e-16,0.36152383469806976
8.32599999999945,-0.7514871751101991,-8.898912187254522e-17,0.36152383469806976
8.32799999999945,-0.7514871751101991,-1.0330059054935387e-16,0.36152383469806976
8.329999999999451,-0.7514871751101991,-6.730507842283513e-17,0.36152383469806976
8.331999999999452,-0.7514871751101991,-7.012400407129744e-17,0.36152383469806976
8.333999999999453,-0.7514871751101991,-5.125888627004966e-17,0.36152383469806976
8.335999999999453,-0.7514871751101991,-1.106731653222553e-16,0.36152383469806976
8.337999999999454,-0.7514871751101991,-9.939746272840606e-17,0.36152383469806976
8.339999999999455,-0.7514871751101991,-7.684605754070757e-17,0.36152383469806976
8.341999999999455,-0.7514871751101991,-8.074918536165538e-17,0.36152383469806976
8.343999999999456,-0.7514871751101991,-6.730507842283513e-17,0.36152383469806976
8.345999999999457,-0.7514871751101991,-7.446081276123946e-17,0.36152383469806976
8.347999999999457,-0.7514871751101991,-9.983114359740026e-17,0.36152383469806976
8.349999999999458,-0.7514871751101991,-7.641237667171336e-17,0.36152383469806976
8.351999999999459,-0.7514871751101991,-7.381029145774815e-17,0.36152383469806976
8.35399999999946,-0.7514871751101991,-7.727973840970177e-17,0.36152383469806976
8.35599999999946,-0.7514871751101991,-1.0026482446639446e-16,0.36152383469806976
8.35799999999946,-0.7514871751101991,-5.169256713904386e-17,0.36152383469806976
8.359999999999461,-0.7514871751101991,-7.467765319573656e-17,0.36152383469806976
8.361999999999462,-0.7514871751101991,-1.0373427141834808e-16,0.36152383469806976
8.363999999999463,-0.7514871751101991,-8.226706840313509e-17,0.36152383469806976
8.365999999999463,-0.7514871751101991,-7.684605754070757e-17,0.36152383469806976
8.367999999999464,-0.7514871751101991,-8.053234492715828e-17,0.36152383469806976
8.369999999999465,-0.7514871751101991,-6.730507842283513e-17,0.36152383469806976
8.371999999999465,-0.7514871751101991,-6.947348276780614e-17,0.36152383469806976
8.373999999999466,-0.7514871751101991,-6.903980189881193e-17,0.36152383469806976
8.375999999999467,-0.7514871751101991,-7.554501493372496e-17,0.36152383469806976
8.377999999999467,-0.7514871751101991,-8.248390883763219e-17,0.36152383469806976
8.379999999999468,-0.7514871751101991,-7.727973840970177e-17,0.36152383469806976
8.381999999999469,-0.7514871751101991,-9.766273925242925e-17,0.36152383469806976
8.38399999999947,-0.7514871751101991,-9.983114359740026e-17,0.36152383469806976
8.38599999999947,-0.7514871751101991,-1.0546899489432488e-16,0.36152383469806976
8.38799999999947,-0.7514871751101991,-1.0221638837686837e-16,0.36152383469806976
8.389999999999471,-0.7514871751101991,-7.077452537478874e-17,0.36152383469806976
8.391999999999472,-0.7514871751101991,-6.687139755384093e-17,0.36152383469806976
8.393999999999473,-0.7514871751101991,-6.947348276780614e-17,0.36152383469806976
8.395999999999473,-0.7514871751101991,-6.773875929182933e-17,0.36152383469806976
8.397999999999474,-0.7514871751101991,-6.730507842283513e-17,0.36152383469806976
8.399999999999475,-0.7514871751101991,-8.291758970662639e-17,0.36152383469806976
8.401999999999475,-0.7514871751101991,-5.169256713904386e-17,0.36152383469806976
8.403999999999476,-0.7514871751101991,-8.291758970662639e-17,0.36152383469806976
8.405999999999477,-0.7514871751101991,-7.684605754070757e-17,0.36152383469806976
8.407999999999477,-0.7514871751101991,-8.226706840313509e-17,0.36152383469806976
8.409999999999478,-0.7514871751101991,-8.291758970662639e-17,0.36152383469806976
8.411999999999479,-0.7514871751101991,-7.077452537478874e-17,0.36152383469806976
8.41399999999948,-0.7514871751101991,-8.335127057562059e-17,0.36152383469806976
8.41599999999948,-0.7514871751101991,-1.2671935747504077e-16,0.36152383469806976
8.41799999999948,-0.7514871751101991,-7.467765319573656e-17,0.36152383469806976
8.419999999999481,-0.7514871751101991,-1.0503531402533068e-16,0.36152383469806976
8.421999999999482,-0.7514871751101991,-9.701221794893795e-17,0.36152383469806976
8.423999999999483,-0.7514871751101991,-4.648839671111344e-17,0.36152383469806976
8.425999999999483,-0.7514871751101991,-5.342729061502067e-17,0.36152383469806976
8.427999999999484,-0.7514871751101991,-1.098058035842669e-16,0.36152383469806976
8.429999999999485,-0.7514871751101991,-9.853010099041765e-17,0.36152383469806976
8.431999999999485,-0.7514871751101991,-6.643771668484672e-17,0.36152383469806976
8.433999999999486,-0.7514871751101991,-6.947348276780614e-17,0.36152383469806976
8.435999999999487,-0.7514871751101991,-8.226706840313509e-17,0.36152383469806976
8.437999999999487,-0.7514871751101991,-7.424397232674236e-17,0.36152383469806976
8.439999999999488,-0.7514871751101991,-7.684605754070757e-17,0.36152383469806976
8.441999999999489,-0.7514871751101991,-1.0460163315633648e-16,0.36152383469806976
8.44399999999949,-0.7514871751101991,-8.335127057562059e-17,0.36152383469806976
8.44599999999949,-0.7514871751101991,-1.0590267576331908e-16,0.36152383469806976
8.44799999999949,-0.7514871751101991,-5.125888627004966e-17,0.36152383469806976
8.449999999999491,-0.7514871751101991,-8.812176013455681e-17,0.36152383469806976
8.451999999999492,-0.7514871751101991,-6.752191885733223e-17,0.36152383469806976
8.453999999999493,-0.7514871751101991,-6.817244016082353e-17,0.36152383469806976
8.455999999999493,-0.7514871751101991,-6.16672271259105e-17,0.36152383469806976
8.457999999999494,-0.7514871751101991,-7.771341927869597e-17,0.36152383469806976
8.459999999999495,-0.7514871751101991,-1.0373427141834808e-16,0.36152383469806976
8.461999999999495,-0.7514871751101991,-9.332593056248723e-17,0.36152383469806976
8.463999999999496,-0.7514871751101991,-9.722905838343505e-17,0.36152383469806976
8.465999999999497,-0.7514871751101991,-4.778943931809605e-17,0.36152383469806976
8.467999999999497,-0.7514871751101991,-9.983114359740026e-17,0.36152383469806976
8.469999999999498,-0.7514871751101991,-8.855544100355101e-17,0.36152383469806976
8.471999999999499,-0.7514871751101991,-1.0546899489432488e-16,0.36152383469806976
8.4739999999995,-0.7514871751101991,-9.939746272840606e-17,0.36152383469806976
8.4759999999995,-0.7514871751101991,-5.97156632154366e-17,0.36152383469806976
8.4779999999995,-0.7514871751101991,-6.817244016082353e-17,0.36152383469806976
8.479999999999501,-0.7514871751101991,-5.082520540105546e-17,0.36152383469806976
8.481999999999502,-0.7514871751101991,-8.226706840313509e-17,0.36152383469806976
8.483999999999503,-0.7514871751101991,-7.077452537478874e-17,0.36152383469806976
8.485999999999503,-0.7514871751101991,-7.706289797520467e-17,0.36152383469806976
8.487999999999504,-0.7514871751101991,-1.0026482446639446e-16,0.36152383469806976
8.489999999999505,-0.7514871751101991,-7.641237667171336e-17,0.36152383469806976
8.491999999999505,-0.7514871751101991,-8.335127057562059e-17,0.36152383469806976
8.493999999999506,-0.7514871751101991,-8.335127057562059e-17,0.36152383469806976
8.495999999999507,-0.7514871751101991,-1.0330059054935387e-16,0.36152383469806976
8.497999999999507,-0.7514871751101991,-7.706289797520467e-17,0.36152383469806976
8.499999999999508,-0.7514871751101991,-9.766273925242925e-17,0.36152383469806976
8.501999999999509,-0.7514871751101991,-9.896378185941186e-17,0.36152383469806976
8.50399999999951,-0.7514871751101991,-8.248390883763219e-17,0.36152383469806976
8.50599999999951,-0.7514871751101991,-5.125888627004966e-17,0.36152383469806976
8.50799999999951,-0.7514871751101991,-6.860612102981773e-17,0.36152383469806976
8.509999999999511,-0.7514871751101991,-6.990716363680034e-17,0.36152383469806976
8.511999999999512,-0.7514871751101991,-9.853010099041765e-17,0.36152383469806976
8.513999999999513,-0.7514871751101991,-6.687139755384093e-17,0.36152383469806976
8.515999999999513,-0.7514871751101991,-5.4511492787506175e-17,0.36152383469806976
8.517999999999514,-0.7514871751101991,-7.012400407129744e-17,0.36152383469806976
8.519999999999515,-0.7514871751101991,-8.291758970662639e-17,0.36152383469806976
8.521999999999515,-0.7514871751101991,-7.706289797520467e-17,0.36152383469806976
8.523999999999516,-0.7514871751101991,-1.0546899489432488e-16,0.36152383469806976
8.525999999999517,-0.7514871751101991,-8.898912187254522e-17,0.36152383469806976
8.527999999999517,-0.7514871751101991,-1.0546899489432488e-16,0.36152383469806976
8.529999999999518,-0.7514871751101991,-9.961430316290316e-17,0.36152383469806976
8.531999999999519,-0.7514871751101991,-6.903980189881193e-17,0.36152383469806976
8.53399999999952,-0.7514871751101991,-7.467765319573656e-17,0.36152383469806976
8.53599999999952,-0.7514871751101991,-9.809642012142345e-17,0.36152383469806976
8.53799999999952,-0.7514871751101991,-9.983114359740026e-17,0.36152383469806976
8.539999999999521,-0.7514871751101991,-1.0590267576331908e-16,0.36152383469806976
8.541999999999522,-0.7514871751101991,-6.773875929182933e-17,0.36152383469806976
8.543999999999523,-0.7514871751101991,-5.125888627004966e-17,0.36152383469806976
8.545999999999523,-0.7514871751101991,-7.684605754070757e-17,0.36152383469806976
8.547999999999524,-0.7514871751101991,-9.549433490745824e-17,0.36152383469806976
8.549999999999525,-0.7514871751101991,-7.684605754070757e-17,0.36152383469806976
8.551999999999525,-0.7514871751101991,-7.597869580271916e-17,0.36152383469806976
8.553999999999526,-0.7514871751101991,-7.511133406473076e-17,0.36152383469806976
8.555999999999527,-0.7514871751101991,-8.898912187254522e-17,0.36152383469806976
8.557999999999527,-0.7514871751101991,-8.942280274153942e-17,0.36152383469806976
8.559999999999528,-0.7514871751101991,-1.0069850533538866e-16,0.36152383469806976
8.561999999999529,-0.7514871751101991,-7.727973840970177e-17,0.36152383469806976
8.56399999999953,-0.7514871751101991,-7.619553623721626e-17,0.36152383469806976
8.56599999999953,-0.7514871751101991,-8.898912187254522e-17,0.36152383469806976
8.56799999999953,-0.7514871751101991,-7.641237667171336e-17,0.36152383469806976
8.569999999999531,-0.7514871751101991,-9.332593056248723e-17,0.36152383469806976
8.571999999999532,-0.7514871751101991,-8.291758970662639e-17,0.36152383469806976
8.573999999999533,-0.7514871751101991,-6.990716363680034e-17,0.36152383469806976
8.575999999999533,-0.7514871751101991,-7.597869580271916e-17,0.36152383469806976
8.577999999999534,-0.7514871751101991,-8.248390883763219e-17,0.36152383469806976
8.579999999999535,-0.7514871751101991,-5.125888627004966e-17,0.36152383469806976
8.581999999999535,-0.7514871751101991,-7.446081276123946e-17,0.36152383469806976
8.583999999999536,-0.7514871751101991,-9.939746272840606e-17,0.36152383469806976
8.585999999999537,-0.7514871751101991,-7.706289797520467e-17,0.36152383469806976
8.587999999999537,-0.7514871751101991,-8.226706840313509e-17,0.36152383469806976
8.589999999999538,-0.7514871751101991,-7.684605754070757e-17,0.36152383469806976
8.591999999999539,-0.7514871751101991,-9.722905838343505e-17,0.36152383469806976
8.59399999999954,-0.7514871751101991,-9.332593056248723e-17,0.36152383469806976
8.59599999999954,-0.7514871751101991,-8.248390883763219e-17,0.36152383469806976
8.59799999999954,-0.7514871751101991,-5.299360974602647e-17,0.36152383469806976
8.599999999999541,-0.7514871751101991,-9.853010099041765e-17,0.36152383469806976
8.601999999999542,-0.7514871751101991,-5.125888627004966e-17,0.36152383469806976
8.603999999999543,-0.7514871751101991,-1.102394844532611e-16,0.36152383469806976
8.605999999999543,-0.7514871751101991,-7.706289797520467e-17,0.36152383469806976
8.607999999999544,-0.7514871751101991,-1.0199954794237127e-16,0.36152383469806976
8.609999999999545,-0.7514871751101991,-7.619553623721626e-17,0.36152383469806976
8.611999999999545,-0.7514871751101991,-9.896378185941186e-17,0.36152383469806976
8.613999999999546,-0.7514871751101991,-5.125888627004966e-17,0.36152383469806976
8.615999999999547,-0.7514871751101991,-5.4294652353009074e-17,0.36152383469806976
8.617999999999547,-0.7514871751101991,-7.706289797520467e-17,0.36152383469806976
8.619999999999548,-0.7514871751101991,-1.0546899489432488e-16,0.36152383469806976
8.621999999999549,-0.7514871751101991,-9.939746272840606e-17,0.36152383469806976
8.62399999999955,-0.7514871751101991,-8.248390883763219e-17,0.36152383469806976
8.62599999999955,-0.7514871751101991,-7.684605754070757e-17,0.36152383469806976
8.62799999999955,-0.7514871751101991,-9.787957968692635e-17,0.36152383469806976
8.629999999999551,-0.7514871751101991,-9.939746272840606e-17,0.36152383469806976
8.631999999999552,-0.7514871751101991,-7.706289797520467e-17,0.36152383469806976
8.633999999999553,-0.7514871751101991,-9.527749447296114e-17,0.36152383469806976
8.635999999999553,-0.7514871751101991,-9.202488795550463e-17,0.36152383469806976
8.637999999999554,-0.7514871751101991,-5.364413104951777e-17,0.36152383469806976
8.639999999999555,-0.7514871751101991,-4.388631149714823e-17,0.36152383469806976
8.641999999999555,-0.7514871751101991,-9.939746272840606e-17,0.36152383469806976
8.643999999999556,-0.7514871751101991,-7.684605754070757e-17,0.36152383469806976
8.645999999999557,-0.7514871751101991,-1.0373427141834808e-16,0.36152383469806976
8.647999999999557,-0.7514871751101991,-6.947348276780614e-17,0.36152383469806976
8.649999999999558,-0.7514871751101991,-5.125888627004966e-17,0.36152383469806976
8.651999999999559,-0.7514871751101991,-1.0633635663231329e-16,0.36152383469806976
8.65399999999956,-0.7514871751101991,-5.125888627004966e-17,0.36152383469806976
8.65599999999956,-0.7514871751101991,-7.294292971975975e-17,0.36152383469806976
8.65799999999956,-0.7514871751101991,-1.0633635663231329e-16,0.36152383469806976
8.659999999999561,-0.7514871751101991,-5.169256713904386e-17,0.36152383469806976
8.661999999999562,-0.7514871751101991,-7.467765319573656e-17,0.36152383469806976
8.663999999999563,-0.7514871751101991,-1.0373427141834808e-16,0.36152383469806976
8.665999999999563,-0.7514871751101991,-5.94988227809395e-17,0.36152383469806976
8.667999999999564,-0.7514871751101991,-4.822312018709025e-17,0.36152383469806976
8.669999999999565,-0.7514871751101991,-1.0742055880479879e-16,0.36152383469806976
8.671999999999565,-0.7514871751101991,-7.684605754070757e-17,0.36152383469806976
8.673999999999566,-0.7514871751101991,-9.614485621094954e-17,0.36152383469806976
8.675999999999567,-0.7514871751101991,-1.2281622965409295e-16,0.36152383469806976
8.677999999999567,-0.7514871751101991,-9.787957968692635e-17,0.36152383469806976
8.679999999999568,-0.7514871751101991,-4.301894975915983e-17,0.36152383469806976
8.681999999999569,-0.7514871751101991,-1.0026482446639446e-16,0.36152383469806976
8.68399999999957,-0.7514871751101991,-7.532817449922786e-17,0.36152383469806976
8.68599999999957,-0.7514871751101991,-7.641237667171336e-17,0.36152383469806976
8.68799999999957,-0.7514871751101991,-9.983114359740026e-17,0.36152383469806976
8.689999999999571,-0.7514871751101991,-6.947348276780614e-17,0.36152383469806976
8.691999999999572,-0.7514871751101991,-7.684605754070757e-17,0.36152383469806976
8.693999999999573,-0.7514871751101991,-8.248390883763219e-17,0.36152383469806976
8.695999999999573,-0.7514871751101991,-5.125888627004966e-17,0.36152383469806976
8.697999999999574,-0.7514871751101991,-7.619553623721626e-17,0.36152383469806976
8.699999999999575,-0.7514871751101991,-8.898912187254522e-17,0.36152383469806976
8.701999999999575,-0.7514871751101991,-9.853010099041765e-17,0.36152383469806976
8.703999999999576,-0.7514871751101991,-8.898912187254522e-17,0.36152383469806976
8.705999999999577,-0.7514871751101991,-8.898912187254522e-17,0.36152383469806976
8.707999999999577,-0.7514871751101991,-1.0546899489432488e-16,0.36152383469806976
8.709999999999578,-0.7514871751101991,-9.896378185941186e-17,0.36152383469806976
8.711999999999579,-0.7514871751101991,-5.364413104951777e-17,0.36152383469806976
8.71399999999958,-0.7514871751101991,-7.619553623721626e-17,0.36152383469806976
8.71599999999958,-0.7514871751101991,-7.771341927869597e-17,0.36152383469806976
8.71799999999958,-0.7514871751101991,-8.291758970662639e-17,0.36152383469806976
8.719999999999581,-0.7514871751101991,-7.446081276123946e-17,0.36152383469806976
8.721999999999582,-0.7514871751101991,-8.291758970662639e-17,0.36152383469806976
8.723999999999583,-0.7514871751101991,-5.1909407573540964e-17,0.36152383469806976
8.725999999999583,-0.7514871751101991,-7.727973840970177e-17,0.36152383469806976
8.727999999999584,-0.7514871751101991,-1.0026482446639446e-16,0.36152383469806976
8.729999999999585,-0.7514871751101991,-8.226706840313509e-17,0.36152383469806976
8.731999999999585,-0.7514871751101991,-6.925664233330903e-17,0.36152383469806976
8.733999999999586,-0.7514871751101991,-8.291758970662639e-17,0.36152383469806976
8.735999999999587,-0.7514871751101991,-7.554501493372496e-17,0.36152383469806976
8.737999999999587,-0.7514871751101991,-9.592801577645244e-17,0.36152383469806976
8.739999999999588,-0.7514871751101991,-8.248390883763219e-17,0.36152383469806976
8.741999999999589,-0.7514871751101991,-6.925664233330903e-17,0.36152383469806976
8.74399999999959,-0.7514871751101991,-9.853010099041765e-17,0.36152383469806976
8.74599999999959,-0.7514871751101991,-3.824846020022361e-17,0.36152383469806976
8.74799999999959,-0.7514871751101991,-7.727973840970177e-17,0.36152383469806976
8.749999999999591,-0.7514871751101991,-1.0546899489432488e-16,0.36152383469806976
8.751999999999592,-0.7514871751101991,-8.226706840313509e-17,0.36152383469806976
8.753999999999593,-0.7514871751101991,-7.727973840970177e-17,0.36152383469806976
8.755999999999593,-0.7514871751101991,-8.248390883763219e-17,0.36152383469806976
8.757999999999594,-0.7514871751101991,-7.446081276123946e-17,0.36152383469806976
8.759999999999595,-0.7514871751101991,-8.291758970662639e-17,0.36152383469806976
8.761999999999595,-0.7514871751101991,-7.446081276123946e-17,0.36152383469806976
8.763999999999596,-0.7514871751101991,-1.0503531402533068e-16,0.36152383469806976
8.765999999999597,-0.7514871751101991,-8.248390883763219e-17,0.36152383469806976
8.767999999999597,-0.7514871751101991,-6.817244016082353e-17,0.36152383469806976
8.769999999999598,-0.7514871751101991,-4.5187354104130836e-17,0.36152383469806976
8.771999999999599,-0.7514871751101991,-7.727973840970177e-17,0.36152383469806976
8.7739999999996,-0.7514871751101991,-9.549433490745824e-17,0.36152383469806976
8.7759999999996,-0.7514871751101991,-8.291758970662639e-17,0.36152383469806976
8.7779999999996,-0.7514871751101991,-7.467765319573656e-17,0.36152383469806976
8.779999999999601,-0.7514871751101991,-8.898912187254522e-17,0.36152383469806976
8.781999999999602,-0.7514871751101991,-1.0546899489432488e-16,0.36152383469806976
8.783999999999603,-0.7514871751101991,-8.898912187254522e-17,0.36152383469806976
8.785999999999603,-0.7514871751101991,-1.0503531402533068e-16,0.36152383469806976
8.787999999999604,-0.7514871751101991,-1.0308375011485677e-16,0.36152383469806976
8.789999999999605,-0.7514871751101991,-7.554501493372496e-17,0.36152383469806976
8.791999999999605,-0.7514871751101991,-7.272608928526265e-17,0.36152383469806976
8.793999999999606,-0.7514871751101991,-9.375961143148144e-17,0.36152383469806976
8.795999999999607,-0.7514871751101991,-4.431999236614243e-17,0.36152383469806976
8.797999999999607,-0.7514871751101991,-9.983114359740026e-17,0.36152383469806976
8.799999999999608,-0.7514871751101991,-6.947348276780614e-17,0.36152383469806976
8.801999999999609,-0.7514871751101991,-4.5187354104130836e-17,0.36152383469806976
8.80399999999961,-0.7514871751101991,-8.855544100355101e-17,0.36152383469806976
8.80599999999961,-0.7514871751101991,-9.983114359740026e-17,0.36152383469806976
8.80799999999961,-0.7514871751101991,-8.291758970662639e-17,0.36152383469806976
8.809999999999611,-0.7514871751101991,-5.342729061502067e-17,0.36152383469806976
8.811999999999612,-0.7514871751101991,-8.205022796863799e-17,0.36152383469806976
8.813999999999613,-0.7514871751101991,-6.903980189881193e-17,0.36152383469806976
8.815999999999613,-0.7514871751101991,-8.226706840313509e-17,0.36152383469806976
8.817999999999614,-0.7514871751101991,-7.381029145774815e-17,0.36152383469806976
8.819999999999615,-0.7514871751101991,-7.424397232674236e-17,0.36152383469806976
8.821999999999615,-0.7514871751101991,-1.2671935747504077e-16,0.36152383469806976
8.823999999999616,-0.7514871751101991,-7.511133406473076e-17,0.36152383469806976
8.825999999999617,-0.7514871751101991,-9.766273925242925e-17,0.36152383469806976
8.827999999999617,-0.7514871751101991,-9.983114359740026e-17,0.36152383469806976
8.829999999999618,-0.7514871751101991,-2.155174674394684e-17,0.36152383469806976
8.831999999999619,-0.7514871751101991,-7.272608928526265e-17,0.36152383469806976
8.83399999999962,-0.7514871751101991,-1.119742079292379e-16,0.36152383469806976
8.83599999999962,-0.7514871751101991,-5.4728333222003275e-17,0.36152383469806976
8.83799999999962,-0.7514871751101991,-7.684605754070757e-17,0.36152383469806976
8.839999999999621,-0.7514871751101991,-1.0503531402533068e-16,0.36152383469806976
8.841999999999622,-0.7514871751101991,-9.722905838343505e-17,0.36152383469806976
8.843999999999623,-0.7514871751101991,-7.706289797520467e-17,0.36152383469806976
8.845999999999623,-0.7514871751101991,-7.619553623721626e-17,0.36152383469806976
8.847999999999624,-0.7514871751101991,-7.467765319573656e-17,0.36152383469806976
8.849999999999625,-0.7514871751101991,-8.291758970662639e-17,0.36152383469806976
8.851999999999626,-0.7514871751101991,-7.511133406473076e-17,0.36152383469806976
8.853999999999626,-0.7514871751101991,-9.939746272840606e-17,0.36152383469806976
8.855999999999627,-0.7514871751101991,-7.467765319573656e-17,0.36152383469806976
8.857999999999628,-0.7514871751101991,-9.809642012142345e-17,0.36152383469806976
8.859999999999628,-0.7514871751101991,-8.291758970662639e-17,0.36152383469806976
8.861999999999629,-0.7514871751101991,-5.386097148401487e-17,0.36152383469806976
8.86399999999963,-0.7514871751101991,-6.947348276780614e-17,0.36152383469806976
8.86599999999963,-0.7514871751101991,-9.983114359740026e-17,0.36152383469806976
8.86799999999963,-0.7514871751101991,-7.446081276123946e-17,0.36152383469806976
8.869999999999632,-0.7514871751101991,-8.291758970662639e-17,0.36152383469806976
8.871999999999632,-0.7514871751101991,-4.670523714561054e-17,0.36152383469806976
8.873999999999633,-0.7514871751101991,-9.939746272840606e-17,0.36152383469806976
8.875999999999634,-0.7514871751101991,-8.291758970662639e-17,0.36152383469806976
8.877999999999634,-0.7514871751101991,-4.909048192507865e-17,0.36152383469806976
8.879999999999635,-0.7514871751101991,-8.226706840313509e-17,0.36152383469806976
8.881999999999636,-0.7514871751101991,-6.947348276780614e-17,0.36152383469806976
8.883999999999636,-0.7514871751101991,-9.983114359740026e-17,0.36152383469806976
8.885999999999637,-0.7514871751101991,-7.619553623721626e-17,0.36152383469806976
8.887999999999638,-0.7514871751101991,-7.619553623721626e-17,0.36152383469806976
8.889999999999638,-0.7514871751101991,-9.983114359740026e-17,0.36152383469806976
8.891999999999639,-0.7514871751101991,-9.549433490745824e-17,0.36152383469806976
8.89399999999964,-0.7514871751101991,-7.706289797520467e-17,0.36152383469806976
8.89599999999964,-0.7514871751101991,-7.684605754070757e-17,0.36152383469806976
8.89799999999964,-0.7514871751101991,-9.527749447296114e-17,0.36152383469806976
8.899999999999642,-0.7514871751101991,-9.419329230047564e-17,0.36152383469806976
8.901999999999642,-0.7514871751101991,-4.9957843663067056e-17,0.36152383469806976
8.903999999999643,-0.7514871751101991,-5.4511492787506175e-17,0.36152383469806976
8.905999999999644,-0.7514871751101991,-7.706289797520467e-17,0.36152383469806976
8.907999999999644,-0.7514871751101991,-1.0546899489432488e-16,0.36152383469806976
8.909999999999645,-0.7514871751101991,-9.766273925242925e-17,0.36152383469806976
8.911999999999646,-0.7514871751101991,-5.94988227809395e-17,0.36152383469806976
8.913999999999646,-0.7514871751101991,-7.446081276123946e-17,0.36152383469806976
8.915999999999647,-0.7514871751101991,-1.0633635663231329e-16,0.36152383469806976
8.917999999999648,-0.7514871751101991,-6.925664233330903e-17,0.36152383469806976
8.919999999999648,-0.7514871751101991,-9.983114359740026e-17,0.36152383469806976
8.921999999999649,-0.7514871751101991,-7.446081276123946e-17,0.36152383469806976
8.92399999999965,-0.7514871751101991,-8.335127057562059e-17,0.36152383469806976
8.92599999999965,-0.7514871751101991,-1.0546899489432488e-16,0.36152383469806976
8.92799999999965,-0.7514871751101991,-8.291758970662639e-17,0.36152383469806976
8.929999999999652,-0.7514871751101991,-7.446081276123946e-17,0.36152383469806976
8.931999999999652,-0.7514871751101991,-7.597869580271916e-17,0.36152383469806976
8.933999999999653,-0.7514871751101991,-7.641237667171336e-17,0.36152383469806976
8.935999999999654,-0.7514871751101991,-8.335127057562059e-17,0.36152383469806976
8.937999999999654,-0.7514871751101991,-1.0373427141834808e-16,0.36152383469806976
8.939999999999655,-0.7514871751101991,-7.727973840970177e-17,0.36152383469806976
8.941999999999656,-0.7514871751101991,-8.248390883763219e-17,0.36152383469806976
8.943999999999656,-0.7514871751101991,-7.424397232674236e-17,0.36152383469806976
8.945999999999657,-0.7514871751101991,-7.684605754070757e-17,0.36152383469806976
8.947999999999658,-0.7514871751101991,-1.0330059054935387e-16,0.36152383469806976
8.949999999999658,-0.7514871751101991,-6.730507842283513e-17,0.36152383469806976
8.951999999999659,-0.7514871751101991,-7.467765319573656e-17,0.36152383469806976
8.95399999999966,-0.7514871751101991,-9.809642012142345e-17,0.36152383469806976
8.95599999999966,-0.7514871751101991,-8.248390883763219e-17,0.36152383469806976
8.957999999999661,-0.7514871751101991,-5.125888627004966e-17,0.36152383469806976
8.959999999999662,-0.7514871751101991,-5.94988227809395e-17,0.36152383469806976
8.961999999999662,-0.7514871751101991,-7.164188711277714e-17,0.36152383469806976
8.963999999999663,-0.7514871751101991,-1.0742055880479879e-16,0.36152383469806976
8.965999999999664,-0.7514871751101991,-7.077452537478874e-17,0.36152383469806976
8.967999999999664,-0.7514871751101991,-9.896378185941186e-17,0.36152383469806976
8.969999999999665,-0.7514871751101991,-7.597869580271916e-17,0.36152383469806976
8.971999999999666,-0.7514871751101991,-9.722905838343505e-17,0.36152383469806976
8.973999999999666,-0.7514871751101991,-8.226706840313509e-17,0.36152383469806976
8.975999999999667,-0.7514871751101991,-6.730507842283513e-17,0.36152383469806976
8.977999999999668,-0.7514871751101991,-7.641237667171336e-17,0.36152383469806976
8.979999999999668,-0.7514871751101991,-7.619553623721626e-17,0.36152383469806976
8.981999999999669,-0.7514871751101991,-8.335127057562059e-17,0.36152383469806976
8.98399999999967,-0.7514871751101991,-8.291758970662639e-17,0.36152383469806976
8.98599999999967,-0.7514871751101991,-7.424397232674236e-17,0.36152383469806976
8.987999999999671,-0.7514871751101991,-7.424397232674236e-17,0.36152383469806976
8.989999999999672,-0.7514871751101991,-1.2715303834403497e-16,0.36152383469806976
8.991999999999672,-0.7514871751101991,-7.684605754070757e-17,0.36152383469806976
8.993999999999673,-0.7514871751101991,-7.532817449922786e-17,0.36152383469806976
8.995999999999674,-0.7514871751101991,-5.342729061502067e-17,0.36152383469806976
8.997999999999674,-0.7514871751101991,-1.0720371837030169e-16,0.36152383469806976
8.999999999999675,-0.7514871751101991,-8.291758970662639e-17,0.36152383469806976
9.001999999999676,-0.7514871751101991,-7.446081276123946e-17,0.36152383469806976
9.003999999999676,-0.7514871751101991,-8.335127057562059e-17,0.36152383469806976
9.005999999999677,-0.7514871751101991,-8.855544100355101e-17,0.36152383469806976
9.007999999999678,-0.7514871751101991,-9.961430316290316e-17,0.36152383469806976
9.009999999999678,-0.7514871751101991,-7.381029145774815e-17,0.36152383469806976
9.011999999999679,-0.7514871751101991,-5.364413104951777e-17,0.36152383469806976
9.01399999999968,-0.7514871751101991,-5.386097148401487e-17,0.36152383469806976
9.01599999999968,-0.7514871751101991,-7.164188711277714e-17,0.36152383469806976
9.017999999999681,-0.7514871751101991,-1.0720371837030169e-16,0.36152383469806976
9.019999999999682,-0.7514871751101991,-7.684605754070757e-17,0.36152383469806976
9.021999999999682,-0.7514871751101991,-7.706289797520467e-17,0.36152383469806976
9.023999999999683,-0.7514871751101991,-9.549433490745824e-17,0.36152383469806976
9.025999999999684,-0.7514871751101991,-9.419329230047564e-17,0.36152383469806976
9.027999999999684,-0.7514871751101991,-4.2368428455668525e-17,0.36152383469806976
9.029999999999685,-0.7514871751101991,-6.752191885733223e-17,0.36152383469806976
9.031999999999686,-0.7514871751101991,-7.381029145774815e-17,0.36152383469806976
9.033999999999686,-0.7514871751101991,-1.0416795228734228e-16,0.36152383469806976
9.035999999999687,-0.7514871751101991,-1.0503531402533068e-16,0.36152383469806976
9.037999999999688,-0.7514871751101991,-1.0221638837686837e-16,0.36152383469806976
9.039999999999688,-0.7514871751101991,-7.684605754070757e-17,0.36152383469806976
9.041999999999689,-0.7514871751101991,-9.375961143148144e-17,0.36152383469806976
9.04399999999969,-0.7514871751101991,-8.291758970662639e-17,0.36152383469806976
9.04599999999969,-0.7514871751101991,-6.687139755384093e-17,0.36152383469806976
9.047999999999691,-0.7514871751101991,-7.597869580271916e-17,0.36152383469806976
9.049999999999692,-0.7514871751101991,-7.446081276123946e-17,0.36152383469806976
9.051999999999692,-0.7514871751101991,-6.860612102981773e-17,0.36152383469806976
9.053999999999693,-0.7514871751101991,-6.730507842283513e-17,0.36152383469806976
9.055999999999694,-0.7514871751101991,-7.511133406473076e-17,0.36152383469806976
9.057999999999694,-0.7514871751101991,-7.641237667171336e-17,0.36152383469806976
9.059999999999695,-0.7514871751101991,-8.291758970662639e-17,0.36152383469806976
9.061999999999696,-0.7514871751101991,-7.532817449922786e-17,0.36152383469806976
9.063999999999696,-0.7514871751101991,-7.641237667171336e-17,0.36152383469806976
9.065999999999697,-0.7514871751101991,-9.809642012142345e-17,0.36152383469806976
9.067999999999698,-0.7514871751101991,-1.0069850533538866e-16,0.36152383469806976
9.069999999999698,-0.7514871751101991,-7.727973840970177e-17,0.36152383469806976
9.071999999999699,-0.7514871751101991,-8.291758970662639e-17,0.36152383469806976
9.0739999999997,-0.7514871751101991,-6.860612102981773e-17,0.36152383469806976
9.0759999999997,-0.7514871751101991,-4.388631149714823e-17,0.36152383469806976
9.077999999999701,-0.7514871751101991,-7.727973840970177e-17,0.36152383469806976
9.079999999999702,-0.7514871751101991,-9.787957968692635e-17,0.36152383469806976
9.081999999999702,-0.7514871751101991,-9.289224969349303e-17,0.36152383469806976
9.083999999999703,-0.7514871751101991,-9.983114359740026e-17,0.36152383469806976
9.085999999999704,-0.7514871751101991,-7.337661058875395e-17,0.36152383469806976
9.087999999999704,-0.7514871751101991,-7.511133406473076e-17,0.36152383469806976
9.089999999999705,-0.7514871751101991,-9.983114359740026e-17,0.36152383469806976
9.091999999999706,-0.7514871751101991,-4.822312018709025e-17,0.36152383469806976
9.093999999999706,-0.7514871751101991,-1.0221638837686837e-16,0.36152383469806976
9.095999999999707,-0.7514871751101991,-7.164188711277714e-17,0.36152383469806976
9.097999999999708,-0.7514871751101991,-5.125888627004966e-17,0.36152383469806976
9.099999999999708,-0.7514871751101991,-7.077452537478874e-17,0.36152383469806976
9.101999999999709,-0.7514871751101991,-8.898912187254522e-17,0.36152383469806976
9.10399999999971,-0.7514871751101991,-8.855544100355101e-17,0.36152383469806976
9.10599999999971,-0.7514871751101991,-8.898912187254522e-17,0.36152383469806976
9.107999999999711,-0.7514871751101991,-1.0546899489432488e-16,0.36152383469806976
9.109999999999712,-0.7514871751101991,-7.706289797520467e-17,0.36152383469806976
9.111999999999712,-0.7514871751101991,-9.787957968692635e-17,0.36152383469806976
9.113999999999713,-0.7514871751101991,-9.983114359740026e-17,0.36152383469806976
9.115999999999714,-0.7514871751101991,-4.410315193164533e-17,0.36152383469806976
9.117999999999714,-0.7514871751101991,-1.0546899489432488e-16,0.36152383469806976
9.119999999999715,-0.7514871751101991,-6.600403581585252e-17,0.36152383469806976
9.121999999999716,-0.7514871751101991,-5.342729061502067e-17,0.36152383469806976
9.123999999999716,-0.7514871751101991,-9.896378185941186e-17,0.36152383469806976
9.125999999999717,-0.7514871751101991,-1.0546899489432488e-16,0.36152383469806976
9.127999999999718,-0.7514871751101991,-9.787957968692635e-17,0.36152383469806976
9.129999999999718,-0.7514871751101991,-5.386097148401487e-17,0.36152383469806976
9.131999999999719,-0.7514871751101991,-7.706289797520467e-17,0.36152383469806976
9.13399999999972,-0.7514871751101991,-8.226706840313509e-17,0.36152383469806976
9.13599999999972,-0.7514871751101991,-5.125888627004966e-17,0.36152383469806976
9.137999999999721,-0.7514871751101991,-6.860612102981773e-17,0.36152383469806976
9.139999999999722,-0.7514871751101991,-7.511133406473076e-17,0.36152383469806976
9.141999999999722,-0.7514871751101991,-7.706289797520467e-17,0.36152383469806976
9.143999999999723,-0.7514871751101991,-9.766273925242925e-17,0.36152383469806976
9.145999999999724,-0.7514871751101991,-8.291758970662639e-17,0.36152383469806976
9.147999999999724,-0.7514871751101991,-7.684605754070757e-17,0.36152383469806976
9.149999999999725,-0.7514871751101991,-8.898912187254522e-17,0.36152383469806976
9.151999999999726,-0.7514871751101991,-1.106731653222553e-16,0.36152383469806976
9.153999999999726,-0.7514871751101991,-1.0546899489432488e-16,0.36152383469806976
9.155999999999727,-0.7514871751101991,-8.248390883763219e-17,0.36152383469806976
9.157999999999728,-0.7514871751101991,-6.925664233330903e-17,0.36152383469806976
9.159999999999728,-0.7514871751101991,-7.467765319573656e-17,0.36152383469806976
9.161999999999729,-0.7514871751101991,-9.961430316290316e-17,0.36152383469806976
9.16399999999973,-0.7514871751101991,-4.2368428455668525e-17,0.36152383469806976
9.16599999999973,-0.7514871751101991,-6.687139755384093e-17,0.36152383469806976
9.167999999999731,-0.7514871751101991,-5.4511492787506175e-17,0.36152383469806976
9.169999999999732,-0.7514871751101991,-7.641237667171336e-17,0.36152383469806976
9.171999999999732,-0.7514871751101991,-8.942280274153942e-17,0.36152383469806976
9.173999999999733,-0.7514871751101991,-8.898912187254522e-17,0.36152383469806976
9.175999999999734,-0.7514871751101991,-1.0590267576331908e-16,0.36152383469806976
9.177999999999734,-0.7514871751101991,-6.990716363680034e-17,0.36152383469806976
9.179999999999735,-0.7514871751101991,-8.248390883763219e-17,0.36152383469806976
9.181999999999736,-0.7514871751101991,-5.169256713904386e-17,0.36152383469806976
9.183999999999736,-0.7514871751101991,-7.641237667171336e-17,0.36152383469806976
9.185999999999737,-0.7514871751101991,-8.335127057562059e-17,0.36152383469806976
9.187999999999738,-0.7514871751101991,-1.0373427141834808e-16,0.36152383469806976
9.189999999999738,-0.7514871751101991,-7.467765319573656e-17,0.36152383469806976
9.191999999999739,-0.7514871751101991,-9.961430316290316e-17,0.36152383469806976
9.19399999999974,-0.7514871751101991,-7.532817449922786e-17,0.36152383469806976
9.19599999999974,-0.7514871751101991,-9.853010099041765e-17,0.36152383469806976
9.197999999999741,-0.7514871751101991,-8.226706840313509e-17,0.36152383469806976
9.199999999999742,-0.7514871751101991,-7.446081276123946e-17,0.36152383469806976
9.201999999999742,-0.7514871751101991,-9.983114359740026e-17,0.36152383469806976
9.203999999999743,-0.7514871751101991,-6.990716363680034e-17,0.36152383469806976
9.205999999999744,-0.7514871751101991,-8.248390883763219e-17,0.36152383469806976
9.207999999999744,-0.7514871751101991,-7.641237667171336e-17,0.36152383469806976
9.209999999999745,-0.7514871751101991,-9.983114359740026e-17,0.36152383469806976
9.211999999999746,-0.7514871751101991,-7.641237667171336e-17,0.36152383469806976
9.213999999999746,-0.7514871751101991,-9.853010099041765e-17,0.36152383469806976
9.215999999999747,-0.7514871751101991,-7.706289797520467e-17,0.36152383469806976
9.217999999999748,-0.7514871751101991,-8.248390883763219e-17,0.36152383469806976
9.219999999999748,-0.7514871751101991,-5.082520540105546e-17,0.36152383469806976
9.221999999999749,-0.7514871751101991,-7.424397232674236e-17,0.36152383469806976
9.22399999999975,-0.7514871751101991,-4.9957843663067056e-17,0.36152383469806976
9.22599999999975,-0.7514871751101991,-7.706289797520467e-17,0.36152383469806976
9.227999999999751,-0.7514871751101991,-1.0308375011485677e-16,0.36152383469806976
9.229999999999752,-0.7514871751101991,-7.467765319573656e-17,0.36152383469806976
9.231999999999752,-0.7514871751101991,-1.0590267576331908e-16,0.36152383469806976
9.233999999999753,-0.7514871751101991,-5.342729061502067e-17,0.36152383469806976
9.235999999999754,-0.7514871751101991,-1.098058035842669e-16,0.36152383469806976
9.237999999999754,-0.7514871751101991,-1.0330059054935387e-16,0.36152383469806976
9.239999999999755,-0.7514871751101991,-6.925664233330903e-17,0.36152383469806976
9.241999999999756,-0.7514871751101991,-6.687139755384093e-17,0.36152383469806976
9.243999999999756,-0.7514871751101991,-9.245856882449883e-17,0.36152383469806976
9.245999999999757,-0.7514871751101991,-8.226706840313509e-17,0.36152383469806976
9.247999999999758,-0.7514871751101991,-7.858078101668437e-17,0.36152383469806976
9.249999999999758,-0.7514871751101991,-9.722905838343505e-17,0.36152383469806976
9.251999999999759,-0.7514871751101991,-1.2238254878509875e-16,0.36152383469806976
9.25399999999976,-0.7514871751101991,-2.133490630944974e-17,0.36152383469806976
9.25599999999976,-0.7514871751101991,-9.701221794893795e-17,0.36152383469806976
9.257999999999761,-0.7514871751101991,-7.684605754070757e-17,0.36152383469806976
9.259999999999762,-0.7514871751101991,-1.0026482446639446e-16,0.36152383469806976
9.261999999999762,-0.7514871751101991,-4.865680105608445e-17,0.36152383469806976
9.263999999999763,-0.7514871751101991,-7.446081276123946e-17,0.36152383469806976
9.265999999999764,-0.7514871751101991,-7.641237667171336e-17,0.36152383469806976
9.267999999999764,-0.7514871751101991,-9.961430316290316e-17,0.36152383469806976
9.269999999999765,-0.7514871751101991,-7.467765319573656e-17,0.36152383469806976
9.271999999999766,-0.7514871751101991,-8.898912187254522e-17,0.36152383469806976
9.273999999999766,-0.7514871751101991,-8.898912187254522e-17,0.36152383469806976
9.275999999999767,-0.7514871751101991,-1.0026482446639446e-16,0.36152383469806976
9.277999999999768,-0.7514871751101991,-7.706289797520467e-17,0.36152383469806976
9.279999999999768,-0.7514871751101991,-7.684605754070757e-17,0.36152383469806976
9.281999999999769,-0.7514871751101991,-8.37849514446148e-17,0.36152383469806976
9.28399999999977,-0.7514871751101991,-1.0503531402533068e-16,0.36152383469806976
9.28599999999977,-0.7514871751101991,-9.939746272840606e-17,0.36152383469806976
9.287999999999771,-0.7514871751101991,-5.94988227809395e-17,0.36152383469806976
9.289999999999772,-0.7514871751101991,-5.125888627004966e-17,0.36152383469806976
9.291999999999772,-0.7514871751101991,-7.424397232674236e-17,0.36152383469806976
9.293999999999773,-0.7514871751101991,-1.2715303834403497e-16,0.36152383469806976
9.295999999999774,-0.7514871751101991,-7.446081276123946e-17,0.36152383469806976
9.297999999999774,-0.7514871751101991,-7.467765319573656e-17,0.36152383469806976
9.299999999999775,-0.7514871751101991,-7.381029145774815e-17,0.36152383469806976
9.301999999999776,-0.7514871751101991,-7.532817449922786e-17,0.36152383469806976
9.303999999999776,-0.7514871751101991,-8.248390883763219e-17,0.36152383469806976
9.305999999999777,-0.7514871751101991,-5.125888627004966e-17,0.36152383469806976
9.307999999999778,-0.7514871751101991,-7.619553623721626e-17,0.36152383469806976
9.309999999999778,-0.7514871751101991,-7.641237667171336e-17,0.36152383469806976
9.31199999999978,-0.7514871751101991,-8.335127057562059e-17,0.36152383469806976
9.31399999999978,-0.7514871751101991,-1.0633635663231329e-16,0.36152383469806976
9.31599999999978,-0.7514871751101991,-5.299360974602647e-17,0.36152383469806976
9.317999999999781,-0.7514871751101991,-1.093721227152727e-16,0.36152383469806976
9.319999999999782,-0.7514871751101991,-9.787957968692635e-17,0.36152383469806976
9.321999999999782,-0.7514871751101991,-9.983114359740026e-17,0.36152383469806976
9.323999999999783,-0.7514871751101991,-1.115405270602437e-16,0.36152383469806976
9.325999999999784,-0.7514871751101991,-7.381029145774815e-17,0.36152383469806976
9.327999999999784,-0.7514871751101991,-5.364413104951777e-17,0.36152383469806976
9.329999999999785,-0.7514871751101991,-7.684605754070757e-17,0.36152383469806976
9.331999999999786,-0.7514871751101991,-8.291758970662639e-17,0.36152383469806976
9.333999999999786,-0.7514871751101991,-6.925664233330903e-17,0.36152383469806976
9.335999999999787,-0.7514871751101991,-6.12335462569163e-17,0.36152383469806976
9.337999999999788,-0.7514871751101991,-8.291758970662639e-17,0.36152383469806976
9.339999999999788,-0.7514871751101991,-7.641237667171336e-17,0.36152383469806976
9.34199999999979,-0.7514871751101991,-9.983114359740026e-17,0.36152383469806976
9.34399999999979,-0.7514871751101991,-7.684605754070757e-17,0.36152383469806976
9.34599999999979,-0.7514871751101991,-9.809642012142345e-17,0.36152383469806976
9.347999999999791,-0.7514871751101991,-9.983114359740026e-17,0.36152383469806976
9.349999999999792,-0.7514871751101991,-8.335127057562059e-17,0.36152383469806976
9.351999999999792,-0.7514871751101991,-7.684605754070757e-17,0.36152383469806976
9.353999999999793,-0.7514871751101991,-9.375961143148144e-17,0.36152383469806976
9.355999999999794,-0.7514871751101991,-4.410315193164533e-17,0.36152383469806976
9.357999999999794,-0.7514871751101991,-9.983114359740026e-17,0.36152383469806976
9.359999999999795,-0.7514871751101991,-8.248390883763219e-17,0.36152383469806976
9.361999999999796,-0.7514871751101991,-5.299360974602647e-17,0.36152383469806976
9.363999999999796,-0.7514871751101991,-7.641237667171336e-17,0.36152383469806976
9.365999999999797,-0.7514871751101991,-1.1631101661917993e-16,0.36152383469806976
9.367999999999798,-0.7514871751101991,-9.983114359740026e-17,0.36152383469806976
9.369999999999798,-0.7514871751101991,-7.641237667171336e-17,0.36152383469806976
9.3719999999998,-0.7514871751101991,-7.446081276123946e-17,0.36152383469806976
9.3739999999998,-0.7514871751101991,-7.641237667171336e-17,0.36152383469806976
9.3759999999998,-0.7514871751101991,-1.0720371837030169e-16,0.36152383469806976
9.377999999999801,-0.7514871751101991,-7.619553623721626e-17,0.36152383469806976
9.379999999999802,-0.7514871751101991,-8.291758970662639e-17,0.36152383469806976
9.381999999999802,-0.7514871751101991,-5.364413104951777e-17,0.36152383469806976
9.383999999999803,-0.7514871751101991,-6.947348276780614e-17,0.36152383469806976
9.385999999999804,-0.7514871751101991,-8.226706840313509e-17,0.36152383469806976
9.387999999999805,-0.7514871751101991,-7.381029145774815e-17,0.36152383469806976
9.389999999999805,-0.7514871751101991,-6.687139755384093e-17,0.36152383469806976
9.391999999999806,-0.7514871751101991,-6.990716363680034e-17,0.36152383469806976
9.393999999999807,-0.7514871751101991,-1.0546899489432488e-16,0.36152383469806976
9.395999999999807,-0.7514871751101991,-1.098058035842669e-16,0.36152383469806976
9.397999999999808,-0.7514871751101991,-7.619553623721626e-17,0.36152383469806976
9.399999999999809,-0.7514871751101991,-1.0720371837030169e-16,0.36152383469806976
9.40199999999981,-0.7514871751101991,-7.684605754070757e-17,0.36152383469806976
9.40399999999981,-0.7514871751101991,-9.961430316290316e-17,0.36152383469806976
9.40599999999981,-0.7514871751101991,-5.125888627004966e-17,0.36152383469806976
9.407999999999811,-0.7514871751101991,-7.684605754070757e-17,0.36152383469806976
9.409999999999812,-0.7514871751101991,-7.381029145774815e-17,0.36152383469806976
9.411999999999813,-0.7514871751101991,-7.706289797520467e-17,0.36152383469806976
9.413999999999813,-0.7514871751101991,-1.2281622965409295e-16,0.36152383469806976
9.415999999999814,-0.7514871751101991,-8.291758970662639e-17,0.36152383469806976
9.417999999999815,-0.7514871751101991,-5.169256713904386e-17,0.36152383469806976
9.419999999999815,-0.7514871751101991,-5.082520540105546e-17,0.36152383469806976
9.421999999999816,-0.7514871751101991,-7.684605754070757e-17,0.36152383469806976
9.423999999999817,-0.7514871751101991,-9.722905838343505e-17,0.36152383469806976
9.425999999999817,-0.7514871751101991,-8.226706840313509e-17,0.36152383469806976
9.427999999999818,-0.7514871751101991,-6.752191885733223e-17,0.36152383469806976
9.429999999999819,-0.7514871751101991,-9.766273925242925e-17,0.36152383469806976
9.43199999999982,-0.7514871751101991,-7.619553623721626e-17,0.36152383469806976
9.43399999999982,-0.7514871751101991,-1.0546899489432488e-16,0.36152383469806976
9.43599999999982,-0.7514871751101991,-7.771341927869597e-17,0.36152383469806976
9.437999999999821,-0.7514871751101991,-7.619553623721626e-17,0.36152383469806976
9.439999999999822,-0.7514871751101991,-7.619553623721626e-17,0.36152383469806976
9.441999999999823,-0.7514871751101991,-1.0720371837030169e-16,0.36152383469806976
9.443999999999823,-0.7514871751101991,-8.226706840313509e-17,0.36152383469806976
9.445999999999824,-0.7514871751101991,-6.752191885733223e-17,0.36152383469806976
9.447999999999825,-0.7514871751101991,-9.267540925899593e-17,0.36152383469806976
9.449999999999825,-0.7514871751101991,-7.684605754070757e-17,0.36152383469806976
9.451999999999826,-0.7514871751101991,-9.809642012142345e-17,0.36152383469806976
9.453999999999827,-0.7514871751101991,-4.345263062815403e-17,0.36152383469806976
9.455999999999827,-0.7514871751101991,-6.687139755384093e-17,0.36152383469806976
9.457999999999828,-0.7514871751101991,-7.446081276123946e-17,0.36152383469806976
9.459999999999829,-0.7514871751101991,-9.961430316290316e-17,0.36152383469806976
9.46199999999983,-0.7514871751101991,-7.120820624378294e-17,0.36152383469806976
9.46399999999983,-0.7514871751101991,-1.0113218620438287e-16,0.36152383469806976
9.46599999999983,-0.7514871751101991,-8.226706840313509e-17,0.36152383469806976
9.467999999999831,-0.7514871751101991,-5.125888627004966e-17,0.36152383469806976
9.469999999999832,-0.7514871751101991,-8.248390883763219e-17,0.36152383469806976
9.471999999999833,-0.7514871751101991,-7.164188711277714e-17,0.36152383469806976
9.473999999999833,-0.7514871751101991,-1.0481847359083358e-16,0.36152383469806976
9.475999999999834,-0.7514871751101991,-1.0026482446639446e-16,0.36152383469806976
9.477999999999835,-0.7514871751101991,-8.855544100355101e-17,0.36152383469806976
9.479999999999835,-0.7514871751101991,-7.988182362366698e-17,0.36152383469806976
9.481999999999836,-0.7514871751101991,-6.643771668484672e-17,0.36152383469806976
9.483999999999837,-0.7514871751101991,-6.925664233330903e-17,0.36152383469806976
9.485999999999837,-0.7514871751101991,-6.817244016082353e-17,0.36152383469806976
9.487999999999838,-0.7514871751101991,-6.990716363680034e-17,0.36152383469806976
9.489999999999839,-0.7514871751101991,-8.226706840313509e-17,0.36152383469806976
9.49199999999984,-0.7514871751101991,-7.446081276123946e-17,0.36152383469806976
9.49399999999984,-0.7514871751101991,-8.855544100355101e-17,0.36152383469806976
9.49599999999984,-0.7514871751101991,-7.771341927869597e-17,0.36152383469806976
9.497999999999841,-0.7514871751101991,-1.0633635663231329e-16,0.36152383469806976
9.499999999999842,-0.7514871751101991,-5.125888627004966e-17,0.36152383469806976
9.501999999999843,-0.7514871751101991,-7.446081276123946e-17,0.36152383469806976
9.503999999999843,-0.7514871751101991,-1.0373427141834808e-16,0.36152383469806976
9.505999999999844,-0.7514871751101991,-7.619553623721626e-17,0.36152383469806976
9.507999999999845,-0.7514871751101991,-9.787957968692635e-17,0.36152383469806976
9.509999999999845,-0.7514871751101991,-8.291758970662639e-17,0.36152383469806976
9.511999999999846,-0.7514871751101991,-7.467765319573656e-17,0.36152383469806976
9.513999999999847,-0.7514871751101991,-7.684605754070757e-17,0.36152383469806976
9.515999999999847,-0.7514871751101991,-8.855544100355101e-17,0.36152383469806976
9.517999999999848,-0.7514871751101991,-8.335127057562059e-17,0.36152383469806976
9.519999999999849,-0.7514871751101991,-8.812176013455681e-17,0.36152383469806976
9.52199999999985,-0.7514871751101991,-4.5187354104130836e-17,0.36152383469806976
9.52399999999985,-0.7514871751101991,-7.641237667171336e-17,0.36152383469806976
9.52599999999985,-0.7514871751101991,-1.0416795228734228e-16,0.36152383469806976
9.527999999999851,-0.7514871751101991,-1.0373427141834808e-16,0.36152383469806976
9.529999999999852,-0.7514871751101991,-7.446081276123946e-17,0.36152383469806976
9.531999999999853,-0.7514871751101991,-8.37849514446148e-17,0.36152383469806976
9.533999999999853,-0.7514871751101991,-1.0026482446639446e-16,0.36152383469806976
9.535999999999854,-0.7514871751101991,-7.424397232674236e-17,0.36152383469806976
9.537999999999855,-0.7514871751101991,-7.706289797520467e-17,0.36152383469806976
9.539999999999855,-0.7514871751101991,-7.597869580271916e-17,0.36152383469806976
9.541999999999856,-0.7514871751101991,-7.424397232674236e-17,0.36152383469806976
9.543999999999857,-0.7514871751101991,-1.0590267576331908e-16,0.36152383469806976
9.545999999999857,-0.7514871751101991,-6.817244016082353e-17,0.36152383469806976
9.547999999999858,-0.7514871751101991,-4.5187354104130836e-17,0.36152383469806976
9.549999999999859,-0.7514871751101991,-7.706289797520467e-17,0.36152383469806976
9.55199999999986,-0.7514871751101991,-9.592801577645244e-17,0.36152383469806976
9.55399999999986,-0.7514871751101991,-7.706289797520467e-17,0.36152383469806976
9.55599999999986,-0.7514871751101991,-9.592801577645244e-17,0.36152383469806976
9.557999999999861,-0.7514871751101991,-1.0156586707337707e-16,0.36152383469806976
9.559999999999862,-0.7514871751101991,-9.766273925242925e-17,0.36152383469806976
9.561999999999863,-0.7514871751101991,-7.727973840970177e-17,0.36152383469806976
9.563999999999863,-0.7514871751101991,-8.074918536165538e-17,0.36152383469806976
9.565999999999864,-0.7514871751101991,-6.925664233330903e-17,0.36152383469806976
9.567999999999865,-0.7514871751101991,-6.687139755384093e-17,0.36152383469806976
9.569999999999865,-0.7514871751101991,-6.925664233330903e-17,0.36152383469806976
9.571999999999866,-0.7514871751101991,-9.853010099041765e-17,0.36152383469806976
9.573999999999867,-0.7514871751101991,-6.687139755384093e-17,0.36152383469806976
9.575999999999867,-0.7514871751101991,-5.4294652353009074e-17,0.36152383469806976
9.577999999999868,-0.7514871751101991,-9.853010099041765e-17,0.36152383469806976
9.579999999999869,-0.7514871751101991,-1.1327525053622051e-16,0.36152383469806976
9.58199999999987,-0.7514871751101991,-6.925664233330903e-17,0.36152383469806976
9.58399999999987,-0.7514871751101991,-9.853010099041765e-17,0.36152383469806976
9.58599999999987,-0.7514871751101991,-6.643771668484672e-17,0.36152383469806976
9.587999999999871,-0.7514871751101991,-6.730507842283513e-17,0.36152383469806976
9.589999999999872,-0.7514871751101991,-7.446081276123946e-17,0.36152383469806976
9.591999999999873,-0.7514871751101991,-7.619553623721626e-17,0.36152383469806976
9.593999999999873,-0.7514871751101991,-8.855544100355101e-17,0.36152383469806976
9.595999999999874,-0.7514871751101991,-8.855544100355101e-17,0.36152383469806976
9.597999999999875,-0.7514871751101991,-8.855544100355101e-17,0.36152383469806976
9.599999999999875,-0.7514871751101991,-8.248390883763219e-17,0.36152383469806976
9.601999999999876,-0.7514871751101991,-7.424397232674236e-17,0.36152383469806976
9.603999999999877,-0.7514871751101991,-1.0633635663231329e-16,0.36152383469806976
9.605999999999877,-0.7514871751101991,-6.687139755384093e-17,0.36152383469806976
9.607999999999878,-0.7514871751101991,-6.925664233330903e-17,0.36152383469806976
9.609999999999879,-0.7514871751101991,-6.860612102981773e-17,0.36152383469806976
9.61199999999988,-0.7514871751101991,-6.730507842283513e-17,0.36152383469806976
9.61399999999988,-0.7514871751101991,-5.386097148401487e-17,0.36152383469806976
9.61599999999988,-0.7514871751101991,-9.506065403846404e-17,0.36152383469806976
9.617999999999881,-0.7514871751101991,-7.207556798177135e-17,0.36152383469806976
9.619999999999882,-0.7514871751101991,-6.752191885733223e-17,0.36152383469806976
9.621999999999883,-0.7514871751101991,-1.0460163315633648e-16,0.36152383469806976
9.623999999999883,-0.7514871751101991,-8.898912187254522e-17,0.36152383469806976
9.625999999999884,-0.7514871751101991,-1.0416795228734228e-16,0.36152383469806976
9.627999999999885,-0.7514871751101991,-1.0742055880479879e-16,0.36152383469806976
9.629999999999885,-0.7514871751101991,-7.120820624378294e-17,0.36152383469806976
9.631999999999886,-0.7514871751101991,-1.0069850533538866e-16,0.36152383469806976
9.633999999999887,-0.7514871751101991,-9.853010099041765e-17,0.36152383469806976
9.635999999999887,-0.7514871751101991,-7.684605754070757e-17,0.36152383469806976
9.637999999999888,-0.7514871751101991,-7.619553623721626e-17,0.36152383469806976
9.639999999999889,-0.7514871751101991,-8.291758970662639e-17,0.36152383469806976
9.64199999999989,-0.7514871751101991,-5.342729061502067e-17,0.36152383469806976
9.64399999999989,-0.7514871751101991,-9.722905838343505e-17,0.36152383469806976
9.64599999999989,-0.7514871751101991,-9.939746272840606e-17,0.36152383469806976
9.647999999999891,-0.7514871751101991,-8.291758970662639e-17,0.36152383469806976
9.649999999999892,-0.7514871751101991,-5.169256713904386e-17,0.36152383469806976
9.651999999999893,-0.7514871751101991,-5.082520540105546e-17,0.36152383469806976
9.653999999999893,-0.7514871751101991,-7.684605754070757e-17,0.36152383469806976
9.655999999999894,-0.7514871751101991,-9.853010099041765e-17,0.36152383469806976
9.657999999999895,-0.7514871751101991,-7.727973840970177e-17,0.36152383469806976
9.659999999999895,-0.7514871751101991,-1.0546899489432488e-16,0.36152383469806976
9.661999999999896,-0.7514871751101991,-9.722905838343505e-17,0.36152383469806976
9.663999999999897,-0.7514871751101991,-5.4511492787506175e-17,0.36152383469806976
9.665999999999897,-0.7514871751101991,-7.424397232674236e-17,0.36152383469806976
9.667999999999898,-0.7514871751101991,-7.467765319573656e-17,0.36152383469806976
9.669999999999899,-0.7514871751101991,-7.641237667171336e-17,0.36152383469806976
9.6719999999999,-0.7514871751101991,-8.139970666514668e-17,0.36152383469806976
9.6739999999999,-0.7514871751101991,-7.511133406473076e-17,0.36152383469806976
9.6759999999999,-0.7514871751101991,-9.809642012142345e-17,0.36152383469806976
9.677999999999901,-0.7514871751101991,-8.855544100355101e-17,0.36152383469806976
9.679999999999902,-0.7514871751101991,-8.248390883763219e-17,0.36152383469806976
9.681999999999903,-0.7514871751101991,-7.446081276123946e-17,0.36152383469806976
9.683999999999903,-0.7514871751101991,-9.896378185941186e-17,0.36152383469806976
9.685999999999904,-0.7514871751101991,-5.97156632154366e-17,0.36152383469806976
9.687999999999905,-0.7514871751101991,-7.164188711277714e-17,0.36152383469806976
9.689999999999905,-0.7514871751101991,-1.0677003750130749e-16,0.36152383469806976
9.691999999999906,-0.7514871751101991,-1.0330059054935387e-16,0.36152383469806976
9.693999999999907,-0.7514871751101991,-6.990716363680034e-17,0.36152383469806976
9.695999999999907,-0.7514871751101991,-7.706289797520467e-17,0.36152383469806976
9.697999999999908,-0.7514871751101991,-7.619553623721626e-17,0.36152383469806976
9.699999999999909,-0.7514871751101991,-8.291758970662639e-17,0.36152383469806976
9.70199999999991,-0.7514871751101991,-6.947348276780614e-17,0.36152383469806976
9.70399999999991,-0.7514871751101991,-4.301894975915983e-17,0.36152383469806976
9.70599999999991,-0.7514871751101991,-1.115405270602437e-16,0.36152383469806976
9.707999999999911,-0.7514871751101991,-6.903980189881193e-17,0.36152383469806976
9.709999999999912,-0.7514871751101991,-7.511133406473076e-17,0.36152383469806976
9.711999999999913,-0.7514871751101991,-7.467765319573656e-17,0.36152383469806976
9.713999999999913,-0.7514871751101991,-9.939746272840606e-17,0.36152383469806976
9.715999999999914,-0.7514871751101991,-5.99325036499337e-17,0.36152383469806976
9.717999999999915,-0.7514871751101991,-7.684605754070757e-17,0.36152383469806976
9.719999999999915,-0.7514871751101991,-8.118286623064958e-17,0.36152383469806976
9.721999999999916,-0.7514871751101991,-6.925664233330903e-17,0.36152383469806976
9.723999999999917,-0.7514871751101991,-6.687139755384093e-17,0.36152383469806976
9.725999999999917,-0.7514871751101991,-9.289224969349303e-17,0.36152383469806976
9.727999999999918,-0.7514871751101991,-8.291758970662639e-17,0.36152383469806976
9.729999999999919,-0.7514871751101991,-4.865680105608445e-17,0.36152383469806976
9.73199999999992,-0.7514871751101991,-7.727973840970177e-17,0.36152383469806976
9.73399999999992,-0.7514871751101991,-1.0590267576331908e-16,0.36152383469806976
9.73599999999992,-0.7514871751101991,-5.125888627004966e-17,0.36152383469806976
9.737999999999921,-0.7514871751101991,-9.961430316290316e-17,0.36152383469806976
9.739999999999922,-0.7514871751101991,-7.684605754070757e-17,0.36152383469806976
9.741999999999923,-0.7514871751101991,-1.0373427141834808e-16,0.36152383469806976
9.743999999999923,-0.7514871751101991,-9.289224969349303e-17,0.36152383469806976
9.745999999999924,-0.7514871751101991,-9.896378185941186e-17,0.36152383469806976
9.747999999999925,-0.7514871751101991,-7.424397232674236e-17,0.36152383469806976
9.749999999999925,-0.7514871751101991,-1.330077300754567e-16,0.36152383469806976
9.751999999999926,-0.7514871751101991,-7.381029145774815e-17,0.36152383469806976
9.753999999999927,-0.7514871751101991,-7.727973840970177e-17,0.36152383469806976
9.755999999999927,-0.7514871751101991,-9.766273925242925e-17,0.36152383469806976
9.757999999999928,-0.7514871751101991,-8.291758970662639e-17,0.36152383469806976
9.759999999999929,-0.7514871751101991,-5.299360974602647e-17,0.36152383469806976
9.76199999999993,-0.7514871751101991,-7.706289797520467e-17,0.36152383469806976
9.76399999999993,-0.7514871751101991,-1.1717837835716833e-16,0.36152383469806976
9.76599999999993,-0.7514871751101991,-4.2151588021171424e-17,0.36152383469806976
9.767999999999931,-0.7514871751101991,-6.687139755384093e-17,0.36152383469806976
9.769999999999932,-0.7514871751101991,-5.1909407573540964e-17,0.36152383469806976
9.771999999999933,-0.7514871751101991,-1.0546899489432488e-16,0.36152383469806976
9.773999999999933,-0.7514871751101991,-1.0373427141834808e-16,0.36152383469806976
9.775999999999934,-0.7514871751101991,-7.424397232674236e-17,0.36152383469806976
9.777999999999935,-0.7514871751101991,-7.706289797520467e-17,0.36152383469806976
9.779999999999935,-0.7514871751101991,-1.0546899489432488e-16,0.36152383469806976
9.781999999999936,-0.7514871751101991,-7.619553623721626e-17,0.36152383469806976
9.783999999999937,-0.7514871751101991,-1.3018880442699438e-16,0.36152383469806976
9.785999999999937,-0.7514871751101991,-4.2585268890165626e-17,0.36152383469806976
9.787999999999938,-0.7514871751101991,-7.381029145774815e-17,0.36152383469806976
9.789999999999939,-0.7514871751101991,-7.424397232674236e-17,0.36152383469806976
9.79199999999994,-0.7514871751101991,-4.9307322359575753e-17,0.36152383469806976
9.79399999999994,-0.7514871751101991,-5.364413104951777e-17,0.36152383469806976
9.79599999999994,-0.7514871751101991,-8.291758970662639e-17,0.36152383469806976
9.797999999999941,-0.7514871751101991,-8.812176013455681e-17,0.36152383469806976
9.799999999999942,-0.7514871751101991,-4.2585268890165626e-17,0.36152383469806976
9.801999999999943,-0.7514871751101991,-5.082520540105546e-17,0.36152383469806976
9.803999999999943,-0.7514871751101991,-9.961430316290316e-17,0.36152383469806976
9.805999999999944,-0.7514871751101991,-1.2715303834403497e-16,0.36152383469806976
9.807999999999945,-0.7514871751101991,-7.641237667171336e-17,0.36152383469806976
9.809999999999945,-0.7514871751101991,-1.0308375011485677e-16,0.36152383469806976
9.811999999999946,-0.7514871751101991,-7.554501493372496e-17,0.36152383469806976
9.813999999999947,-0.7514871751101991,-9.939746272840606e-17,0.36152383469806976
9.815999999999947,-0.7514871751101991,-7.381029145774815e-17,0.36152383469806976
9.817999999999948,-0.7514871751101991,-7.532817449922786e-17,0.36152383469806976
9.819999999999949,-0.7514871751101991,-1.0546899489432488e-16,0.36152383469806976
9.82199999999995,-0.7514871751101991,-9.896378185941186e-17,0.36152383469806976
9.82399999999995,-0.7514871751101991,-5.4511492787506175e-17,0.36152383469806976
9.82599999999995,-0.7514871751101991,-7.446081276123946e-17,0.36152383469806976
9.827999999999951,-0.7514871751101991,-9.939746272840606e-17,0.36152383469806976
9.829999999999952,-0.7514871751101991,-7.034084450579454e-17,0.36152383469806976
9.831999999999953,-0.7514871751101991,-8.898912187254522e-17,0.36152383469806976
9.833999999999953,-0.7514871751101991,-8.37849514446148e-17,0.36152383469806976
9.835999999999954,-0.7514871751101991,-1.115405270602437e-16,0.36152383469806976
9.837999999999955,-0.7514871751101991,-6.903980189881193e-17,0.36152383469806976
9.839999999999955,-0.7514871751101991,-7.446081276123946e-17,0.36152383469806976
9.841999999999956,-0.7514871751101991,-7.467765319573656e-17,0.36152383469806976
9.843999999999957,-0.7514871751101991,-8.37849514446148e-17,0.36152383469806976
9.845999999999957,-0.7514871751101991,-8.812176013455681e-17,0.36152383469806976
9.847999999999958,-0.7514871751101991,-6.817244016082353e-17,0.36152383469806976
9.849999999999959,-0.7514871751101991,-6.752191885733223e-17,0.36152383469806976
9.85199999999996,-0.7514871751101991,-9.853010099041765e-17,0.36152383469806976
9.85399999999996,-0.7514871751101991,-6.07998653879221e-17,0.36152383469806976
9.85599999999996,-0.7514871751101991,-8.898912187254522e-17,0.36152383469806976
9.857999999999961,-0.7514871751101991,-8.053234492715828e-17,0.36152383469806976
9.859999999999962,-0.7514871751101991,-6.687139755384093e-17,0.36152383469806976
9.861999999999963,-0.7514871751101991,-7.034084450579454e-17,0.36152383469806976
9.863999999999963,-0.7514871751101991,-1.0633635663231329e-16,0.36152383469806976
9.865999999999964,-0.7514871751101991,-5.299360974602647e-17,0.36152383469806976
9.867999999999965,-0.7514871751101991,-1.0416795228734228e-16,0.36152383469806976
9.869999999999965,-0.7514871751101991,-1.089384418462785e-16,0.36152383469806976
9.871999999999966,-0.7514871751101991,-7.684605754070757e-17,0.36152383469806976
9.873999999999967,-0.7514871751101991,-7.988182362366698e-17,0.36152383469806976
9.875999999999967,-0.7514871751101991,-6.16672271259105e-17,0.36152383469806976
9.877999999999968,-0.7514871751101991,-7.771341927869597e-17,0.36152383469806976
9.879999999999969,-0.7514871751101991,-8.291758970662639e-17,0.36152383469806976
9.88199999999997,-0.7514871751101991,-7.554501493372496e-17,0.36152383469806976
9.88399999999997,-0.7514871751101991,-7.727973840970177e-17,0.36152383469806976
9.88599999999997,-0.7514871751101991,-9.614485621094954e-17,0.36152383469806976
9.887999999999971,-0.7514871751101991,-8.335127057562059e-17,0.36152383469806976
9.889999999999972,-0.7514871751101991,-9.853010099041765e-17,0.36152383469806976
9.891999999999973,-0.7514871751101991,-4.5187354104130836e-17,0.36152383469806976
9.893999999999973,-0.7514871751101991,-8.291758970662639e-17,0.36152383469806976
9.895999999999974,-0.7514871751101991,-7.532817449922786e-17,0.36152383469806976
9.897999999999975,-0.7514871751101991,-8.161654709964379e-17,0.36152383469806976
9.899999999999975,-0.7514871751101991,-6.860612102981773e-17,0.36152383469806976
9.901999999999976,-0.7514871751101991,-7.424397232674236e-17,0.36152383469806976
9.903999999999977,-0.7514871751101991,-7.706289797520467e-17,0.36152383469806976
9.905999999999977,-0.7514871751101991,-1.0546899489432488e-16,0.36152383469806976
9.907999999999978,-0.7514871751101991,-9.874694142491476e-17,0.36152383469806976
9.909999999999979,-0.7514871751101991,-5.4294652353009074e-17,0.36152383469806976
9.91199999999998,-0.7514871751101991,-5.4294652353009074e-17,0.36152383469806976
9.91399999999998,-0.7514871751101991,-7.901446188567857e-17,0.36152383469806976
9.91599999999998,-0.7514871751101991,-9.809642012142345e-17,0.36152383469806976
9.917999999999981,-0.7514871751101991,-1.2455095313006976e-16,0.36152383469806976
9.919999999999982,-0.7514871751101991,-8.812176013455681e-17,0.36152383469806976
9.921999999999983,-0.7514871751101991,-4.562103497312504e-17,0.36152383469806976
9.923999999999984,-0.7514871751101991,-9.766273925242925e-17,0.36152383469806976
9.925999999999984,-0.7514871751101991,-8.248390883763219e-17,0.36152383469806976
9.927999999999985,-0.7514871751101991,-5.342729061502067e-17,0.36152383469806976
9.929999999999986,-0.7514871751101991,-1.0460163315633648e-16,0.36152383469806976
9.931999999999986,-0.7514871751101991,-1.0742055880479879e-16,0.36152383469806976
9.933999999999987,-0.7514871751101991,-4.778943931809605e-17,0.36152383469806976
9.935999999999988,-0.7514871751101991,-1.0026482446639446e-16,0.36152383469806976
9.937999999999988,-0.7514871751101991,-1.119742079292379e-16,0.36152383469806976
9.939999999999989,-0.7514871751101991,-6.925664233330903e-17,0.36152383469806976
9.94199999999999,-0.7514871751101991,-9.267540925899593e-17,0.36152383469806976
9.94399999999999,-0.7514871751101991,-7.446081276123946e-17,0.36152383469806976
9.94599999999999,-0.7514871751101991,-7.467765319573656e-17,0.36152383469806976
9.947999999999992,-0.7514871751101991,-5.386097148401487e-17,0.36152383469806976
9.949999999999992,-0.7514871751101991,-7.424397232674236e-17,0.36152383469806976
9.951999999999993,-0.7514871751101991,-7.641237667171336e-17,0.36152383469806976
9.953999999999994,-0.7514871751101991,-9.983114359740026e-17,0.36152383469806976
9.955999999999994,-0.7514871751101991,-7.381029145774815e-17,0.36152383469806976
9.957999999999995,-0.7514871751101991,-7.706289797520467e-17,0.36152383469806976
9.959999999999996,-0.7514871751101991,-9.549433490745824e-17,0.36152383469806976
9.961999999999996,-0.7514871751101991,-7.641237667171336e-17,0.36152383469806976
9.963999999999997,-0.7514871751101991,-1.0026482446639446e-16,0.36152383469806976
9.965999999999998,-0.7514871751101991,-5.125888627004966e-17,0.36152383469806976
9.967999999999998,-0.7514871751101991,-7.424397232674236e-17,0.36152383469806976
9.969999999999999,-0.7514871751101991,-1.2715303834403497e-16,0.36152383469806976
9.972,-0.7514871751101991,-7.467765319573656e-17,0.36152383469806976
9.974,-0.7514871751101991,-9.787957968692635e-17,0.36152383469806976
9.976,-0.7514871751101991,-9.419329230047564e-17,0.36152383469806976
9.978000000000002,-0.7514871751101991,-6.513667407786412e-17,0.36152383469806976
9.980000000000002,-0.7514871751101991,-9.939746272840606e-17,0.36152383469806976
9.982000000000003,-0.7514871751101991,-8.291758970662639e-17,0.36152383469806976
9.984000000000004,-0.7514871751101991,-5.364413104951777e-17,0.36152383469806976
9.986000000000004,-0.7514871751101991,-7.294292971975975e-17,0.36152383469806976
9.988000000000005,-0.7514871751101991,-5.125888627004966e-17,0.36152383469806976
9.990000000000006,-0.7514871751101991,-1.115405270602437e-16,0.36152383469806976
9.992000000000006,-0.7514871751101991,-7.381029145774815e-17,0.36152383469806976
9.994000000000007,-0.7514871751101991,-7.706289797520467e-17,0.36152383469806976
9.996000000000008,-0.7514871751101991,-9.809642012142345e-17,0.36152383469806976
9.998000000000008,-0.7514871751101991,-8.248390883763219e-17,0.36152383469806976
10.000000000000009,-0.7514871751101991,-7.424397232674236e-17,0.36152383469806976
10.00200000000001,-0.7514871751101991,-7.706289797520467e-17,0.36152383469806976
10.00400000000001,-0.7514871751101991,-1.1761205922616253e-16,0.36152383469806976
10.00600000000001,-0.7514871751101991,-1.111068461912495e-16,0.36152383469806976
10.008000000000012,-0.7514871751101991,-6.687139755384093e-17,0.36152383469806976
10.010000000000012,-0.7514871751101991,-7.381029145774815e-17,0.36152383469806976
10.012000000000013,-0.7514871751101991,-5.364413104951777e-17,0.36152383469806976
10.014000000000014,-0.7514871751101991,-9.267540925899593e-17,0.36152383469806976
10.016000000000014,-0.7514871751101991,-8.248390883763219e-17,0.36152383469806976
10.018000000000015,-0.7514871751101991,-7.684605754070757e-17,0.36152383469806976
10.020000000000016,-0.7514871751101991,-8.031550449266118e-17,0.36152383469806976
10.022000000000016,-0.7514871751101991,-6.687139755384093e-17,0.36152383469806976
10.024000000000017,-0.7514871751101991,-7.012400407129744e-17,0.36152383469806976
10.026000000000018,-0.7514871751101991,-7.381029145774815e-17,0.36152383469806976
10.028000000000018,-0.7514871751101991,-1.0546899489432488e-16,0.36152383469806976
10.030000000000019,-0.7514871751101991,-5.906514191194529e-17,0.36152383469806976
10.03200000000002,-0.7514871751101991,-6.03661845189279e-17,0.36152383469806976
10.03400000000002,-0.7514871751101991,-9.245856882449883e-17,0.36152383469806976
10.036000000000021,-0.7514871751101991,-8.291758970662639e-17,0.36152383469806976
10.038000000000022,-0.7514871751101991,-7.641237667171336e-17,0.36152383469806976
10.040000000000022,-0.7514871751101991,-9.961430316290316e-17,0.36152383469806976
10.042000000000023,-0.7514871751101991,-6.947348276780614e-17,0.36152383469806976
10.044000000000024,-0.7514871751101991,-4.4753673235136635e-17,0.36152383469806976
10.046000000000024,-0.7514871751101991,-1.115405270602437e-16,0.36152383469806976
10.048000000000025,-0.7514871751101991,-6.752191885733223e-17,0.36152383469806976
10.050000000000026,-0.7514871751101991,-1.0416795228734228e-16,0.36152383469806976
10.052000000000026,-0.7514871751101991,-8.248390883763219e-17,0.36152383469806976
10.054000000000027,-0.7514871751101991,-6.947348276780614e-17,0.36152383469806976
10.056000000000028,-0.7514871751101991,-7.381029145774815e-17,0.36152383469806976
10.058000000000028,-0.7514871751101991,-8.898912187254522e-17,0.36152383469806976
10.060000000000029,-0.7514871751101991,-8.226706840313509e-17,0.36152383469806976
10.06200000000003,-0.7514871751101991,-5.125888627004966e-17,0.36152383469806976
10.06400000000003,-0.7514871751101991,-7.467765319573656e-17,0.36152383469806976
10.066000000000031,-0.7514871751101991,-9.939746272840606e-17,0.36152383469806976
10.068000000000032,-0.7514871751101991,-8.291758970662639e-17,0.36152383469806976
10.070000000000032,-0.7514871751101991,-7.467765319573656e-17,0.36152383469806976
10.072000000000033,-0.7514871751101991,-1.0503531402533068e-16,0.36152383469806976
10.074000000000034,-0.7514871751101991,-1.1717837835716833e-16,0.36152383469806976
10.076000000000034,-0.7514871751101991,-4.9957843663067056e-17,0.36152383469806976
10.078000000000035,-0.7514871751101991,-6.925664233330903e-17,0.36152383469806976
10.080000000000036,-0.7514871751101991,-5.169256713904386e-17,0.36152383469806976
10.082000000000036,-0.7514871751101991,-1.119742079292379e-16,0.36152383469806976
10.084000000000037,-0.7514871751101991,-9.722905838343505e-17,0.36152383469806976
10.086000000000038,-0.7514871751101991,-5.4294652353009074e-17,0.36152383469806976
10.088000000000038,-0.7514871751101991,-7.467765319573656e-17,0.36152383469806976
10.090000000000039,-0.7514871751101991,-1.0503531402533068e-16,0.36152383469806976
10.09200000000004,-0.7514871751101991,-9.701221794893795e-17,0.36152383469806976
10.09400000000004,-0.7514871751101991,-5.4294652353009074e-17,0.36152383469806976
10.096000000000041,-0.7514871751101991,-7.619553623721626e-17,0.36152383469806976
10.098000000000042,-0.7514871751101991,-7.684605754070757e-17,0.36152383469806976
10.100000000000042,-0.7514871751101991,-9.853010099041765e-17,0.36152383469806976
10.102000000000043,-0.7514871751101991,-9.983114359740026e-17,0.36152383469806976
10.104000000000044,-0.7514871751101991,-4.2585268890165626e-17,0.36152383469806976
10.106000000000044,-0.7514871751101991,-7.381029145774815e-17,0.36152383469806976
10.108000000000045,-0.7514871751101991,-9.766273925242925e-17,0.36152383469806976
10.110000000000046,-0.7514871751101991,-1.0460163315633648e-16,0.36152383469806976
10.112000000000046,-0.7514871751101991,-1.093721227152727e-16,0.36152383469806976
10.114000000000047,-0.7514871751101991,-1.0546899489432488e-16,0.36152383469806976
10.116000000000048,-0.7514871751101991,-1.0373427141834808e-16,0.36152383469806976
10.118000000000048,-0.7514871751101991,-5.2559928877032267e-17,0.36152383469806976
10.120000000000049,-0.7514871751101991,-1.0373427141834808e-16,0.36152383469806976
10.12200000000005,-0.7514871751101991,-6.860612102981773e-17,0.36152383469806976
10.12400000000005,-0.7514871751101991,-6.687139755384093e-17,0.36152383469806976
10.126000000000051,-0.7514871751101991,-5.342729061502067e-17,0.36152383469806976
10.128000000000052,-0.7514871751101991,-4.605471584211924e-17,0.36152383469806976
10.130000000000052,-0.7514871751101991,-5.169256713904386e-17,0.36152383469806976
10.132000000000053,-0.7514871751101991,-7.164188711277714e-17,0.36152383469806976
10.134000000000054,-0.7514871751101991,-1.0503531402533068e-16,0.36152383469806976
10.136000000000054,-0.7514871751101991,-1.3062248529598859e-16,0.36152383469806976
10.138000000000055,-0.7514871751101991,-1.0373427141834808e-16,0.36152383469806976
10.140000000000056,-0.7514871751101991,-5.97156632154366e-17,0.36152383469806976
10.142000000000056,-0.7514871751101991,-5.125888627004966e-17,0.36152383469806976
10.144000000000057,-0.7514871751101991,-6.730507842283513e-17,0.36152383469806976
10.146000000000058,-0.7514871751101991,-7.532817449922786e-17,0.36152383469806976
10.148000000000058,-0.7514871751101991,-8.205022796863799e-17,0.36152383469806976
10.150000000000059,-0.7514871751101991,-7.077452537478874e-17,0.36152383469806976
10.15200000000006,-0.7514871751101991,-9.289224969349303e-17,0.36152383469806976
10.15400000000006,-0.7514871751101991,-9.701221794893795e-17,0.36152383469806976
10.156000000000061,-0.7514871751101991,-5.125888627004966e-17,0.36152383469806976
10.158000000000062,-0.7514871751101991,-7.727973840970177e-17,0.36152383469806976
10.160000000000062,-0.7514871751101991,-9.787957968692635e-17,0.36152383469806976
10.162000000000063,-0.7514871751101991,-9.809642012142345e-17,0.36152383469806976
10.164000000000064,-0.7514871751101991,-9.853010099041765e-17,0.36152383469806976
10.166000000000064,-0.7514871751101991,-4.5187354104130836e-17,0.36152383469806976
10.168000000000065,-0.7514871751101991,-7.120820624378294e-17,0.36152383469806976
10.170000000000066,-0.7514871751101991,-1.2281622965409295e-16,0.36152383469806976
10.172000000000066,-0.7514871751101991,-1.0633635663231329e-16,0.36152383469806976
10.174000000000067,-0.7514871751101991,-6.817244016082353e-17,0.36152383469806976
10.176000000000068,-0.7514871751101991,-6.860612102981773e-17,0.36152383469806976
10.178000000000068,-0.7514871751101991,-6.687139755384093e-17,0.36152383469806976
10.180000000000069,-0.7514871751101991,-6.903980189881193e-17,0.36152383469806976
10.18200000000007,-0.7514871751101991,-7.641237667171336e-17,0.36152383469806976
10.18400000000007,-0.7514871751101991,-9.983114359740026e-17,0.36152383469806976
10.186000000000071,-0.7514871751101991,-6.947348276780614e-17,0.36152383469806976
10.188000000000072,-0.7514871751101991,-1.093721227152727e-16,0.36152383469806976
10.190000000000072,-0.7514871751101991,-8.291758970662639e-17,0.36152383469806976
10.192000000000073,-0.7514871751101991,-5.364413104951777e-17,0.36152383469806976
10.194000000000074,-0.7514871751101991,-5.364413104951777e-17,0.36152383469806976
10.196000000000074,-0.7514871751101991,-9.267540925899593e-17,0.36152383469806976
10.198000000000075,-0.7514871751101991,-7.771341927869597e-17,0.36152383469806976
10.200000000000076,-0.7514871751101991,-1.0373427141834808e-16,0.36152383469806976
10.202000000000076,-0.7514871751101991,-9.332593056248723e-17,0.36152383469806976
10.204000000000077,-0.7514871751101991,-9.722905838343505e-17,0.36152383469806976
10.206000000000078,-0.7514871751101991,-4.2585268890165626e-17,0.36152383469806976
10.208000000000078,-0.7514871751101991,-6.947348276780614e-17,0.36152383469806976
10.210000000000079,-0.7514871751101991,-1.106731653222553e-16,0.36152383469806976
10.21200000000008,-0.7514871751101991,-1.1717837835716833e-16,0.36152383469806976
10.21400000000008,-0.7514871751101991,-1.0416795228734228e-16,0.36152383469806976
10.216000000000081,-0.7514871751101991,-1.0720371837030169e-16,0.36152383469806976
10.218000000000082,-0.7514871751101991,-9.701221794893795e-17,0.36152383469806976
10.220000000000082,-0.7514871751101991,-5.125888627004966e-17,0.36152383469806976
10.222000000000083,-0.7514871751101991,-4.822312018709025e-17,0.36152383469806976
10.224000000000084,-0.7514871751101991,-5.125888627004966e-17,0.36152383469806976
10.226000000000084,-0.7514871751101991,-1.0590267576331908e-16,0.36152383469806976
10.228000000000085,-0.7514871751101991,-4.605471584211924e-17,0.36152383469806976
10.230000000000086,-0.7514871751101991,-7.424397232674236e-17,0.36152383469806976
10.232000000000086,-0.7514871751101991,-7.597869580271916e-17,0.36152383469806976
10.234000000000087,-0.7514871751101991,-1.115405270602437e-16,0.36152383469806976
10.236000000000088,-0.7514871751101991,-6.925664233330903e-17,0.36152383469806976
10.238000000000088,-0.7514871751101991,-7.641237667171336e-17,0.36152383469806976
10.240000000000089,-0.7514871751101991,-1.325740492064625e-16,0.36152383469806976
10.24200000000009,-0.7514871751101991,-4.822312018709025e-17,0.36152383469806976
10.24400000000009,-0.7514871751101991,-4.562103497312504e-17,0.36152383469806976
10.246000000000091,-0.7514871751101991,-1.12191048363735e-16,0.36152383469806976
10.248000000000092,-0.7514871751101991,-7.446081276123946e-17,0.36152383469806976
10.250000000000092,-0.7514871751101991,-9.961430316290316e-17,0.36152383469806976
10.252000000000093,-0.7514871751101991,-7.381029145774815e-17,0.36152383469806976
10.254000000000094,-0.7514871751101991,-7.641237667171336e-17,0.36152383469806976
10.256000000000094,-0.7514871751101991,-7.641237667171336e-17,0.36152383469806976
10.258000000000095,-0.7514871751101991,-1.0546899489432488e-16,0.36152383469806976
10.260000000000096,-0.7514871751101991,-9.766273925242925e-17,0.36152383469806976
10.262000000000096,-0.7514871751101991,-6.07998653879221e-17,0.36152383469806976
10.264000000000097,-0.7514871751101991,-5.97156632154366e-17,0.36152383469806976
10.266000000000098,-0.7514871751101991,-6.990716363680034e-17,0.36152383469806976
10.268000000000098,-0.7514871751101991,-7.684605754070757e-17,0.36152383469806976
10.270000000000099,-0.7514871751101991,-1.0026482446639446e-16,0.36152383469806976
10.2720000000001,-0.7514871751101991,-7.424397232674236e-17,0.36152383469806976
10.2740000000001,-0.7514871751101991,-7.446081276123946e-17,0.36152383469806976
10.276000000000101,-0.7514871751101991,-9.787957968692635e-17,0.36152383469806976
10.278000000000102,-0.7514871751101991,-8.248390883763219e-17,0.36152383469806976
10.280000000000102,-0.7514871751101991,-7.424397232674236e-17,0.36152383469806976
10.282000000000103,-0.7514871751101991,-7.511133406473076e-17,0.36152383469806976
10.284000000000104,-0.7514871751101991,-9.983114359740026e-17,0.36152383469806976
10.286000000000104,-0.7514871751101991,-5.4294652353009074e-17,0.36152383469806976
10.288000000000105,-0.7514871751101991,-5.342729061502067e-17,0.36152383469806976
10.290000000000106,-0.7514871751101991,-1.098058035842669e-16,0.36152383469806976
10.292000000000106,-0.7514871751101991,-9.853010099041765e-17,0.36152383469806976
10.294000000000107,-0.7514871751101991,-1.1717837835716833e-16,0.36152383469806976
10.296000000000108,-0.7514871751101991,-1.0633635663231329e-16,0.36152383469806976
10.298000000000108,-0.7514871751101991,-6.947348276780614e-17,0.36152383469806976
10.300000000000109,-0.7514871751101991,-7.337661058875395e-17,0.36152383469806976
10.30200000000011,-0.7514871751101991,-9.853010099041765e-17,0.36152383469806976
10.30400000000011,-0.7514871751101991,-4.605471584211924e-17,0.36152383469806976
10.306000000000111,-0.7514871751101991,-7.424397232674236e-17,0.36152383469806976
10.308000000000112,-0.7514871751101991,-1.0633635663231329e-16,0.36152383469806976
10.310000000000112,-0.7514871751101991,-7.381029145774815e-17,0.36152383469806976
10.312000000000113,-0.7514871751101991,-7.554501493372496e-17,0.36152383469806976
10.314000000000114,-0.7514871751101991,-1.0460163315633648e-16,0.36152383469806976
10.316000000000114,-0.7514871751101991,-5.342729061502067e-17,0.36152383469806976
10.318000000000115,-0.7514871751101991,-8.291758970662639e-17,0.36152383469806976
10.320000000000116,-0.7514871751101991,-5.1909407573540964e-17,0.36152383469806976
10.322000000000116,-0.7514871751101991,-9.983114359740026e-17,0.36152383469806976
10.324000000000117,-0.7514871751101991,-7.684605754070757e-17,0.36152383469806976
10.326000000000118,-0.7514871751101991,-1.0330059054935387e-16,0.36152383469806976
10.328000000000118,-0.7514871751101991,-6.752191885733223e-17,0.36152383469806976
10.330000000000119,-0.7514871751101991,-7.641237667171336e-17,0.36152383469806976
10.33200000000012,-0.7514871751101991,-9.766273925242925e-17,0.36152383469806976
10.33400000000012,-0.7514871751101991,-9.983114359740026e-17,0.36152383469806976
10.336000000000121,-0.7514871751101991,-8.855544100355101e-17,0.36152383469806976
10.338000000000122,-0.7514871751101991,-1.0546899489432488e-16,0.36152383469806976
10.340000000000122,-0.7514871751101991,-7.446081276123946e-17,0.36152383469806976
10.342000000000123,-0.7514871751101991,-7.684605754070757e-17,0.36152383469806976
10.344000000000124,-0.7514871751101991,-6.860612102981773e-17,0.36152383469806976
10.346000000000124,-0.7514871751101991,-6.730507842283513e-17,0.36152383469806976
10.348000000000125,-0.7514871751101991,-6.947348276780614e-17,0.36152383469806976
10.350000000000126,-0.7514871751101991,-7.706289797520467e-17,0.36152383469806976
10.352000000000126,-0.7514871751101991,-1.0286690968035967e-16,0.36152383469806976
10.354000000000127,-0.7514871751101991,-7.554501493372496e-17,0.36152383469806976
10.356000000000128,-0.7514871751101991,-7.381029145774815e-17,0.36152383469806976
10.358000000000128,-0.7514871751101991,-7.272608928526265e-17,0.36152383469806976
10.360000000000129,-0.7514871751101991,-7.771341927869597e-17,0.36152383469806976
10.36200000000013,-0.7514871751101991,-7.684605754070757e-17,0.36152383469806976
10.36400000000013,-0.7514871751101991,-1.2238254878509875e-16,0.36152383469806976
10.366000000000131,-0.7514871751101991,-2.133490630944974e-17,0.36152383469806976
10.368000000000132,-0.7514871751101991,-8.248390883763219e-17,0.36152383469806976
10.370000000000132,-0.7514871751101991,-7.727973840970177e-17,0.36152383469806976
10.372000000000133,-0.7514871751101991,-7.684605754070757e-17,0.36152383469806976
10.374000000000134,-0.7514871751101991,-1.0763739923929589e-16,0.36152383469806976
10.376000000000134,-0.7514871751101991,-7.077452537478874e-17,0.36152383469806976
10.378000000000135,-0.7514871751101991,-9.809642012142345e-17,0.36152383469806976
10.380000000000136,-0.7514871751101991,-6.07998653879221e-17,0.36152383469806976
10.382000000000136,-0.7514871751101991,-8.898912187254522e-17,0.36152383469806976
10.384000000000137,-0.7514871751101991,-1.0373427141834808e-16,0.36152383469806976
10.386000000000138,-0.7514871751101991,-6.752191885733223e-17,0.36152383469806976
10.388000000000138,-0.7514871751101991,-8.291758970662639e-17,0.36152383469806976
10.39000000000014,-0.7514871751101991,-7.511133406473076e-17,0.36152383469806976
10.39200000000014,-0.7514871751101991,-9.961430316290316e-17,0.36152383469806976
10.39400000000014,-0.7514871751101991,-6.925664233330903e-17,0.36152383469806976
10.396000000000141,-0.7514871751101991,-8.291758970662639e-17,0.36152383469806976
10.398000000000142,-0.7514871751101991,-5.299360974602647e-17,0.36152383469806976
10.400000000000142,-0.7514871751101991,-1.098058035842669e-16,0.36152383469806976
10.402000000000143,-0.7514871751101991,-9.809642012142345e-17,0.36152383469806976
10.404000000000144,-0.7514871751101991,-5.863146104295109e-17,0.36152383469806976
10.406000000000144,-0.7514871751101991,-7.684605754070757e-17,0.36152383469806976
10.408000000000145,-0.7514871751101991,-1.0221638837686837e-16,0.36152383469806976
10.410000000000146,-0.7514871751101991,-5.4294652353009074e-17,0.36152383469806976
10.412000000000146,-0.7514871751101991,-7.532817449922786e-17,0.36152383469806976
10.414000000000147,-0.7514871751101991,-7.381029145774815e-17,0.36152383469806976
10.416000000000148,-0.7514871751101991,-8.248390883763219e-17,0.36152383469806976
10.418000000000148,-0.7514871751101991,-7.641237667171336e-17,0.36152383469806976
10.42000000000015,-0.7514871751101991,-1.0330059054935387e-16,0.36152383469806976
10.42200000000015,-0.7514871751101991,-9.202488795550463e-17,0.36152383469806976
10.42400000000015,-0.7514871751101991,-5.4294652353009074e-17,0.36152383469806976
10.426000000000151,-0.7514871751101991,-7.446081276123946e-17,0.36152383469806976
10.428000000000152,-0.7514871751101991,-1.0503531402533068e-16,0.36152383469806976
10.430000000000152,-0.7514871751101991,-7.727973840970177e-17,0.36152383469806976
10.432000000000153,-0.7514871751101991,-1.091552822807756e-16,0.36152383469806976
10.434000000000154,-0.7514871751101991,-8.898912187254522e-17,0.36152383469806976
10.436000000000154,-0.7514871751101991,-8.291758970662639e-17,0.36152383469806976
10.438000000000155,-0.7514871751101991,-4.605471584211924e-17,0.36152383469806976
10.440000000000156,-0.7514871751101991,-7.511133406473076e-17,0.36152383469806976
10.442000000000156,-0.7514871751101991,-7.467765319573656e-17,0.36152383469806976
10.444000000000157,-0.7514871751101991,-7.641237667171336e-17,0.36152383469806976
10.446000000000158,-0.7514871751101991,-8.37849514446148e-17,0.36152383469806976
10.448000000000158,-0.7514871751101991,-1.115405270602437e-16,0.36152383469806976
10.45000000000016,-0.7514871751101991,-6.925664233330903e-17,0.36152383469806976
10.45200000000016,-0.7514871751101991,-7.684605754070757e-17,0.36152383469806976
10.45400000000016,-0.7514871751101991,-8.053234492715828e-17,0.36152383469806976
10.456000000000161,-0.7514871751101991,-6.730507842283513e-17,0.36152383469806976
10.458000000000162,-0.7514871751101991,-7.532817449922786e-17,0.36152383469806976
10.460000000000163,-0.7514871751101991,-7.641237667171336e-17,0.36152383469806976
10.462000000000163,-0.7514871751101991,-9.506065403846404e-17,0.36152383469806976
10.464000000000164,-0.7514871751101991,-6.730507842283513e-17,0.36152383469806976
10.466000000000165,-0.7514871751101991,-7.424397232674236e-17,0.36152383469806976
10.468000000000165,-0.7514871751101991,-7.446081276123946e-17,0.36152383469806976
10.470000000000166,-0.7514871751101991,-1.0481847359083358e-16,0.36152383469806976
10.472000000000167,-0.7514871751101991,-9.701221794893795e-17,0.36152383469806976
10.474000000000167,-0.7514871751101991,-5.906514191194529e-17,0.36152383469806976
10.476000000000168,-0.7514871751101991,-5.125888627004966e-17,0.36152383469806976
10.478000000000169,-0.7514871751101991,-7.446081276123946e-17,0.36152383469806976
10.48000000000017,-0.7514871751101991,-9.809642012142345e-17,0.36152383469806976
10.48200000000017,-0.7514871751101991,-7.771341927869597e-17,0.36152383469806976
10.48400000000017,-0.7514871751101991,-1.119742079292379e-16,0.36152383469806976
10.486000000000171,-0.7514871751101991,-7.012400407129744e-17,0.36152383469806976
10.488000000000172,-0.7514871751101991,-7.727973840970177e-17,0.36152383469806976
10.490000000000173,-0.7514871751101991,-7.424397232674236e-17,0.36152383469806976
10.492000000000173,-0.7514871751101991,-8.291758970662639e-17,0.36152383469806976
10.494000000000174,-0.7514871751101991,-5.1909407573540964e-17,0.36152383469806976
10.496000000000175,-0.7514871751101991,-1.0590267576331908e-16,0.36152383469806976
10.498000000000175,-0.7514871751101991,-9.029016447952782e-17,0.36152383469806976
10.500000000000176,-0.7514871751101991,-7.446081276123946e-17,0.36152383469806976
10.502000000000177,-0.7514871751101991,-9.787957968692635e-17,0.36152383469806976
10.504000000000177,-0.7514871751101991,-7.771341927869597e-17,0.36152383469806976
10.506000000000178,-0.7514871751101991,-8.291758970662639e-17,0.36152383469806976
10.508000000000179,-0.7514871751101991,-7.467765319573656e-17,0.36152383469806976
10.51000000000018,-0.7514871751101991,-8.291758970662639e-17,0.36152383469806976
10.51200000000018,-0.7514871751101991,-7.511133406473076e-17,0.36152383469806976
10.51400000000018,-0.7514871751101991,-7.684605754070757e-17,0.36152383469806976
10.516000000000181,-0.7514871751101991,-8.963964317603652e-17,0.36152383469806976
10.518000000000182,-0.7514871751101991,-8.291758970662639e-17,0.36152383469806976
10.520000000000183,-0.7514871751101991,-5.386097148401487e-17,0.36152383469806976
10.522000000000183,-0.7514871751101991,-9.809642012142345e-17,0.36152383469806976
10.524000000000184,-0.7514871751101991,-1.0373427141834808e-16,0.36152383469806976
10.526000000000185,-0.7514871751101991,-7.727973840970177e-17,0.36152383469806976
10.528000000000185,-0.7514871751101991,-1.0546899489432488e-16,0.36152383469806976
10.530000000000186,-0.7514871751101991,-9.939746272840606e-17,0.36152383469806976
10.532000000000187,-0.7514871751101991,-6.903980189881193e-17,0.36152383469806976
10.534000000000187,-0.7514871751101991,-7.467765319573656e-17,0.36152383469806976
10.536000000000188,-0.7514871751101991,-9.787957968692635e-17,0.36152383469806976
10.538000000000189,-0.7514871751101991,-9.896378185941186e-17,0.36152383469806976
10.54000000000019,-0.7514871751101991,-7.684605754070757e-17,0.36152383469806976
10.54200000000019,-0.7514871751101991,-7.684605754070757e-17,0.36152383469806976
10.54400000000019,-0.7514871751101991,-1.0156586707337707e-16,0.36152383469806976
10.546000000000191,-0.7514871751101991,-7.424397232674236e-17,0.36152383469806976
10.548000000000192,-0.7514871751101991,-6.860612102981773e-17,0.36152383469806976
10.550000000000193,-0.7514871751101991,-6.947348276780614e-17,0.36152383469806976
10.552000000000193,-0.7514871751101991,-7.532817449922786e-17,0.36152383469806976
10.554000000000194,-0.7514871751101991,-7.684605754070757e-17,0.36152383469806976
10.556000000000195,-0.7514871751101991,-7.424397232674236e-17,0.36152383469806976
10.558000000000195,-0.7514871751101991,-5.386097148401487e-17,0.36152383469806976
10.560000000000196,-0.7514871751101991,-8.291758970662639e-17,0.36152383469806976
10.562000000000197,-0.7514871751101991,-7.511133406473076e-17,0.36152383469806976
10.564000000000197,-0.7514871751101991,-9.701221794893795e-17,0.36152383469806976
10.566000000000198,-0.7514871751101991,-7.706289797520467e-17,0.36152383469806976
10.568000000000199,-0.7514871751101991,-7.727973840970177e-17,0.36152383469806976
10.5700000000002,-0.7514871751101991,-7.597869580271916e-17,0.36152383469806976
10.5720000000002,-0.7514871751101991,-8.291758970662639e-17,0.36152383469806976
10.5740000000002,-0.7514871751101991,-5.1909407573540964e-17,0.36152383469806976
10.576000000000201,-0.7514871751101991,-1.0546899489432488e-16,0.36152383469806976
10.578000000000202,-0.7514871751101991,-8.291758970662639e-17,0.36152383469806976
10.580000000000203,-0.7514871751101991,-7.381029145774815e-17,0.36152383469806976
10.582000000000203,-0.7514871751101991,-7.641237667171336e-17,0.36152383469806976
10.584000000000204,-0.7514871751101991,-1.0416795228734228e-16,0.36152383469806976
10.586000000000205,-0.7514871751101991,-1.115405270602437e-16,0.36152383469806976
10.588000000000205,-0.7514871751101991,-9.245856882449883e-17,0.36152383469806976
10.590000000000206,-0.7514871751101991,-5.4511492787506175e-17,0.36152383469806976
10.592000000000207,-0.7514871751101991,-7.467765319573656e-17,0.36152383469806976
10.594000000000207,-0.7514871751101991,-1.0503531402533068e-16,0.36152383469806976
10.596000000000208,-0.7514871751101991,-7.684605754070757e-17,0.36152383469806976
10.598000000000209,-0.7514871751101991,-1.0156586707337707e-16,0.36152383469806976
10.60000000000021,-0.7514871751101991,-7.467765319573656e-17,0.36152383469806976
10.60200000000021,-0.7514871751101991,-7.619553623721626e-17,0.36152383469806976
10.60400000000021,-0.7514871751101991,-9.614485621094954e-17,0.36152383469806976
10.606000000000211,-0.7514871751101991,-1.0026482446639446e-16,0.36152383469806976
10.608000000000212,-0.7514871751101991,-8.291758970662639e-17,0.36152383469806976
10.610000000000213,-0.7514871751101991,-6.860612102981773e-17,0.36152383469806976
10.612000000000213,-0.7514871751101991,-4.4753673235136635e-17,0.36152383469806976
10.614000000000214,-0.7514871751101991,-9.787957968692635e-17,0.36152383469806976
10.616000000000215,-0.7514871751101991,-9.983114359740026e-17,0.36152383469806976
10.618000000000215,-0.7514871751101991,-1.656441675051352e-17,0.36152383469806976
10.620000000000216,-0.7514871751101991,-1.10022644018764e-16,0.36152383469806976
10.622000000000217,-0.7514871751101991,-1.0590267576331908e-16,0.36152383469806976
10.624000000000217,-0.7514871751101991,-4.648839671111344e-17,0.36152383469806976
10.626000000000218,-0.7514871751101991,-6.730507842283513e-17,0.36152383469806976
10.628000000000219,-0.7514871751101991,-5.99325036499337e-17,0.36152383469806976
10.63000000000022,-0.7514871751101991,-7.749657884419887e-17,0.36152383469806976
10.63200000000022,-0.7514871751101991,-9.766273925242925e-17,0.36152383469806976
10.63400000000022,-0.7514871751101991,-1.0026482446639446e-16,0.36152383469806976
10.636000000000221,-0.7514871751101991,-9.809642012142345e-17,0.36152383469806976
10.638000000000222,-0.7514871751101991,-4.5187354104130836e-17,0.36152383469806976
10.640000000000223,-0.7514871751101991,-7.684605754070757e-17,0.36152383469806976
10.642000000000223,-0.7514871751101991,-1.2238254878509875e-16,0.36152383469806976
10.644000000000224,-0.7514871751101991,-8.291758970662639e-17,0.36152383469806976
10.646000000000225,-0.7514871751101991,-7.641237667171336e-17,0.36152383469806976
10.648000000000225,-0.7514871751101991,-8.335127057562059e-17,0.36152383469806976
10.650000000000226,-0.7514871751101991,-9.267540925899593e-17,0.36152383469806976
10.652000000000227,-0.7514871751101991,-7.727973840970177e-17,0.36152383469806976
10.654000000000227,-0.7514871751101991,-9.592801577645244e-17,0.36152383469806976
10.656000000000228,-0.7514871751101991,-9.375961143148144e-17,0.36152383469806976
10.658000000000229,-0.7514871751101991,-2.7406438475368564e-17,0.36152383469806976
10.66000000000023,-0.7514871751101991,-8.248390883763219e-17,0.36152383469806976
10.66200000000023,-0.7514871751101991,-6.752191885733223e-17,0.36152383469806976
10.66400000000023,-0.7514871751101991,-6.687139755384093e-17,0.36152383469806976
10.666000000000231,-0.7514871751101991,-7.467765319573656e-17,0.36152383469806976
10.668000000000232,-0.7514871751101991,-7.684605754070757e-17,0.36152383469806976
10.670000000000233,-0.7514871751101991,-9.809642012142345e-17,0.36152383469806976
10.672000000000233,-0.7514871751101991,-9.766273925242925e-17,0.36152383469806976
10.674000000000234,-0.7514871751101991,-6.817244016082353e-17,0.36152383469806976
10.676000000000235,-0.7514871751101991,-7.467765319573656e-17,0.36152383469806976
10.678000000000235,-0.7514871751101991,-1.0503531402533068e-16,0.36152383469806976
10.680000000000236,-0.7514871751101991,-7.684605754070757e-17,0.36152383469806976
10.682000000000237,-0.7514871751101991,-9.072384534852202e-17,0.36152383469806976
10.684000000000237,-0.7514871751101991,-8.291758970662639e-17,0.36152383469806976
10.686000000000238,-0.7514871751101991,-7.446081276123946e-17,0.36152383469806976
10.688000000000239,-0.7514871751101991,-9.939746272840606e-17,0.36152383469806976
10.69000000000024,-0.7514871751101991,-7.446081276123946e-17,0.36152383469806976
10.69200000000024,-0.7514871751101991,-9.614485621094954e-17,0.36152383469806976
10.69400000000024,-0.7514871751101991,-7.706289797520467e-17,0.36152383469806976
10.696000000000241,-0.7514871751101991,-6.947348276780614e-17,0.36152383469806976
10.698000000000242,-0.7514871751101991,-6.16672271259105e-17,0.36152383469806976
10.700000000000243,-0.7514871751101991,-7.706289797520467e-17,0.36152383469806976
10.702000000000243,-0.7514871751101991,-7.467765319573656e-17,0.36152383469806976
10.704000000000244,-0.7514871751101991,-1.0481847359083358e-16,0.36152383469806976
10.706000000000245,-0.7514871751101991,-9.766273925242925e-17,0.36152383469806976
10.708000000000245,-0.7514871751101991,-9.983114359740026e-17,0.36152383469806976
10.710000000000246,-0.7514871751101991,-8.291758970662639e-17,0.36152383469806976
10.712000000000247,-0.7514871751101991,-5.1909407573540964e-17,0.36152383469806976
10.714000000000247,-0.7514871751101991,-9.787957968692635e-17,0.36152383469806976
10.716000000000248,-0.7514871751101991,-1.0677003750130749e-16,0.36152383469806976
10.718000000000249,-0.7514871751101991,-9.809642012142345e-17,0.36152383469806976
10.72000000000025,-0.7514871751101991,-6.730507842283513e-17,0.36152383469806976
10.72200000000025,-0.7514871751101991,-7.619553623721626e-17,0.36152383469806976
10.72400000000025,-0.7514871751101991,-8.291758970662639e-17,0.36152383469806976
10.726000000000251,-0.7514871751101991,-6.947348276780614e-17,0.36152383469806976
10.728000000000252,-0.7514871751101991,-6.860612102981773e-17,0.36152383469806976
10.730000000000253,-0.7514871751101991,-6.600403581585252e-17,0.36152383469806976
10.732000000000253,-0.7514871751101991,-6.990716363680034e-17,0.36152383469806976
10.734000000000254,-0.7514871751101991,-5.039152453206126e-17,0.36152383469806976
10.736000000000255,-0.7514871751101991,-1.2715303834403497e-16,0.36152383469806976
10.738000000000255,-0.7514871751101991,-7.532817449922786e-17,0.36152383469806976
10.740000000000256,-0.7514871751101991,-8.226706840313509e-17,0.36152383469806976
10.742000000000257,-0.7514871751101991,-4.605471584211924e-17,0.36152383469806976
10.744000000000257,-0.7514871751101991,-7.706289797520467e-17,0.36152383469806976
10.746000000000258,-0.7514871751101991,-1.0026482446639446e-16,0.36152383469806976
10.748000000000259,-0.7514871751101991,-8.291758970662639e-17,0.36152383469806976
10.75000000000026,-0.7514871751101991,-7.727973840970177e-17,0.36152383469806976
10.75200000000026,-0.7514871751101991,-7.641237667171336e-17,0.36152383469806976
10.75400000000026,-0.7514871751101991,-1.098058035842669e-16,0.36152383469806976
10.756000000000261,-0.7514871751101991,-1.327908896409596e-16,0.36152383469806976
10.758000000000262,-0.7514871751101991,-9.029016447952782e-17,0.36152383469806976
10.760000000000263,-0.7514871751101991,-7.467765319573656e-17,0.36152383469806976
10.762000000000263,-0.7514871751101991,-8.031550449266118e-17,0.36152383469806976
10.764000000000264,-0.7514871751101991,-6.687139755384093e-17,0.36152383469806976
10.766000000000265,-0.7514871751101991,-6.990716363680034e-17,0.36152383469806976
10.768000000000265,-0.7514871751101991,-8.248390883763219e-17,0.36152383469806976
10.770000000000266,-0.7514871751101991,-6.817244016082353e-17,0.36152383469806976
10.772000000000267,-0.7514871751101991,-4.5187354104130836e-17,0.36152383469806976
10.774000000000267,-0.7514871751101991,-7.706289797520467e-17,0.36152383469806976
10.776000000000268,-0.7514871751101991,-9.787957968692635e-17,0.36152383469806976
10.778000000000269,-0.7514871751101991,-9.267540925899593e-17,0.36152383469806976
10.78000000000027,-0.7514871751101991,-9.679537751444085e-17,0.36152383469806976
10.78200000000027,-0.7514871751101991,-7.424397232674236e-17,0.36152383469806976
10.78400000000027,-0.7514871751101991,-7.619553623721626e-17,0.36152383469806976
10.786000000000271,-0.7514871751101991,-1.0308375011485677e-16,0.36152383469806976
10.788000000000272,-0.7514871751101991,-5.386097148401487e-17,0.36152383469806976
10.790000000000273,-0.7514871751101991,-8.248390883763219e-17,0.36152383469806976
10.792000000000273,-0.7514871751101991,-6.773875929182933e-17,0.36152383469806976
10.794000000000274,-0.7514871751101991,-9.332593056248723e-17,0.36152383469806976
10.796000000000275,-0.7514871751101991,-9.679537751444085e-17,0.36152383469806976
10.798000000000275,-0.7514871751101991,-7.467765319573656e-17,0.36152383469806976
10.800000000000276,-0.7514871751101991,-1.093721227152727e-16,0.36152383469806976
10.802000000000277,-0.7514871751101991,-8.898912187254522e-17,0.36152383469806976
10.804000000000277,-0.7514871751101991,-8.812176013455681e-17,0.36152383469806976
10.806000000000278,-0.7514871751101991,-5.2559928877032267e-17,0.36152383469806976
10.808000000000279,-0.7514871751101991,-1.0373427141834808e-16,0.36152383469806976
10.81000000000028,-0.7514871751101991,-7.446081276123946e-17,0.36152383469806976
10.81200000000028,-0.7514871751101991,-9.853010099041765e-17,0.36152383469806976
10.81400000000028,-0.7514871751101991,-7.684605754070757e-17,0.36152383469806976
10.816000000000281,-0.7514871751101991,-7.684605754070757e-17,0.36152383469806976
10.818000000000282,-0.7514871751101991,-7.381029145774815e-17,0.36152383469806976
10.820000000000283,-0.7514871751101991,-1.0590267576331908e-16,0.36152383469806976
10.822000000000283,-0.7514871751101991,-4.605471584211924e-17,0.36152383469806976
10.824000000000284,-0.7514871751101991,-7.706289797520467e-17,0.36152383469806976
10.826000000000285,-0.7514871751101991,-7.641237667171336e-17,0.36152383469806976
10.828000000000285,-0.7514871751101991,-8.335127057562059e-17,0.36152383469806976
10.830000000000286,-0.7514871751101991,-1.0633635663231329e-16,0.36152383469806976
10.832000000000287,-0.7514871751101991,-5.082520540105546e-17,0.36152383469806976
10.834000000000287,-0.7514871751101991,-6.12335462569163e-17,0.36152383469806976
10.836000000000288,-0.7514871751101991,-7.641237667171336e-17,0.36152383469806976
10.838000000000289,-0.7514871751101991,-1.0546899489432488e-16,0.36152383469806976
10.84000000000029,-0.7514871751101991,-9.245856882449883e-17,0.36152383469806976
10.84200000000029,-0.7514871751101991,-7.619553623721626e-17,0.36152383469806976
10.84400000000029,-0.7514871751101991,-9.766273925242925e-17,0.36152383469806976
10.846000000000291,-0.7514871751101991,-9.375961143148144e-17,0.36152383469806976
10.848000000000292,-0.7514871751101991,-2.133490630944974e-17,0.36152383469806976
10.850000000000293,-0.7514871751101991,-7.706289797520467e-17,0.36152383469806976
10.852000000000293,-0.7514871751101991,-1.0026482446639446e-16,0.36152383469806976
10.854000000000294,-0.7514871751101991,-7.446081276123946e-17,0.36152383469806976
10.856000000000295,-0.7514871751101991,-8.291758970662639e-17,0.36152383469806976
10.858000000000295,-0.7514871751101991,-6.925664233330903e-17,0.36152383469806976
10.860000000000296,-0.7514871751101991,-1.0416795228734228e-16,0.36152383469806976
10.862000000000297,-0.7514871751101991,-7.641237667171336e-17,0.36152383469806976
10.864000000000297,-0.7514871751101991,-9.983114359740026e-17,0.36152383469806976
10.866000000000298,-0.7514871751101991,-7.381029145774815e-17,0.36152383469806976
10.868000000000299,-0.7514871751101991,-7.727973840970177e-17,0.36152383469806976
10.8700000000003,-0.7514871751101991,-6.925664233330903e-17,0.36152383469806976
10.8720000000003,-0.7514871751101991,-9.853010099041765e-17,0.36152383469806976
10.8740000000003,-0.7514871751101991,-4.345263062815403e-17,0.36152383469806976
10.876000000000301,-0.7514871751101991,-8.855544100355101e-17,0.36152383469806976
10.878000000000302,-0.7514871751101991,-1.0330059054935387e-16,0.36152383469806976
10.880000000000303,-0.7514871751101991,-7.597869580271916e-17,0.36152383469806976
10.882000000000303,-0.7514871751101991,-7.381029145774815e-17,0.36152383469806976
10.884000000000304,-0.7514871751101991,-1.098058035842669e-16,0.36152383469806976
10.886000000000305,-0.7514871751101991,-8.205022796863799e-17,0.36152383469806976
10.888000000000305,-0.7514871751101991,-6.903980189881193e-17,0.36152383469806976
10.890000000000306,-0.7514871751101991,-7.424397232674236e-17,0.36152383469806976
10.892000000000307,-0.7514871751101991,-9.983114359740026e-17,0.36152383469806976
10.894000000000307,-0.7514871751101991,-7.684605754070757e-17,0.36152383469806976
10.896000000000308,-0.7514871751101991,-9.527749447296114e-17,0.36152383469806976
10.898000000000309,-0.7514871751101991,-7.511133406473076e-17,0.36152383469806976
10.90000000000031,-0.7514871751101991,-7.706289797520467e-17,0.36152383469806976
10.90200000000031,-0.7514871751101991,-1.0373427141834808e-16,0.36152383469806976
10.90400000000031,-0.7514871751101991,-7.012400407129744e-17,0.36152383469806976
10.906000000000311,-0.7514871751101991,-5.386097148401487e-17,0.36152383469806976
10.908000000000312,-0.7514871751101991,-5.386097148401487e-17,0.36152383469806976
10.910000000000313,-0.7514871751101991,-4.9524162794072854e-17,0.36152383469806976
10.912000000000313,-0.7514871751101991,-4.6922077580107643e-17,0.36152383469806976
10.914000000000314,-0.7514871751101991,-1.093721227152727e-16,0.36152383469806976
10.916000000000315,-0.7514871751101991,-1.0330059054935387e-16,0.36152383469806976
10.918000000000315,-0.7514871751101991,-7.467765319573656e-17,0.36152383469806976
10.920000000000316,-0.7514871751101991,-7.424397232674236e-17,0.36152383469806976
10.922000000000317,-0.7514871751101991,-8.205022796863799e-17,0.36152383469806976
10.924000000000317,-0.7514871751101991,-7.706289797520467e-17,0.36152383469806976
10.926000000000318,-0.7514871751101991,-1.2108150617811615e-16,0.36152383469806976
10.928000000000319,-0.7514871751101991,-5.4294652353009074e-17,0.36152383469806976
10.93000000000032,-0.7514871751101991,-7.424397232674236e-17,0.36152383469806976
10.93200000000032,-0.7514871751101991,-4.9957843663067056e-17,0.36152383469806976
10.93400000000032,-0.7514871751101991,-7.381029145774815e-17,0.36152383469806976
10.936000000000321,-0.7514871751101991,-8.291758970662639e-17,0.36152383469806976
10.938000000000322,-0.7514871751101991,-1.349592939859306e-16,0.36152383469806976
10.940000000000323,-0.7514871751101991,-1.0026482446639446e-16,0.36152383469806976
10.942000000000323,-0.7514871751101991,-6.947348276780614e-17,0.36152383469806976
10.944000000000324,-0.7514871751101991,-1.098058035842669e-16,0.36152383469806976
10.946000000000325,-0.7514871751101991,-9.983114359740026e-17,0.36152383469806976
10.948000000000325,-0.7514871751101991,-5.125888627004966e-17,0.36152383469806976
10.950000000000326,-0.7514871751101991,-5.4294652353009074e-17,0.36152383469806976
10.952000000000327,-0.7514871751101991,-7.381029145774815e-17,0.36152383469806976
10.954000000000327,-0.7514871751101991,-1.098058035842669e-16,0.36152383469806976
10.956000000000328,-0.7514871751101991,-1.0308375011485677e-16,0.36152383469806976
10.958000000000329,-0.7514871751101991,-9.202488795550463e-17,0.36152383469806976
10.96000000000033,-0.7514871751101991,-7.684605754070757e-17,0.36152383469806976
10.96200000000033,-0.7514871751101991,-9.787957968692635e-17,0.36152383469806976
10.96400000000033,-0.7514871751101991,-4.345263062815403e-17,0.36152383469806976
10.966000000000331,-0.7514871751101991,-5.559569495999168e-17,0.36152383469806976
10.968000000000332,-0.7514871751101991,-9.722905838343505e-17,0.36152383469806976
10.970000000000333,-0.7514871751101991,-8.248390883763219e-17,0.36152383469806976
10.972000000000333,-0.7514871751101991,-7.467765319573656e-17,0.36152383469806976
10.974000000000334,-0.7514871751101991,-9.896378185941186e-17,0.36152383469806976
10.976000000000335,-0.7514871751101991,-7.467765319573656e-17,0.36152383469806976
10.978000000000335,-0.7514871751101991,-1.0330059054935387e-16,0.36152383469806976
10.980000000000336,-0.7514871751101991,-7.706289797520467e-17,0.36152383469806976
10.982000000000337,-0.7514871751101991,-7.641237667171336e-17,0.36152383469806976
10.984000000000337,-0.7514871751101991,-1.0026482446639446e-16,0.36152383469806976
10.986000000000338,-0.7514871751101991,-6.990716363680034e-17,0.36152383469806976
10.988000000000339,-0.7514871751101991,-7.641237667171336e-17,0.36152383469806976
10.99000000000034,-0.7514871751101991,-1.0546899489432488e-16,0.36152383469806976
10.99200000000034,-0.7514871751101991,-8.248390883763219e-17,0.36152383469806976
10.99400000000034,-0.7514871751101991,-4.431999236614243e-17,0.36152383469806976
10.996000000000342,-0.7514871751101991,-7.467765319573656e-17,0.36152383469806976
10.998000000000342,-0.7514871751101991,-9.961430316290316e-17,0.36152383469806976
11.000000000000343,-0.7514871751101991,-5.97156632154366e-17,0.36152383469806976
11.002000000000344,-0.7514871751101991,-6.817244016082353e-17,0.36152383469806976
11.004000000000344,-0.7514871751101991,-5.125888627004966e-17,0.36152383469806976
11.006000000000345,-0.7514871751101991,-8.226706840313509e-17,0.36152383469806976
11.008000000000346,-0.7514871751101991,-7.727973840970177e-17,0.36152383469806976
11.010000000000346,-0.7514871751101991,-1.0330059054935387e-16,0.36152383469806976
11.012000000000347,-0.7514871751101991,-7.706289797520467e-17,0.36152383469806976
11.014000000000348,-0.7514871751101991,-9.766273925242925e-17,0.36152383469806976
11.016000000000348,-0.7514871751101991,-1.0069850533538866e-16,0.36152383469806976
11.018000000000349,-0.7514871751101991,-1.0373427141834808e-16,0.36152383469806976
11.02000000000035,-0.7514871751101991,-8.291758970662639e-17,0.36152383469806976
11.02200000000035,-0.7514871751101991,-7.446081276123946e-17,0.36152383469806976
11.02400000000035,-0.7514871751101991,-9.961430316290316e-17,0.36152383469806976
11.026000000000352,-0.7514871751101991,-6.557035494685832e-17,0.36152383469806976
11.028000000000352,-0.7514871751101991,-9.983114359740026e-17,0.36152383469806976
11.030000000000353,-0.7514871751101991,-4.171790715217722e-17,0.36152383469806976
11.032000000000354,-0.7514871751101991,-6.16672271259105e-17,0.36152383469806976
11.034000000000354,-0.7514871751101991,-7.727973840970177e-17,0.36152383469806976
11.036000000000355,-0.7514871751101991,-9.853010099041765e-17,0.36152383469806976
11.038000000000356,-0.7514871751101991,-1.0677003750130749e-16,0.36152383469806976
11.040000000000356,-0.7514871751101991,-7.684605754070757e-17,0.36152383469806976
11.042000000000357,-0.7514871751101991,-8.855544100355101e-17,0.36152383469806976
11.044000000000358,-0.7514871751101991,-7.771341927869597e-17,0.36152383469806976
11.046000000000358,-0.7514871751101991,-1.0546899489432488e-16,0.36152383469806976
11.048000000000359,-0.7514871751101991,-9.939746272840606e-17,0.36152383469806976
11.05000000000036,-0.7514871751101991,-6.730507842283513e-17,0.36152383469806976
11.05200000000036,-0.7514871751101991,-7.424397232674236e-17,0.36152383469806976
11.05400000000036,-0.7514871751101991,-7.424397232674236e-17,0.36152383469806976
11.056000000000362,-0.7514871751101991,-7.684605754070757e-17,0.36152383469806976
11.058000000000362,-0.7514871751101991,-9.853010099041765e-17,0.36152383469806976
11.060000000000363,-0.7514871751101991,-7.727973840970177e-17,0.36152383469806976
11.062000000000364,-0.7514871751101991,-1.0546899489432488e-16,0.36152383469806976
11.064000000000364,-0.7514871751101991,-7.619553623721626e-17,0.36152383469806976
11.066000000000365,-0.7514871751101991,-8.291758970662639e-17,0.36152383469806976
11.068000000000366,-0.7514871751101991,-7.858078101668437e-17,0.36152383469806976
11.070000000000366,-0.7514871751101991,-7.684605754070757e-17,0.36152383469806976
11.072000000000367,-0.7514871751101991,-7.684605754070757e-17,0.36152383469806976
11.074000000000368,-0.7514871751101991,-9.961430316290316e-17,0.36152383469806976
11.076000000000368,-0.7514871751101991,-4.2151588021171424e-17,0.36152383469806976
11.078000000000369,-0.7514871751101991,-6.16672271259105e-17,0.36152383469806976
11.08000000000037,-0.7514871751101991,-8.226706840313509e-17,0.36152383469806976
11.08200000000037,-0.7514871751101991,-5.125888627004966e-17,0.36152383469806976
11.084000000000371,-0.7514871751101991,-7.684605754070757e-17,0.36152383469806976
11.086000000000372,-0.7514871751101991,-1.0373427141834808e-16,0.36152383469806976
11.088000000000372,-0.7514871751101991,-9.289224969349303e-17,0.36152383469806976
11.090000000000373,-0.7514871751101991,-9.939746272840606e-17,0.36152383469806976
11.092000000000374,-0.7514871751101991,-5.4294652353009074e-17,0.36152383469806976
11.094000000000374,-0.7514871751101991,-7.467765319573656e-17,0.36152383469806976
11.096000000000375,-0.7514871751101991,-7.727973840970177e-17,0.36152383469806976
11.098000000000376,-0.7514871751101991,-1.0546899489432488e-16,0.36152383469806976
11.100000000000376,-0.7514871751101991,-1.0590267576331908e-16,0.36152383469806976
11.102000000000377,-0.7514871751101991,-7.337661058875395e-17,0.36152383469806976
11.104000000000378,-0.7514871751101991,-7.684605754070757e-17,0.36152383469806976
11.106000000000378,-0.7514871751101991,-7.381029145774815e-17,0.36152383469806976
11.108000000000379,-0.7514871751101991,-7.684605754070757e-17,0.36152383469806976
11.11000000000038,-0.7514871751101991,-1.2238254878509875e-16,0.36152383469806976
11.11200000000038,-0.7514871751101991,-8.248390883763219e-17,0.36152383469806976
11.114000000000381,-0.7514871751101991,-5.125888627004966e-17,0.36152383469806976
11.116000000000382,-0.7514871751101991,-7.294292971975975e-17,0.36152383469806976
11.118000000000382,-0.7514871751101991,-8.335127057562059e-17,0.36152383469806976
11.120000000000383,-0.7514871751101991,-1.0633635663231329e-16,0.36152383469806976
11.122000000000384,-0.7514871751101991,-7.424397232674236e-17,0.36152383469806976
11.124000000000384,-0.7514871751101991,-7.641237667171336e-17,0.36152383469806976
11.126000000000385,-0.7514871751101991,-1.0373427141834808e-16,0.36152383469806976
11.128000000000386,-0.7514871751101991,-7.684605754070757e-17,0.36152383469806976
11.130000000000386,-0.7514871751101991,-9.766273925242925e-17,0.36152383469806976
11.132000000000387,-0.7514871751101991,-7.727973840970177e-17,0.36152383469806976
11.134000000000388,-0.7514871751101991,-7.727973840970177e-17,0.36152383469806976
11.136000000000388,-0.7514871751101991,-1.093721227152727e-16,0.36152383469806976
11.138000000000389,-0.7514871751101991,-7.619553623721626e-17,0.36152383469806976
11.14000000000039,-0.7514871751101991,-9.983114359740026e-17,0.36152383469806976
11.14200000000039,-0.7514871751101991,-8.248390883763219e-17,0.36152383469806976
11.144000000000391,-0.7514871751101991,-5.125888627004966e-17,0.36152383469806976
11.146000000000392,-0.7514871751101991,-7.250924885076555e-17,0.36152383469806976
11.148000000000392,-0.7514871751101991,-6.730507842283513e-17,0.36152383469806976
11.150000000000393,-0.7514871751101991,-7.641237667171336e-17,0.36152383469806976
11.152000000000394,-0.7514871751101991,-9.787957968692635e-17,0.36152383469806976
11.154000000000394,-0.7514871751101991,-8.335127057562059e-17,0.36152383469806976
11.156000000000395,-0.7514871751101991,-8.291758970662639e-17,0.36152383469806976
11.158000000000396,-0.7514871751101991,-5.342729061502067e-17,0.36152383469806976
11.160000000000396,-0.7514871751101991,-8.226706840313509e-17,0.36152383469806976
11.162000000000397,-0.7514871751101991,-6.947348276780614e-17,0.36152383469806976
11.164000000000398,-0.7514871751101991,-1.0763739923929589e-16,0.36152383469806976
11.166000000000398,-0.7514871751101991,-4.778943931809605e-17,0.36152383469806976
11.168000000000399,-0.7514871751101991,-1.2281622965409295e-16,0.36152383469806976
11.1700000000004,-0.7514871751101991,-8.291758970662639e-17,0.36152383469806976
11.1720000000004,-0.7514871751101991,-7.619553623721626e-17,0.36152383469806976
11.174000000000401,-0.7514871751101991,-1.0503531402533068e-16,0.36152383469806976
11.176000000000402,-0.7514871751101991,-9.809642012142345e-17,0.36152383469806976
11.178000000000402,-0.7514871751101991,-4.431999236614243e-17,0.36152383469806976
11.180000000000403,-0.7514871751101991,-9.853010099041765e-17,0.36152383469806976
11.182000000000404,-0.7514871751101991,-8.898912187254522e-17,0.36152383469806976
11.184000000000404,-0.7514871751101991,-8.226706840313509e-17,0.36152383469806976
11.186000000000405,-0.7514871751101991,-7.381029145774815e-17,0.36152383469806976
11.188000000000406,-0.7514871751101991,-7.597869580271916e-17,0.36152383469806976
11.190000000000406,-0.7514871751101991,-6.513667407786412e-17,0.36152383469806976
11.192000000000407,-0.7514871751101991,-9.462697316946984e-17,0.36152383469806976
11.194000000000408,-0.7514871751101991,-4.431999236614243e-17,0.36152383469806976
11.196000000000408,-0.7514871751101991,-1.2238254878509875e-16,0.36152383469806976
11.198000000000409,-0.7514871751101991,-8.248390883763219e-17,0.36152383469806976
11.20000000000041,-0.7514871751101991,-5.125888627004966e-17,0.36152383469806976
11.20200000000041,-0.7514871751101991,-6.730507842283513e-17,0.36152383469806976
11.204000000000411,-0.7514871751101991,-7.619553623721626e-17,0.36152383469806976
11.206000000000412,-0.7514871751101991,-1.0416795228734228e-16,0.36152383469806976
11.208000000000412,-0.7514871751101991,-1.0373427141834808e-16,0.36152383469806976
11.210000000000413,-0.7514871751101991,-7.424397232674236e-17,0.36152383469806976
11.212000000000414,-0.7514871751101991,-5.4294652353009074e-17,0.36152383469806976
11.214000000000414,-0.7514871751101991,-7.424397232674236e-17,0.36152383469806976
11.216000000000415,-0.7514871751101991,-1.098058035842669e-16,0.36152383469806976
11.218000000000416,-0.7514871751101991,-9.787957968692635e-17,0.36152383469806976
11.220000000000416,-0.7514871751101991,-1.0156586707337707e-16,0.36152383469806976
11.222000000000417,-0.7514871751101991,-7.706289797520467e-17,0.36152383469806976
11.224000000000418,-0.7514871751101991,-9.983114359740026e-17,0.36152383469806976
11.226000000000418,-0.7514871751101991,-5.125888627004966e-17,0.36152383469806976
11.228000000000419,-0.7514871751101991,-7.727973840970177e-17,0.36152383469806976
11.23000000000042,-0.7514871751101991,-7.446081276123946e-17,0.36152383469806976
11.23200000000042,-0.7514871751101991,-9.896378185941186e-17,0.36152383469806976
11.234000000000421,-0.7514871751101991,-7.424397232674236e-17,0.36152383469806976
11.236000000000422,-0.7514871751101991,-4.865680105608445e-17,0.36152383469806976
11.238000000000422,-0.7514871751101991,-7.446081276123946e-17,0.36152383469806976
11.240000000000423,-0.7514871751101991,-1.0026482446639446e-16,0.36152383469806976
11.242000000000424,-0.7514871751101991,-7.619553623721626e-17,0.36152383469806976
11.244000000000424,-0.7514871751101991,-8.248390883763219e-17,0.36152383469806976
11.246000000000425,-0.7514871751101991,-7.467765319573656e-17,0.36152383469806976
11.248000000000426,-0.7514871751101991,-7.597869580271916e-17,0.36152383469806976
11.250000000000426,-0.7514871751101991,-5.516201409099748e-17,0.36152383469806976
11.252000000000427,-0.7514871751101991,-7.424397232674236e-17,0.36152383469806976
11.254000000000428,-0.7514871751101991,-8.205022796863799e-17,0.36152383469806976
11.256000000000428,-0.7514871751101991,-1.2715303834403497e-16,0.36152383469806976
11.258000000000429,-0.7514871751101991,-7.467765319573656e-17,0.36152383469806976
11.26000000000043,-0.7514871751101991,-1.0330059054935387e-16,0.36152383469806976
11.26200000000043,-0.7514871751101991,-8.248390883763219e-17,0.36152383469806976
11.264000000000431,-0.7514871751101991,-5.2559928877032267e-17,0.36152383469806976
11.266000000000432,-0.7514871751101991,-8.291758970662639e-17,0.36152383469806976
11.268000000000432,-0.7514871751101991,-5.125888627004966e-17,0.36152383469806976
11.270000000000433,-0.7514871751101991,-7.446081276123946e-17,0.36152383469806976
11.272000000000434,-0.7514871751101991,-5.99325036499337e-17,0.36152383469806976
11.274000000000434,-0.7514871751101991,-7.532817449922786e-17,0.36152383469806976
11.276000000000435,-0.7514871751101991,-8.248390883763219e-17,0.36152383469806976
11.278000000000436,-0.7514871751101991,-7.684605754070757e-17,0.36152383469806976
11.280000000000436,-0.7514871751101991,-1.0308375011485677e-16,0.36152383469806976
11.282000000000437,-0.7514871751101991,-6.903980189881193e-17,0.36152383469806976
11.284000000000438,-0.7514871751101991,-7.532817449922786e-17,0.36152383469806976
11.286000000000438,-0.7514871751101991,-1.089384418462785e-16,0.36152383469806976
11.288000000000439,-0.7514871751101991,-7.424397232674236e-17,0.36152383469806976
11.29000000000044,-0.7514871751101991,-7.446081276123946e-17,0.36152383469806976
11.29200000000044,-0.7514871751101991,-1.0481847359083358e-16,0.36152383469806976
11.294000000000441,-0.7514871751101991,-8.291758970662639e-17,0.36152383469806976
11.296000000000442,-0.7514871751101991,-5.364413104951777e-17,0.36152383469806976
11.298000000000442,-0.7514871751101991,-7.597869580271916e-17,0.36152383469806976
11.300000000000443,-0.7514871751101991,-9.787957968692635e-17,0.36152383469806976
11.302000000000444,-0.7514871751101991,-7.684605754070757e-17,0.36152383469806976
11.304000000000444,-0.7514871751101991,-1.0546899489432488e-16,0.36152383469806976
11.306000000000445,-0.7514871751101991,-9.766273925242925e-17,0.36152383469806976
11.308000000000446,-0.7514871751101991,-5.884830147744819e-17,0.36152383469806976
11.310000000000446,-0.7514871751101991,-5.125888627004966e-17,0.36152383469806976
11.312000000000447,-0.7514871751101991,-7.619553623721626e-17,0.36152383469806976
11.314000000000448,-0.7514871751101991,-9.853010099041765e-17,0.36152383469806976
11.316000000000448,-0.7514871751101991,-7.706289797520467e-17,0.36152383469806976
11.318000000000449,-0.7514871751101991,-8.226706840313509e-17,0.36152383469806976
11.32000000000045,-0.7514871751101991,-7.424397232674236e-17,0.36152383469806976
11.32200000000045,-0.7514871751101991,-7.641237667171336e-17,0.36152383469806976
11.324000000000451,-0.7514871751101991,-1.0373427141834808e-16,0.36152383469806976
11.326000000000452,-0.7514871751101991,-6.925664233330903e-17,0.36152383469806976
11.328000000000452,-0.7514871751101991,-8.812176013455681e-17,0.36152383469806976
11.330000000000453,-0.7514871751101991,-6.752191885733223e-17,0.36152383469806976
11.332000000000454,-0.7514871751101991,-1.0460163315633648e-16,0.36152383469806976
11.334000000000454,-0.7514871751101991,-8.812176013455681e-17,0.36152383469806976
11.336000000000455,-0.7514871751101991,-4.5187354104130836e-17,0.36152383469806976
11.338000000000456,-0.7514871751101991,-8.031550449266118e-17,0.36152383469806976
11.340000000000456,-0.7514871751101991,-6.687139755384093e-17,0.36152383469806976
11.342000000000457,-0.7514871751101991,-9.332593056248723e-17,0.36152383469806976
11.344000000000458,-0.7514871751101991,-8.291758970662639e-17,0.36152383469806976
11.346000000000458,-0.7514871751101991,-7.684605754070757e-17,0.36152383469806976
11.348000000000459,-0.7514871751101991,-9.766273925242925e-17,0.36152383469806976
11.35000000000046,-0.7514871751101991,-1.2498463399906396e-16,0.36152383469806976
11.35200000000046,-0.7514871751101991,-7.706289797520467e-17,0.36152383469806976
11.354000000000461,-0.7514871751101991,-9.527749447296114e-17,0.36152383469806976
11.356000000000462,-0.7514871751101991,-7.511133406473076e-17,0.36152383469806976
11.358000000000462,-0.7514871751101991,-1.0330059054935387e-16,0.36152383469806976
11.360000000000463,-0.7514871751101991,-9.202488795550463e-17,0.36152383469806976
11.362000000000464,-0.7514871751101991,-5.97156632154366e-17,0.36152383469806976
11.364000000000464,-0.7514871751101991,-6.817244016082353e-17,0.36152383469806976
11.366000000000465,-0.7514871751101991,-4.5187354104130836e-17,0.36152383469806976
11.368000000000466,-0.7514871751101991,-7.619553623721626e-17,0.36152383469806976
11.370000000000466,-0.7514871751101991,-9.961430316290316e-17,0.36152383469806976
11.372000000000467,-0.7514871751101991,-7.511133406473076e-17,0.36152383469806976
11.374000000000468,-0.7514871751101991,-1.0503531402533068e-16,0.36152383469806976
11.376000000000468,-0.7514871751101991,-1.0373427141834808e-16,0.36152383469806976
11.378000000000469,-0.7514871751101991,-9.332593056248723e-17,0.36152383469806976
11.38000000000047,-0.7514871751101991,-8.291758970662639e-17,0.36152383469806976
11.38200000000047,-0.7514871751101991,-7.684605754070757e-17,0.36152383469806976
11.384000000000471,-0.7514871751101991,-9.701221794893795e-17,0.36152383469806976
11.386000000000472,-0.7514871751101991,-9.375961143148144e-17,0.36152383469806976
11.388000000000472,-0.7514871751101991,-5.125888627004966e-17,0.36152383469806976
11.390000000000473,-0.7514871751101991,-5.4294652353009074e-17,0.36152383469806976
11.392000000000474,-0.7514871751101991,-7.424397232674236e-17,0.36152383469806976
11.394000000000474,-0.7514871751101991,-1.0633635663231329e-16,0.36152383469806976
11.396000000000475,-0.7514871751101991,-5.125888627004966e-17,0.36152383469806976
11.398000000000476,-0.7514871751101991,-5.082520540105546e-17,0.36152383469806976
11.400000000000476,-0.7514871751101991,-7.641237667171336e-17,0.36152383469806976
11.402000000000477,-0.7514871751101991,-1.0330059054935387e-16,0.36152383469806976
11.404000000000478,-0.7514871751101991,-8.37849514446148e-17,0.36152383469806976
11.406000000000478,-0.7514871751101991,-1.0113218620438287e-16,0.36152383469806976
11.408000000000479,-0.7514871751101991,-9.853010099041765e-17,0.36152383469806976
11.41000000000048,-0.7514871751101991,-5.125888627004966e-17,0.36152383469806976
11.41200000000048,-0.7514871751101991,-1.098058035842669e-16,0.36152383469806976
11.414000000000481,-0.7514871751101991,-7.619553623721626e-17,0.36152383469806976
11.416000000000482,-0.7514871751101991,-1.0720371837030169e-16,0.36152383469806976
11.418000000000482,-0.7514871751101991,-8.161654709964379e-17,0.36152383469806976
11.420000000000483,-0.7514871751101991,-6.16672271259105e-17,0.36152383469806976
11.422000000000484,-0.7514871751101991,-7.641237667171336e-17,0.36152383469806976
11.424000000000484,-0.7514871751101991,-8.291758970662639e-17,0.36152383469806976
11.426000000000485,-0.7514871751101991,-4.670523714561054e-17,0.36152383469806976
11.428000000000486,-0.7514871751101991,-7.706289797520467e-17,0.36152383469806976
11.430000000000486,-0.7514871751101991,-8.855544100355101e-17,0.36152383469806976
11.432000000000487,-0.7514871751101991,-8.335127057562059e-17,0.36152383469806976
11.434000000000488,-0.7514871751101991,-8.291758970662639e-17,0.36152383469806976
11.436000000000488,-0.7514871751101991,-5.169256713904386e-17,0.36152383469806976
11.438000000000489,-0.7514871751101991,-6.860612102981773e-17,0.36152383469806976
11.44000000000049,-0.7514871751101991,-7.424397232674236e-17,0.36152383469806976
11.44200000000049,-0.7514871751101991,-1.115405270602437e-16,0.36152383469806976
11.444000000000491,-0.7514871751101991,-6.947348276780614e-17,0.36152383469806976
11.446000000000492,-0.7514871751101991,-1.0503531402533068e-16,0.36152383469806976
11.448000000000492,-0.7514871751101991,-1.0026482446639446e-16,0.36152383469806976
11.450000000000493,-0.7514871751101991,-8.898912187254522e-17,0.36152383469806976
11.452000000000494,-0.7514871751101991,-1.0373427141834808e-16,0.36152383469806976
11.454000000000494,-0.7514871751101991,-7.684605754070757e-17,0.36152383469806976
11.456000000000495,-0.7514871751101991,-8.031550449266118e-17,0.36152383469806976
11.458000000000496,-0.7514871751101991,-6.16672271259105e-17,0.36152383469806976
11.460000000000496,-0.7514871751101991,-7.706289797520467e-17,0.36152383469806976
11.462000000000497,-0.7514871751101991,-9.375961143148144e-17,0.36152383469806976
11.464000000000498,-0.7514871751101991,-1.0416795228734228e-16,0.36152383469806976
11.466000000000498,-0.7514871751101991,-1.0720371837030169e-16,0.36152383469806976
11.4680000000005,-0.7514871751101991,-8.226706840313509e-17,0.36152383469806976
11.4700000000005,-0.7514871751101991,-3.868214106921781e-17,0.36152383469806976
11.4720000000005,-0.7514871751101991,-6.817244016082353e-17,0.36152383469806976
11.474000000000501,-0.7514871751101991,-6.860612102981773e-17,0.36152383469806976
11.476000000000502,-0.7514871751101991,-6.687139755384093e-17,0.36152383469806976
11.478000000000502,-0.7514871751101991,-7.532817449922786e-17,0.36152383469806976
11.480000000000503,-0.7514871751101991,-7.706289797520467e-17,0.36152383469806976
11.482000000000504,-0.7514871751101991,-9.549433490745824e-17,0.36152383469806976
11.484000000000504,-0.7514871751101991,-7.467765319573656e-17,0.36152383469806976
11.486000000000505,-0.7514871751101991,-1.089384418462785e-16,0.36152383469806976
11.488000000000506,-0.7514871751101991,-4.562103497312504e-17,0.36152383469806976
11.490000000000506,-0.7514871751101991,-7.684605754070757e-17,0.36152383469806976
11.492000000000507,-0.7514871751101991,-8.898912187254522e-17,0.36152383469806976
11.494000000000508,-0.7514871751101991,-9.115752621751622e-17,0.36152383469806976
11.496000000000508,-0.7514871751101991,-7.771341927869597e-17,0.36152383469806976
11.49800000000051,-0.7514871751101991,-1.0546899489432488e-16,0.36152383469806976
11.50000000000051,-0.7514871751101991,-9.939746272840606e-17,0.36152383469806976
11.50200000000051,-0.7514871751101991,-5.4294652353009074e-17,0.36152383469806976
11.504000000000511,-0.7514871751101991,-7.727973840970177e-17,0.36152383469806976
11.506000000000512,-0.7514871751101991,-8.291758970662639e-17,0.36152383469806976
11.508000000000512,-0.7514871751101991,-7.381029145774815e-17,0.36152383469806976
11.510000000000513,-0.7514871751101991,-7.424397232674236e-17,0.36152383469806976
11.512000000000514,-0.7514871751101991,-7.077452537478874e-17,0.36152383469806976
11.514000000000514,-0.7514871751101991,-8.291758970662639e-17,0.36152383469806976
11.516000000000515,-0.7514871751101991,-7.641237667171336e-17,0.36152383469806976
11.518000000000516,-0.7514871751101991,-8.898912187254522e-17,0.36152383469806976
11.520000000000516,-0.7514871751101991,-8.205022796863799e-17,0.36152383469806976
11.522000000000517,-0.7514871751101991,-7.771341927869597e-17,0.36152383469806976
11.524000000000518,-0.7514871751101991,-1.0373427141834808e-16,0.36152383469806976
11.526000000000518,-0.7514871751101991,-9.289224969349303e-17,0.36152383469806976
11.52800000000052,-0.7514871751101991,-9.896378185941186e-17,0.36152383469806976
11.53000000000052,-0.7514871751101991,-4.822312018709025e-17,0.36152383469806976
11.53200000000052,-0.7514871751101991,-1.0156586707337707e-16,0.36152383469806976
11.534000000000521,-0.7514871751101991,-1.0416795228734228e-16,0.36152383469806976
11.536000000000522,-0.7514871751101991,-8.291758970662639e-17,0.36152383469806976
11.538000000000523,-0.7514871751101991,-5.342729061502067e-17,0.36152383469806976
11.540000000000523,-0.7514871751101991,-7.684605754070757e-17,0.36152383469806976
11.542000000000524,-0.7514871751101991,-1.1631101661917993e-16,0.36152383469806976
11.544000000000525,-0.7514871751101991,-1.0590267576331908e-16,0.36152383469806976
11.546000000000525,-0.7514871751101991,-4.648839671111344e-17,0.36152383469806976
11.548000000000526,-0.7514871751101991,-5.364413104951777e-17,0.36152383469806976
11.550000000000527,-0.7514871751101991,-5.386097148401487e-17,0.36152383469806976
11.552000000000527,-0.7514871751101991,-9.787957968692635e-17,0.36152383469806976
11.554000000000528,-0.7514871751101991,-8.291758970662639e-17,0.36152383469806976
11.556000000000529,-0.7514871751101991,-7.381029145774815e-17,0.36152383469806976
11.55800000000053,-0.7514871751101991,-6.903980189881193e-17,0.36152383469806976
11.56000000000053,-0.7514871751101991,-6.925664233330903e-17,0.36152383469806976
11.56200000000053,-0.7514871751101991,-7.641237667171336e-17,0.36152383469806976
11.564000000000531,-0.7514871751101991,-8.205022796863799e-17,0.36152383469806976
11.566000000000532,-0.7514871751101991,-4.605471584211924e-17,0.36152383469806976
11.568000000000533,-0.7514871751101991,-7.467765319573656e-17,0.36152383469806976
11.570000000000533,-0.7514871751101991,-8.335127057562059e-17,0.36152383469806976
11.572000000000534,-0.7514871751101991,-9.983114359740026e-17,0.36152383469806976
11.574000000000535,-0.7514871751101991,-7.424397232674236e-17,0.36152383469806976
11.576000000000535,-0.7514871751101991,-8.226706840313509e-17,0.36152383469806976
11.578000000000536,-0.7514871751101991,-7.684605754070757e-17,0.36152383469806976
11.580000000000537,-0.7514871751101991,-9.766273925242925e-17,0.36152383469806976
11.582000000000537,-0.7514871751101991,-9.983114359740026e-17,0.36152383469806976
11.584000000000538,-0.7514871751101991,-8.855544100355101e-17,0.36152383469806976
11.586000000000539,-0.7514871751101991,-1.0503531402533068e-16,0.36152383469806976
11.58800000000054,-0.7514871751101991,-9.766273925242925e-17,0.36152383469806976
11.59000000000054,-0.7514871751101991,-5.386097148401487e-17,0.36152383469806976
11.59200000000054,-0.7514871751101991,-5.386097148401487e-17,0.36152383469806976
11.594000000000541,-0.7514871751101991,-7.554501493372496e-17,0.36152383469806976
11.596000000000542,-0.7514871751101991,-7.446081276123946e-17,0.36152383469806976
11.598000000000543,-0.7514871751101991,-8.335127057562059e-17,0.36152383469806976
11.600000000000543,-0.7514871751101991,-9.853010099041765e-17,0.36152383469806976
11.602000000000544,-0.7514871751101991,-8.291758970662639e-17,0.36152383469806976
11.604000000000545,-0.7514871751101991,-7.381029145774815e-17,0.36152383469806976
11.606000000000545,-0.7514871751101991,-7.446081276123946e-17,0.36152383469806976
11.608000000000546,-0.7514871751101991,-8.248390883763219e-17,0.36152383469806976
11.610000000000547,-0.7514871751101991,-6.773875929182933e-17,0.36152383469806976
11.612000000000547,-0.7514871751101991,-9.961430316290316e-17,0.36152383469806976
11.614000000000548,-0.7514871751101991,-7.706289797520467e-17,0.36152383469806976
11.616000000000549,-0.7514871751101991,-1.0330059054935387e-16,0.36152383469806976
11.61800000000055,-0.7514871751101991,-6.730507842283513e-17,0.36152383469806976
11.62000000000055,-0.7514871751101991,-7.619553623721626e-17,0.36152383469806976
11.62200000000055,-0.7514871751101991,-9.787957968692635e-17,0.36152383469806976
11.624000000000551,-0.7514871751101991,-8.291758970662639e-17,0.36152383469806976
11.626000000000552,-0.7514871751101991,-5.364413104951777e-17,0.36152383469806976
11.628000000000553,-0.7514871751101991,-8.335127057562059e-17,0.36152383469806976
11.630000000000553,-0.7514871751101991,-1.0373427141834808e-16,0.36152383469806976
11.632000000000554,-0.7514871751101991,-6.752191885733223e-17,0.36152383469806976
11.634000000000555,-0.7514871751101991,-9.853010099041765e-17,0.36152383469806976
11.636000000000555,-0.7514871751101991,-6.730507842283513e-17,0.36152383469806976
11.638000000000556,-0.7514871751101991,-7.511133406473076e-17,0.36152383469806976
11.640000000000557,-0.7514871751101991,-7.706289797520467e-17,0.36152383469806976
11.642000000000557,-0.7514871751101991,-9.527749447296114e-17,0.36152383469806976
11.644000000000558,-0.7514871751101991,-7.467765319573656e-17,0.36152383469806976
11.646000000000559,-0.7514871751101991,-9.809642012142345e-17,0.36152383469806976
11.64800000000056,-0.7514871751101991,-9.983114359740026e-17,0.36152383469806976
11.65000000000056,-0.7514871751101991,-8.291758970662639e-17,0.36152383469806976
11.65200000000056,-0.7514871751101991,-5.342729061502067e-17,0.36152383469806976
11.654000000000561,-0.7514871751101991,-7.684605754070757e-17,0.36152383469806976
11.656000000000562,-0.7514871751101991,-1.0742055880479879e-16,0.36152383469806976
11.658000000000563,-0.7514871751101991,-7.120820624378294e-17,0.36152383469806976
11.660000000000563,-0.7514871751101991,-1.2303307008859005e-16,0.36152383469806976
11.662000000000564,-0.7514871751101991,-5.99325036499337e-17,0.36152383469806976
11.664000000000565,-0.7514871751101991,-5.4294652353009074e-17,0.36152383469806976
11.666000000000565,-0.7514871751101991,-5.364413104951777e-17,0.36152383469806976
11.668000000000566,-0.7514871751101991,-7.684605754070757e-17,0.36152383469806976
11.670000000000567,-0.7514871751101991,-8.226706840313509e-17,0.36152383469806976
11.672000000000567,-0.7514871751101991,-6.947348276780614e-17,0.36152383469806976
11.674000000000568,-0.7514871751101991,-8.291758970662639e-17,0.36152383469806976
11.676000000000569,-0.7514871751101991,-7.727973840970177e-17,0.36152383469806976
11.67800000000057,-0.7514871751101991,-1.0546899489432488e-16,0.36152383469806976
11.68000000000057,-0.7514871751101991,-8.898912187254522e-17,0.36152383469806976
11.68200000000057,-0.7514871751101991,-8.161654709964379e-17,0.36152383469806976
11.684000000000571,-0.7514871751101991,-4.5187354104130836e-17,0.36152383469806976
11.686000000000572,-0.7514871751101991,-7.641237667171336e-17,0.36152383469806976
11.688000000000573,-0.7514871751101991,-8.37849514446148e-17,0.36152383469806976
11.690000000000573,-0.7514871751101991,-1.0026482446639446e-16,0.36152383469806976
11.692000000000574,-0.7514871751101991,-8.161654709964379e-17,0.36152383469806976
11.694000000000575,-0.7514871751101991,-6.730507842283513e-17,0.36152383469806976
11.696000000000575,-0.7514871751101991,-5.97156632154366e-17,0.36152383469806976
11.698000000000576,-0.7514871751101991,-7.164188711277714e-17,0.36152383469806976
11.700000000000577,-0.7514871751101991,-1.091552822807756e-16,0.36152383469806976
11.702000000000577,-0.7514871751101991,-9.983114359740026e-17,0.36152383469806976
11.704000000000578,-0.7514871751101991,-7.467765319573656e-17,0.36152383469806976
11.706000000000579,-0.7514871751101991,-7.424397232674236e-17,0.36152383469806976
11.70800000000058,-0.7514871751101991,-5.039152453206126e-17,0.36152383469806976
11.71000000000058,-0.7514871751101991,-1.2238254878509875e-16,0.36152383469806976
11.71200000000058,-0.7514871751101991,-8.291758970662639e-17,0.36152383469806976
11.714000000000581,-0.7514871751101991,-7.641237667171336e-17,0.36152383469806976
11.716000000000582,-0.7514871751101991,-7.641237667171336e-17,0.36152383469806976
11.718000000000583,-0.7514871751101991,-9.939746272840606e-17,0.36152383469806976
11.720000000000583,-0.7514871751101991,-5.342729061502067e-17,0.36152383469806976
11.722000000000584,-0.7514871751101991,-8.855544100355101e-17,0.36152383469806976
11.724000000000585,-0.7514871751101991,-1.085047609772843e-16,0.36152383469806976
11.726000000000585,-0.7514871751101991,-4.4753673235136635e-17,0.36152383469806976
11.728000000000586,-0.7514871751101991,-9.787957968692635e-17,0.36152383469806976
11.730000000000587,-0.7514871751101991,-1.0026482446639446e-16,0.36152383469806976
11.732000000000587,-0.7514871751101991,-1.0026482446639446e-16,0.36152383469806976
11.734000000000588,-0.7514871751101991,-6.947348276780614e-17,0.36152383469806976
11.736000000000589,-0.7514871751101991,-5.299360974602647e-17,0.36152383469806976
11.73800000000059,-0.7514871751101991,-1.0460163315633648e-16,0.36152383469806976
11.74000000000059,-0.7514871751101991,-9.983114359740026e-17,0.36152383469806976
11.74200000000059,-0.7514871751101991,-5.125888627004966e-17,0.36152383469806976
11.744000000000591,-0.7514871751101991,-4.5187354104130836e-17,0.36152383469806976
11.746000000000592,-0.7514871751101991,-6.925664233330903e-17,0.36152383469806976
11.748000000000593,-0.7514871751101991,-1.0633635663231329e-16,0.36152383469806976
11.750000000000593,-0.7514871751101991,-5.082520540105546e-17,0.36152383469806976
11.752000000000594,-0.7514871751101991,-8.291758970662639e-17,0.36152383469806976
11.754000000000595,-0.7514871751101991,-7.727973840970177e-17,0.36152383469806976
11.756000000000595,-0.7514871751101991,-9.787957968692635e-17,0.36152383469806976
11.758000000000596,-0.7514871751101991,-1.0156586707337707e-16,0.36152383469806976
11.760000000000597,-0.7514871751101991,-7.706289797520467e-17,0.36152383469806976
11.762000000000597,-0.7514871751101991,-7.684605754070757e-17,0.36152383469806976
11.764000000000598,-0.7514871751101991,-7.381029145774815e-17,0.36152383469806976
11.766000000000599,-0.7514871751101991,-7.727973840970177e-17,0.36152383469806976
11.7680000000006,-0.7514871751101991,-1.0590267576331908e-16,0.36152383469806976
11.7700000000006,-0.7514871751101991,-5.125888627004966e-17,0.36152383469806976
11.7720000000006,-0.7514871751101991,-7.641237667171336e-17,0.36152383469806976
11.774000000000601,-0.7514871751101991,-9.787957968692635e-17,0.36152383469806976
11.776000000000602,-0.7514871751101991,-8.855544100355101e-17,0.36152383469806976
11.778000000000603,-0.7514871751101991,-8.898912187254522e-17,0.36152383469806976
11.780000000000603,-0.7514871751101991,-1.0546899489432488e-16,0.36152383469806976
11.782000000000604,-0.7514871751101991,-1.0373427141834808e-16,0.36152383469806976
11.784000000000605,-0.7514871751101991,-7.727973840970177e-17,0.36152383469806976
11.786000000000605,-0.7514871751101991,-7.684605754070757e-17,0.36152383469806976
11.788000000000606,-0.7514871751101991,-9.527749447296114e-17,0.36152383469806976
11.790000000000607,-0.7514871751101991,-3.7814779331229406e-17,0.36152383469806976
11.792000000000607,-0.7514871751101991,-8.812176013455681e-17,0.36152383469806976
11.794000000000608,-0.7514871751101991,-6.730507842283513e-17,0.36152383469806976
11.796000000000609,-0.7514871751101991,-7.424397232674236e-17,0.36152383469806976
11.79800000000061,-0.7514871751101991,-7.511133406473076e-17,0.36152383469806976
11.80000000000061,-0.7514871751101991,-7.684605754070757e-17,0.36152383469806976
11.80200000000061,-0.7514871751101991,-1.0026482446639446e-16,0.36152383469806976
11.804000000000611,-0.7514871751101991,-6.990716363680034e-17,0.36152383469806976
11.806000000000612,-0.7514871751101991,-8.898912187254522e-17,0.36152383469806976
11.808000000000613,-0.7514871751101991,-8.855544100355101e-17,0.36152383469806976
11.810000000000613,-0.7514871751101991,-8.768807926556261e-17,0.36152383469806976
11.812000000000614,-0.7514871751101991,-6.687139755384093e-17,0.36152383469806976
11.814000000000615,-0.7514871751101991,-6.990716363680034e-17,0.36152383469806976
11.816000000000615,-0.7514871751101991,-9.983114359740026e-17,0.36152383469806976
11.818000000000616,-0.7514871751101991,-7.424397232674236e-17,0.36152383469806976
11.820000000000617,-0.7514871751101991,-7.684605754070757e-17,0.36152383469806976
11.822000000000617,-0.7514871751101991,-8.205022796863799e-17,0.36152383469806976
11.824000000000618,-0.7514871751101991,-1.2715303834403497e-16,0.36152383469806976
11.826000000000619,-0.7514871751101991,-7.511133406473076e-17,0.36152383469806976
11.82800000000062,-0.7514871751101991,-8.074918536165538e-17,0.36152383469806976
11.83000000000062,-0.7514871751101991,-6.860612102981773e-17,0.36152383469806976
11.83200000000062,-0.7514871751101991,-6.925664233330903e-17,0.36152383469806976
11.834000000000621,-0.7514871751101991,-6.643771668484672e-17,0.36152383469806976
11.836000000000622,-0.7514871751101991,-6.990716363680034e-17,0.36152383469806976
11.838000000000623,-0.7514871751101991,-8.248390883763219e-17,0.36152383469806976
11.840000000000623,-0.7514871751101991,-7.381029145774815e-17,0.36152383469806976
11.842000000000624,-0.7514871751101991,-7.706289797520467e-17,0.36152383469806976
11.844000000000625,-0.7514871751101991,-9.853010099041765e-17,0.36152383469806976
11.846000000000625,-0.7514871751101991,-8.248390883763219e-17,0.36152383469806976
11.848000000000626,-0.7514871751101991,-7.446081276123946e-17,0.36152383469806976
11.850000000000627,-0.7514871751101991,-1.0026482446639446e-16,0.36152383469806976
11.852000000000627,-0.7514871751101991,-6.990716363680034e-17,0.36152383469806976
11.854000000000628,-0.7514871751101991,-1.115405270602437e-16,0.36152383469806976
11.856000000000629,-0.7514871751101991,-5.97156632154366e-17,0.36152383469806976
11.85800000000063,-0.7514871751101991,-4.822312018709025e-17,0.36152383469806976
11.86000000000063,-0.7514871751101991,-1.0720371837030169e-16,0.36152383469806976
11.86200000000063,-0.7514871751101991,-1.0373427141834808e-16,0.36152383469806976
11.864000000000631,-0.7514871751101991,-7.012400407129744e-17,0.36152383469806976
11.866000000000632,-0.7514871751101991,-8.248390883763219e-17,0.36152383469806976
11.868000000000633,-0.7514871751101991,-7.424397232674236e-17,0.36152383469806976
11.870000000000633,-0.7514871751101991,-6.687139755384093e-17,0.36152383469806976
11.872000000000634,-0.7514871751101991,-7.554501493372496e-17,0.36152383469806976
11.874000000000635,-0.7514871751101991,-8.291758970662639e-17,0.36152383469806976
11.876000000000635,-0.7514871751101991,-7.077452537478874e-17,0.36152383469806976
11.878000000000636,-0.7514871751101991,-9.289224969349303e-17,0.36152383469806976
11.880000000000637,-0.7514871751101991,-9.874694142491476e-17,0.36152383469806976
11.882000000000637,-0.7514871751101991,-8.031550449266118e-17,0.36152383469806976
11.884000000000638,-0.7514871751101991,-6.16672271259105e-17,0.36152383469806976
11.886000000000639,-0.7514871751101991,-7.727973840970177e-17,0.36152383469806976
11.88800000000064,-0.7514871751101991,-1.0590267576331908e-16,0.36152383469806976
11.89000000000064,-0.7514871751101991,-6.990716363680034e-17,0.36152383469806976
11.89200000000064,-0.7514871751101991,-1.0546899489432488e-16,0.36152383469806976
11.894000000000641,-0.7514871751101991,-1.0373427141834808e-16,0.36152383469806976
11.896000000000642,-0.7514871751101991,-6.990716363680034e-17,0.36152383469806976
11.898000000000643,-0.7514871751101991,-5.082520540105546e-17,0.36152383469806976
11.900000000000643,-0.7514871751101991,-1.0633635663231329e-16,0.36152383469806976
11.902000000000644,-0.7514871751101991,-5.169256713904386e-17,0.36152383469806976
11.904000000000645,-0.7514871751101991,-6.860612102981773e-17,0.36152383469806976
11.906000000000645,-0.7514871751101991,-5.082520540105546e-17,0.36152383469806976
11.908000000000646,-0.7514871751101991,-8.291758970662639e-17,0.36152383469806976
11.910000000000647,-0.7514871751101991,-7.511133406473076e-17,0.36152383469806976
11.912000000000647,-0.7514871751101991,-1.0546899489432488e-16,0.36152383469806976
11.914000000000648,-0.7514871751101991,-1.1717837835716833e-16,0.36152383469806976
11.916000000000649,-0.7514871751101991,-1.0633635663231329e-16,0.36152383469806976
11.91800000000065,-0.7514871751101991,-5.364413104951777e-17,0.36152383469806976
11.92000000000065,-0.7514871751101991,-5.364413104951777e-17,0.36152383469806976
11.92200000000065,-0.7514871751101991,-7.424397232674236e-17,0.36152383469806976
11.924000000000651,-0.7514871751101991,-7.619553623721626e-17,0.36152383469806976
11.926000000000652,-0.7514871751101991,-1.0373427141834808e-16,0.36152383469806976
11.928000000000653,-0.7514871751101991,-5.4511492787506175e-17,0.36152383469806976
11.930000000000653,-0.7514871751101991,-7.684605754070757e-17,0.36152383469806976
11.932000000000654,-0.7514871751101991,-1.111068461912495e-16,0.36152383469806976
11.934000000000655,-0.7514871751101991,-1.115405270602437e-16,0.36152383469806976
11.936000000000655,-0.7514871751101991,-6.903980189881193e-17,0.36152383469806976
11.938000000000656,-0.7514871751101991,-7.554501493372496e-17,0.36152383469806976
11.940000000000657,-0.7514871751101991,-9.722905838343505e-17,0.36152383469806976
11.942000000000657,-0.7514871751101991,-8.226706840313509e-17,0.36152383469806976
11.944000000000658,-0.7514871751101991,-6.730507842283513e-17,0.36152383469806976
11.946000000000659,-0.7514871751101991,-7.641237667171336e-17,0.36152383469806976
11.94800000000066,-0.7514871751101991,-1.0503531402533068e-16,0.36152383469806976
11.95000000000066,-0.7514871751101991,-9.289224969349303e-17,0.36152383469806976
11.95200000000066,-0.7514871751101991,-9.701221794893795e-17,0.36152383469806976
11.954000000000661,-0.7514871751101991,-4.562103497312504e-17,0.36152383469806976
11.956000000000662,-0.7514871751101991,-7.424397232674236e-17,0.36152383469806976
11.958000000000663,-0.7514871751101991,-1.0590267576331908e-16,0.36152383469806976
11.960000000000663,-0.7514871751101991,-6.730507842283513e-17,0.36152383469806976
11.962000000000664,-0.7514871751101991,-7.446081276123946e-17,0.36152383469806976
11.964000000000665,-0.7514871751101991,-8.291758970662639e-17,0.36152383469806976
11.966000000000665,-0.7514871751101991,-5.1909407573540964e-17,0.36152383469806976
11.968000000000666,-0.7514871751101991,-1.0373427141834808e-16,0.36152383469806976
11.970000000000667,-0.7514871751101991,-5.906514191194529e-17,0.36152383469806976
11.972000000000667,-0.7514871751101991,-7.467765319573656e-17,0.36152383469806976
11.974000000000668,-0.7514871751101991,-8.291758970662639e-17,0.36152383469806976
11.976000000000669,-0.7514871751101991,-6.925664233330903e-17,0.36152383469806976
11.97800000000067,-0.7514871751101991,-1.0633635663231329e-16,0.36152383469806976
11.98000000000067,-0.7514871751101991,-5.342729061502067e-17,0.36152383469806976
11.98200000000067,-0.7514871751101991,-1.089384418462785e-16,0.36152383469806976
11.984000000000671,-0.7514871751101991,-5.082520540105546e-17,0.36152383469806976
11.986000000000672,-0.7514871751101991,-7.467765319573656e-17,0.36152383469806976
11.988000000000673,-0.7514871751101991,-7.684605754070757e-17,0.36152383469806976
11.990000000000673,-0.7514871751101991,-1.106731653222553e-16,0.36152383469806976
11.992000000000674,-0.7514871751101991,-9.983114359740026e-17,0.36152383469806976
11.994000000000675,-0.7514871751101991,-7.706289797520467e-17,0.36152383469806976
11.996000000000675,-0.7514871751101991,-1.0330059054935387e-16,0.36152383469806976
11.998000000000676,-0.7514871751101991,-6.947348276780614e-17,0.36152383469806976
12.000000000000677,-0.7514871751101991,-7.706289797520467e-17,0.36152383469806976
