time_s,Fx_N,Fy_N,Fz_N
0.002,0.0,0.0,0.0
0.004,0.0,0.0,0.0
0.006,0.0,0.0,0.0
0.008,0.0,0.0,0.0
0.01,0.0,0.0,0.0
0.012,0.0,0.0,0.0
0.014,0.0,0.0,0.0
0.016,2.5948750592714754e-16,0.000211438615758732,-1.0299920638612292e-18
0.018000000000000002,3.9781311865751097e-16,0.015038266603439035,-1.0885389811754465e-16
0.020000000000000004,0.0,0.0,0.0
0.022000000000000006,0.0,0.0,0.0
0.024000000000000007,0.0,0.0,0.0
0.02600000000000001,4.537066233011402e-16,-0.003350531952026205,1.3900521962502476e-10
0.02800000000000001,6.628864354144742e-16,-0.0027675351732180634,2.655446660391236e-10
0.030000000000000013,1.0705396444927718e-16,-0.0022809424247434043,3.8990407188790254e-10
0.032000000000000015,-1.1392714974202886e-15,-0.0018744115331633922,5.105548854074402e-10
0.034000000000000016,-6.188051688855838e-16,-0.0015342341423073842,6.190834589660472e-10
0.03600000000000002,6.544332692404783e-16,-0.0012490892734321496,7.017797837012756e-10
0.03800000000000002,-1.4924025529384419e-15,-0.0010103343703368223,7.572625819825054e-10
0.04000000000000002,-1.6626917448143768e-15,-0.0008107822422761121,7.879433001444847e-10
0.04200000000000002,-2.7832981655022243e-16,-0.0006443586555185113,7.975251777993421e-10
0.044000000000000025,-4.140511441811823e-16,-0.0005059134256691148,7.900260943846119e-10
0.04600000000000003,-1.7757460411448567e-15,-0.0003910762785337013,7.692854316797671e-10
0.04800000000000003,1.3275587401005314e-16,-0.00029613961160857363,7.387597619121202e-10
0.05000000000000003,-9.16292512740263e-16,-0.00021795974321748817,7.014497951901931e-10
0.05200000000000003,-1.401880024858421e-15,-0.00015387253880830038,6.598708473048688e-10
0.054000000000000034,-3.75828408768887e-18,-0.00010162112749332216,6.16079689887299e-10
0.056000000000000036,-1.308994649612195e-15,-5.929413246812225e-05,5.716909901692508e-10
0.05800000000000004,-3.4592214767476436e-16,-2.5287036830269903e-05,5.281600001214989e-10
0.06000000000000004,0.0,0.0,0.0
0.06200000000000004,0.0,0.0,0.0
0.06400000000000004,0.0,0.0,0.0
0.06600000000000004,0.0,0.0,0.0
0.06800000000000005,0.0,0.0,0.0
0.07000000000000005,0.0,0.0,0.0
0.07200000000000005,0.0,0.0,0.0
0.07400000000000005,0.0,0.0,0.0
0.07600000000000005,0.0,0.0,0.0
0.07800000000000006,0.0,0.0,0.0
0.08000000000000006,0.0,0.0,0.0
0.08200000000000006,0.0,0.0,0.0
0.08400000000000006,0.0,0.0,0.0
0.08600000000000006,0.0,0.0,0.0
0.08800000000000006,0.0,0.0,0.0
0.09000000000000007,0.0,0.0,0.0
0.09200000000000007,0.0,0.0,0.0
0.09400000000000007,0.0,0.0,0.0
0.09600000000000007,0.0,0.0,0.0
0.09800000000000007,0.0,0.0,0.0
0.10000000000000007,0.0,0.0,0.0
0.10200000000000008,0.0,0.0,0.0
0.10400000000000008,0.0,0.0,0.0
0.10600000000000008,0.0,0.0,0.0
0.10800000000000008,0.0,0.0,0.0
0.11000000000000008,0.0,0.0,0.0
0.11200000000000009,0.0,0.0,0.0
0.11400000000000009,0.0,0.0,0.0
0.11600000000000009,0.0,0.0,0.0
0.11800000000000009,0.0,0.0,0.0
0.12000000000000009,0.0,0.0,0.0
0.1220000000000001,0.0,0.0,0.0
0.1240000000000001,0.0,0.0,0.0
0.12600000000000008,0.0,0.0,0.0
0.12800000000000009,0.0,0.0,0.0
0.1300000000000001,0.0,0.0,0.0
0.1320000000000001,0.0,0.0,0.0
0.1340000000000001,0.0,0.0,0.0
0.1360000000000001,0.0,0.0,0.0
0.1380000000000001,0.0,0.0,0.0
0.1400000000000001,0.0,0.0,0.0
0.1420000000000001,0.0,0.0,0.0
0.1440000000000001,0.0,0.0,0.0
0.1460000000000001,0.0,0.0,0.0
0.1480000000000001,0.0,0.0,0.0
0.1500000000000001,0.0,0.0,0.0
0.1520000000000001,0.0,0.0,0.0
0.1540000000000001,0.0,0.0,0.0
0.1560000000000001,0.0,0.0,0.0
0.1580000000000001,0.0,0.0,0.0
0.16000000000000011,0.0,0.0,0.0
0.16200000000000012,0.0,0.0,0.0
0.16400000000000012,0.0,0.0,0.0
0.16600000000000012,0.0,0.0,0.0
0.16800000000000012,0.0,0.0,0.0
0.17000000000000012,0.0,0.0,0.0
0.17200000000000013,0.0,0.0,0.0
0.17400000000000013,0.0,0.0,0.0
0.17600000000000013,0.0,0.0,0.0
0.17800000000000013,0.0,0.0,0.0
0.18000000000000013,0.0,0.0,0.0
0.18200000000000013,0.0,0.0,0.0
0.18400000000000014,0.0,0.0,0.0
0.18600000000000014,0.0,0.0,0.0
0.18800000000000014,0.0,0.0,0.0
0.19000000000000014,0.0,0.0,0.0
0.19200000000000014,0.0,0.0,0.0
0.19400000000000014,0.0,0.0,0.0
0.19600000000000015,0.0,0.0,0.0
0.19800000000000015,0.0,0.0,0.0
0.20000000000000015,0.0,0.0,0.0
0.20200000000000015,0.0,0.0,0.0
0.20400000000000015,0.0,0.0,0.0
0.20600000000000016,0.0,0.0,0.0
0.20800000000000016,0.0,0.0,0.0
0.21000000000000016,0.0,0.0,0.0
0.21200000000000016,0.0,0.0,0.0
0.21400000000000016,0.0,0.0,0.0
0.21600000000000016,0.0,0.0,0.0
0.21800000000000017,0.0,0.0,0.0
0.22000000000000017,0.0,0.0,0.0
0.22200000000000017,0.0,0.0,0.0
0.22400000000000017,0.0,0.0,0.0
0.22600000000000017,0.0,0.0,0.0
0.22800000000000017,0.0,0.0,0.0
0.23000000000000018,0.0,0.0,0.0
0.23200000000000018,0.0,0.0,0.0
0.23400000000000018,0.0,0.0,0.0
0.23600000000000018,0.0,0.0,0.0
0.23800000000000018,0.0,0.0,0.0
0.24000000000000019,0.0,0.0,0.0
0.2420000000000002,0.0,0.0,0.0
0.2440000000000002,0.0,0.0,0.0
0.2460000000000002,0.0,0.0,0.0
0.2480000000000002,0.0,0.0,0.0
0.25000000000000017,0.0,0.0,0.0
0.25200000000000017,0.0,0.0,0.0
0.25400000000000017,0.0,0.0,0.0
0.25600000000000017,0.0,0.0,0.0
0.2580000000000002,0.0,0.0,0.0
0.2600000000000002,0.0,0.0,0.0
0.2620000000000002,0.0,0.0,0.0
0.2640000000000002,0.0,0.0,0.0
0.2660000000000002,0.0,0.0,0.0
0.2680000000000002,0.0,0.0,0.0
0.2700000000000002,0.0,0.0,0.0
0.2720000000000002,0.0,0.0,0.0
0.2740000000000002,0.0,0.0,0.0
0.2760000000000002,0.0,0.0,0.0
0.2780000000000002,0.0,0.0,0.0
0.2800000000000002,0.0,0.0,0.0
0.2820000000000002,0.0,0.0,0.0
0.2840000000000002,0.0,0.0,0.0
0.2860000000000002,0.0,0.0,0.0
0.2880000000000002,0.0,0.0,0.0
0.2900000000000002,0.0,0.0,0.0
0.2920000000000002,0.0,0.0,0.0
0.2940000000000002,0.0,0.0,0.0
0.2960000000000002,0.0,0.0,0.0
0.2980000000000002,0.0,0.0,0.0
0.3000000000000002,0.0,0.0,0.0
0.3020000000000002,0.0,0.0,0.0
0.3040000000000002,0.0,0.0,0.0
0.3060000000000002,0.0,0.0,0.0
0.3080000000000002,0.0,0.0,0.0
0.3100000000000002,0.0,0.0,0.0
0.3120000000000002,0.0,0.0,0.0
0.3140000000000002,0.0,0.0,0.0
0.3160000000000002,0.0,0.0,0.0
0.3180000000000002,0.0,0.0,0.0
0.32000000000000023,0.0,0.0,0.0
0.32200000000000023,0.0,0.0,0.0
0.32400000000000023,0.0,0.0,0.0
0.32600000000000023,0.0,0.0,0.0
0.32800000000000024,0.0,0.0,0.0
0.33000000000000024,0.0,0.0,0.0
0.33200000000000024,0.0,0.0,0.0
0.33400000000000024,0.0,0.0,0.0
0.33600000000000024,0.0,0.0,0.0
0.33800000000000024,0.0,0.0,0.0
0.34000000000000025,0.0,0.0,0.0
0.34200000000000025,0.0,0.0,0.0
0.34400000000000025,0.0,0.0,0.0
0.34600000000000025,0.0,0.0,0.0
0.34800000000000025,0.0,0.0,0.0
0.35000000000000026,0.0,0.0,0.0
0.35200000000000026,0.0,0.0,0.0
0.35400000000000026,0.0,0.0,0.0
0.35600000000000026,0.0,0.0,0.0
0.35800000000000026,0.0,0.0,0.0
0.36000000000000026,0.0,0.0,0.0
0.36200000000000027,0.0,0.0,0.0
0.36400000000000027,0.0,0.0,0.0
0.36600000000000027,0.0,0.0,0.0
0.36800000000000027,0.0,0.0,0.0
0.3700000000000003,0.0,0.0,0.0
0.3720000000000003,0.0,0.0,0.0
0.3740000000000003,0.0,0.0,0.0
0.3760000000000003,0.0,0.0,0.0
0.3780000000000003,0.0,0.0,0.0
0.3800000000000003,0.0,0.0,0.0
0.3820000000000003,0.0,0.0,0.0
0.3840000000000003,0.0,0.0,0.0
0.3860000000000003,0.0,0.0,0.0
0.3880000000000003,0.0,0.0,0.0
0.3900000000000003,0.0,0.0,0.0
0.3920000000000003,0.0,0.0,0.0
0.3940000000000003,0.0,0.0,0.0
0.3960000000000003,0.0,0.0,0.0
0.3980000000000003,0.0,0.0,0.0
0.4000000000000003,0.0,0.0,0.0
0.4020000000000003,0.0,0.0,0.0
0.4040000000000003,0.0,0.0,0.0
0.4060000000000003,0.0,0.0,0.0
0.4080000000000003,0.0,0.0,0.0
0.4100000000000003,0.0,0.0,0.0
0.4120000000000003,0.0,0.0,0.0
0.4140000000000003,0.0,0.0,0.0
0.4160000000000003,0.0,0.0,0.0
0.4180000000000003,0.0,0.0,0.0
0.4200000000000003,0.0,0.0,0.0
0.4220000000000003,0.0,0.0,0.0
0.4240000000000003,0.0,0.0,0.0
0.4260000000000003,0.0,0.0,0.0
0.4280000000000003,0.0,0.0,0.0
0.4300000000000003,0.0,0.0,0.0
0.43200000000000033,0.0,0.0,0.0
0.43400000000000033,0.0,0.0,0.0
0.43600000000000033,0.0,0.0,0.0
0.43800000000000033,0.0,0.0,0.0
0.44000000000000034,0.0,0.0,0.0
0.44200000000000034,0.0,0.0,0.0
0.44400000000000034,0.0,0.0,0.0
0.44600000000000034,0.0,0.0,0.0
0.44800000000000034,0.0,0.0,0.0
0.45000000000000034,0.0,0.0,0.0
0.45200000000000035,0.0,0.0,0.0
0.45400000000000035,0.0,0.0,0.0
0.45600000000000035,0.0,0.0,0.0
0.45800000000000035,0.0,0.0,0.0
0.46000000000000035,0.0,0.0,0.0
0.46200000000000035,0.0,0.0,0.0
0.46400000000000036,0.0,0.0,0.0
0.46600000000000036,0.0,0.0,0.0
0.46800000000000036,0.0,0.0,0.0
0.47000000000000036,0.0,0.0,0.0
0.47200000000000036,0.0,0.0,0.0
0.47400000000000037,0.0,0.0,0.0
0.47600000000000037,0.0,0.0,0.0
0.47800000000000037,0.0,0.0,0.0
0.48000000000000037,0.0,0.0,0.0
0.4820000000000004,0.0,0.0,0.0
0.4840000000000004,0.0,0.0,0.0
0.4860000000000004,0.0,0.0,0.0
0.4880000000000004,0.0,0.0,0.0
0.4900000000000004,0.0,0.0,0.0
0.4920000000000004,0.0,0.0,0.0
0.4940000000000004,0.0,0.0,0.0
0.4960000000000004,0.0,0.0,0.0
0.4980000000000004,0.0,0.0,0.0
0.5000000000000003,0.0,0.0,0.0
0.5020000000000003,0.0,0.0,0.0
0.5040000000000003,0.0,0.0,0.0
0.5060000000000003,0.0,0.0,0.0
0.5080000000000003,0.0,0.0,0.0
0.5100000000000003,0.0,0.0,0.0
0.5120000000000003,0.0,0.0,0.0
0.5140000000000003,0.0,0.0,0.0
0.5160000000000003,0.0,0.0,0.0
0.5180000000000003,0.0,0.0,0.0
0.5200000000000004,0.0,0.0,0.0
0.5220000000000004,0.0,0.0,0.0
0.5240000000000004,0.0,0.0,0.0
0.5260000000000004,0.0,0.0,0.0
0.5280000000000004,0.0,0.0,0.0
0.5300000000000004,0.0,0.0,0.0
0.5320000000000004,0.0,0.0,0.0
0.5340000000000004,0.0,0.0,0.0
0.5360000000000004,0.0,0.0,0.0
0.5380000000000004,-1.7255767435049925e-15,-0.012029509828155746,2.0339272035705067e-15
0.5400000000000004,1.9458266683440942e-16,-0.02094768076200612,5.194773313503201e-15
0.5420000000000004,-3.5595641007149843e-16,-0.028629651100959636,7.37841337249309e-15
0.5440000000000004,-4.0534882510036064e-16,-0.03210191009515492,8.222807071632317e-15
0.5460000000000004,-6.406568047342372e-16,-0.03419459509887554,9.238339811728185e-15
0.5480000000000004,-3.928845474445109e-16,-0.03463382599524101,1.013673544243752e-14
0.5500000000000004,-6.224058142619555e-16,-0.03351441290137594,1.0454976163093607e-14
0.5520000000000004,-4.654399279242457e-16,-0.0316000953539132,1.1261495931601013e-14
0.5540000000000004,-8.419642864643802e-16,-0.029083163824440122,1.3020010823599507e-14
0.5560000000000004,1.2233930250240515e-16,-0.028149518714607108,9.702059701471144e-15
0.5580000000000004,1.2183879164692315e-16,-0.025359379395658632,9.689849804414334e-15
0.5600000000000004,1.3409865637574716e-16,-0.022690076059536518,9.883588642211605e-15
0.5620000000000004,1.1249527094199147e-15,-0.018484948664197115,1.1729628427446542e-14
0.5640000000000004,1.8040355648891893e-16,-0.010996146417170172,1.09222733842924e-14
0.5660000000000004,-1.4587492274418207e-16,0.0034810348558469706,8.501218960233449e-15
0.5680000000000004,6.094640703028955e-16,0.033881482777377764,5.049877121771322e-15
0.5700000000000004,-7.016458900878082e-16,0.09508257229694353,-4.106360942004225e-15
0.5720000000000004,1.1975335405009136e-15,0.19177228402929405,-1.733108015712362e-14
0.5740000000000004,-1.1007432763797674e-24,0.16861759766308995,-1.7525182833490605e-14
0.5760000000000004,1.09366120841512e-15,0.09966167452287071,-1.8491079004455045e-14
0.5780000000000004,4.2089748095153157e-16,0.08445377036450395,-1.7285740545804364e-14
0.5800000000000004,-2.33509589828009e-16,0.06454888612991115,-1.6315134632482678e-14
0.5820000000000004,-6.569734558876023e-16,0.04047275945042209,-1.5966304024994663e-14
0.5840000000000004,0.0,0.013094863543699577,-6.227657278756737e-16
0.5860000000000004,0.0,0.0,0.0
0.5880000000000004,0.0,0.0,0.0
0.5900000000000004,0.0,0.0,0.0
0.5920000000000004,0.0,0.0,0.0
0.5940000000000004,0.0,0.0,0.0
0.5960000000000004,0.0,0.0,0.0
0.5980000000000004,-2.5068086709745553e-15,-0.09303291557765882,4.741442495854605e-09
0.6000000000000004,-6.564708877345342e-15,-0.07701628533738618,1.1305410626946042e-08
0.6020000000000004,-8.905280903151363e-15,-0.0635583856230825,1.6369952059823285e-08
0.6040000000000004,-1.2103346098052224e-14,-0.05226258500671836,2.01971786482014e-08
0.6060000000000004,3.810434511373417e-14,-0.042792935330055765,2.3007129535686393e-08
0.6080000000000004,3.9914463156979434e-14,-0.0348649415721553,2.498408939574453e-08
0.6100000000000004,4.095632990232946e-14,-0.028237731925969102,2.6282518875213846e-08
0.6120000000000004,4.347013371893562e-14,-0.022707415930009557,2.7031473895869533e-08
0.6140000000000004,4.490989348304715e-14,-0.018101450628391195,2.733864096036531e-08
0.6160000000000004,4.3347465089041345e-14,-0.014273861995076416,2.7293709980731046e-08
0.6180000000000004,4.432592269693147e-14,-0.011101191993954467,2.6971205512989235e-08
0.6200000000000004,4.387695403827916e-14,-0.00847906127881595,2.6432899420703977e-08
0.6220000000000004,4.1417134098615565e-14,-0.006319254198201552,2.5729842490034006e-08
0.6240000000000004,4.0901038173355987e-14,-0.004547246907335464,2.490407382467919e-08
0.6260000000000004,3.8509543502606095e-14,-0.0031001113868991937,2.399009026266691e-08
0.6280000000000004,3.7580718709152594e-14,-0.0019247383488691647,2.3016056864565415e-08
0.6300000000000004,3.6250629811274164e-14,-0.0009763306487640717,2.200484351584634e-08
0.6320000000000005,-1.1081546534473991e-14,-0.00021712615432282055,2.0974837767564497e-08
0.6340000000000005,0.0,0.0,0.0
0.6360000000000005,0.0,0.0,0.0
0.6380000000000005,0.0,0.0,0.0
0.6400000000000005,0.0,0.0,0.0
0.6420000000000005,0.0,0.0,0.0
0.6440000000000005,0.0,0.0,0.0
0.6460000000000005,0.0,0.0,0.0
0.6480000000000005,0.0,0.0,0.0
0.6500000000000005,0.0,0.0,0.0
0.6520000000000005,0.0,0.0,0.0
0.6540000000000005,0.0,0.0,0.0
0.6560000000000005,0.0,0.0,0.0
0.6580000000000005,0.0,0.0,0.0
0.6600000000000005,0.0,0.0,0.0
0.6620000000000005,0.0,0.0,0.0
0.6640000000000005,0.0,0.0,0.0
0.6660000000000005,0.0,0.0,0.0
0.6680000000000005,0.0,0.0,0.0
0.6700000000000005,0.0,0.0,0.0
0.6720000000000005,0.0,0.0,0.0
0.6740000000000005,0.0,0.0,0.0
0.6760000000000005,0.0,0.0,0.0
0.6780000000000005,0.0,0.0,0.0
0.6800000000000005,0.0,0.0,0.0
0.6820000000000005,0.0,0.0,0.0
0.6840000000000005,0.0,0.0,0.0
0.6860000000000005,0.0,0.0,0.0
0.6880000000000005,0.0,0.0,0.0
0.6900000000000005,0.0,0.0,0.0
0.6920000000000005,0.0,0.0,0.0
0.6940000000000005,0.0,0.0,0.0
0.6960000000000005,0.0,0.0,0.0
0.6980000000000005,0.0,0.0,0.0
0.7000000000000005,0.0,0.0,0.0
0.7020000000000005,0.0,0.0,0.0
0.7040000000000005,0.0,0.0,0.0
0.7060000000000005,0.0,0.0,0.0
0.7080000000000005,0.0,0.0,0.0
0.7100000000000005,0.0,0.0,0.0
0.7120000000000005,0.0,0.0,0.0
0.7140000000000005,0.0,0.0,0.0
0.7160000000000005,0.0,0.0,0.0
0.7180000000000005,0.0,0.0,0.0
0.7200000000000005,3.4890975971727386e-16,0.04507865908648778,-2.0403870250388417e-15
0.7220000000000005,-2.367197344955763e-16,0.020014287989482668,-2.9011668930721024e-15
0.7240000000000005,7.484015324495407e-16,-0.010216930851672208,-6.436901843444088e-16
0.7260000000000005,2.4085247562586898e-15,-0.01702623104767726,1.8960534774790387e-15
0.7280000000000005,-8.058900203185389e-16,-0.015675501318793507,3.0087300521469065e-15
0.7300000000000005,-1.749826583423088e-15,-0.009655870262719482,7.342488218914438e-16
0.7320000000000005,0.0,0.0,0.0
0.7340000000000005,0.0,0.0,0.0
0.7360000000000005,0.0,0.0,0.0
0.7380000000000005,0.0,0.0,0.0
0.7400000000000005,0.0,0.0,0.0
0.7420000000000005,0.0,0.0,0.0
0.7440000000000005,-1.2000263882696663e-15,-0.06555184350229208,9.525660974737387e-15
0.7460000000000006,-1.0413136888471327e-15,-0.05787457093935755,9.439346047142922e-15
0.7480000000000006,-8.858841584941195e-16,-0.05078643753036095,1.0432257147361529e-14
0.7500000000000006,-5.102849948955336e-16,-0.04514700999925168,1.1786214836748081e-14
0.7520000000000006,9.61992209845776e-16,-0.03942111160265364,1.1270585381977538e-14
0.7540000000000006,7.344250240034217e-16,-0.033883476792358085,1.1203593026803986e-14
0.7560000000000006,6.568685398352217e-16,-0.02718698653980409,1.1702843673154247e-14
0.7580000000000006,9.082154298584989e-16,-0.017029508555767185,1.0908323894287965e-14
0.7600000000000006,1.1472897693039145e-15,-0.0019666746063285064,8.978189543281151e-15
0.7620000000000006,0.0,0.0,0.0
0.7640000000000006,0.0,0.0,0.0
0.7660000000000006,0.0,0.0,0.0
0.7680000000000006,-0.20357814843837765,0.08079608244544112,0.20861359830181492
0.7700000000000006,-0.7514871751101991,0.06263886381102345,0.3618342873494725
0.7720000000000006,-0.7514871751101992,0.049491407566379035,0.3615588488894652
0.7740000000000006,-0.7514871751101991,0.039102971627951455,0.36152383469807003
0.7760000000000006,-0.7514871751101995,0.030895026642698137,0.3615238346980706
0.7780000000000006,-0.7514871751101991,0.02440997784860564,0.3615238346980695
0.7800000000000006,-0.7514871751101995,0.01928617914657972,0.3615238346980686
0.7820000000000006,-0.7514871751101999,0.01523789609236425,0.36152383469806865
0.7840000000000006,-0.7514871751101991,0.012039371591282117,0.36152383469807037
0.7860000000000006,-0.7514871751101992,0.009512236297870012,0.3615238346980693
0.7880000000000006,-0.7514871751101989,0.0075155616470908545,0.3615238346980696
0.7900000000000006,-0.7514871751101991,0.005938000813108472,0.36152383469807003
0.7920000000000006,-0.7514871751101984,0.004691579327290354,0.36152383469806804
0.7940000000000006,-0.7514871751101996,0.0037067890822231027,0.36152383469807003
0.7960000000000006,-0.751487175110199,0.00292871213328124,0.36152383469807015
0.7980000000000006,-0.7514871751101995,0.0023139581371825688,0.3615238346980704
0.8000000000000006,-0.751487175110199,0.0018282446402932107,0.3615238346980707
0.8020000000000006,-0.7514871751101986,0.0014444852787313068,0.3615238346980691
0.8040000000000006,-0.7514871751101989,0.0011412792765725815,0.3615238346980699
0.8060000000000006,-0.7514871751101994,0.0009017180073154128,0.36152383469807003
0.8080000000000006,-0.7514871751101988,0.0007124420651523085,0.3615238346980697
0.8100000000000006,-0.7514871751101987,0.0005628962625572776,0.36152383469807003
0.8120000000000006,-0.751487175110199,0.0004447410082856664,0.3615238346980697
0.8140000000000006,-0.7514871751102001,0.00035138724061220506,0.36152383469807003
0.8160000000000006,-0.7514871751101992,0.0002776289808332314,0.36152383469806976
0.8180000000000006,-0.7514871751101992,0.00021935301596093254,0.36152383469807003
0.8200000000000006,-0.7514871751101992,0.0001733095207378907,0.36152383469806904
0.8220000000000006,-0.7514871751101992,0.0001369308274464343,0.3615238346980698
0.8240000000000006,-0.7514871751101996,0.00010818823700702211,0.3615238346980704
0.8260000000000006,-0.7514871751101989,8.54788862739046e-05,0.36152383469807037
0.8280000000000006,-0.7514871751101985,6.753636255443217e-05,0.36152383469807
0.8300000000000006,-0.7514871751102,5.336008066911166e-05,0.36152383469807003
0.8320000000000006,-0.7514871751101995,4.215948418481769e-05,0.3615238346980703
0.8340000000000006,-0.7514871751101998,3.3309959138748516e-05,0.36152383469806904
0.8360000000000006,-0.7514871751101994,2.6318001732654423e-05,0.36152383469807037
0.8380000000000006,-0.7514871751101999,2.0793697534035014e-05,0.36152383469807015
0.8400000000000006,-0.7514871751101992,1.6428977455385016e-05,0.36152383469807103
0.8420000000000006,-0.7514871751101987,1.298043793254334e-05,0.36152383469807037
0.8440000000000006,-0.7514871751101992,1.0255767248967971e-05,0.36152383469806937
0.8460000000000006,-0.7514871751101997,8.103021054623972e-06,0.3615238346980698
0.8480000000000006,-0.7514871751101992,6.402149016932668e-06,0.36152383469806904
0.8500000000000006,-0.7514871751101982,5.058300078349957e-06,0.3615238346980697
0.8520000000000006,-0.7514871751101992,3.9965329788965486e-06,0.36152383469807003
0.8540000000000006,-0.7514871751102001,3.157637072605872e-06,0.3615238346980707
0.8560000000000006,-0.7514871751101989,2.4948303779250445e-06,0.36152383469807003
0.8580000000000007,-0.7514871751101992,1.9711507280755916e-06,0.3615238346980697
0.8600000000000007,-0.7514871751101994,1.5573945335918273e-06,0.36152383469807015
0.8620000000000007,-0.7514871751101989,1.2304882111166653e-06,0.36152383469806976
0.8640000000000007,-0.7514871751101986,9.722014589664832e-07,0.36152383469807003
0.8660000000000007,-0.7514871751101987,7.681306234312464e-07,0.36152383469806804
0.8680000000000007,-0.751487175110199,6.068954630986016e-07,0.36152383469807103
0.8700000000000007,-0.7514871751101992,4.795045164377656e-07,0.36152383469807003
0.8720000000000007,-0.7514871751101995,3.7885368281282234e-07,0.3615238346980698
0.8740000000000007,-0.751487175110199,2.99330054347341e-07,0.36152383469807003
0.8760000000000007,-0.7514871751101989,2.3649890580095952e-07,0.3615238346980714
0.8780000000000007,-0.751487175110199,1.8685638682919175e-07,0.361523834698071
0.8800000000000007,-0.7514871751102,1.4763412626972697e-07,0.36152383469807003
0.8820000000000007,-0.751487175110199,1.1664485017407252e-07,0.36152383469806937
0.8840000000000007,-0.7514871751101994,9.21604063435173e-08,0.36152383469806976
0.8860000000000007,-0.7514871751101992,7.281539200486745e-08,0.36152383469807037
0.8880000000000007,-0.7514871751101987,5.753101051615308e-08,0.3615238346980704
0.8900000000000007,-0.7514871751101986,4.5454911193094224e-08,0.36152383469806976
0.8920000000000007,-0.7514871751101992,3.5913656526095905e-08,0.3615238346980705
0.8940000000000007,-0.7514871751102,2.8375167687726794e-08,0.36152383469807037
0.8960000000000007,-0.7514871751101995,2.241905213171446e-08,0.36152383469807037
0.8980000000000007,-0.751487175110199,1.771316046800365e-08,0.36152383469806937
0.9000000000000007,-0.7514871751101985,1.3995063292964577e-08,0.36152383469807037
0.9020000000000007,-0.7514871751101989,1.105741677488731e-08,0.36152383469806937
0.9040000000000007,-0.7514871751101996,8.736399584660006e-09,0.36152383469807003
0.9060000000000007,-0.7514871751101989,6.902577634349462e-09,0.3615238346980697
0.9080000000000007,-0.7514871751102,5.4536857490526e-09,0.36152383469807137
0.9100000000000007,-0.7514871751101991,4.308924857072341e-09,0.36152383469807037
0.9120000000000007,-0.7514871751101999,3.40445603721099e-09,0.36152383469807037
0.9140000000000007,-0.7514871751101992,2.6898405292783444e-09,0.3615238346980697
0.9160000000000007,-0.7514871751101986,2.125227075173058e-09,0.3615238346980704
0.9180000000000007,-0.7514871751102,1.6791293164738176e-09,0.36152383469806904
0.9200000000000007,-0.7514871751101994,1.3266701741384082e-09,0.36152383469807003
0.9220000000000007,-0.7514871751101998,1.0481942022255025e-09,0.36152383469806876
0.9240000000000007,-0.7514871751101989,8.281720688367797e-10,0.36152383469807003
0.9260000000000007,-0.7514871751101985,6.543338840900397e-10,0.36152383469807103
0.9280000000000007,-0.7514871751102,5.169852410140787e-10,0.36152383469807
0.9300000000000007,-0.7514871751101989,4.084669751912016e-10,0.36152383469807037
0.9320000000000007,-0.7514871751102007,3.227273363541831e-10,0.36152383469807037
0.9340000000000007,-0.7514871751101986,2.5498493814895344e-10,0.36152383469807003
0.9360000000000007,-0.7514871751101989,2.0146206993682596e-10,0.36152383469806937
0.9380000000000007,-0.7514871751101996,1.5917400047478002e-10,0.36152383469807003
0.9400000000000007,-0.7514871751101994,1.257623584234437e-10,0.36152383469806937
0.9420000000000007,-0.7514871751101992,9.936409706560249e-11,0.36152383469806904
0.9440000000000007,-0.7514871751101999,7.850694800263567e-11,0.3615238346980704
0.9460000000000007,-0.7514871751101989,6.202787722616504e-11,0.36152383469807037
0.9480000000000007,-0.7514871751101996,4.9007869123312413e-11,0.3615238346980699
0.9500000000000007,-0.751487175110199,3.872080932797173e-11,0.36152383469806904
0.9520000000000007,-0.7514871751101986,3.059311553831083e-11,0.36152383469806937
0.9540000000000007,-0.7514871751101998,2.4171406312169536e-11,0.3615238346980707
0.9560000000000007,-0.7514871751101992,1.9097646929087747e-11,0.36152383469807003
0.9580000000000007,-0.7514871751101985,1.5088927950450852e-11,0.36152383469806837
0.9600000000000007,-0.7514871751101989,1.1921578662523328e-11,0.36152383469806937
0.9620000000000007,-0.7514871751101996,9.419219696254321e-12,0.3615238346980697
0.9640000000000007,-0.751487175110199,7.441963594994262e-12,0.36152383469806976
0.9660000000000007,-0.7514871751101989,5.879871893196831e-12,0.36152383469806976
0.9680000000000007,-0.7514871751101999,4.64566841356721e-12,0.36152383469807003
0.9700000000000008,-0.7514871751101989,3.670476889945664e-12,0.36152383469806926
0.9720000000000008,-0.7514871751102004,2.9000259225281377e-12,0.36152383469806976
0.9740000000000008,-0.7514871751101987,2.291249176538736e-12,0.3615238346980694
0.9760000000000008,-0.751487175110199,1.8102896226765742e-12,0.36152383469807003
0.9780000000000008,-0.7514871751101999,1.430290768604305e-12,0.3615238346980697
0.9800000000000008,-0.7514871751101998,1.1300700895347943e-12,0.36152383469807003
0.9820000000000008,-0.7514871751101996,8.928285257163276e-13,0.3615238346980697
0.9840000000000008,-0.7514871751101989,7.053826481708618e-13,0.36152383469807003
0.9860000000000008,-0.7514871751101996,5.573238005913449e-13,0.36152383469807037
0.9880000000000008,-0.751487175110199,4.4031281196985526e-13,0.36152383469807015
0.9900000000000008,-0.7514871751101992,3.4789269067847753e-13,0.3615238346980705
0.9920000000000008,-0.7514871751101989,2.747975149329808e-13,0.3615238346980697
0.9940000000000008,-0.7514871751101984,2.171173768335417e-13,0.36152383469806976
0.9960000000000008,-0.7514871751101989,1.7159586850294894e-13,0.3615238346980697
0.9980000000000008,-0.7514871751101995,1.355584110455781e-13,0.3615238346980704
1.0000000000000007,-0.7514871751101982,1.0709233832821309e-13,0.36152383469807003
1.0020000000000007,-0.7514871751101999,8.454258506696247e-14,0.36152383469807037
1.0040000000000007,-0.7514871751101995,6.679716390236543e-14,0.3615238346980701
1.0060000000000007,-0.7514871751101988,5.273631525757124e-14,0.36152383469806937
1.0080000000000007,-0.7514871751101996,4.165683409089203e-14,0.3615238346980701
1.0100000000000007,-0.7514871751101989,3.2935239937857963e-14,0.36152383469807114
1.0120000000000007,-0.7514871751101985,2.593376840284333e-14,0.36152383469806976
1.0140000000000007,-0.7514871751101987,2.0527355410093063e-14,0.36152383469807076
1.0160000000000007,-0.7514871751101988,1.6213073169488965e-14,0.3615238346980708
1.0180000000000007,-0.751487175110199,1.277667289666692e-14,0.36152383469807114
1.0200000000000007,-0.7514871751101996,1.0043547246943509e-14,0.36152383469807037
1.0220000000000007,-0.7514871751101991,7.954803485264583e-15,0.36152383469806976
1.0240000000000007,-0.7514871751101991,6.2420138118727865e-15,0.36152383469806976
1.0260000000000007,-0.7514871751102004,4.993541026254644e-15,0.3615238346980697
1.0280000000000007,-0.7514871751101998,3.848700056660296e-15,0.36152383469807003
1.0300000000000007,-0.7514871751101992,3.0364166042629037e-15,0.3615238346980697
1.0320000000000007,-0.7514871751101992,2.4342025166220084e-15,0.3615238346980708
1.0340000000000007,-0.7514871751101992,1.8559372788606865e-15,0.36152383469806876
1.0360000000000007,-0.7514871751101989,1.3858235173903356e-15,0.36152383469806937
1.0380000000000007,-0.7514871751101989,1.132835591822345e-15,0.3615238346980705
1.0400000000000007,-0.7514871751101987,8.160657501304688e-16,0.36152383469807015
1.0420000000000007,-0.7514871751101996,6.641534913673607e-16,0.36152383469806904
1.0440000000000007,-0.7514871751101996,5.596364019397581e-16,0.36152383469806904
1.0460000000000007,-0.7514871751101992,3.9314780531348197e-16,0.36152383469806904
1.0480000000000007,-0.7514871751101992,2.821255028509663e-16,0.36152383469806904
1.0500000000000007,-0.7514871751101992,2.283490750956853e-16,0.36152383469806904
1.0520000000000007,-0.7514871751101999,8.329392387142552e-17,0.36152383469806904
1.0540000000000007,-0.7514871751101999,5.033417782786618e-17,0.36152383469806904
1.0560000000000007,-0.7514871751101999,4.816577348289517e-17,0.36152383469806904
1.0580000000000007,-0.7514871751101999,1.1302899618388021e-17,0.36152383469806904
1.0600000000000007,-0.7514871751101999,2.2144921343243065e-17,0.36152383469806904
1.0620000000000007,-0.7514871751101999,-2.0138963383691607e-17,0.36152383469806904
1.0640000000000007,-0.7514871751101999,-3.575147466748287e-17,0.36152383469806904
1.0660000000000007,-0.7514871751101999,-3.4233591626003165e-17,0.36152383469806904
1.0680000000000007,-0.7514871751101999,-5.938708202766687e-17,0.36152383469806904
1.0700000000000007,-0.7514871751101999,-5.938708202766687e-17,0.36152383469806904
1.0720000000000007,-0.7514871751101999,-5.678499681370166e-17,0.36152383469806904
1.0740000000000007,-0.7514871751101999,-5.895340115867267e-17,0.36152383469806904
1.0760000000000007,-0.7514871751101999,-7.499959331145813e-17,0.36152383469806904
1.0780000000000007,-0.7514871751101999,-1.168497971693986e-16,0.36152383469806904
1.0800000000000007,-0.7514871751101999,-8.497425329832477e-17,0.36152383469806904
1.0820000000000007,-0.7514871751101999,-9.1913147202232e-17,0.36152383469806904
1.0840000000000007,-0.7514871751101999,-8.540793416731897e-17,0.36152383469806904
1.0860000000000007,-0.7514871751101999,-5.678499681370166e-17,0.36152383469806904
1.0880000000000007,-0.7514871751101999,-5.678499681370166e-17,0.36152383469806904
1.0900000000000007,-0.7514871751101999,-9.1913147202232e-17,0.36152383469806904
1.0920000000000007,-0.7514871751101999,-8.540793416731897e-17,0.36152383469806904
1.0940000000000007,-0.7514871751101999,-1.2010240368685512e-16,0.36152383469806904
1.0960000000000008,-0.7514871751101999,-9.14794663332378e-17,0.36152383469806904
1.0980000000000008,-0.7514871751101999,-5.938708202766687e-17,0.36152383469806904
1.1000000000000008,-0.7514871751101999,-7.673431678743494e-17,0.36152383469806904
1.1020000000000008,-0.7514871751101999,-8.735949807779288e-17,0.36152383469806904
1.1040000000000008,-0.7514871751101999,-1.9859864097480564e-16,0.36152383469806904
1.1060000000000008,-0.7514871751101999,-8.302268938785086e-17,0.36152383469806904
1.1080000000000008,-0.7514871751101999,-1.2010240368685512e-16,0.36152383469806904
1.1100000000000008,-0.7514871751101999,-6.459125245559729e-17,0.36152383469806904
1.1120000000000008,-0.7514871751101999,-5.895340115867267e-17,0.36152383469806904
1.1140000000000008,-0.7514871751101999,-4.6376655957840815e-17,0.36152383469806904
1.1160000000000008,-0.7514871751101999,-6.220600767612918e-17,0.36152383469806904
1.1180000000000008,-0.7514871751101999,-9.1913147202232e-17,0.36152383469806904
1.1200000000000008,-0.7514871751101999,-8.497425329832477e-17,0.36152383469806904
1.1220000000000008,-0.7514871751101999,-1.2574025498377974e-16,0.36152383469806904
1.1240000000000008,-0.7514871751101999,-8.280584895335376e-17,0.36152383469806904
1.1260000000000008,-0.7514871751101999,-8.627529590530738e-17,0.36152383469806904
1.1280000000000008,-0.7514871751101999,-3.857040031594518e-17,0.36152383469806904
1.1300000000000008,-0.7514871751101999,-6.480809289009439e-17,0.36152383469806904
1.1320000000000008,-0.7514871751101999,-8.540793416731897e-17,0.36152383469806904
1.1340000000000008,-0.7514871751101999,-1.2595709541827684e-16,0.36152383469806904
1.1360000000000008,-0.7514871751101999,-1.140308715209363e-16,0.36152383469806904
1.1380000000000008,-0.7514871751101999,-7.716799765642914e-17,0.36152383469806904
1.1400000000000008,-0.7514871751101999,-1.1923504194886671e-16,0.36152383469806904
1.1420000000000008,-0.7514871751101999,-6.502493332459149e-17,0.36152383469806904
1.1440000000000008,-0.7514871751101999,-8.280584895335376e-17,0.36152383469806904
1.1460000000000008,-0.7514871751101999,-8.540793416731897e-17,0.36152383469806904
1.1480000000000008,-0.7514871751101999,-6.567545462808279e-17,0.36152383469806904
1.1500000000000008,-0.7514871751101999,-1.0709197761702906e-16,0.36152383469806904
1.1520000000000008,-0.7514871751101999,-6.480809289009439e-17,0.36152383469806904
1.1540000000000008,-0.7514871751101999,-1.2530657411478554e-16,0.36152383469806904
1.1560000000000008,-0.7514871751101999,-9.14794663332378e-17,0.36152383469806904
1.1580000000000008,-0.7514871751101999,-1.7691459752509555e-16,0.36152383469806904
1.1600000000000008,-0.7514871751101999,-7.413223157346973e-17,0.36152383469806904
1.1620000000000008,-0.7514871751101999,-8.540793416731897e-17,0.36152383469806904
1.1640000000000008,-0.7514871751101999,-6.459125245559729e-17,0.36152383469806904
1.1660000000000008,-0.7514871751101999,-1.0448989240306385e-16,0.36152383469806904
1.1680000000000008,-0.7514871751101999,-8.302268938785086e-17,0.36152383469806904
1.1700000000000008,-0.7514871751101999,-5.548395420671905e-17,0.36152383469806904
1.1720000000000008,-0.7514871751101999,-6.8277539842048e-17,0.36152383469806904
1.1740000000000008,-0.7514871751101999,-9.841836023714503e-17,0.36152383469806904
1.1760000000000008,-0.7514871751101999,-5.635131594470746e-17,0.36152383469806904
1.1780000000000008,-0.7514871751101999,-8.627529590530738e-17,0.36152383469806904
1.1800000000000008,-0.7514871751101999,-8.584161503631318e-17,0.36152383469806904
1.1820000000000008,-0.7514871751101999,-1.2595709541827684e-16,0.36152383469806904
1.1840000000000008,-0.7514871751101999,-9.711731763016242e-17,0.36152383469806904
1.1860000000000008,-0.7514871751101999,-1.2530657411478554e-16,0.36152383469806904
1.1880000000000008,-0.7514871751101999,-8.540793416731897e-17,0.36152383469806904
1.1900000000000008,-0.7514871751101999,-6.67596568005683e-17,0.36152383469806904
1.1920000000000008,-0.7514871751101999,-8.302268938785086e-17,0.36152383469806904
1.1940000000000008,-0.7514871751101999,-1.2574025498377974e-16,0.36152383469806904
1.1960000000000008,-0.7514871751101999,-8.497425329832477e-17,0.36152383469806904
1.1980000000000008,-0.7514871751101999,-5.982076289666107e-17,0.36152383469806904
1.2000000000000008,-0.7514871751101999,-7.348171026997843e-17,0.36152383469806904
1.2020000000000008,-0.7514871751101999,-1.0622461587904066e-16,0.36152383469806904
1.2040000000000008,-0.7514871751101999,-6.372389071760889e-17,0.36152383469806904
1.2060000000000008,-0.7514871751101999,-8.540793416731897e-17,0.36152383469806904
1.2080000000000009,-0.7514871751101999,-6.74101781040596e-17,0.36152383469806904
1.2100000000000009,-0.7514871751101999,-1.400517236605884e-16,0.36152383469806904
1.2120000000000009,-0.7514871751101999,-9.08289450297465e-17,0.36152383469806904
1.2140000000000009,-0.7514871751101999,-9.14794663332378e-17,0.36152383469806904
1.2160000000000009,-0.7514871751101999,-6.480809289009439e-17,0.36152383469806904
1.2180000000000009,-0.7514871751101999,-1.135971906519421e-16,0.36152383469806904
1.2200000000000009,-0.7514871751101999,-9.1913147202232e-17,0.36152383469806904
1.2220000000000009,-0.7514871751101999,-8.497425329832477e-17,0.36152383469806904
1.2240000000000009,-0.7514871751101999,-8.497425329832477e-17,0.36152383469806904
1.2260000000000009,-0.7514871751101999,-1.2010240368685512e-16,0.36152383469806904
1.2280000000000009,-0.7514871751101999,-9.14794663332378e-17,0.36152383469806904
1.2300000000000009,-0.7514871751101999,-6.502493332459149e-17,0.36152383469806904
1.2320000000000009,-0.7514871751101999,-6.459125245559729e-17,0.36152383469806904
1.2340000000000009,-0.7514871751101999,-1.1966872281786091e-16,0.36152383469806904
1.2360000000000009,-0.7514871751101999,-8.627529590530738e-17,0.36152383469806904
1.2380000000000009,-0.7514871751101999,-5.635131594470746e-17,0.36152383469806904
1.2400000000000009,-0.7514871751101999,-8.627529590530738e-17,0.36152383469806904
1.2420000000000009,-0.7514871751101999,-8.584161503631318e-17,0.36152383469806904
1.2440000000000009,-0.7514871751101999,-6.155548637263788e-17,0.36152383469806904
1.2460000000000009,-0.7514871751101999,-9.798467936815083e-17,0.36152383469806904
1.2480000000000009,-0.7514871751101999,-8.822685981578129e-17,0.36152383469806904
1.2500000000000009,-0.7514871751101999,-1.4959270277846084e-16,0.36152383469806904
1.252000000000001,-0.7514871751101999,-1.2075292499034642e-16,0.36152383469806904
1.254000000000001,-0.7514871751101999,-1.135971906519421e-16,0.36152383469806904
1.256000000000001,-0.7514871751101999,-7.716799765642914e-17,0.36152383469806904
1.258000000000001,-0.7514871751101999,-8.540793416731897e-17,0.36152383469806904
1.260000000000001,-0.7514871751101999,-6.502493332459149e-17,0.36152383469806904
1.262000000000001,-0.7514871751101999,-8.323952982234797e-17,0.36152383469806904
1.264000000000001,-0.7514871751101999,-1.2595709541827684e-16,0.36152383469806904
1.266000000000001,-0.7514871751101999,-1.0622461587904066e-16,0.36152383469806904
1.268000000000001,-0.7514871751101999,-8.497425329832477e-17,0.36152383469806904
1.270000000000001,-0.7514871751101999,-3.813671944695098e-17,0.36152383469806904
1.272000000000001,-0.7514871751101999,-8.497425329832477e-17,0.36152383469806904
1.274000000000001,-0.7514871751101999,-1.2790865932875075e-16,0.36152383469806904
1.276000000000001,-0.7514871751101999,-6.502493332459149e-17,0.36152383469806904
1.278000000000001,-0.7514871751101999,-1.2053608455584932e-16,0.36152383469806904
1.280000000000001,-0.7514871751101999,-8.562477460181608e-17,0.36152383469806904
1.282000000000001,-0.7514871751101999,-6.502493332459149e-17,0.36152383469806904
1.284000000000001,-0.7514871751101999,-8.302268938785086e-17,0.36152383469806904
1.286000000000001,-0.7514871751101999,-1.2595709541827684e-16,0.36152383469806904
1.288000000000001,-0.7514871751101999,-1.0752565848602326e-16,0.36152383469806904
1.290000000000001,-0.7514871751101999,-1.0665829674803486e-16,0.36152383469806904
1.292000000000001,-0.7514871751101999,-6.459125245559729e-17,0.36152383469806904
1.294000000000001,-0.7514871751101999,-6.502493332459149e-17,0.36152383469806904
1.296000000000001,-0.7514871751101999,-6.372389071760889e-17,0.36152383469806904
1.298000000000001,-0.7514871751101999,-8.584161503631318e-17,0.36152383469806904
1.300000000000001,-0.7514871751101999,-5.548395420671905e-17,0.36152383469806904
1.302000000000001,-0.7514871751101999,-9.14794663332378e-17,0.36152383469806904
1.304000000000001,-0.7514871751101999,-1.7691459752509555e-16,0.36152383469806904
1.306000000000001,-0.7514871751101999,-8.670897677430158e-17,0.36152383469806904
1.308000000000001,-0.7514871751101999,-1.0665829674803486e-16,0.36152383469806904
1.310000000000001,-0.7514871751101999,-6.415757158660309e-17,0.36152383469806904
1.312000000000001,-0.7514871751101999,-1.1923504194886671e-16,0.36152383469806904
1.314000000000001,-0.7514871751101999,-6.242284811062628e-17,0.36152383469806904
1.316000000000001,-0.7514871751101999,-7.673431678743494e-17,0.36152383469806904
1.318000000000001,-0.7514871751101999,-1.135971906519421e-16,0.36152383469806904
1.320000000000001,-0.7514871751101999,-6.74101781040596e-17,0.36152383469806904
1.322000000000001,-0.7514871751101999,-9.14794663332378e-17,0.36152383469806904
1.324000000000001,-0.7514871751101999,-6.567545462808279e-17,0.36152383469806904
1.326000000000001,-0.7514871751101999,-8.540793416731897e-17,0.36152383469806904
1.328000000000001,-0.7514871751101999,-1.4915902190946664e-16,0.36152383469806904
1.330000000000001,-0.7514871751101999,-6.74101781040596e-17,0.36152383469806904
1.332000000000001,-0.7514871751101999,-1.0644145631353776e-16,0.36152383469806904
1.334000000000001,-0.7514871751101999,-6.80606994075509e-17,0.36152383469806904
1.336000000000001,-0.7514871751101999,-1.1229614804495948e-16,0.36152383469806904
1.338000000000001,-0.7514871751101999,-9.1913147202232e-17,0.36152383469806904
1.340000000000001,-0.7514871751101999,-8.562477460181608e-17,0.36152383469806904
1.342000000000001,-0.7514871751101999,-6.112180550364368e-17,0.36152383469806904
1.344000000000001,-0.7514871751101999,-6.545861419358569e-17,0.36152383469806904
1.346000000000001,-0.7514871751101999,-8.302268938785086e-17,0.36152383469806904
1.348000000000001,-0.7514871751101999,-8.302268938785086e-17,0.36152383469806904
1.350000000000001,-0.7514871751101999,-1.2530657411478554e-16,0.36152383469806904
1.352000000000001,-0.7514871751101999,-9.1913147202232e-17,0.36152383469806904
1.354000000000001,-0.7514871751101999,-8.540793416731897e-17,0.36152383469806904
1.356000000000001,-0.7514871751101999,-1.2574025498377974e-16,0.36152383469806904
1.358000000000001,-0.7514871751101999,-1.0644145631353776e-16,0.36152383469806904
1.360000000000001,-0.7514871751101999,-6.80606994075509e-17,0.36152383469806904
1.362000000000001,-0.7514871751101999,-1.1142878630697108e-16,0.36152383469806904
1.364000000000001,-0.7514871751101999,-6.979542288352771e-17,0.36152383469806904
1.366000000000001,-0.7514871751101999,-5.938708202766687e-17,0.36152383469806904
1.368000000000001,-0.7514871751101999,-6.459125245559729e-17,0.36152383469806904
1.370000000000001,-0.7514871751101999,-9.755099849915662e-17,0.36152383469806904
1.372000000000001,-0.7514871751101999,-6.567545462808279e-17,0.36152383469806904
1.374000000000001,-0.7514871751101999,-1.1272982891395369e-16,0.36152383469806904
1.376000000000001,-0.7514871751101999,-9.14794663332378e-17,0.36152383469806904
1.378000000000001,-0.7514871751101999,-1.9079238533291e-16,0.36152383469806904
1.380000000000001,-0.7514871751101999,-6.502493332459149e-17,0.36152383469806904
1.382000000000001,-0.7514871751101999,-6.545861419358569e-17,0.36152383469806904
1.384000000000001,-0.7514871751101999,-9.23468280712262e-17,0.36152383469806904
1.386000000000001,-0.7514871751101999,-1.2738455824438303e-18,0.36152383469806904
1.388000000000001,-0.7514871751101999,-9.23468280712262e-17,0.36152383469806904
1.390000000000001,-0.7514871751101999,-8.584161503631318e-17,0.36152383469806904
1.392000000000001,-0.7514871751101999,-8.649213633980448e-17,0.36152383469806904
1.394000000000001,-0.7514871751101999,-1.2834234019774495e-16,0.36152383469806904
1.396000000000001,-0.7514871751101999,-1.131635097829479e-16,0.36152383469806904
1.398000000000001,-0.7514871751101999,-8.540793416731897e-17,0.36152383469806904
1.400000000000001,-0.7514871751101999,-5.895340115867267e-17,0.36152383469806904
1.402000000000001,-0.7514871751101999,-8.475741286382767e-17,0.36152383469806904
1.404000000000001,-0.7514871751101999,-1.2595709541827684e-16,0.36152383469806904
1.406000000000001,-0.7514871751101999,-1.0644145631353776e-16,0.36152383469806904
1.408000000000001,-0.7514871751101999,-6.76270185385567e-17,0.36152383469806904
1.410000000000001,-0.7514871751101999,-1.0665829674803486e-16,0.36152383469806904
1.412000000000001,-0.7514871751101999,-6.459125245559729e-17,0.36152383469806904
1.414000000000001,-0.7514871751101999,-6.76270185385567e-17,0.36152383469806904
1.416000000000001,-0.7514871751101999,-1.0709197761702906e-16,0.36152383469806904
1.418000000000001,-0.7514871751101999,-6.892806114553931e-17,0.36152383469806904
1.420000000000001,-0.7514871751101999,-1.140308715209363e-16,0.36152383469806904
1.422000000000001,-0.7514871751101999,-6.58922950625799e-17,0.36152383469806904
1.424000000000001,-0.7514871751101999,-1.2595709541827684e-16,0.36152383469806904
1.426000000000001,-0.7514871751101999,-1.140308715209363e-16,0.36152383469806904
1.428000000000001,-0.7514871751101999,-6.80606994075509e-17,0.36152383469806904
1.430000000000001,-0.7514871751101999,-9.321418980921461e-17,0.36152383469806904
1.432000000000001,-0.7514871751101999,-6.567545462808279e-17,0.36152383469806904
1.434000000000001,-0.7514871751101999,-9.14794663332378e-17,0.36152383469806904
1.436000000000001,-0.7514871751101999,-8.302268938785086e-17,0.36152383469806904
1.438000000000001,-0.7514871751101999,-1.2574025498377974e-16,0.36152383469806904
1.440000000000001,-0.7514871751101999,-1.135971906519421e-16,0.36152383469806904
1.442000000000001,-0.7514871751101999,-8.193848721536536e-17,0.36152383469806904
1.444000000000001,-0.7514871751101999,-6.74101781040596e-17,0.36152383469806904
1.446000000000001,-0.7514871751101999,-1.0709197761702906e-16,0.36152383469806904
1.448000000000001,-0.7514871751101999,-6.459125245559729e-17,0.36152383469806904
1.450000000000001,-0.7514871751101999,-6.502493332459149e-17,0.36152383469806904
1.452000000000001,-0.7514871751101999,-8.410689156033637e-17,0.36152383469806904
1.454000000000001,-0.7514871751101999,-1.2530657411478554e-16,0.36152383469806904
1.456000000000001,-0.7514871751101999,-9.14794663332378e-17,0.36152383469806904
1.458000000000001,-0.7514871751101999,-6.502493332459149e-17,0.36152383469806904
1.460000000000001,-0.7514871751101999,-9.798467936815083e-17,0.36152383469806904
1.462000000000001,-0.7514871751101999,-1.0882670109300587e-16,0.36152383469806904
1.464000000000001,-0.7514871751101999,-8.323952982234797e-17,0.36152383469806904
1.466000000000001,-0.7514871751101999,-1.2747497845975655e-16,0.36152383469806904
1.468000000000001,-0.7514871751101999,-6.459125245559729e-17,0.36152383469806904
1.470000000000001,-0.7514871751101999,-9.841836023714503e-17,0.36152383469806904
1.472000000000001,-0.7514871751101999,-6.502493332459149e-17,0.36152383469806904
1.474000000000001,-0.7514871751101999,-8.627529590530738e-17,0.36152383469806904
1.476000000000001,-0.7514871751101999,-9.14794663332378e-17,0.36152383469806904
1.478000000000001,-0.7514871751101999,-8.497425329832477e-17,0.36152383469806904
1.480000000000001,-0.7514871751101999,-8.540793416731897e-17,0.36152383469806904
1.482000000000001,-0.7514871751101999,-1.2617393585277394e-16,0.36152383469806904
1.484000000000001,-0.7514871751101999,-1.1923504194886671e-16,0.36152383469806904
1.486000000000001,-0.7514871751101999,-6.502493332459149e-17,0.36152383469806904
1.488000000000001,-0.7514871751101999,-8.323952982234797e-17,0.36152383469806904
1.490000000000001,-0.7514871751101999,-1.2530657411478554e-16,0.36152383469806904
1.492000000000001,-0.7514871751101999,-1.0665829674803486e-16,0.36152383469806904
1.494000000000001,-0.7514871751101999,-6.155548637263788e-17,0.36152383469806904
1.496000000000001,-0.7514871751101999,-6.58922950625799e-17,0.36152383469806904
1.498000000000001,-0.7514871751101999,-1.0709197761702906e-16,0.36152383469806904
1.500000000000001,-0.7514871751101999,-6.415757158660309e-17,0.36152383469806904
1.5020000000000011,-0.7514871751101999,-6.71933376695625e-17,0.36152383469806904
1.5040000000000011,-0.7514871751101999,-9.820151980264793e-17,0.36152383469806904
1.5060000000000011,-0.7514871751101999,-9.581627502317982e-17,0.36152383469806904
1.5080000000000011,-0.7514871751101999,-1.1186246717596528e-16,0.36152383469806904
1.5100000000000011,-0.7514871751101999,-1.1272982891395369e-16,0.36152383469806904
1.5120000000000011,-0.7514871751101999,-8.540793416731897e-17,0.36152383469806904
1.5140000000000011,-0.7514871751101999,-4.3774570743875604e-17,0.36152383469806904
1.5160000000000011,-0.7514871751101999,-8.497425329832477e-17,0.36152383469806904
1.5180000000000011,-0.7514871751101999,-1.2595709541827684e-16,0.36152383469806904
1.5200000000000011,-0.7514871751101999,-8.584161503631318e-17,0.36152383469806904
1.5220000000000011,-0.7514871751101999,-6.76270185385567e-17,0.36152383469806904
1.5240000000000011,-0.7514871751101999,-9.1913147202232e-17,0.36152383469806904
1.5260000000000011,-0.7514871751101999,-8.497425329832477e-17,0.36152383469806904
1.5280000000000011,-0.7514871751101999,-8.323952982234797e-17,0.36152383469806904
1.5300000000000011,-0.7514871751101999,-1.2617393585277394e-16,0.36152383469806904
1.5320000000000011,-0.7514871751101999,-1.140308715209363e-16,0.36152383469806904
1.5340000000000011,-0.7514871751101999,-6.567545462808279e-17,0.36152383469806904
1.5360000000000011,-0.7514871751101999,-1.1966872281786091e-16,0.36152383469806904
1.5380000000000011,-0.7514871751101999,-8.280584895335376e-17,0.36152383469806904
1.5400000000000011,-0.7514871751101999,-8.367321069134217e-17,0.36152383469806904
1.5420000000000011,-0.7514871751101999,-5.982076289666107e-17,0.36152383469806904
1.5440000000000011,-0.7514871751101999,-6.80606994075509e-17,0.36152383469806904
1.5460000000000012,-0.7514871751101999,-8.627529590530738e-17,0.36152383469806904
1.5480000000000012,-0.7514871751101999,-6.545861419358569e-17,0.36152383469806904
1.5500000000000012,-0.7514871751101999,-8.367321069134217e-17,0.36152383469806904
1.5520000000000012,-0.7514871751101999,-8.323952982234797e-17,0.36152383469806904
1.5540000000000012,-0.7514871751101999,-1.2574025498377974e-16,0.36152383469806904
1.5560000000000012,-0.7514871751101999,-9.23468280712262e-17,0.36152383469806904
1.5580000000000012,-0.7514871751101999,-1.135971906519421e-16,0.36152383469806904
1.5600000000000012,-0.7514871751101999,-6.155548637263788e-17,0.36152383469806904
1.5620000000000012,-0.7514871751101999,-8.302268938785086e-17,0.36152383469806904
1.5640000000000012,-0.7514871751101999,-1.2574025498377974e-16,0.36152383469806904
1.5660000000000012,-0.7514871751101999,-1.0405621153406965e-16,0.36152383469806904
1.5680000000000012,-0.7514871751101999,-8.302268938785086e-17,0.36152383469806904
1.5700000000000012,-0.7514871751101999,-5.982076289666107e-17,0.36152383469806904
1.5720000000000012,-0.7514871751101999,-6.76270185385567e-17,0.36152383469806904
1.5740000000000012,-0.7514871751101999,-1.1229614804495948e-16,0.36152383469806904
1.5760000000000012,-0.7514871751101999,-7.066278462151611e-17,0.36152383469806904
1.5780000000000012,-0.7514871751101999,-6.480809289009439e-17,0.36152383469806904
1.5800000000000012,-0.7514871751101999,-6.480809289009439e-17,0.36152383469806904
1.5820000000000012,-0.7514871751101999,-1.2617393585277394e-16,0.36152383469806904
1.5840000000000012,-0.7514871751101999,-1.144645523899305e-16,0.36152383469806904
1.5860000000000012,-0.7514871751101999,-1.188013610798725e-16,0.36152383469806904
1.5880000000000012,-0.7514871751101999,-6.285652897962048e-17,0.36152383469806904
1.5900000000000012,-0.7514871751101999,-8.280584895335376e-17,0.36152383469806904
1.5920000000000012,-0.7514871751101999,-8.627529590530738e-17,0.36152383469806904
1.5940000000000012,-0.7514871751101999,-9.1913147202232e-17,0.36152383469806904
1.5960000000000012,-0.7514871751101999,-1.142477119554334e-16,0.36152383469806904
1.5980000000000012,-0.7514871751101999,-1.0644145631353776e-16,0.36152383469806904
1.6000000000000012,-0.7514871751101999,-1.2574025498377974e-16,0.36152383469806904
1.6020000000000012,-0.7514871751101999,-1.3441387236366377e-16,0.36152383469806904
1.6040000000000012,-0.7514871751101999,-8.302268938785086e-17,0.36152383469806904
1.6060000000000012,-0.7514871751101999,-4.767769856482342e-17,0.36152383469806904
1.6080000000000012,-0.7514871751101999,-6.502493332459149e-17,0.36152383469806904
1.6100000000000012,-0.7514871751101999,-6.979542288352771e-17,0.36152383469806904
1.6120000000000012,-0.7514871751101999,-9.08289450297465e-17,0.36152383469806904
1.6140000000000012,-0.7514871751101999,-6.459125245559729e-17,0.36152383469806904
1.6160000000000012,-0.7514871751101999,-9.27805089402204e-17,0.36152383469806904
1.6180000000000012,-0.7514871751101999,-1.1682186438304673e-17,0.36152383469806904
1.6200000000000012,-0.7514871751101999,-8.367321069134217e-17,0.36152383469806904
1.6220000000000012,-0.7514871751101999,-7.716799765642914e-17,0.36152383469806904
1.6240000000000012,-0.7514871751101999,-1.2530657411478554e-16,0.36152383469806904
1.6260000000000012,-0.7514871751101999,-1.0665829674803486e-16,0.36152383469806904
1.6280000000000012,-0.7514871751101999,-1.140308715209363e-16,0.36152383469806904
1.6300000000000012,-0.7514871751101999,-6.8277539842048e-17,0.36152383469806904
1.6320000000000012,-0.7514871751101999,-1.1056142456898268e-16,0.36152383469806904
1.6340000000000012,-0.7514871751101999,-6.285652897962048e-17,0.36152383469806904
1.6360000000000012,-0.7514871751101999,-1.140308715209363e-16,0.36152383469806904
1.6380000000000012,-0.7514871751101999,-8.497425329832477e-17,0.36152383469806904
1.6400000000000012,-0.7514871751101999,-5.982076289666107e-17,0.36152383469806904
1.6420000000000012,-0.7514871751101999,-6.80606994075509e-17,0.36152383469806904
1.6440000000000012,-0.7514871751101999,-1.135971906519421e-16,0.36152383469806904
1.6460000000000012,-0.7514871751101999,-6.502493332459149e-17,0.36152383469806904
1.6480000000000012,-0.7514871751101999,-1.4677377712999853e-16,0.36152383469806904
1.6500000000000012,-0.7514871751101999,-1.1229614804495948e-16,0.36152383469806904
1.6520000000000012,-0.7514871751101999,-6.545861419358569e-17,0.36152383469806904
1.6540000000000012,-0.7514871751101999,-6.459125245559729e-17,0.36152383469806904
1.6560000000000012,-0.7514871751101999,-1.2530657411478554e-16,0.36152383469806904
1.6580000000000013,-0.7514871751101999,-9.23468280712262e-17,0.36152383469806904
1.6600000000000013,-0.7514871751101999,-8.584161503631318e-17,0.36152383469806904
1.6620000000000013,-0.7514871751101999,-6.80606994075509e-17,0.36152383469806904
1.6640000000000013,-0.7514871751101999,-1.135971906519421e-16,0.36152383469806904
1.6660000000000013,-0.7514871751101999,-9.27805089402204e-17,0.36152383469806904
1.6680000000000013,-0.7514871751101999,-8.670897677430158e-17,0.36152383469806904
1.6700000000000013,-0.7514871751101999,-2.2765525919741716e-16,0.36152383469806904
1.6720000000000013,-0.7514871751101999,-5.548395420671905e-17,0.36152383469806904
1.6740000000000013,-0.7514871751101999,-8.540793416731897e-17,0.36152383469806904
1.6760000000000013,-0.7514871751101999,-9.755099849915662e-17,0.36152383469806904
1.6780000000000013,-0.7514871751101999,-3.813671944695098e-17,0.36152383469806904
1.6800000000000013,-0.7514871751101999,-6.74101781040596e-17,0.36152383469806904
1.6820000000000013,-0.7514871751101999,-1.2010240368685512e-16,0.36152383469806904
1.6840000000000013,-0.7514871751101999,-8.323952982234797e-17,0.36152383469806904
1.6860000000000013,-0.7514871751101999,-5.982076289666107e-17,0.36152383469806904
1.6880000000000013,-0.7514871751101999,-8.280584895335376e-17,0.36152383469806904
1.6900000000000013,-0.7514871751101999,-9.08289450297465e-17,0.36152383469806904
1.6920000000000013,-0.7514871751101999,-2.1941532268652732e-16,0.36152383469806904
1.6940000000000013,-0.7514871751101999,-8.562477460181608e-17,0.36152383469806904
1.6960000000000013,-0.7514871751101999,-3.748619814345968e-17,0.36152383469806904
1.6980000000000013,-0.7514871751101999,-9.1913147202232e-17,0.36152383469806904
1.7000000000000013,-0.7514871751101999,-8.562477460181608e-17,0.36152383469806904
1.7020000000000013,-0.7514871751101999,-5.982076289666107e-17,0.36152383469806904
1.7040000000000013,-0.7514871751101999,-6.58922950625799e-17,0.36152383469806904
1.7060000000000013,-0.7514871751101999,-1.2595709541827684e-16,0.36152383469806904
1.7080000000000013,-0.7514871751101999,-8.323952982234797e-17,0.36152383469806904
1.7100000000000013,-0.7514871751101999,-5.982076289666107e-17,0.36152383469806904
1.7120000000000013,-0.7514871751101999,-6.58922950625799e-17,0.36152383469806904
1.7140000000000013,-0.7514871751101999,-9.25636685057233e-17,0.36152383469806904
1.7160000000000013,-0.7514871751101999,-6.545861419358569e-17,0.36152383469806904
1.7180000000000013,-0.7514871751101999,-8.584161503631318e-17,0.36152383469806904
1.7200000000000013,-0.7514871751101999,-1.2834234019774495e-16,0.36152383469806904
1.7220000000000013,-0.7514871751101999,-8.302268938785086e-17,0.36152383469806904
1.7240000000000013,-0.7514871751101999,-5.982076289666107e-17,0.36152383469806904
1.7260000000000013,-0.7514871751101999,-8.454057242933057e-17,0.36152383469806904
1.7280000000000013,-0.7514871751101999,-6.198916724163208e-17,0.36152383469806904
1.7300000000000013,-0.7514871751101999,-7.066278462151611e-17,0.36152383469806904
1.7320000000000013,-0.7514871751101999,-1.190182015143696e-16,0.36152383469806904
1.7340000000000013,-0.7514871751101999,-9.1913147202232e-17,0.36152383469806904
1.7360000000000013,-0.7514871751101999,-8.367321069134217e-17,0.36152383469806904
1.7380000000000013,-0.7514871751101999,-8.323952982234797e-17,0.36152383469806904
1.7400000000000013,-0.7514871751101999,-6.74101781040596e-17,0.36152383469806904
1.7420000000000013,-0.7514871751101999,-1.0709197761702906e-16,0.36152383469806904
1.7440000000000013,-0.7514871751101999,-9.14794663332378e-17,0.36152383469806904
1.7460000000000013,-0.7514871751101999,-1.7691459752509555e-16,0.36152383469806904
1.7480000000000013,-0.7514871751101999,-9.14794663332378e-17,0.36152383469806904
1.7500000000000013,-0.7514871751101999,-1.7691459752509555e-16,0.36152383469806904
1.7520000000000013,-0.7514871751101999,-7.348171026997843e-17,0.36152383469806904
1.7540000000000013,-0.7514871751101999,-8.497425329832477e-17,0.36152383469806904
1.7560000000000013,-0.7514871751101999,-6.242284811062628e-17,0.36152383469806904
1.7580000000000013,-0.7514871751101999,-9.885204110613923e-17,0.36152383469806904
1.7600000000000013,-0.7514871751101999,-1.135971906519421e-16,0.36152383469806904
1.7620000000000013,-0.7514871751101999,-6.567545462808279e-17,0.36152383469806904
1.7640000000000013,-0.7514871751101999,-7.760167852542334e-17,0.36152383469806904
1.7660000000000013,-0.7514871751101999,-7.499959331145813e-17,0.36152383469806904
1.7680000000000013,-0.7514871751101999,-9.14794663332378e-17,0.36152383469806904
1.7700000000000014,-0.7514871751101999,-6.545861419358569e-17,0.36152383469806904
1.7720000000000014,-0.7514871751101999,-6.979542288352771e-17,0.36152383469806904
1.7740000000000014,-0.7514871751101999,-9.1913147202232e-17,0.36152383469806904
1.7760000000000014,-0.7514871751101999,-8.367321069134217e-17,0.36152383469806904
1.7780000000000014,-0.7514871751101999,-8.367321069134217e-17,0.36152383469806904
1.7800000000000014,-0.7514871751101999,-1.2574025498377974e-16,0.36152383469806904
1.7820000000000014,-0.7514871751101999,-9.14794663332378e-17,0.36152383469806904
1.7840000000000014,-0.7514871751101999,-1.7864932100107236e-16,0.36152383469806904
1.7860000000000014,-0.7514871751101999,-3.4233591626003165e-17,0.36152383469806904
1.7880000000000014,-0.7514871751101999,-6.220600767612918e-17,0.36152383469806904
1.7900000000000014,-0.7514871751101999,-9.321418980921461e-17,0.36152383469806904
1.7920000000000014,-0.7514871751101999,-6.025444376565527e-17,0.36152383469806904
1.7940000000000014,-0.7514871751101999,-7.716799765642914e-17,0.36152383469806904
1.7960000000000014,-0.7514871751101999,-8.540793416731897e-17,0.36152383469806904
1.7980000000000014,-0.7514871751101999,-4.4208251612869806e-17,0.36152383469806904
1.8000000000000014,-0.7514871751101999,-8.302268938785086e-17,0.36152383469806904
1.8020000000000014,-0.7514871751101999,-1.4699061756449563e-16,0.36152383469806904
1.8040000000000014,-0.7514871751101999,-1.0709197761702906e-16,0.36152383469806904
1.8060000000000014,-0.7514871751101999,-8.280584895335376e-17,0.36152383469806904
1.8080000000000014,-0.7514871751101999,-8.562477460181608e-17,0.36152383469806904
1.8100000000000014,-0.7514871751101999,-5.635131594470746e-17,0.36152383469806904
1.8120000000000014,-0.7514871751101999,-1.1142878630697108e-16,0.36152383469806904
1.8140000000000014,-0.7514871751101999,-6.480809289009439e-17,0.36152383469806904
1.8160000000000014,-0.7514871751101999,-1.2010240368685512e-16,0.36152383469806904
1.8180000000000014,-0.7514871751101999,-8.540793416731897e-17,0.36152383469806904
1.8200000000000014,-0.7514871751101999,-3.9004081184939385e-17,0.36152383469806904
1.8220000000000014,-0.7514871751101999,-6.545861419358569e-17,0.36152383469806904
1.8240000000000014,-0.7514871751101999,-8.562477460181608e-17,0.36152383469806904
1.8260000000000014,-0.7514871751101999,-1.2834234019774495e-16,0.36152383469806904
1.8280000000000014,-0.7514871751101999,-1.13380350217445e-16,0.36152383469806904
1.8300000000000014,-0.7514871751101999,-6.415757158660309e-17,0.36152383469806904
1.8320000000000014,-0.7514871751101999,-8.280584895335376e-17,0.36152383469806904
1.8340000000000014,-0.7514871751101999,-9.06121045952494e-17,0.36152383469806904
1.8360000000000014,-0.7514871751101999,-1.7084306535917672e-16,0.36152383469806904
1.8380000000000014,-0.7514871751101999,-9.841836023714503e-17,0.36152383469806904
1.8400000000000014,-0.7514871751101999,-4.1606166398904595e-17,0.36152383469806904
1.8420000000000014,-0.7514871751101999,-8.280584895335376e-17,0.36152383469806904
1.8440000000000014,-0.7514871751101999,-1.0405621153406965e-16,0.36152383469806904
1.8460000000000014,-0.7514871751101999,-1.1966872281786091e-16,0.36152383469806904
1.8480000000000014,-0.7514871751101999,-8.670897677430158e-17,0.36152383469806904
1.8500000000000014,-0.7514871751101999,1.2820782659867727e-17,0.36152383469806904
1.8520000000000014,-0.7514871751101999,-1.2834234019774495e-16,0.36152383469806904
1.8540000000000014,-0.7514871751101999,-1.1164562674146818e-16,0.36152383469806904
1.8560000000000014,-0.7514871751101999,-4.6593496392337916e-17,0.36152383469806904
1.8580000000000014,-0.7514871751101999,-1.2530657411478554e-16,0.36152383469806904
1.8600000000000014,-0.7514871751101999,-1.135971906519421e-16,0.36152383469806904
1.8620000000000014,-0.7514871751101999,-6.220600767612918e-17,0.36152383469806904
1.8640000000000014,-0.7514871751101999,-1.1251298847945659e-16,0.36152383469806904
1.8660000000000014,-0.7514871751101999,-7.022910375252191e-17,0.36152383469806904
1.8680000000000014,-0.7514871751101999,-8.562477460181608e-17,0.36152383469806904
1.8700000000000014,-0.7514871751101999,-6.74101781040596e-17,0.36152383469806904
1.8720000000000014,-0.7514871751101999,-1.0644145631353776e-16,0.36152383469806904
1.8740000000000014,-0.7514871751101999,-6.242284811062628e-17,0.36152383469806904
1.8760000000000014,-0.7514871751101999,-7.716799765642914e-17,0.36152383469806904
1.8780000000000014,-0.7514871751101999,-9.408155154720301e-17,0.36152383469806904
1.8800000000000014,-0.7514871751101999,-9.14794663332378e-17,0.36152383469806904
1.8820000000000014,-0.7514871751101999,-2.2548685485244615e-16,0.36152383469806904
1.8840000000000015,-0.7514871751101999,-8.562477460181608e-17,0.36152383469806904
1.8860000000000015,-0.7514871751101999,-5.548395420671905e-17,0.36152383469806904
1.8880000000000015,-0.7514871751101999,-7.781851895992044e-17,0.36152383469806904
1.8900000000000015,-0.7514871751101999,-6.155548637263788e-17,0.36152383469806904
1.8920000000000015,-0.7514871751101999,-8.475741286382767e-17,0.36152383469806904
1.8940000000000015,-0.7514871751101999,-5.982076289666107e-17,0.36152383469806904
1.8960000000000015,-0.7514871751101999,-6.198916724163208e-17,0.36152383469806904
1.8980000000000015,-0.7514871751101999,-6.459125245559729e-17,0.36152383469806904
1.9000000000000015,-0.7514871751101999,-1.2574025498377974e-16,0.36152383469806904
1.9020000000000015,-0.7514871751101999,-9.23468280712262e-17,0.36152383469806904
1.9040000000000015,-0.7514871751101999,-8.540793416731897e-17,0.36152383469806904
1.9060000000000015,-0.7514871751101999,-6.567545462808279e-17,0.36152383469806904
1.9080000000000015,-0.7514871751101999,-1.0709197761702906e-16,0.36152383469806904
1.9100000000000015,-0.7514871751101999,-8.562477460181608e-17,0.36152383469806904
1.9120000000000015,-0.7514871751101999,-1.144645523899305e-16,0.36152383469806904
1.9140000000000015,-0.7514871751101999,-1.1923504194886671e-16,0.36152383469806904
1.9160000000000015,-0.7514871751101999,-6.242284811062628e-17,0.36152383469806904
1.9180000000000015,-0.7514871751101999,-7.760167852542334e-17,0.36152383469806904
1.9200000000000015,-0.7514871751101999,-9.451523241619721e-17,0.36152383469806904
1.9220000000000015,-0.7514871751101999,-9.27805089402204e-17,0.36152383469806904
1.9240000000000015,-0.7514871751101999,-5.982076289666107e-17,0.36152383469806904
1.9260000000000015,-0.7514871751101999,-8.280584895335376e-17,0.36152383469806904
1.9280000000000015,-0.7514871751101999,-9.10457854642436e-17,0.36152383469806904
1.9300000000000015,-0.7514871751101999,-2.2461949311445774e-16,0.36152383469806904
1.9320000000000015,-0.7514871751101999,-7.630063591844074e-17,0.36152383469806904
1.9340000000000015,-0.7514871751101999,-6.74101781040596e-17,0.36152383469806904
1.9360000000000015,-0.7514871751101999,-8.757633851228998e-17,0.36152383469806904
1.9380000000000015,-0.7514871751101999,1.2820782659867727e-17,0.36152383469806904
1.9400000000000015,-0.7514871751101999,-1.4677377712999853e-16,0.36152383469806904
1.9420000000000015,-0.7514871751101999,-8.237216808435956e-17,0.36152383469806904
1.9440000000000015,-0.7514871751101999,-8.562477460181608e-17,0.36152383469806904
1.9460000000000015,-0.7514871751101999,-6.71933376695625e-17,0.36152383469806904
1.9480000000000015,-0.7514871751101999,-9.798467936815083e-17,0.36152383469806904
1.9500000000000015,-0.7514871751101999,-6.155548637263788e-17,0.36152383469806904
1.9520000000000015,-0.7514871751101999,-7.022910375252191e-17,0.36152383469806904
1.9540000000000015,-0.7514871751101999,-1.1272982891395369e-16,0.36152383469806904
1.9560000000000015,-0.7514871751101999,-9.755099849915662e-17,0.36152383469806904
1.9580000000000015,-0.7514871751101999,-1.2530657411478554e-16,0.36152383469806904
1.9600000000000015,-0.7514871751101999,-1.0644145631353776e-16,0.36152383469806904
1.9620000000000015,-0.7514871751101999,-6.220600767612918e-17,0.36152383469806904
1.9640000000000015,-0.7514871751101999,-1.1923504194886671e-16,0.36152383469806904
1.9660000000000015,-0.7514871751101999,-6.480809289009439e-17,0.36152383469806904
1.9680000000000015,-0.7514871751101999,-8.497425329832477e-17,0.36152383469806904
1.9700000000000015,-0.7514871751101999,-1.2574025498377974e-16,0.36152383469806904
1.9720000000000015,-0.7514871751101999,-8.562477460181608e-17,0.36152383469806904
1.9740000000000015,-0.7514871751101999,-6.545861419358569e-17,0.36152383469806904
1.9760000000000015,-0.7514871751101999,-6.502493332459149e-17,0.36152383469806904
1.9780000000000015,-0.7514871751101999,-1.2530657411478554e-16,0.36152383469806904
1.9800000000000015,-0.7514871751101999,-6.8277539842048e-17,0.36152383469806904
1.9820000000000015,-0.7514871751101999,-1.13380350217445e-16,0.36152383469806904
1.9840000000000015,-0.7514871751101999,-7.022910375252191e-17,0.36152383469806904
1.9860000000000015,-0.7514871751101999,-6.502493332459149e-17,0.36152383469806904
1.9880000000000015,-0.7514871751101999,-9.820151980264793e-17,0.36152383469806904
1.9900000000000015,-0.7514871751101999,-1.168497971693986e-16,0.36152383469806904
1.9920000000000015,-0.7514871751101999,-1.1272982891395369e-16,0.36152383469806904
1.9940000000000015,-0.7514871751101999,-8.649213633980448e-17,0.36152383469806904
1.9960000000000016,-0.7514871751101999,-1.4915902190946664e-16,0.36152383469806904
1.9980000000000016,-0.7514871751101999,-9.10457854642436e-17,0.36152383469806904
2.0000000000000013,-0.7514871751101999,-8.280584895335376e-17,0.36152383469806904
2.002000000000001,-0.7514871751101999,-8.497425329832477e-17,0.36152383469806904
2.004000000000001,-0.7514871751101999,-1.2595709541827684e-16,0.36152383469806904
2.0060000000000007,-0.7514871751101999,-6.329020984861468e-17,0.36152383469806904
2.0080000000000005,-0.7514871751101999,-8.280584895335376e-17,0.36152383469806904
2.0100000000000002,-0.7514871751101999,-6.58922950625799e-17,0.36152383469806904
2.012,-0.7514871751101999,-8.562477460181608e-17,0.36152383469806904
2.014,-0.7514871751101999,-1.2530657411478554e-16,0.36152383469806904
2.0159999999999996,-0.7514871751101999,-1.0665829674803486e-16,0.36152383469806904
2.0179999999999993,-0.7514871751101999,-8.280584895335376e-17,0.36152383469806904
2.019999999999999,-0.7514871751101999,-8.280584895335376e-17,0.36152383469806904
2.021999999999999,-0.7514871751101999,-8.649213633980448e-17,0.36152383469806904
2.0239999999999987,-0.7514871751101999,-1.7691459752509555e-16,0.36152383469806904
2.0259999999999985,-0.7514871751101999,-3.813671944695098e-17,0.36152383469806904
2.0279999999999982,-0.7514871751101999,-4.4208251612869806e-17,0.36152383469806904
2.029999999999998,-0.7514871751101999,-7.109646549051032e-17,0.36152383469806904
2.031999999999998,-0.7514871751101999,-5.548395420671905e-17,0.36152383469806904
2.0339999999999976,-0.7514871751101999,-6.80606994075509e-17,0.36152383469806904
2.0359999999999974,-0.7514871751101999,-1.2769181889425365e-16,0.36152383469806904
2.037999999999997,-0.7514871751101999,-9.14794663332378e-17,0.36152383469806904
2.039999999999997,-0.7514871751101999,-1.9079238533291e-16,0.36152383469806904
2.0419999999999967,-0.7514871751101999,-6.502493332459149e-17,0.36152383469806904
2.0439999999999965,-0.7514871751101999,-4.4208251612869806e-17,0.36152383469806904
2.0459999999999963,-0.7514871751101999,-6.892806114553931e-17,0.36152383469806904
2.047999999999996,-0.7514871751101999,-5.895340115867267e-17,0.36152383469806904
2.049999999999996,-0.7514871751101999,-9.14794663332378e-17,0.36152383469806904
2.0519999999999956,-0.7514871751101999,-1.7691459752509555e-16,0.36152383469806904
2.0539999999999954,-0.7514871751101999,-3.6401995970974174e-17,0.36152383469806904
2.055999999999995,-0.7514871751101999,-5.548395420671905e-17,0.36152383469806904
2.057999999999995,-0.7514871751101999,-8.562477460181608e-17,0.36152383469806904
2.0599999999999947,-0.7514871751101999,-7.066278462151611e-17,0.36152383469806904
2.0619999999999945,-0.7514871751101999,-7.066278462151611e-17,0.36152383469806904
2.0639999999999943,-0.7514871751101999,-6.71933376695625e-17,0.36152383469806904
2.065999999999994,-0.7514871751101999,-9.841836023714503e-17,0.36152383469806904
2.067999999999994,-0.7514871751101999,-7.716799765642914e-17,0.36152383469806904
2.0699999999999936,-0.7514871751101999,-1.2443921237679713e-16,0.36152383469806904
2.0719999999999934,-0.7514871751101999,-1.2530657411478554e-16,0.36152383469806904
2.073999999999993,-0.7514871751101999,-9.14794663332378e-17,0.36152383469806904
2.075999999999993,-0.7514871751101999,-6.545861419358569e-17,0.36152383469806904
2.0779999999999927,-0.7514871751101999,-7.001226331802481e-17,0.36152383469806904
2.0799999999999925,-0.7514871751101999,-1.0795933935501747e-16,0.36152383469806904
2.0819999999999923,-0.7514871751101999,-1.2010240368685512e-16,0.36152383469806904
2.083999999999992,-0.7514871751101999,-8.627529590530738e-17,0.36152383469806904
2.085999999999992,-0.7514871751101999,-5.938708202766687e-17,0.36152383469806904
2.0879999999999916,-0.7514871751101999,-8.280584895335376e-17,0.36152383469806904
2.0899999999999914,-0.7514871751101999,-8.562477460181608e-17,0.36152383469806904
2.091999999999991,-0.7514871751101999,-6.155548637263788e-17,0.36152383469806904
2.093999999999991,-0.7514871751101999,-9.25636685057233e-17,0.36152383469806904
2.0959999999999908,-0.7514871751101999,-9.27805089402204e-17,0.36152383469806904
2.0979999999999905,-0.7514871751101999,-1.1682186438304673e-17,0.36152383469806904
2.0999999999999903,-0.7514871751101999,-1.0709197761702906e-16,0.36152383469806904
2.10199999999999,-0.7514871751101999,-9.1913147202232e-17,0.36152383469806904
2.10399999999999,-0.7514871751101999,-8.540793416731897e-17,0.36152383469806904
2.1059999999999897,-0.7514871751101999,-1.4677377712999853e-16,0.36152383469806904
2.1079999999999894,-0.7514871751101999,-6.892806114553931e-17,0.36152383469806904
2.109999999999989,-0.7514871751101999,-1.1923504194886671e-16,0.36152383469806904
2.111999999999989,-0.7514871751101999,-8.562477460181608e-17,0.36152383469806904
2.1139999999999888,-0.7514871751101999,-1.4742429843348983e-16,0.36152383469806904
2.1159999999999886,-0.7514871751101999,-9.23468280712262e-17,0.36152383469806904
2.1179999999999883,-0.7514871751101999,-8.562477460181608e-17,0.36152383469806904
2.119999999999988,-0.7514871751101999,-6.76270185385567e-17,0.36152383469806904
2.121999999999988,-0.7514871751101999,-1.1229614804495948e-16,0.36152383469806904
2.1239999999999877,-0.7514871751101999,-1.1272982891395369e-16,0.36152383469806904
2.1259999999999875,-0.7514871751101999,-8.822685981578129e-17,0.36152383469806904
2.1279999999999872,-0.7514871751101999,-1.9773127923681723e-16,0.36152383469806904
2.129999999999987,-0.7514871751101999,-5.938708202766687e-17,0.36152383469806904
2.131999999999987,-0.7514871751101999,-6.545861419358569e-17,0.36152383469806904
2.1339999999999866,-0.7514871751101999,-5.982076289666107e-17,0.36152383469806904
2.1359999999999864,-0.7514871751101999,-6.74101781040596e-17,0.36152383469806904
2.137999999999986,-0.7514871751101999,-1.2010240368685512e-16,0.36152383469806904
2.139999999999986,-0.7514871751101999,-8.237216808435956e-17,0.36152383469806904
2.1419999999999857,-0.7514871751101999,-8.562477460181608e-17,0.36152383469806904
2.1439999999999855,-0.7514871751101999,-6.567545462808279e-17,0.36152383469806904
2.1459999999999853,-0.7514871751101999,-8.562477460181608e-17,0.36152383469806904
2.147999999999985,-0.7514871751101999,-5.4182911599736447e-17,0.36152383469806904
2.149999999999985,-0.7514871751101999,-9.08289450297465e-17,0.36152383469806904
2.1519999999999846,-0.7514871751101999,-2.1941532268652732e-16,0.36152383469806904
2.1539999999999844,-0.7514871751101999,-8.757633851228998e-17,0.36152383469806904
2.155999999999984,-0.7514871751101999,-1.81873994732177e-17,0.36152383469806904
2.157999999999984,-0.7514871751101999,-1.2010240368685512e-16,0.36152383469806904
2.1599999999999837,-0.7514871751101999,-8.540793416731897e-17,0.36152383469806904
2.1619999999999835,-0.7514871751101999,-3.813671944695098e-17,0.36152383469806904
2.1639999999999833,-0.7514871751101999,-6.502493332459149e-17,0.36152383469806904
2.165999999999983,-0.7514871751101999,-8.323952982234797e-17,0.36152383469806904
2.167999999999983,-0.7514871751101999,-1.2595709541827684e-16,0.36152383469806904
2.1699999999999826,-0.7514871751101999,-1.0665829674803486e-16,0.36152383469806904
2.1719999999999824,-0.7514871751101999,-6.415757158660309e-17,0.36152383469806904
2.173999999999982,-0.7514871751101999,-1.1923504194886671e-16,0.36152383469806904
2.175999999999982,-0.7514871751101999,-6.198916724163208e-17,0.36152383469806904
2.1779999999999817,-0.7514871751101999,-8.280584895335376e-17,0.36152383469806904
2.1799999999999815,-0.7514871751101999,-8.497425329832477e-17,0.36152383469806904
2.1819999999999813,-0.7514871751101999,-5.938708202766687e-17,0.36152383469806904
2.183999999999981,-0.7514871751101999,-8.280584895335376e-17,0.36152383469806904
2.185999999999981,-0.7514871751101999,-8.584161503631318e-17,0.36152383469806904
2.1879999999999806,-0.7514871751101999,-9.14794663332378e-17,0.36152383469806904
2.1899999999999804,-0.7514871751101999,-1.7648091665610135e-16,0.36152383469806904
2.19199999999998,-0.7514871751101999,-8.584161503631318e-17,0.36152383469806904
2.19399999999998,-0.7514871751101999,-6.372389071760889e-17,0.36152383469806904
2.1959999999999797,-0.7514871751101999,-8.280584895335376e-17,0.36152383469806904
2.1979999999999795,-0.7514871751101999,-9.08289450297465e-17,0.36152383469806904
2.1999999999999793,-0.7514871751101999,-6.502493332459149e-17,0.36152383469806904
2.201999999999979,-0.7514871751101999,-8.627529590530738e-17,0.36152383469806904
2.203999999999979,-0.7514871751101999,-1.1923504194886671e-16,0.36152383469806904
2.2059999999999786,-0.7514871751101999,-8.584161503631318e-17,0.36152383469806904
2.2079999999999784,-0.7514871751101999,-5.635131594470746e-17,0.36152383469806904
2.209999999999978,-0.7514871751101999,-1.140308715209363e-16,0.36152383469806904
2.211999999999978,-0.7514871751101999,-6.394073115210599e-17,0.36152383469806904
2.2139999999999778,-0.7514871751101999,-1.2010240368685512e-16,0.36152383469806904
2.2159999999999775,-0.7514871751101999,-1.0644145631353776e-16,0.36152383469806904
2.2179999999999773,-0.7514871751101999,-8.475741286382767e-17,0.36152383469806904
2.219999999999977,-0.7514871751101999,-6.502493332459149e-17,0.36152383469806904
2.221999999999977,-0.7514871751101999,-9.23468280712262e-17,0.36152383469806904
2.2239999999999767,-0.7514871751101999,-8.401647134496286e-19,0.36152383469806904
2.2259999999999764,-0.7514871751101999,-9.1913147202232e-17,0.36152383469806904
2.227999999999976,-0.7514871751101999,-8.540793416731897e-17,0.36152383469806904
2.229999999999976,-0.7514871751101999,-8.584161503631318e-17,0.36152383469806904
2.231999999999976,-0.7514871751101999,-1.188013610798725e-16,0.36152383469806904
2.2339999999999756,-0.7514871751101999,-9.798467936815083e-17,0.36152383469806904
2.2359999999999753,-0.7514871751101999,-1.400517236605884e-16,0.36152383469806904
2.237999999999975,-0.7514871751101999,-9.25636685057233e-17,0.36152383469806904
2.239999999999975,-0.7514871751101999,-5.982076289666107e-17,0.36152383469806904
2.2419999999999747,-0.7514871751101999,-8.323952982234797e-17,0.36152383469806904
2.2439999999999745,-0.7514871751101999,-6.74101781040596e-17,0.36152383469806904
2.2459999999999742,-0.7514871751101999,-1.1229614804495948e-16,0.36152383469806904
2.247999999999974,-0.7514871751101999,-1.2010240368685512e-16,0.36152383469806904
2.249999999999974,-0.7514871751101999,-9.27805089402204e-17,0.36152383469806904
2.2519999999999736,-0.7514871751101999,-1.2530657411478554e-16,0.36152383469806904
2.2539999999999734,-0.7514871751101999,-1.1923504194886671e-16,0.36152383469806904
2.255999999999973,-0.7514871751101999,-7.716799765642914e-17,0.36152383469806904
2.257999999999973,-0.7514871751101999,-8.584161503631318e-17,0.36152383469806904
2.2599999999999727,-0.7514871751101999,-8.475741286382767e-17,0.36152383469806904
2.2619999999999725,-0.7514871751101999,-1.2574025498377974e-16,0.36152383469806904
2.2639999999999723,-0.7514871751101999,-9.10457854642436e-17,0.36152383469806904
2.265999999999972,-0.7514871751101999,-6.459125245559729e-17,0.36152383469806904
2.267999999999972,-0.7514871751101999,-6.220600767612918e-17,0.36152383469806904
2.2699999999999716,-0.7514871751101999,-1.135971906519421e-16,0.36152383469806904
2.2719999999999714,-0.7514871751101999,-8.302268938785086e-17,0.36152383469806904
2.273999999999971,-0.7514871751101999,-5.938708202766687e-17,0.36152383469806904
2.275999999999971,-0.7514871751101999,-6.415757158660309e-17,0.36152383469806904
2.2779999999999707,-0.7514871751101999,-1.2010240368685512e-16,0.36152383469806904
2.2799999999999705,-0.7514871751101999,-8.562477460181608e-17,0.36152383469806904
2.2819999999999703,-0.7514871751101999,-6.502493332459149e-17,0.36152383469806904
2.28399999999997,-0.7514871751101999,-8.584161503631318e-17,0.36152383469806904
2.28599999999997,-0.7514871751101999,-1.4677377712999853e-16,0.36152383469806904
2.2879999999999696,-0.7514871751101999,-1.0709197761702906e-16,0.36152383469806904
2.2899999999999694,-0.7514871751101999,-6.459125245559729e-17,0.36152383469806904
2.291999999999969,-0.7514871751101999,-8.454057242933057e-17,0.36152383469806904
2.293999999999969,-0.7514871751101999,-1.140308715209363e-16,0.36152383469806904
2.2959999999999687,-0.7514871751101999,-6.979542288352771e-17,0.36152383469806904
2.2979999999999685,-0.7514871751101999,-7.022910375252191e-17,0.36152383469806904
2.2999999999999683,-0.7514871751101999,-8.562477460181608e-17,0.36152383469806904
2.301999999999968,-0.7514871751101999,-6.76270185385567e-17,0.36152383469806904
2.303999999999968,-0.7514871751101999,-1.409190853985768e-16,0.36152383469806904
2.3059999999999676,-0.7514871751101999,-5.982076289666107e-17,0.36152383469806904
2.3079999999999674,-0.7514871751101999,-8.540793416731897e-17,0.36152383469806904
2.309999999999967,-0.7514871751101999,-1.2010240368685512e-16,0.36152383469806904
2.311999999999967,-0.7514871751101999,-8.562477460181608e-17,0.36152383469806904
2.3139999999999668,-0.7514871751101999,-6.545861419358569e-17,0.36152383469806904
2.3159999999999665,-0.7514871751101999,-6.567545462808279e-17,0.36152383469806904
2.3179999999999663,-0.7514871751101999,-9.820151980264793e-17,0.36152383469806904
2.319999999999966,-0.7514871751101999,-8.540793416731897e-17,0.36152383469806904
2.321999999999966,-0.7514871751101999,-1.2790865932875075e-16,0.36152383469806904
2.3239999999999656,-0.7514871751101999,-9.798467936815083e-17,0.36152383469806904
2.3259999999999654,-0.7514871751101999,-1.131635097829479e-16,0.36152383469806904
2.327999999999965,-0.7514871751101999,-1.131635097829479e-16,0.36152383469806904
2.329999999999965,-0.7514871751101999,-6.567545462808279e-17,0.36152383469806904
2.3319999999999648,-0.7514871751101999,-1.0622461587904066e-16,0.36152383469806904
2.3339999999999645,-0.7514871751101999,-4.507561335085821e-17,0.36152383469806904
2.3359999999999643,-0.7514871751101999,-1.1272982891395369e-16,0.36152383469806904
2.337999999999964,-0.7514871751101999,-8.887738111927259e-17,0.36152383469806904
2.339999999999964,-0.7514871751101999,-2.0380281140273606e-16,0.36152383469806904
2.3419999999999637,-0.7514871751101999,-4.4208251612869806e-17,0.36152383469806904
2.3439999999999634,-0.7514871751101999,-6.415757158660309e-17,0.36152383469806904
2.3459999999999632,-0.7514871751101999,-6.155548637263788e-17,0.36152383469806904
2.347999999999963,-0.7514871751101999,-6.58922950625799e-17,0.36152383469806904
2.349999999999963,-0.7514871751101999,-1.1966872281786091e-16,0.36152383469806904
2.3519999999999626,-0.7514871751101999,-8.540793416731897e-17,0.36152383469806904
2.3539999999999623,-0.7514871751101999,-8.107112547737696e-17,0.36152383469806904
2.355999999999962,-0.7514871751101999,-8.367321069134217e-17,0.36152383469806904
2.357999999999962,-0.7514871751101999,-6.567545462808279e-17,0.36152383469806904
2.3599999999999617,-0.7514871751101999,-8.540793416731897e-17,0.36152383469806904
2.3619999999999615,-0.7514871751101999,-1.2617393585277394e-16,0.36152383469806904
2.3639999999999612,-0.7514871751101999,-1.0405621153406965e-16,0.36152383469806904
2.365999999999961,-0.7514871751101999,-6.567545462808279e-17,0.36152383469806904
2.367999999999961,-0.7514871751101999,-8.367321069134217e-17,0.36152383469806904
2.3699999999999606,-0.7514871751101999,-8.302268938785086e-17,0.36152383469806904
2.3719999999999604,-0.7514871751101999,-8.237216808435956e-17,0.36152383469806904
2.37399999999996,-0.7514871751101999,-1.0405621153406965e-16,0.36152383469806904
2.37599999999996,-0.7514871751101999,-1.1966872281786091e-16,0.36152383469806904
2.3779999999999597,-0.7514871751101999,-8.497425329832477e-17,0.36152383469806904
2.3799999999999595,-0.7514871751101999,-6.220600767612918e-17,0.36152383469806904
2.3819999999999593,-0.7514871751101999,-9.841836023714503e-17,0.36152383469806904
2.383999999999959,-0.7514871751101999,-5.635131594470746e-17,0.36152383469806904
2.385999999999959,-0.7514871751101999,-8.584161503631318e-17,0.36152383469806904
2.3879999999999586,-0.7514871751101999,-8.367321069134217e-17,0.36152383469806904
2.3899999999999584,-0.7514871751101999,-1.1923504194886671e-16,0.36152383469806904
2.391999999999958,-0.7514871751101999,-6.502493332459149e-17,0.36152383469806904
2.393999999999958,-0.7514871751101999,-6.415757158660309e-17,0.36152383469806904
2.3959999999999577,-0.7514871751101999,-1.0448989240306385e-16,0.36152383469806904
2.3979999999999575,-0.7514871751101999,-8.584161503631318e-17,0.36152383469806904
2.3999999999999573,-0.7514871751101999,-6.76270185385567e-17,0.36152383469806904
2.401999999999957,-0.7514871751101999,-1.4612325582650722e-16,0.36152383469806904
2.403999999999957,-0.7514871751101999,-8.562477460181608e-17,0.36152383469806904
2.4059999999999566,-0.7514871751101999,-6.047128420015237e-17,0.36152383469806904
2.4079999999999564,-0.7514871751101999,-1.131635097829479e-16,0.36152383469806904
2.409999999999956,-0.7514871751101999,-9.1913147202232e-17,0.36152383469806904
2.411999999999956,-0.7514871751101999,-6.8277539842048e-17,0.36152383469806904
2.4139999999999557,-0.7514871751101999,-1.2574025498377974e-16,0.36152383469806904
2.4159999999999555,-0.7514871751101999,-8.584161503631318e-17,0.36152383469806904
2.4179999999999553,-0.7514871751101999,-6.155548637263788e-17,0.36152383469806904
2.419999999999955,-0.7514871751101999,-6.80606994075509e-17,0.36152383469806904
2.421999999999955,-0.7514871751101999,-1.2834234019774495e-16,0.36152383469806904
2.4239999999999546,-0.7514871751101999,-9.27805089402204e-17,0.36152383469806904
2.4259999999999544,-0.7514871751101999,-7.716799765642914e-17,0.36152383469806904
2.427999999999954,-0.7514871751101999,-8.280584895335376e-17,0.36152383469806904
2.429999999999954,-0.7514871751101999,-9.10457854642436e-17,0.36152383469806904
2.4319999999999538,-0.7514871751101999,-2.1984900355552152e-16,0.36152383469806904
2.4339999999999535,-0.7514871751101999,-3.596831510197997e-17,0.36152383469806904
2.4359999999999533,-0.7514871751101999,-9.23468280712262e-17,0.36152383469806904
2.437999999999953,-0.7514871751101999,-8.562477460181608e-17,0.36152383469806904
2.439999999999953,-0.7514871751101999,-3.6401995970974174e-17,0.36152383469806904
2.4419999999999527,-0.7514871751101999,-8.323952982234797e-17,0.36152383469806904
2.4439999999999524,-0.7514871751101999,-5.982076289666107e-17,0.36152383469806904
2.445999999999952,-0.7514871751101999,-6.80606994075509e-17,0.36152383469806904
2.447999999999952,-0.7514871751101999,-1.2530657411478554e-16,0.36152383469806904
2.4499999999999518,-0.7514871751101999,-1.1923504194886671e-16,0.36152383469806904
2.4519999999999516,-0.7514871751101999,-8.302268938785086e-17,0.36152383469806904
2.4539999999999513,-0.7514871751101999,-9.23468280712262e-17,0.36152383469806904
2.455999999999951,-0.7514871751101999,-8.562477460181608e-17,0.36152383469806904
2.457999999999951,-0.7514871751101999,-8.584161503631318e-17,0.36152383469806904
2.4599999999999507,-0.7514871751101999,-9.1913147202232e-17,0.36152383469806904
2.4619999999999505,-0.7514871751101999,-8.540793416731897e-17,0.36152383469806904
2.4639999999999502,-0.7514871751101999,-1.131635097829479e-16,0.36152383469806904
2.46599999999995,-0.7514871751101999,-9.10457854642436e-17,0.36152383469806904
2.46799999999995,-0.7514871751101999,-6.502493332459149e-17,0.36152383469806904
2.4699999999999496,-0.7514871751101999,-6.459125245559729e-17,0.36152383469806904
2.4719999999999493,-0.7514871751101999,-1.183676802108783e-16,0.36152383469806904
2.473999999999949,-0.7514871751101999,-8.540793416731897e-17,0.36152383469806904
2.475999999999949,-0.7514871751101999,-1.415696067020681e-16,0.36152383469806904
2.4779999999999487,-0.7514871751101999,-6.567545462808279e-17,0.36152383469806904
2.4799999999999485,-0.7514871751101999,-1.2010240368685512e-16,0.36152383469806904
2.4819999999999482,-0.7514871751101999,-8.584161503631318e-17,0.36152383469806904
2.483999999999948,-0.7514871751101999,-5.635131594470746e-17,0.36152383469806904
2.485999999999948,-0.7514871751101999,-6.74101781040596e-17,0.36152383469806904
2.4879999999999476,-0.7514871751101999,-9.1913147202232e-17,0.36152383469806904
2.4899999999999474,-0.7514871751101999,-8.367321069134217e-17,0.36152383469806904
2.491999999999947,-0.7514871751101999,-1.4742429843348983e-16,0.36152383469806904
2.493999999999947,-0.7514871751101999,-5.982076289666107e-17,0.36152383469806904
2.4959999999999467,-0.7514871751101999,-8.237216808435956e-17,0.36152383469806904
2.4979999999999465,-0.7514871751101999,-8.540793416731897e-17,0.36152383469806904
2.4999999999999463,-0.7514871751101999,-4.1606166398904595e-17,0.36152383469806904
2.501999999999946,-0.7514871751101999,-9.08289450297465e-17,0.36152383469806904
2.503999999999946,-0.7514871751101999,-1.7084306535917672e-16,0.36152383469806904
2.5059999999999456,-0.7514871751101999,-8.540793416731897e-17,0.36152383469806904
2.5079999999999454,-0.7514871751101999,-6.567545462808279e-17,0.36152383469806904
2.509999999999945,-0.7514871751101999,-8.562477460181608e-17,0.36152383469806904
2.511999999999945,-0.7514871751101999,-1.2530657411478554e-16,0.36152383469806904
2.5139999999999447,-0.7514871751101999,-8.302268938785086e-17,0.36152383469806904
2.5159999999999445,-0.7514871751101999,-6.502493332459149e-17,0.36152383469806904
2.5179999999999443,-0.7514871751101999,-8.302268938785086e-17,0.36152383469806904
2.519999999999944,-0.7514871751101999,-5.938708202766687e-17,0.36152383469806904
2.521999999999944,-0.7514871751101999,-6.80606994075509e-17,0.36152383469806904
2.5239999999999436,-0.7514871751101999,-1.131635097829479e-16,0.36152383469806904
2.5259999999999434,-0.7514871751101999,-6.979542288352771e-17,0.36152383469806904
2.527999999999943,-0.7514871751101999,-1.131635097829479e-16,0.36152383469806904
2.529999999999943,-0.7514871751101999,-9.755099849915662e-17,0.36152383469806904
2.5319999999999427,-0.7514871751101999,-1.144645523899305e-16,0.36152383469806904
2.5339999999999425,-0.7514871751101999,-6.198916724163208e-17,0.36152383469806904
2.5359999999999423,-0.7514871751101999,-7.022910375252191e-17,0.36152383469806904
2.537999999999942,-0.7514871751101999,-1.41352766267571e-16,0.36152383469806904
2.539999999999942,-0.7514871751101999,-9.841836023714503e-17,0.36152383469806904
2.5419999999999416,-0.7514871751101999,-7.716799765642914e-17,0.36152383469806904
2.5439999999999414,-0.7514871751101999,-9.14794663332378e-17,0.36152383469806904
2.545999999999941,-0.7514871751101999,-6.567545462808279e-17,0.36152383469806904
2.547999999999941,-0.7514871751101999,-1.1272982891395369e-16,0.36152383469806904
2.5499999999999408,-0.7514871751101999,-8.801001938128419e-17,0.36152383469806904
2.5519999999999405,-0.7514871751101999,-6.76270185385567e-17,0.36152383469806904
2.5539999999999403,-0.7514871751101999,-1.2075292499034642e-16,0.36152383469806904
2.55599999999994,-0.7514871751101999,-8.584161503631318e-17,0.36152383469806904
2.55799999999994,-0.7514871751101999,-6.502493332459149e-17,0.36152383469806904
2.5599999999999397,-0.7514871751101999,-8.497425329832477e-17,0.36152383469806904
2.5619999999999394,-0.7514871751101999,-1.2530657411478554e-16,0.36152383469806904
2.563999999999939,-0.7514871751101999,-1.0709197761702906e-16,0.36152383469806904
2.565999999999939,-0.7514871751101999,-8.497425329832477e-17,0.36152383469806904
2.5679999999999388,-0.7514871751101999,-6.567545462808279e-17,0.36152383469806904
2.5699999999999386,-0.7514871751101999,-1.1229614804495948e-16,0.36152383469806904
2.5719999999999383,-0.7514871751101999,-3.7052517274465477e-17,0.36152383469806904
2.573999999999938,-0.7514871751101999,-7.369855070447553e-17,0.36152383469806904
2.575999999999938,-0.7514871751101999,-1.0492357327205805e-16,0.36152383469806904
2.5779999999999377,-0.7514871751101999,-8.540793416731897e-17,0.36152383469806904
2.5799999999999375,-0.7514871751101999,-8.540793416731897e-17,0.36152383469806904
2.5819999999999372,-0.7514871751101999,-1.144645523899305e-16,0.36152383469806904
2.583999999999937,-0.7514871751101999,-1.13380350217445e-16,0.36152383469806904
2.585999999999937,-0.7514871751101999,-4.507561335085821e-17,0.36152383469806904
2.5879999999999366,-0.7514871751101999,-1.2010240368685512e-16,0.36152383469806904
2.5899999999999364,-0.7514871751101999,-9.23468280712262e-17,0.36152383469806904
2.591999999999936,-0.7514871751101999,-1.2010240368685512e-16,0.36152383469806904
2.593999999999936,-0.7514871751101999,-8.280584895335376e-17,0.36152383469806904
2.5959999999999357,-0.7514871751101999,-8.497425329832477e-17,0.36152383469806904
2.5979999999999355,-0.7514871751101999,-5.982076289666107e-17,0.36152383469806904
2.5999999999999353,-0.7514871751101999,-6.80606994075509e-17,0.36152383469806904
2.601999999999935,-0.7514871751101999,-1.131635097829479e-16,0.36152383469806904
2.603999999999935,-0.7514871751101999,-8.540793416731897e-17,0.36152383469806904
2.6059999999999346,-0.7514871751101999,-6.71933376695625e-17,0.36152383469806904
2.6079999999999344,-0.7514871751101999,-8.367321069134217e-17,0.36152383469806904
2.609999999999934,-0.7514871751101999,-1.2769181889425365e-16,0.36152383469806904
2.611999999999934,-0.7514871751101999,-8.497425329832477e-17,0.36152383469806904
2.6139999999999337,-0.7514871751101999,-6.58922950625799e-17,0.36152383469806904
2.6159999999999335,-0.7514871751101999,-1.0644145631353776e-16,0.36152383469806904
2.6179999999999333,-0.7514871751101999,-7.413223157346973e-17,0.36152383469806904
2.619999999999933,-0.7514871751101999,-1.0665829674803486e-16,0.36152383469806904
2.621999999999933,-0.7514871751101999,-9.755099849915662e-17,0.36152383469806904
2.6239999999999326,-0.7514871751101999,-1.135971906519421e-16,0.36152383469806904
2.6259999999999324,-0.7514871751101999,-5.808603942068426e-17,0.36152383469806904
2.627999999999932,-0.7514871751101999,-9.27805089402204e-17,0.36152383469806904
2.629999999999932,-0.7514871751101999,-6.502493332459149e-17,0.36152383469806904
2.6319999999999317,-0.7514871751101999,-8.540793416731897e-17,0.36152383469806904
2.6339999999999315,-0.7514871751101999,-1.2010240368685512e-16,0.36152383469806904
2.6359999999999313,-0.7514871751101999,-1.0644145631353776e-16,0.36152383469806904
2.637999999999931,-0.7514871751101999,-8.367321069134217e-17,0.36152383469806904
2.639999999999931,-0.7514871751101999,-6.567545462808279e-17,0.36152383469806904
2.6419999999999306,-0.7514871751101999,-1.1966872281786091e-16,0.36152383469806904
2.6439999999999304,-0.7514871751101999,-8.627529590530738e-17,0.36152383469806904
2.64599999999993,-0.7514871751101999,-5.548395420671905e-17,0.36152383469806904
2.64799999999993,-0.7514871751101999,-8.562477460181608e-17,0.36152383469806904
2.6499999999999297,-0.7514871751101999,-6.545861419358569e-17,0.36152383469806904
2.6519999999999295,-0.7514871751101999,-1.4915902190946664e-16,0.36152383469806904
2.6539999999999293,-0.7514871751101999,-6.80606994075509e-17,0.36152383469806904
2.655999999999929,-0.7514871751101999,-1.1229614804495948e-16,0.36152383469806904
2.657999999999929,-0.7514871751101999,-9.1913147202232e-17,0.36152383469806904
2.6599999999999286,-0.7514871751101999,-8.540793416731897e-17,0.36152383469806904
2.6619999999999284,-0.7514871751101999,-7.716799765642914e-17,0.36152383469806904
2.663999999999928,-0.7514871751101999,-1.140308715209363e-16,0.36152383469806904
2.665999999999928,-0.7514871751101999,-6.58922950625799e-17,0.36152383469806904
2.6679999999999278,-0.7514871751101999,-8.562477460181608e-17,0.36152383469806904
2.6699999999999275,-0.7514871751101999,-6.502493332459149e-17,0.36152383469806904
2.6719999999999273,-0.7514871751101999,-1.1077826500347978e-16,0.36152383469806904
2.673999999999927,-0.7514871751101999,-8.367321069134217e-17,0.36152383469806904
2.675999999999927,-0.7514871751101999,-1.4699061756449563e-16,0.36152383469806904
2.6779999999999267,-0.7514871751101999,-8.562477460181608e-17,0.36152383469806904
2.6799999999999264,-0.7514871751101999,-8.562477460181608e-17,0.36152383469806904
2.681999999999926,-0.7514871751101999,-1.2790865932875075e-16,0.36152383469806904
2.683999999999926,-0.7514871751101999,-6.74101781040596e-17,0.36152383469806904
2.685999999999926,-0.7514871751101999,-8.540793416731897e-17,0.36152383469806904
2.6879999999999256,-0.7514871751101999,-3.857040031594518e-17,0.36152383469806904
2.6899999999999253,-0.7514871751101999,-6.502493332459149e-17,0.36152383469806904
2.691999999999925,-0.7514871751101999,-6.567545462808279e-17,0.36152383469806904
2.693999999999925,-0.7514871751101999,-1.1966872281786091e-16,0.36152383469806904
2.6959999999999247,-0.7514871751101999,-9.451523241619721e-17,0.36152383469806904
2.6979999999999245,-0.7514871751101999,-4.3774570743875604e-17,0.36152383469806904
2.6999999999999242,-0.7514871751101999,-1.2010240368685512e-16,0.36152383469806904
2.701999999999924,-0.7514871751101999,-1.1056142456898268e-16,0.36152383469806904
2.703999999999924,-0.7514871751101999,-9.820151980264793e-17,0.36152383469806904
2.7059999999999236,-0.7514871751101999,-1.140308715209363e-16,0.36152383469806904
2.7079999999999234,-0.7514871751101999,-8.627529590530738e-17,0.36152383469806904
2.709999999999923,-0.7514871751101999,-1.140308715209363e-16,0.36152383469806904
2.711999999999923,-0.7514871751101999,-6.155548637263788e-17,0.36152383469806904
2.7139999999999227,-0.7514871751101999,-8.302268938785086e-17,0.36152383469806904
2.7159999999999225,-0.7514871751101999,-6.502493332459149e-17,0.36152383469806904
2.7179999999999223,-0.7514871751101999,-8.323952982234797e-17,0.36152383469806904
2.719999999999922,-0.7514871751101999,-1.2574025498377974e-16,0.36152383469806904
2.721999999999922,-0.7514871751101999,-8.909422155376969e-17,0.36152383469806904
2.7239999999999216,-0.7514871751101999,-2.0380281140273606e-16,0.36152383469806904
2.7259999999999214,-0.7514871751101999,-3.857040031594518e-17,0.36152383469806904
2.727999999999921,-0.7514871751101999,-6.242284811062628e-17,0.36152383469806904
2.729999999999921,-0.7514871751101999,-1.1923504194886671e-16,0.36152383469806904
2.7319999999999207,-0.7514871751101999,-6.220600767612918e-17,0.36152383469806904
2.7339999999999205,-0.7514871751101999,-5.938708202766687e-17,0.36152383469806904
2.7359999999999203,-0.7514871751101999,-6.394073115210599e-17,0.36152383469806904
2.73799999999992,-0.7514871751101999,-1.0448989240306385e-16,0.36152383469806904
2.73999999999992,-0.7514871751101999,-8.302268938785086e-17,0.36152383469806904
2.7419999999999196,-0.7514871751101999,-6.502493332459149e-17,0.36152383469806904
2.7439999999999194,-0.7514871751101999,-6.480809289009439e-17,0.36152383469806904
2.745999999999919,-0.7514871751101999,-1.2010240368685512e-16,0.36152383469806904
2.747999999999919,-0.7514871751101999,-9.14794663332378e-17,0.36152383469806904
2.7499999999999187,-0.7514871751101999,-5.938708202766687e-17,0.36152383469806904
2.7519999999999185,-0.7514871751101999,-6.80606994075509e-17,0.36152383469806904
2.7539999999999183,-0.7514871751101999,-1.1229614804495948e-16,0.36152383469806904
2.755999999999918,-0.7514871751101999,-6.545861419358569e-17,0.36152383469806904
2.757999999999918,-0.7514871751101999,-9.14794663332378e-17,0.36152383469806904
2.7599999999999176,-0.7514871751101999,-2.2548685485244615e-16,0.36152383469806904
2.7619999999999174,-0.7514871751101999,-5.4182911599736447e-17,0.36152383469806904
2.763999999999917,-0.7514871751101999,-8.584161503631318e-17,0.36152383469806904
2.765999999999917,-0.7514871751101999,-5.982076289666107e-17,0.36152383469806904
2.7679999999999167,-0.7514871751101999,-6.58922950625799e-17,0.36152383469806904
2.7699999999999165,-0.7514871751101999,-1.2574025498377974e-16,0.36152383469806904
2.7719999999999163,-0.7514871751101999,-7.348171026997843e-17,0.36152383469806904
2.773999999999916,-0.7514871751101999,-1.0665829674803486e-16,0.36152383469806904
2.775999999999916,-0.7514871751101999,-8.497425329832477e-17,0.36152383469806904
2.7779999999999156,-0.7514871751101999,-5.982076289666107e-17,0.36152383469806904
2.7799999999999154,-0.7514871751101999,-6.8277539842048e-17,0.36152383469806904
2.781999999999915,-0.7514871751101999,-1.13380350217445e-16,0.36152383469806904
2.783999999999915,-0.7514871751101999,-6.567545462808279e-17,0.36152383469806904
2.7859999999999148,-0.7514871751101999,-1.2574025498377974e-16,0.36152383469806904
2.7879999999999145,-0.7514871751101999,-9.14794663332378e-17,0.36152383469806904
2.7899999999999143,-0.7514871751101999,-1.7864932100107236e-16,0.36152383469806904
2.791999999999914,-0.7514871751101999,-9.08289450297465e-17,0.36152383469806904
2.793999999999914,-0.7514871751101999,-6.502493332459149e-17,0.36152383469806904
2.7959999999999137,-0.7514871751101999,-6.220600767612918e-17,0.36152383469806904
2.7979999999999134,-0.7514871751101999,-9.321418980921461e-17,0.36152383469806904
2.7999999999999132,-0.7514871751101999,-6.502493332459149e-17,0.36152383469806904
2.801999999999913,-0.7514871751101999,-8.280584895335376e-17,0.36152383469806904
2.803999999999913,-0.7514871751101999,-8.584161503631318e-17,0.36152383469806904
2.8059999999999126,-0.7514871751101999,-6.8277539842048e-17,0.36152383469806904
2.8079999999999123,-0.7514871751101999,-1.1229614804495948e-16,0.36152383469806904
2.809999999999912,-0.7514871751101999,-7.066278462151611e-17,0.36152383469806904
2.811999999999912,-0.7514871751101999,-6.480809289009439e-17,0.36152383469806904
2.8139999999999117,-0.7514871751101999,-8.302268938785086e-17,0.36152383469806904
2.8159999999999115,-0.7514871751101999,-1.2010240368685512e-16,0.36152383469806904
2.8179999999999112,-0.7514871751101999,-8.562477460181608e-17,0.36152383469806904
2.819999999999911,-0.7514871751101999,-6.76270185385567e-17,0.36152383469806904
2.821999999999911,-0.7514871751101999,-1.0709197761702906e-16,0.36152383469806904
2.8239999999999106,-0.7514871751101999,-8.562477460181608e-17,0.36152383469806904
2.8259999999999104,-0.7514871751101999,-6.545861419358569e-17,0.36152383469806904
2.82799999999991,-0.7514871751101999,-8.627529590530738e-17,0.36152383469806904
2.82999999999991,-0.7514871751101999,-6.8277539842048e-17,0.36152383469806904
2.8319999999999097,-0.7514871751101999,-1.188013610798725e-16,0.36152383469806904
2.8339999999999095,-0.7514871751101999,-7.369855070447553e-17,0.36152383469806904
2.8359999999999093,-0.7514871751101999,-1.3528123410165218e-16,0.36152383469806904
2.837999999999909,-0.7514871751101999,-1.161992758659073e-16,0.36152383469806904
2.839999999999909,-0.7514871751101999,-1.1229614804495948e-16,0.36152383469806904
2.8419999999999086,-0.7514871751101999,-1.2574025498377974e-16,0.36152383469806904
2.8439999999999084,-0.7514871751101999,-1.1229614804495948e-16,0.36152383469806904
2.845999999999908,-0.7514871751101999,-5.895340115867267e-17,0.36152383469806904
2.847999999999908,-0.7514871751101999,-8.193848721536536e-17,0.36152383469806904
2.8499999999999077,-0.7514871751101999,-8.323952982234797e-17,0.36152383469806904
2.8519999999999075,-0.7514871751101999,-7.760167852542334e-17,0.36152383469806904
2.8539999999999073,-0.7514871751101999,-9.08289450297465e-17,0.36152383469806904
2.855999999999907,-0.7514871751101999,-1.7084306535917672e-16,0.36152383469806904
2.857999999999907,-0.7514871751101999,-8.584161503631318e-17,0.36152383469806904
2.8599999999999066,-0.7514871751101999,-5.3749230730742245e-17,0.36152383469806904
2.8619999999999064,-0.7514871751101999,-8.475741286382767e-17,0.36152383469806904
2.863999999999906,-0.7514871751101999,-1.1966872281786091e-16,0.36152383469806904
2.865999999999906,-0.7514871751101999,-7.413223157346973e-17,0.36152383469806904
2.8679999999999057,-0.7514871751101999,-8.584161503631318e-17,0.36152383469806904
2.8699999999999055,-0.7514871751101999,-5.505027333772485e-17,0.36152383469806904
2.8719999999999053,-0.7514871751101999,-6.545861419358569e-17,0.36152383469806904
2.873999999999905,-0.7514871751101999,-6.459125245559729e-17,0.36152383469806904
2.875999999999905,-0.7514871751101999,-9.755099849915662e-17,0.36152383469806904
2.8779999999999046,-0.7514871751101999,-6.502493332459149e-17,0.36152383469806904
2.8799999999999044,-0.7514871751101999,-9.798467936815083e-17,0.36152383469806904
2.881999999999904,-0.7514871751101999,-1.166329567349015e-16,0.36152383469806904
2.883999999999904,-0.7514871751101999,-1.0665829674803486e-16,0.36152383469806904
2.8859999999999038,-0.7514871751101999,-1.2574025498377974e-16,0.36152383469806904
2.8879999999999035,-0.7514871751101999,-1.0579093501004646e-16,0.36152383469806904
2.8899999999999033,-0.7514871751101999,-7.348171026997843e-17,0.36152383469806904
2.891999999999903,-0.7514871751101999,-1.0448989240306385e-16,0.36152383469806904
2.893999999999903,-0.7514871751101999,-8.302268938785086e-17,0.36152383469806904
2.8959999999999027,-0.7514871751101999,-5.938708202766687e-17,0.36152383469806904
2.8979999999999024,-0.7514871751101999,-6.567545462808279e-17,0.36152383469806904
2.899999999999902,-0.7514871751101999,-8.562477460181608e-17,0.36152383469806904
2.901999999999902,-0.7514871751101999,-8.540793416731897e-17,0.36152383469806904
2.9039999999999018,-0.7514871751101999,-1.2790865932875075e-16,0.36152383469806904
2.9059999999999016,-0.7514871751101999,-1.0405621153406965e-16,0.36152383469806904
2.9079999999999013,-0.7514871751101999,-7.760167852542334e-17,0.36152383469806904
2.909999999999901,-0.7514871751101999,-8.714265764329578e-17,0.36152383469806904
2.911999999999901,-0.7514871751101999,-1.5002638364745504e-16,0.36152383469806904
2.9139999999999007,-0.7514871751101999,-9.14794663332378e-17,0.36152383469806904
2.9159999999999004,-0.7514871751101999,-5.895340115867267e-17,0.36152383469806904
2.9179999999999002,-0.7514871751101999,-5.830287985518136e-17,0.36152383469806904
2.9199999999999,-0.7514871751101999,-9.27805089402204e-17,0.36152383469806904
2.9219999999999,-0.7514871751101999,-5.808603942068426e-17,0.36152383469806904
2.9239999999998996,-0.7514871751101999,-9.14794663332378e-17,0.36152383469806904
2.9259999999998993,-0.7514871751101999,-8.323952982234797e-17,0.36152383469806904
2.927999999999899,-0.7514871751101999,-1.2617393585277394e-16,0.36152383469806904
2.929999999999899,-0.7514871751101999,-1.140308715209363e-16,0.36152383469806904
2.9319999999998987,-0.7514871751101999,-6.545861419358569e-17,0.36152383469806904
2.9339999999998985,-0.7514871751101999,-6.025444376565527e-17,0.36152383469806904
2.9359999999998982,-0.7514871751101999,-7.369855070447553e-17,0.36152383469806904
2.937999999999898,-0.7514871751101999,-1.144645523899305e-16,0.36152383469806904
2.939999999999898,-0.7514871751101999,-9.14794663332378e-17,0.36152383469806904
2.9419999999998976,-0.7514871751101999,-6.545861419358569e-17,0.36152383469806904
2.9439999999998974,-0.7514871751101999,-6.459125245559729e-17,0.36152383469806904
2.945999999999897,-0.7514871751101999,-1.1966872281786091e-16,0.36152383469806904
2.947999999999897,-0.7514871751101999,-8.627529590530738e-17,0.36152383469806904
2.9499999999998967,-0.7514871751101999,-5.895340115867267e-17,0.36152383469806904
2.9519999999998965,-0.7514871751101999,-8.540793416731897e-17,0.36152383469806904
2.9539999999998963,-0.7514871751101999,-1.409190853985768e-16,0.36152383469806904
2.955999999999896,-0.7514871751101999,-6.502493332459149e-17,0.36152383469806904
2.957999999999896,-0.7514871751101999,-8.323952982234797e-17,0.36152383469806904
2.9599999999998956,-0.7514871751101999,-8.302268938785086e-17,0.36152383469806904
2.9619999999998954,-0.7514871751101999,-1.2595709541827684e-16,0.36152383469806904
2.963999999999895,-0.7514871751101999,-1.140308715209363e-16,0.36152383469806904
2.965999999999895,-0.7514871751101999,-6.545861419358569e-17,0.36152383469806904
2.9679999999998947,-0.7514871751101999,-7.066278462151611e-17,0.36152383469806904
2.9699999999998945,-0.7514871751101999,-9.23468280712262e-17,0.36152383469806904
2.9719999999998943,-0.7514871751101999,-8.562477460181608e-17,0.36152383469806904
2.973999999999894,-0.7514871751101999,-8.389005112583927e-17,0.36152383469806904
2.975999999999894,-0.7514871751101999,-1.4915902190946664e-16,0.36152383469806904
2.9779999999998936,-0.7514871751101999,-9.14794663332378e-17,0.36152383469806904
2.9799999999998934,-0.7514871751101999,-8.540793416731897e-17,0.36152383469806904
2.981999999999893,-0.7514871751101999,-1.0709197761702906e-16,0.36152383469806904
2.983999999999893,-0.7514871751101999,-8.302268938785086e-17,0.36152383469806904
2.9859999999998927,-0.7514871751101999,-3.596831510197997e-17,0.36152383469806904
2.9879999999998925,-0.7514871751101999,-6.480809289009439e-17,0.36152383469806904
2.9899999999998923,-0.7514871751101999,-7.348171026997843e-17,0.36152383469806904
2.991999999999892,-0.7514871751101999,-8.670897677430158e-17,0.36152383469806904
2.993999999999892,-0.7514871751101999,-9.755099849915662e-17,0.36152383469806904
2.9959999999998916,-0.7514871751101999,-8.909422155376969e-17,0.36152383469806904
2.9979999999998914,-0.7514871751101999,-1.5523055407538546e-16,0.36152383469806904
2.999999999999891,-0.7514871751101999,-7.066278462151611e-17,0.36152383469806904
3.001999999999891,-0.7514871751101999,-9.08289450297465e-17,0.36152383469806904
3.0039999999998908,-0.7514871751101999,-1.7084306535917672e-16,0.36152383469806904
3.0059999999998905,-0.7514871751101999,-6.63259759315741e-17,0.36152383469806904
3.0079999999998903,-0.7514871751101999,-9.27805089402204e-17,0.36152383469806904
3.00999999999989,-0.7514871751101999,-8.584161503631318e-17,0.36152383469806904
3.01199999999989,-0.7514871751101999,-3.857040031594518e-17,0.36152383469806904
3.0139999999998897,-0.7514871751101999,-6.502493332459149e-17,0.36152383469806904
3.0159999999998894,-0.7514871751101999,-8.540793416731897e-17,0.36152383469806904
3.017999999999889,-0.7514871751101999,-1.2769181889425365e-16,0.36152383469806904
3.019999999999889,-0.7514871751101999,-8.562477460181608e-17,0.36152383469806904
3.0219999999998888,-0.7514871751101999,-5.548395420671905e-17,0.36152383469806904
3.0239999999998886,-0.7514871751101999,-8.389005112583927e-17,0.36152383469806904
3.0259999999998883,-0.7514871751101999,-1.2790865932875075e-16,0.36152383469806904
3.027999999999888,-0.7514871751101999,-9.14794663332378e-17,0.36152383469806904
3.029999999999888,-0.7514871751101999,-6.545861419358569e-17,0.36152383469806904
3.0319999999998877,-0.7514871751101999,-9.971940284412763e-17,0.36152383469806904
3.0339999999998875,-0.7514871751101999,-8.627529590530738e-17,0.36152383469806904
3.0359999999998872,-0.7514871751101999,-8.562477460181608e-17,0.36152383469806904
3.037999999999887,-0.7514871751101999,-6.198916724163208e-17,0.36152383469806904
3.039999999999887,-0.7514871751101999,-8.454057242933057e-17,0.36152383469806904
3.0419999999998866,-0.7514871751101999,-1.13380350217445e-16,0.36152383469806904
3.0439999999998864,-0.7514871751101999,-8.302268938785086e-17,0.36152383469806904
3.045999999999886,-0.7514871751101999,-8.540793416731897e-17,0.36152383469806904
3.047999999999886,-0.7514871751101999,-1.4742429843348983e-16,0.36152383469806904
3.0499999999998857,-0.7514871751101999,-6.394073115210599e-17,0.36152383469806904
3.0519999999998855,-0.7514871751101999,-1.140308715209363e-16,0.36152383469806904
3.0539999999998853,-0.7514871751101999,-6.545861419358569e-17,0.36152383469806904
3.055999999999885,-0.7514871751101999,-6.567545462808279e-17,0.36152383469806904
3.057999999999885,-0.7514871751101999,-1.2010240368685512e-16,0.36152383469806904
3.0599999999998846,-0.7514871751101999,-9.14794663332378e-17,0.36152383469806904
3.0619999999998844,-0.7514871751101999,-5.982076289666107e-17,0.36152383469806904
3.063999999999884,-0.7514871751101999,-6.480809289009439e-17,0.36152383469806904
3.065999999999884,-0.7514871751101999,-1.2010240368685512e-16,0.36152383469806904
3.0679999999998837,-0.7514871751101999,-1.0644145631353776e-16,0.36152383469806904
3.0699999999998835,-0.7514871751101999,-8.367321069134217e-17,0.36152383469806904
3.0719999999998833,-0.7514871751101999,-6.567545462808279e-17,0.36152383469806904
3.073999999999883,-0.7514871751101999,-9.494891328519141e-17,0.36152383469806904
3.075999999999883,-0.7514871751101999,-9.841836023714503e-17,0.36152383469806904
3.0779999999998826,-0.7514871751101999,-6.112180550364368e-17,0.36152383469806904
3.0799999999998824,-0.7514871751101999,-6.58922950625799e-17,0.36152383469806904
3.081999999999882,-0.7514871751101999,-1.2595709541827684e-16,0.36152383469806904
3.083999999999882,-0.7514871751101999,-9.798467936815083e-17,0.36152383469806904
3.0859999999998817,-0.7514871751101999,-1.2487289324579134e-16,0.36152383469806904
3.0879999999998815,-0.7514871751101999,-8.497425329832477e-17,0.36152383469806904
3.0899999999998813,-0.7514871751101999,-6.502493332459149e-17,0.36152383469806904
3.091999999999881,-0.7514871751101999,-8.323952982234797e-17,0.36152383469806904
3.093999999999881,-0.7514871751101999,-1.4699061756449563e-16,0.36152383469806904
3.0959999999998806,-0.7514871751101999,-1.0709197761702906e-16,0.36152383469806904
3.0979999999998804,-0.7514871751101999,-6.198916724163208e-17,0.36152383469806904
3.09999999999988,-0.7514871751101999,-7.001226331802481e-17,0.36152383469806904
3.10199999999988,-0.7514871751101999,-6.502493332459149e-17,0.36152383469806904
3.1039999999998797,-0.7514871751101999,-7.716799765642914e-17,0.36152383469806904
3.1059999999998795,-0.7514871751101999,-9.321418980921461e-17,0.36152383469806904
3.1079999999998793,-0.7514871751101999,-9.14794663332378e-17,0.36152383469806904
3.109999999999879,-0.7514871751101999,-2.2548685485244615e-16,0.36152383469806904
3.111999999999879,-0.7514871751101999,-8.562477460181608e-17,0.36152383469806904
3.1139999999998786,-0.7514871751101999,-4.3774570743875604e-17,0.36152383469806904
3.1159999999998784,-0.7514871751101999,-5.591763507571325e-17,0.36152383469806904
3.117999999999878,-0.7514871751101999,-8.562477460181608e-17,0.36152383469806904
3.119999999999878,-0.7514871751101999,-6.112180550364368e-17,0.36152383469806904
3.1219999999998778,-0.7514871751101999,-6.76270185385567e-17,0.36152383469806904
3.1239999999998775,-0.7514871751101999,-1.2010240368685512e-16,0.36152383469806904
3.1259999999998773,-0.7514871751101999,-9.14794663332378e-17,0.36152383469806904
3.127999999999877,-0.7514871751101999,-8.302268938785086e-17,0.36152383469806904
3.129999999999877,-0.7514871751101999,-1.2010240368685512e-16,0.36152383469806904
3.1319999999998767,-0.7514871751101999,-8.280584895335376e-17,0.36152383469806904
3.1339999999998764,-0.7514871751101999,-8.475741286382767e-17,0.36152383469806904
3.135999999999876,-0.7514871751101999,-1.2010240368685512e-16,0.36152383469806904
3.137999999999876,-0.7514871751101999,-8.562477460181608e-17,0.36152383469806904
3.139999999999876,-0.7514871751101999,-3.770303857795678e-17,0.36152383469806904
3.1419999999998756,-0.7514871751101999,-8.627529590530738e-17,0.36152383469806904
3.1439999999998753,-0.7514871751101999,-8.649213633980448e-17,0.36152383469806904
3.145999999999875,-0.7514871751101999,-1.4959270277846084e-16,0.36152383469806904
3.147999999999875,-0.7514871751101999,-9.14794663332378e-17,0.36152383469806904
3.1499999999998747,-0.7514871751101999,-8.302268938785086e-17,0.36152383469806904
3.1519999999998745,-0.7514871751101999,-1.2010240368685512e-16,0.36152383469806904
3.1539999999998742,-0.7514871751101999,-3.813671944695098e-17,0.36152383469806904
3.155999999999874,-0.7514871751101999,-1.2574025498377974e-16,0.36152383469806904
3.157999999999874,-0.7514871751101999,-8.584161503631318e-17,0.36152383469806904
3.1599999999998736,-0.7514871751101999,-6.567545462808279e-17,0.36152383469806904
3.1619999999998734,-0.7514871751101999,-8.497425329832477e-17,0.36152383469806904
3.163999999999873,-0.7514871751101999,-6.545861419358569e-17,0.36152383469806904
3.165999999999873,-0.7514871751101999,-8.497425329832477e-17,0.36152383469806904
3.1679999999998727,-0.7514871751101999,-1.2595709541827684e-16,0.36152383469806904
3.1699999999998725,-0.7514871751101999,-8.909422155376969e-17,0.36152383469806904
3.1719999999998723,-0.7514871751101999,-2.1941532268652732e-16,0.36152383469806904
3.173999999999872,-0.7514871751101999,-3.553463423298577e-17,0.36152383469806904
3.175999999999872,-0.7514871751101999,-8.562477460181608e-17,0.36152383469806904
3.1779999999998716,-0.7514871751101999,-4.4208251612869806e-17,0.36152383469806904
3.1799999999998714,-0.7514871751101999,-7.716799765642914e-17,0.36152383469806904
3.181999999999871,-0.7514871751101999,-8.562477460181608e-17,0.36152383469806904
3.183999999999871,-0.7514871751101999,-8.020376373938855e-17,0.36152383469806904
3.1859999999998707,-0.7514871751101999,-8.302268938785086e-17,0.36152383469806904
3.1879999999998705,-0.7514871751101999,-5.895340115867267e-17,0.36152383469806904
3.1899999999998703,-0.7514871751101999,-7.066278462151611e-17,0.36152383469806904
3.19199999999987,-0.7514871751101999,-8.540793416731897e-17,0.36152383469806904
3.19399999999987,-0.7514871751101999,-8.323952982234797e-17,0.36152383469806904
3.1959999999998696,-0.7514871751101999,-1.140308715209363e-16,0.36152383469806904
3.1979999999998694,-0.7514871751101999,-8.302268938785086e-17,0.36152383469806904
3.199999999999869,-0.7514871751101999,-6.502493332459149e-17,0.36152383469806904
3.201999999999869,-0.7514871751101999,-9.27805089402204e-17,0.36152383469806904
3.2039999999998687,-0.7514871751101999,-1.1682186438304673e-17,0.36152383469806904
3.2059999999998685,-0.7514871751101999,-8.627529590530738e-17,0.36152383469806904
3.2079999999998683,-0.7514871751101999,-6.198916724163208e-17,0.36152383469806904
3.209999999999868,-0.7514871751101999,-1.0448989240306385e-16,0.36152383469806904
3.211999999999868,-0.7514871751101999,-8.562477460181608e-17,0.36152383469806904
3.2139999999998676,-0.7514871751101999,-1.4677377712999853e-16,0.36152383469806904
3.2159999999998674,-0.7514871751101999,-6.459125245559729e-17,0.36152383469806904
3.217999999999867,-0.7514871751101999,-1.417864471365652e-16,0.36152383469806904
3.219999999999867,-0.7514871751101999,-1.0362253066507545e-16,0.36152383469806904
3.2219999999998667,-0.7514871751101999,-7.716799765642914e-17,0.36152383469806904
3.2239999999998665,-0.7514871751101999,-1.1923504194886671e-16,0.36152383469806904
3.2259999999998663,-0.7514871751101999,-7.369855070447553e-17,0.36152383469806904
3.227999999999866,-0.7514871751101999,-1.0709197761702906e-16,0.36152383469806904
3.229999999999866,-0.7514871751101999,-9.23468280712262e-17,0.36152383469806904
3.2319999999998656,-0.7514871751101999,-9.513782093333664e-18,0.36152383469806904
3.2339999999998654,-0.7514871751101999,-8.627529590530738e-17,0.36152383469806904
3.235999999999865,-0.7514871751101999,-8.367321069134217e-17,0.36152383469806904
3.237999999999865,-0.7514871751101999,-1.4699061756449563e-16,0.36152383469806904
3.2399999999998648,-0.7514871751101999,-1.131635097829479e-16,0.36152383469806904
3.2419999999998645,-0.7514871751101999,-9.14794663332378e-17,0.36152383469806904
3.2439999999998643,-0.7514871751101999,-2.2548685485244615e-16,0.36152383469806904
3.245999999999864,-0.7514871751101999,-6.76270185385567e-17,0.36152383469806904
3.247999999999864,-0.7514871751101999,-8.497425329832477e-17,0.36152383469806904
3.2499999999998637,-0.7514871751101999,-6.480809289009439e-17,0.36152383469806904
3.2519999999998634,-0.7514871751101999,-6.80606994075509e-17,0.36152383469806904
3.2539999999998632,-0.7514871751101999,-9.343103024371171e-17,0.36152383469806904
3.255999999999863,-0.7514871751101999,-8.627529590530738e-17,0.36152383469806904
3.257999999999863,-0.7514871751101999,-5.808603942068426e-17,0.36152383469806904
3.2599999999998626,-0.7514871751101999,-9.1913147202232e-17,0.36152383469806904
3.2619999999998623,-0.7514871751101999,-8.389005112583927e-17,0.36152383469806904
3.263999999999862,-0.7514871751101999,-5.548395420671905e-17,0.36152383469806904
3.265999999999862,-0.7514871751101999,-9.10457854642436e-17,0.36152383469806904
3.2679999999998617,-0.7514871751101999,-1.7648091665610135e-16,0.36152383469806904
3.2699999999998615,-0.7514871751101999,-9.10457854642436e-17,0.36152383469806904
3.2719999999998612,-0.7514871751101999,-1.7691459752509555e-16,0.36152383469806904
3.273999999999861,-0.7514871751101999,-3.4450432060500266e-17,0.36152383469806904
3.275999999999861,-0.7514871751101999,-4.464193248186401e-17,0.36152383469806904
3.2779999999998606,-0.7514871751101999,-6.372389071760889e-17,0.36152383469806904
3.2799999999998604,-0.7514871751101999,-8.302268938785086e-17,0.36152383469806904
3.28199999999986,-0.7514871751101999,-1.2530657411478554e-16,0.36152383469806904
3.28399999999986,-0.7514871751101999,-1.0644145631353776e-16,0.36152383469806904
3.2859999999998597,-0.7514871751101999,-6.372389071760889e-17,0.36152383469806904
3.2879999999998595,-0.7514871751101999,-8.562477460181608e-17,0.36152383469806904
3.2899999999998593,-0.7514871751101999,-6.74101781040596e-17,0.36152383469806904
3.291999999999859,-0.7514871751101999,-1.1164562674146818e-16,0.36152383469806904
3.293999999999859,-0.7514871751101999,-9.14794663332378e-17,0.36152383469806904
3.2959999999998586,-0.7514871751101999,-6.502493332459149e-17,0.36152383469806904
3.2979999999998584,-0.7514871751101999,-8.323952982234797e-17,0.36152383469806904
3.299999999999858,-0.7514871751101999,-1.2595709541827684e-16,0.36152383469806904
3.301999999999858,-0.7514871751101999,-9.408155154720301e-17,0.36152383469806904
3.3039999999998577,-0.7514871751101999,-3.857040031594518e-17,0.36152383469806904
3.3059999999998575,-0.7514871751101999,-8.562477460181608e-17,0.36152383469806904
3.3079999999998573,-0.7514871751101999,-1.144645523899305e-16,0.36152383469806904
3.309999999999857,-0.7514871751101999,-1.140308715209363e-16,0.36152383469806904
3.311999999999857,-0.7514871751101999,-6.415757158660309e-17,0.36152383469806904
3.3139999999998566,-0.7514871751101999,-6.155548637263788e-17,0.36152383469806904
3.3159999999998564,-0.7514871751101999,-8.323952982234797e-17,0.36152383469806904
3.317999999999856,-0.7514871751101999,-1.4699061756449563e-16,0.36152383469806904
3.319999999999856,-0.7514871751101999,-1.1077826500347978e-16,0.36152383469806904
3.3219999999998557,-0.7514871751101999,-5.678499681370166e-17,0.36152383469806904
3.3239999999998555,-0.7514871751101999,-1.1923504194886671e-16,0.36152383469806904
3.3259999999998553,-0.7514871751101999,-5.678499681370166e-17,0.36152383469806904
3.327999999999855,-0.7514871751101999,-1.0492357327205805e-16,0.36152383469806904
3.329999999999855,-0.7514871751101999,-6.394073115210599e-17,0.36152383469806904
3.3319999999998546,-0.7514871751101999,-1.1923504194886671e-16,0.36152383469806904
3.3339999999998544,-0.7514871751101999,-7.413223157346973e-17,0.36152383469806904
3.335999999999854,-0.7514871751101999,-1.0709197761702906e-16,0.36152383469806904
3.337999999999854,-0.7514871751101999,-8.497425329832477e-17,0.36152383469806904
3.3399999999998538,-0.7514871751101999,-6.545861419358569e-17,0.36152383469806904
3.3419999999998535,-0.7514871751101999,-6.372389071760889e-17,0.36152383469806904
3.3439999999998533,-0.7514871751101999,-7.413223157346973e-17,0.36152383469806904
3.345999999999853,-0.7514871751101999,-1.0752565848602326e-16,0.36152383469806904
3.347999999999853,-0.7514871751101999,-1.0709197761702906e-16,0.36152383469806904
3.3499999999998527,-0.7514871751101999,-8.584161503631318e-17,0.36152383469806904
3.3519999999998524,-0.7514871751101999,-6.155548637263788e-17,0.36152383469806904
3.353999999999852,-0.7514871751101999,-9.885204110613923e-17,0.36152383469806904
3.355999999999852,-0.7514871751101999,-8.562477460181608e-17,0.36152383469806904
3.3579999999998518,-0.7514871751101999,-1.4655693669550142e-16,0.36152383469806904
3.3599999999998515,-0.7514871751101999,-1.0665829674803486e-16,0.36152383469806904
3.3619999999998513,-0.7514871751101999,-6.415757158660309e-17,0.36152383469806904
3.363999999999851,-0.7514871751101999,-7.716799765642914e-17,0.36152383469806904
3.365999999999851,-0.7514871751101999,-8.844370025027839e-17,0.36152383469806904
3.3679999999998507,-0.7514871751101999,-1.7040938449018252e-16,0.36152383469806904
3.3699999999998504,-0.7514871751101999,-9.841836023714503e-17,0.36152383469806904
3.3719999999998502,-0.7514871751101999,-5.895340115867267e-17,0.36152383469806904
3.37399999999985,-0.7514871751101999,-6.502493332459149e-17,0.36152383469806904
3.37599999999985,-0.7514871751101999,-8.280584895335376e-17,0.36152383469806904
3.3779999999998496,-0.7514871751101999,-7.716799765642914e-17,0.36152383469806904
3.3799999999998493,-0.7514871751101999,-8.323952982234797e-17,0.36152383469806904
3.381999999999849,-0.7514871751101999,-6.459125245559729e-17,0.36152383469806904
3.383999999999849,-0.7514871751101999,-6.480809289009439e-17,0.36152383469806904
3.3859999999998487,-0.7514871751101999,-1.2530657411478554e-16,0.36152383469806904
3.3879999999998485,-0.7514871751101999,-1.2010240368685512e-16,0.36152383469806904
3.3899999999998482,-0.7514871751101999,-9.10457854642436e-17,0.36152383469806904
3.391999999999848,-0.7514871751101999,-6.545861419358569e-17,0.36152383469806904
3.393999999999848,-0.7514871751101999,-6.979542288352771e-17,0.36152383469806904
3.3959999999998476,-0.7514871751101999,-1.1186246717596528e-16,0.36152383469806904
3.3979999999998474,-0.7514871751101999,-7.001226331802481e-17,0.36152383469806904
3.399999999999847,-0.7514871751101999,-1.1272982891395369e-16,0.36152383469806904
3.401999999999847,-0.7514871751101999,-9.14794663332378e-17,0.36152383469806904
3.4039999999998467,-0.7514871751101999,-1.7864932100107236e-16,0.36152383469806904
3.4059999999998465,-0.7514871751101999,-8.540793416731897e-17,0.36152383469806904
3.4079999999998463,-0.7514871751101999,-4.3774570743875604e-17,0.36152383469806904
3.409999999999846,-0.7514871751101999,-8.128796591187406e-17,0.36152383469806904
3.411999999999846,-0.7514871751101999,-1.2530657411478554e-16,0.36152383469806904
3.4139999999998456,-0.7514871751101999,-1.0448989240306385e-16,0.36152383469806904
3.4159999999998454,-0.7514871751101999,-5.635131594470746e-17,0.36152383469806904
3.417999999999845,-0.7514871751101999,-9.08289450297465e-17,0.36152383469806904
3.419999999999845,-0.7514871751101999,-5.721867768269586e-17,0.36152383469806904
3.4219999999998447,-0.7514871751101999,-9.1913147202232e-17,0.36152383469806904
3.4239999999998445,-0.7514871751101999,-8.540793416731897e-17,0.36152383469806904
3.4259999999998443,-0.7514871751101999,-1.2574025498377974e-16,0.36152383469806904
3.427999999999844,-0.7514871751101999,-1.0383937109957255e-16,0.36152383469806904
3.429999999999844,-0.7514871751101999,-6.74101781040596e-17,0.36152383469806904
3.4319999999998436,-0.7514871751101999,-8.540793416731897e-17,0.36152383469806904
3.4339999999998434,-0.7514871751101999,-6.74101781040596e-17,0.36152383469806904
3.435999999999843,-0.7514871751101999,-8.584161503631318e-17,0.36152383469806904
3.437999999999843,-0.7514871751101999,-5.3749230730742245e-17,0.36152383469806904
3.4399999999998427,-0.7514871751101999,-1.1164562674146818e-16,0.36152383469806904
3.4419999999998425,-0.7514871751101999,-6.71933376695625e-17,0.36152383469806904
3.4439999999998423,-0.7514871751101999,-8.323952982234797e-17,0.36152383469806904
3.445999999999842,-0.7514871751101999,-1.2595709541827684e-16,0.36152383469806904
3.447999999999842,-0.7514871751101999,-1.0665829674803486e-16,0.36152383469806904
3.4499999999998416,-0.7514871751101999,-6.415757158660309e-17,0.36152383469806904
3.4519999999998414,-0.7514871751101999,-6.80606994075509e-17,0.36152383469806904
3.453999999999841,-0.7514871751101999,-1.0709197761702906e-16,0.36152383469806904
3.455999999999841,-0.7514871751101999,-9.1913147202232e-17,0.36152383469806904
3.4579999999998408,-0.7514871751101999,-8.562477460181608e-17,0.36152383469806904
3.4599999999998405,-0.7514871751101999,-8.389005112583927e-17,0.36152383469806904
3.4619999999998403,-0.7514871751101999,-5.548395420671905e-17,0.36152383469806904
3.46399999999984,-0.7514871751101999,-9.1913147202232e-17,0.36152383469806904
3.46599999999984,-0.7514871751101999,-8.540793416731897e-17,0.36152383469806904
3.4679999999998397,-0.7514871751101999,-1.41352766267571e-16,0.36152383469806904
3.4699999999998394,-0.7514871751101999,-1.135971906519421e-16,0.36152383469806904
3.471999999999839,-0.7514871751101999,-6.58922950625799e-17,0.36152383469806904
3.473999999999839,-0.7514871751101999,-1.1099510543797688e-16,0.36152383469806904
3.4759999999998388,-0.7514871751101999,-8.562477460181608e-17,0.36152383469806904
3.4779999999998386,-0.7514871751101999,-6.567545462808279e-17,0.36152383469806904
3.4799999999998383,-0.7514871751101999,-1.0644145631353776e-16,0.36152383469806904
3.481999999999838,-0.7514871751101999,-6.80606994075509e-17,0.36152383469806904
3.483999999999838,-0.7514871751101999,-8.475741286382767e-17,0.36152383469806904
3.4859999999998377,-0.7514871751101999,-8.367321069134217e-17,0.36152383469806904
3.4879999999998375,-0.7514871751101999,-1.4742429843348983e-16,0.36152383469806904
3.4899999999998372,-0.7514871751101999,-6.220600767612918e-17,0.36152383469806904
3.491999999999837,-0.7514871751101999,-9.23468280712262e-17,0.36152383469806904
3.493999999999837,-0.7514871751101999,-8.584161503631318e-17,0.36152383469806904
3.4959999999998366,-0.7514871751101999,-1.2834234019774495e-16,0.36152383469806904
3.4979999999998364,-0.7514871751101999,-5.982076289666107e-17,0.36152383469806904
3.499999999999836,-0.7514871751101999,-6.58922950625799e-17,0.36152383469806904
3.501999999999836,-0.7514871751101999,-1.1229614804495948e-16,0.36152383469806904
3.5039999999998357,-0.7514871751101999,-9.14794663332378e-17,0.36152383469806904
3.5059999999998355,-0.7514871751101999,-6.545861419358569e-17,0.36152383469806904
3.5079999999998353,-0.7514871751101999,-9.08289450297465e-17,0.36152383469806904
3.509999999999835,-0.7514871751101999,-1.7084306535917672e-16,0.36152383469806904
3.511999999999835,-0.7514871751101999,-9.27805089402204e-17,0.36152383469806904
3.5139999999998346,-0.7514871751101999,-6.459125245559729e-17,0.36152383469806904
3.5159999999998344,-0.7514871751101999,-6.71933376695625e-17,0.36152383469806904
3.517999999999834,-0.7514871751101999,-8.323952982234797e-17,0.36152383469806904
3.519999999999834,-0.7514871751101999,-1.2010240368685512e-16,0.36152383469806904
3.5219999999998337,-0.7514871751101999,-8.562477460181608e-17,0.36152383469806904
3.5239999999998335,-0.7514871751101999,-6.58922950625799e-17,0.36152383469806904
3.5259999999998333,-0.7514871751101999,-8.540793416731897e-17,0.36152383469806904
3.527999999999833,-0.7514871751101999,-6.502493332459149e-17,0.36152383469806904
3.529999999999833,-0.7514871751101999,-9.494891328519141e-17,0.36152383469806904
3.5319999999998326,-0.7514871751101999,-9.321418980921461e-17,0.36152383469806904
3.5339999999998324,-0.7514871751101999,-6.567545462808279e-17,0.36152383469806904
3.535999999999832,-0.7514871751101999,-1.2574025498377974e-16,0.36152383469806904
3.537999999999832,-0.7514871751101999,-1.135971906519421e-16,0.36152383469806904
3.5399999999998317,-0.7514871751101999,-7.716799765642914e-17,0.36152383469806904
3.5419999999998315,-0.7514871751101999,-8.562477460181608e-17,0.36152383469806904
3.5439999999998313,-0.7514871751101999,-5.938708202766687e-17,0.36152383469806904
3.545999999999831,-0.7514871751101999,-7.781851895992044e-17,0.36152383469806904
3.547999999999831,-0.7514871751101999,-8.562477460181608e-17,0.36152383469806904
3.5499999999998306,-0.7514871751101999,-1.2790865932875075e-16,0.36152383469806904
3.5519999999998304,-0.7514871751101999,-9.1913147202232e-17,0.36152383469806904
3.55399999999983,-0.7514871751101999,-8.540793416731897e-17,0.36152383469806904
3.55599999999983,-0.7514871751101999,-1.0709197761702906e-16,0.36152383469806904
3.5579999999998297,-0.7514871751101999,-8.302268938785086e-17,0.36152383469806904
3.5599999999998295,-0.7514871751101999,-6.502493332459149e-17,0.36152383469806904
3.5619999999998293,-0.7514871751101999,-9.23468280712262e-17,0.36152383469806904
3.563999999999829,-0.7514871751101999,-1.1682186438304673e-17,0.36152383469806904
3.565999999999829,-0.7514871751101999,-1.2530657411478554e-16,0.36152383469806904
3.5679999999998286,-0.7514871751101999,-9.1913147202232e-17,0.36152383469806904
3.5699999999998284,-0.7514871751101999,-8.540793416731897e-17,0.36152383469806904
3.571999999999828,-0.7514871751101999,-1.2790865932875075e-16,0.36152383469806904
3.573999999999828,-0.7514871751101999,-9.668363676116822e-17,0.36152383469806904
3.5759999999998278,-0.7514871751101999,-9.14794663332378e-17,0.36152383469806904
3.5779999999998275,-0.7514871751101999,-8.280584895335376e-17,0.36152383469806904
3.5799999999998273,-0.7514871751101999,-1.1142878630697108e-16,0.36152383469806904
3.581999999999827,-0.7514871751101999,-9.27805089402204e-17,0.36152383469806904
3.583999999999827,-0.7514871751101999,-1.1682186438304673e-17,0.36152383469806904
3.5859999999998267,-0.7514871751101999,-9.23468280712262e-17,0.36152383469806904
3.5879999999998264,-0.7514871751101999,-8.562477460181608e-17,0.36152383469806904
3.589999999999826,-0.7514871751101999,-1.3484755323265798e-16,0.36152383469806904
3.591999999999826,-0.7514871751101999,-8.540793416731897e-17,0.36152383469806904
3.593999999999826,-0.7514871751101999,-6.71933376695625e-17,0.36152383469806904
3.5959999999998256,-0.7514871751101999,-8.323952982234797e-17,0.36152383469806904
3.5979999999998253,-0.7514871751101999,-1.4872534104047243e-16,0.36152383469806904
3.599999999999825,-0.7514871751101999,-9.08289450297465e-17,0.36152383469806904
3.601999999999825,-0.7514871751101999,-1.7648091665610135e-16,0.36152383469806904
3.6039999999998247,-0.7514871751101999,-8.540793416731897e-17,0.36152383469806904
3.6059999999998245,-0.7514871751101999,-9.668363676116822e-17,0.36152383469806904
3.6079999999998242,-0.7514871751101999,-8.649213633980448e-17,0.36152383469806904
3.609999999999824,-0.7514871751101999,-1.9773127923681723e-16,0.36152383469806904
3.611999999999824,-0.7514871751101999,-1.7753718604223498e-17,0.36152383469806904
3.6139999999998236,-0.7514871751101999,-1.0448989240306385e-16,0.36152383469806904
3.6159999999998234,-0.7514871751101999,-4.3774570743875604e-17,0.36152383469806904
3.617999999999823,-0.7514871751101999,-5.635131594470746e-17,0.36152383469806904
3.619999999999823,-0.7514871751101999,-8.562477460181608e-17,0.36152383469806904
3.6219999999998227,-0.7514871751101999,-6.155548637263788e-17,0.36152383469806904
3.6239999999998225,-0.7514871751101999,-6.545861419358569e-17,0.36152383469806904
3.6259999999998223,-0.7514871751101999,-7.022910375252191e-17,0.36152383469806904
3.627999999999822,-0.7514871751101999,-8.584161503631318e-17,0.36152383469806904
3.629999999999822,-0.7514871751101999,-6.58922950625799e-17,0.36152383469806904
3.6319999999998216,-0.7514871751101999,-1.0709197761702906e-16,0.36152383469806904
3.6339999999998214,-0.7514871751101999,-8.627529590530738e-17,0.36152383469806904
3.635999999999821,-0.7514871751101999,-1.2574025498377974e-16,0.36152383469806904
3.637999999999821,-0.7514871751101999,-1.140308715209363e-16,0.36152383469806904
3.6399999999998207,-0.7514871751101999,-7.673431678743494e-17,0.36152383469806904
3.6419999999998205,-0.7514871751101999,-8.844370025027839e-17,0.36152383469806904
3.6439999999998203,-0.7514871751101999,-1.9816496010581144e-16,0.36152383469806904
3.64599999999982,-0.7514871751101999,-6.155548637263788e-17,0.36152383469806904
3.64799999999982,-0.7514871751101999,-5.938708202766687e-17,0.36152383469806904
3.6499999999998196,-0.7514871751101999,-6.545861419358569e-17,0.36152383469806904
3.6519999999998194,-0.7514871751101999,-6.545861419358569e-17,0.36152383469806904
3.653999999999819,-0.7514871751101999,-9.23468280712262e-17,0.36152383469806904
3.655999999999819,-0.7514871751101999,-1.1682186438304673e-17,0.36152383469806904
3.6579999999998187,-0.7514871751101999,-8.562477460181608e-17,0.36152383469806904
3.6599999999998185,-0.7514871751101999,-6.155548637263788e-17,0.36152383469806904
3.6619999999998183,-0.7514871751101999,-9.321418980921461e-17,0.36152383469806904
3.663999999999818,-0.7514871751101999,-9.23468280712262e-17,0.36152383469806904
3.665999999999818,-0.7514871751101999,-1.1248505569310471e-17,0.36152383469806904
3.6679999999998176,-0.7514871751101999,-1.0665829674803486e-16,0.36152383469806904
3.6699999999998174,-0.7514871751101999,-9.14794663332378e-17,0.36152383469806904
3.671999999999817,-0.7514871751101999,-1.7691459752509555e-16,0.36152383469806904
3.673999999999817,-0.7514871751101999,-9.755099849915662e-17,0.36152383469806904
3.6759999999998167,-0.7514871751101999,-1.2053608455584932e-16,0.36152383469806904
3.6779999999998165,-0.7514871751101999,-1.1077826500347978e-16,0.36152383469806904
3.6799999999998163,-0.7514871751101999,-9.10457854642436e-17,0.36152383469806904
3.681999999999816,-0.7514871751101999,-1.5566423494437966e-16,0.36152383469806904
3.683999999999816,-0.7514871751101999,-9.755099849915662e-17,0.36152383469806904
3.6859999999998156,-0.7514871751101999,-5.982076289666107e-17,0.36152383469806904
3.6879999999998154,-0.7514871751101999,-6.545861419358569e-17,0.36152383469806904
3.689999999999815,-0.7514871751101999,-6.567545462808279e-17,0.36152383469806904
3.691999999999815,-0.7514871751101999,-9.1913147202232e-17,0.36152383469806904
3.6939999999998148,-0.7514871751101999,-8.562477460181608e-17,0.36152383469806904
3.6959999999998145,-0.7514871751101999,-6.567545462808279e-17,0.36152383469806904
3.6979999999998143,-0.7514871751101999,-8.562477460181608e-17,0.36152383469806904
3.699999999999814,-0.7514871751101999,-1.2574025498377974e-16,0.36152383469806904
3.701999999999814,-0.7514871751101999,-8.584161503631318e-17,0.36152383469806904
3.7039999999998137,-0.7514871751101999,-6.545861419358569e-17,0.36152383469806904
3.7059999999998134,-0.7514871751101999,-8.280584895335376e-17,0.36152383469806904
3.7079999999998132,-0.7514871751101999,-8.497425329832477e-17,0.36152383469806904
3.709999999999813,-0.7514871751101999,-5.591763507571325e-17,0.36152383469806904
3.711999999999813,-0.7514871751101999,-9.14794663332378e-17,0.36152383469806904
3.7139999999998126,-0.7514871751101999,-1.7691459752509555e-16,0.36152383469806904
3.7159999999998123,-0.7514871751101999,-9.885204110613923e-17,0.36152383469806904
3.717999999999812,-0.7514871751101999,-8.497425329832477e-17,0.36152383469806904
3.719999999999812,-0.7514871751101999,-3.9004081184939385e-17,0.36152383469806904
3.7219999999998117,-0.7514871751101999,-8.367321069134217e-17,0.36152383469806904
3.7239999999998115,-0.7514871751101999,-1.4742429843348983e-16,0.36152383469806904
3.7259999999998112,-0.7514871751101999,-5.938708202766687e-17,0.36152383469806904
3.727999999999811,-0.7514871751101999,-8.237216808435956e-17,0.36152383469806904
3.729999999999811,-0.7514871751101999,-8.367321069134217e-17,0.36152383469806904
3.7319999999998106,-0.7514871751101999,-5.548395420671905e-17,0.36152383469806904
3.7339999999998104,-0.7514871751101999,-8.540793416731897e-17,0.36152383469806904
3.73599999999981,-0.7514871751101999,-1.2010240368685512e-16,0.36152383469806904
3.73799999999981,-0.7514871751101999,-8.714265764329578e-17,0.36152383469806904
3.7399999999998097,-0.7514871751101999,9.351335707914113e-18,0.36152383469806904
3.7419999999998095,-0.7514871751101999,-1.2530657411478554e-16,0.36152383469806904
3.7439999999998093,-0.7514871751101999,-9.755099849915662e-17,0.36152383469806904
3.745999999999809,-0.7514871751101999,-8.562477460181608e-17,0.36152383469806904
3.747999999999809,-0.7514871751101999,-1.2530657411478554e-16,0.36152383469806904
3.7499999999998086,-0.7514871751101999,-9.820151980264793e-17,0.36152383469806904
3.7519999999998084,-0.7514871751101999,-1.2010240368685512e-16,0.36152383469806904
3.753999999999808,-0.7514871751101999,-9.27805089402204e-17,0.36152383469806904
3.755999999999808,-0.7514871751101999,-9.711731763016242e-17,0.36152383469806904
3.7579999999998077,-0.7514871751101999,-6.502493332459149e-17,0.36152383469806904
3.7599999999998075,-0.7514871751101999,-8.584161503631318e-17,0.36152383469806904
3.7619999999998073,-0.7514871751101999,-1.1966872281786091e-16,0.36152383469806904
3.763999999999807,-0.7514871751101999,-8.562477460181608e-17,0.36152383469806904
3.765999999999807,-0.7514871751101999,-5.721867768269586e-17,0.36152383469806904
3.7679999999998066,-0.7514871751101999,-1.2530657411478554e-16,0.36152383469806904
3.7699999999998064,-0.7514871751101999,-9.10457854642436e-17,0.36152383469806904
3.771999999999806,-0.7514871751101999,-6.502493332459149e-17,0.36152383469806904
3.773999999999806,-0.7514871751101999,-9.755099849915662e-17,0.36152383469806904
3.7759999999998057,-0.7514871751101999,-9.321418980921461e-17,0.36152383469806904
3.7779999999998055,-0.7514871751101999,-1.0709197761702906e-16,0.36152383469806904
3.7799999999998053,-0.7514871751101999,-8.323952982234797e-17,0.36152383469806904
3.781999999999805,-0.7514871751101999,-6.502493332459149e-17,0.36152383469806904
3.783999999999805,-0.7514871751101999,-9.23468280712262e-17,0.36152383469806904
3.7859999999998046,-0.7514871751101999,-1.1682186438304673e-17,0.36152383469806904
3.7879999999998044,-0.7514871751101999,-1.2530657411478554e-16,0.36152383469806904
3.789999999999804,-0.7514871751101999,-9.14794663332378e-17,0.36152383469806904
3.791999999999804,-0.7514871751101999,-1.7864932100107236e-16,0.36152383469806904
3.7939999999998038,-0.7514871751101999,-9.14794663332378e-17,0.36152383469806904
3.7959999999998035,-0.7514871751101999,-2.1984900355552152e-16,0.36152383469806904
3.7979999999998033,-0.7514871751101999,-3.575147466748287e-17,0.36152383469806904
3.799999999999803,-0.7514871751101999,-3.813671944695098e-17,0.36152383469806904
3.801999999999803,-0.7514871751101999,-7.673431678743494e-17,0.36152383469806904
3.8039999999998027,-0.7514871751101999,-9.27805089402204e-17,0.36152383469806904
3.8059999999998024,-0.7514871751101999,-8.627529590530738e-17,0.36152383469806904
3.807999999999802,-0.7514871751101999,-6.459125245559729e-17,0.36152383469806904
3.809999999999802,-0.7514871751101999,-6.459125245559729e-17,0.36152383469806904
3.8119999999998018,-0.7514871751101999,-1.0448989240306385e-16,0.36152383469806904
3.8139999999998015,-0.7514871751101999,-8.540793416731897e-17,0.36152383469806904
3.8159999999998013,-0.7514871751101999,-5.635131594470746e-17,0.36152383469806904
3.817999999999801,-0.7514871751101999,-8.562477460181608e-17,0.36152383469806904
3.819999999999801,-0.7514871751101999,-1.2834234019774495e-16,0.36152383469806904
3.8219999999998007,-0.7514871751101999,-1.135971906519421e-16,0.36152383469806904
3.8239999999998004,-0.7514871751101999,-5.851972028967846e-17,0.36152383469806904
3.8259999999998002,-0.7514871751101999,-8.584161503631318e-17,0.36152383469806904
3.8279999999998,-0.7514871751101999,-8.280584895335376e-17,0.36152383469806904
3.8299999999998,-0.7514871751101999,-9.06121045952494e-17,0.36152383469806904
3.8319999999997996,-0.7514871751101999,-1.7084306535917672e-16,0.36152383469806904
3.8339999999997993,-0.7514871751101999,-9.841836023714503e-17,0.36152383469806904
3.835999999999799,-0.7514871751101999,-5.982076289666107e-17,0.36152383469806904
3.837999999999799,-0.7514871751101999,-6.80606994075509e-17,0.36152383469806904
3.8399999999997987,-0.7514871751101999,-9.711731763016242e-17,0.36152383469806904
3.8419999999997985,-0.7514871751101999,-6.025444376565527e-17,0.36152383469806904
3.8439999999997982,-0.7514871751101999,-6.502493332459149e-17,0.36152383469806904
3.845999999999798,-0.7514871751101999,-1.2010240368685512e-16,0.36152383469806904
3.847999999999798,-0.7514871751101999,-8.302268938785086e-17,0.36152383469806904
3.8499999999997976,-0.7514871751101999,-6.545861419358569e-17,0.36152383469806904
3.8519999999997974,-0.7514871751101999,-6.545861419358569e-17,0.36152383469806904
3.853999999999797,-0.7514871751101999,-8.627529590530738e-17,0.36152383469806904
3.855999999999797,-0.7514871751101999,-8.627529590530738e-17,0.36152383469806904
3.8579999999997967,-0.7514871751101999,-1.0709197761702906e-16,0.36152383469806904
3.8599999999997965,-0.7514871751101999,-8.562477460181608e-17,0.36152383469806904
3.8619999999997963,-0.7514871751101999,-8.367321069134217e-17,0.36152383469806904
3.863999999999796,-0.7514871751101999,-1.2530657411478554e-16,0.36152383469806904
3.865999999999796,-0.7514871751101999,-8.584161503631318e-17,0.36152383469806904
3.8679999999997956,-0.7514871751101999,-8.237216808435956e-17,0.36152383469806904
3.8699999999997954,-0.7514871751101999,-9.23468280712262e-17,0.36152383469806904
3.871999999999795,-0.7514871751101999,-8.540793416731897e-17,0.36152383469806904
3.873999999999795,-0.7514871751101999,-1.2790865932875075e-16,0.36152383469806904
3.8759999999997947,-0.7514871751101999,-6.8277539842048e-17,0.36152383469806904
3.8779999999997945,-0.7514871751101999,-9.841836023714503e-17,0.36152383469806904
3.8799999999997943,-0.7514871751101999,-6.502493332459149e-17,0.36152383469806904
3.881999999999794,-0.7514871751101999,-7.001226331802481e-17,0.36152383469806904
3.883999999999794,-0.7514871751101999,-1.131635097829479e-16,0.36152383469806904
3.8859999999997936,-0.7514871751101999,-1.13380350217445e-16,0.36152383469806904
3.8879999999997934,-0.7514871751101999,-6.58922950625799e-17,0.36152383469806904
3.889999999999793,-0.7514871751101999,-1.140308715209363e-16,0.36152383469806904
3.891999999999793,-0.7514871751101999,-8.367321069134217e-17,0.36152383469806904
3.8939999999997927,-0.7514871751101999,-5.982076289666107e-17,0.36152383469806904
3.8959999999997925,-0.7514871751101999,-7.326486983548132e-17,0.36152383469806904
3.8979999999997923,-0.7514871751101999,-1.0383937109957255e-16,0.36152383469806904
3.899999999999792,-0.7514871751101999,-1.2010240368685512e-16,0.36152383469806904
3.901999999999792,-0.7514871751101999,-8.670897677430158e-17,0.36152383469806904
3.9039999999997916,-0.7514871751101999,1.347130396335903e-17,0.36152383469806904
3.9059999999997914,-0.7514871751101999,-1.4959270277846084e-16,0.36152383469806904
3.907999999999791,-0.7514871751101999,-1.2010240368685512e-16,0.36152383469806904
3.909999999999791,-0.7514871751101999,-9.27805089402204e-17,0.36152383469806904
3.9119999999997908,-0.7514871751101999,-1.0752565848602326e-16,0.36152383469806904
3.9139999999997905,-0.7514871751101999,-1.0644145631353776e-16,0.36152383469806904
3.9159999999997903,-0.7514871751101999,-6.415757158660309e-17,0.36152383469806904
3.91799999999979,-0.7514871751101999,-6.545861419358569e-17,0.36152383469806904
3.91999999999979,-0.7514871751101999,-9.798467936815083e-17,0.36152383469806904
3.9219999999997897,-0.7514871751101999,-9.603311545767692e-17,0.36152383469806904
3.9239999999997894,-0.7514871751101999,-9.23468280712262e-17,0.36152383469806904
3.925999999999789,-0.7514871751101999,-8.562477460181608e-17,0.36152383469806904
3.927999999999789,-0.7514871751101999,-7.066278462151611e-17,0.36152383469806904
3.9299999999997888,-0.7514871751101999,-6.76270185385567e-17,0.36152383469806904
3.9319999999997886,-0.7514871751101999,-1.0709197761702906e-16,0.36152383469806904
3.9339999999997883,-0.7514871751101999,-8.497425329832477e-17,0.36152383469806904
3.935999999999788,-0.7514871751101999,-6.74101781040596e-17,0.36152383469806904
3.937999999999788,-0.7514871751101999,-1.1229614804495948e-16,0.36152383469806904
3.9399999999997877,-0.7514871751101999,-1.2010240368685512e-16,0.36152383469806904
3.9419999999997875,-0.7514871751101999,-1.1012774369998848e-16,0.36152383469806904
3.9439999999997872,-0.7514871751101999,-6.936174201453351e-17,0.36152383469806904
3.945999999999787,-0.7514871751101999,-6.459125245559729e-17,0.36152383469806904
3.947999999999787,-0.7514871751101999,-8.237216808435956e-17,0.36152383469806904
3.9499999999997866,-0.7514871751101999,-8.584161503631318e-17,0.36152383469806904
3.9519999999997864,-0.7514871751101999,-1.4677377712999853e-16,0.36152383469806904
3.953999999999786,-0.7514871751101999,-1.0709197761702906e-16,0.36152383469806904
3.955999999999786,-0.7514871751101999,-6.480809289009439e-17,0.36152383469806904
3.9579999999997857,-0.7514871751101999,-8.475741286382767e-17,0.36152383469806904
3.9599999999997855,-0.7514871751101999,-1.2595709541827684e-16,0.36152383469806904
3.9619999999997852,-0.7514871751101999,-8.627529590530738e-17,0.36152383469806904
3.963999999999785,-0.7514871751101999,-6.58922950625799e-17,0.36152383469806904
3.965999999999785,-0.7514871751101999,-8.540793416731897e-17,0.36152383469806904
3.9679999999997846,-0.7514871751101999,-8.323952982234797e-17,0.36152383469806904
3.9699999999997844,-0.7514871751101999,-1.140308715209363e-16,0.36152383469806904
3.971999999999784,-0.7514871751101999,-8.237216808435956e-17,0.36152383469806904
3.973999999999784,-0.7514871751101999,-8.562477460181608e-17,0.36152383469806904
3.9759999999997837,-0.7514871751101999,-5.591763507571325e-17,0.36152383469806904
3.9779999999997835,-0.7514871751101999,-8.584161503631318e-17,0.36152383469806904
3.9799999999997833,-0.7514871751101999,-1.1966872281786091e-16,0.36152383469806904
3.981999999999783,-0.7514871751101999,-1.0557409457554936e-16,0.36152383469806904
3.983999999999783,-0.7514871751101999,-7.369855070447553e-17,0.36152383469806904
3.9859999999997826,-0.7514871751101999,-1.0622461587904066e-16,0.36152383469806904
3.9879999999997824,-0.7514871751101999,-6.372389071760889e-17,0.36152383469806904
3.989999999999782,-0.7514871751101999,-8.323952982234797e-17,0.36152383469806904
3.991999999999782,-0.7514871751101999,-6.545861419358569e-17,0.36152383469806904
3.9939999999997817,-0.7514871751101999,-1.0709197761702906e-16,0.36152383469806904
3.9959999999997815,-0.7514871751101999,-8.627529590530738e-17,0.36152383469806904
3.9979999999997813,-0.7514871751101999,-6.502493332459149e-17,0.36152383469806904
3.999999999999781,-0.7514871751101999,-6.459125245559729e-17,0.36152383469806904
4.001999999999781,-0.7514871751101999,-1.4677377712999853e-16,0.36152383469806904
4.003999999999781,-0.7514871751101999,-9.14794663332378e-17,0.36152383469806904
4.005999999999781,-0.7514871751101999,-2.2548685485244615e-16,0.36152383469806904
4.007999999999781,-0.7514871751101999,-8.540793416731897e-17,0.36152383469806904
4.00999999999978,-0.7514871751101999,-9.23468280712262e-17,0.36152383469806904
4.01199999999978,-0.7514871751101999,-8.584161503631318e-17,0.36152383469806904
4.01399999999978,-0.7514871751101999,-4.4208251612869806e-17,0.36152383469806904
4.01599999999978,-0.7514871751101999,-5.851972028967846e-17,0.36152383469806904
4.0179999999997795,-0.7514871751101999,-6.415757158660309e-17,0.36152383469806904
4.019999999999779,-0.7514871751101999,-6.567545462808279e-17,0.36152383469806904
4.021999999999779,-0.7514871751101999,-1.0622461587904066e-16,0.36152383469806904
4.023999999999779,-0.7514871751101999,-8.367321069134217e-17,0.36152383469806904
4.025999999999779,-0.7514871751101999,-1.4742429843348983e-16,0.36152383469806904
4.027999999999778,-0.7514871751101999,-6.220600767612918e-17,0.36152383469806904
4.029999999999778,-0.7514871751101999,-9.885204110613923e-17,0.36152383469806904
4.031999999999778,-0.7514871751101999,-8.540793416731897e-17,0.36152383469806904
4.033999999999778,-0.7514871751101999,-6.545861419358569e-17,0.36152383469806904
4.0359999999997775,-0.7514871751101999,-8.584161503631318e-17,0.36152383469806904
4.037999999999777,-0.7514871751101999,-1.2530657411478554e-16,0.36152383469806904
4.039999999999777,-0.7514871751101999,-1.131635097829479e-16,0.36152383469806904
4.041999999999777,-0.7514871751101999,-6.502493332459149e-17,0.36152383469806904
4.043999999999777,-0.7514871751101999,-8.280584895335376e-17,0.36152383469806904
4.045999999999776,-0.7514871751101999,-8.367321069134217e-17,0.36152383469806904
4.047999999999776,-0.7514871751101999,-5.548395420671905e-17,0.36152383469806904
4.049999999999776,-0.7514871751101999,-9.10457854642436e-17,0.36152383469806904
4.051999999999776,-0.7514871751101999,-1.7648091665610135e-16,0.36152383469806904
4.053999999999776,-0.7514871751101999,-8.497425329832477e-17,0.36152383469806904
4.055999999999775,-0.7514871751101999,-1.140308715209363e-16,0.36152383469806904
4.057999999999775,-0.7514871751101999,-5.721867768269586e-17,0.36152383469806904
4.059999999999775,-0.7514871751101999,-6.545861419358569e-17,0.36152383469806904
4.061999999999775,-0.7514871751101999,-6.242284811062628e-17,0.36152383469806904
4.0639999999997745,-0.7514871751101999,-1.0448989240306385e-16,0.36152383469806904
4.065999999999774,-0.7514871751101999,-8.540793416731897e-17,0.36152383469806904
4.067999999999774,-0.7514871751101999,-7.716799765642914e-17,0.36152383469806904
4.069999999999774,-0.7514871751101999,-8.540793416731897e-17,0.36152383469806904
4.071999999999774,-0.7514871751101999,-6.58922950625799e-17,0.36152383469806904
4.073999999999773,-0.7514871751101999,-1.1229614804495948e-16,0.36152383469806904
4.075999999999773,-0.7514871751101999,-6.545861419358569e-17,0.36152383469806904
4.077999999999773,-0.7514871751101999,-9.798467936815083e-17,0.36152383469806904
4.079999999999773,-0.7514871751101999,-8.887738111927259e-17,0.36152383469806904
4.0819999999997725,-0.7514871751101999,-1.4959270277846084e-16,0.36152383469806904
4.083999999999772,-0.7514871751101999,-9.14794663332378e-17,0.36152383469806904
4.085999999999772,-0.7514871751101999,-1.7691459752509555e-16,0.36152383469806904
4.087999999999772,-0.7514871751101999,-8.562477460181608e-17,0.36152383469806904
4.089999999999772,-0.7514871751101999,-4.4208251612869806e-17,0.36152383469806904
4.091999999999771,-0.7514871751101999,-6.502493332459149e-17,0.36152383469806904
4.093999999999771,-0.7514871751101999,-6.198916724163208e-17,0.36152383469806904
4.095999999999771,-0.7514871751101999,-6.76270185385567e-17,0.36152383469806904
4.097999999999771,-0.7514871751101999,-1.2010240368685512e-16,0.36152383469806904
4.0999999999997705,-0.7514871751101999,-6.415757158660309e-17,0.36152383469806904
4.10199999999977,-0.7514871751101999,-6.155548637263788e-17,0.36152383469806904
4.10399999999977,-0.7514871751101999,-6.84943802765451e-17,0.36152383469806904
4.10599999999977,-0.7514871751101999,-1.1923504194886671e-16,0.36152383469806904
4.10799999999977,-0.7514871751101999,-5.982076289666107e-17,0.36152383469806904
4.109999999999769,-0.7514871751101999,-6.8277539842048e-17,0.36152383469806904
4.111999999999769,-0.7514871751101999,-1.2574025498377974e-16,0.36152383469806904
4.113999999999769,-0.7514871751101999,-8.562477460181608e-17,0.36152383469806904
4.115999999999769,-0.7514871751101999,-6.545861419358569e-17,0.36152383469806904
4.1179999999997685,-0.7514871751101999,-9.23468280712262e-17,0.36152383469806904
4.119999999999768,-0.7514871751101999,-7.022910375252191e-17,0.36152383469806904
4.121999999999768,-0.7514871751101999,-8.562477460181608e-17,0.36152383469806904
4.123999999999768,-0.7514871751101999,-8.323952982234797e-17,0.36152383469806904
4.125999999999768,-0.7514871751101999,-1.41352766267571e-16,0.36152383469806904
4.127999999999767,-0.7514871751101999,-9.711731763016242e-17,0.36152383469806904
4.129999999999767,-0.7514871751101999,-1.1923504194886671e-16,0.36152383469806904
4.131999999999767,-0.7514871751101999,-8.302268938785086e-17,0.36152383469806904
4.133999999999767,-0.7514871751101999,-9.820151980264793e-17,0.36152383469806904
4.1359999999997665,-0.7514871751101999,-8.887738111927259e-17,0.36152383469806904
4.137999999999766,-0.7514871751101999,-1.5002638364745504e-16,0.36152383469806904
4.139999999999766,-0.7514871751101999,-8.562477460181608e-17,0.36152383469806904
4.141999999999766,-0.7514871751101999,-5.548395420671905e-17,0.36152383469806904
4.143999999999766,-0.7514871751101999,-8.540793416731897e-17,0.36152383469806904
4.145999999999765,-0.7514871751101999,-1.2595709541827684e-16,0.36152383469806904
4.147999999999765,-0.7514871751101999,-1.0362253066507545e-16,0.36152383469806904
4.149999999999765,-0.7514871751101999,-8.497425329832477e-17,0.36152383469806904
4.151999999999765,-0.7514871751101999,-6.545861419358569e-17,0.36152383469806904
4.1539999999997645,-0.7514871751101999,-6.285652897962048e-17,0.36152383469806904
4.155999999999764,-0.7514871751101999,-1.0448989240306385e-16,0.36152383469806904
4.157999999999764,-0.7514871751101999,-8.302268938785086e-17,0.36152383469806904
4.159999999999764,-0.7514871751101999,-5.938708202766687e-17,0.36152383469806904
4.161999999999764,-0.7514871751101999,-6.459125245559729e-17,0.36152383469806904
4.1639999999997634,-0.7514871751101999,-1.2487289324579134e-16,0.36152383469806904
4.165999999999763,-0.7514871751101999,-9.10457854642436e-17,0.36152383469806904
4.167999999999763,-0.7514871751101999,-2.1984900355552152e-16,0.36152383469806904
4.169999999999763,-0.7514871751101999,-8.323952982234797e-17,0.36152383469806904
4.171999999999763,-0.7514871751101999,-3.813671944695098e-17,0.36152383469806904
4.173999999999762,-0.7514871751101999,-6.394073115210599e-17,0.36152383469806904
4.175999999999762,-0.7514871751101999,-1.140308715209363e-16,0.36152383469806904
4.177999999999762,-0.7514871751101999,-6.502493332459149e-17,0.36152383469806904
4.179999999999762,-0.7514871751101999,-6.198916724163208e-17,0.36152383469806904
4.1819999999997615,-0.7514871751101999,-7.001226331802481e-17,0.36152383469806904
4.183999999999761,-0.7514871751101999,-6.545861419358569e-17,0.36152383469806904
4.185999999999761,-0.7514871751101999,-8.302268938785086e-17,0.36152383469806904
4.187999999999761,-0.7514871751101999,-1.2574025498377974e-16,0.36152383469806904
4.189999999999761,-0.7514871751101999,-8.584161503631318e-17,0.36152383469806904
4.19199999999976,-0.7514871751101999,-6.80606994075509e-17,0.36152383469806904
4.19399999999976,-0.7514871751101999,-9.08289450297465e-17,0.36152383469806904
4.19599999999976,-0.7514871751101999,-1.7084306535917672e-16,0.36152383469806904
4.19799999999976,-0.7514871751101999,-9.1913147202232e-17,0.36152383469806904
4.1999999999997595,-0.7514871751101999,-8.497425329832477e-17,0.36152383469806904
4.201999999999759,-0.7514871751101999,-5.678499681370166e-17,0.36152383469806904
4.203999999999759,-0.7514871751101999,-5.548395420671905e-17,0.36152383469806904
4.205999999999759,-0.7514871751101999,-8.562477460181608e-17,0.36152383469806904
4.207999999999759,-0.7514871751101999,-8.367321069134217e-17,0.36152383469806904
4.209999999999758,-0.7514871751101999,-1.415696067020681e-16,0.36152383469806904
4.211999999999758,-0.7514871751101999,-4.6810336826835017e-17,0.36152383469806904
4.213999999999758,-0.7514871751101999,-1.2530657411478554e-16,0.36152383469806904
4.215999999999758,-0.7514871751101999,-1.140308715209363e-16,0.36152383469806904
4.2179999999997575,-0.7514871751101999,-6.155548637263788e-17,0.36152383469806904
4.219999999999757,-0.7514871751101999,-7.716799765642914e-17,0.36152383469806904
4.221999999999757,-0.7514871751101999,-9.14794663332378e-17,0.36152383469806904
4.223999999999757,-0.7514871751101999,-6.545861419358569e-17,0.36152383469806904
4.225999999999757,-0.7514871751101999,-6.459125245559729e-17,0.36152383469806904
4.227999999999756,-0.7514871751101999,-9.14794663332378e-17,0.36152383469806904
4.229999999999756,-0.7514871751101999,-2.2548685485244615e-16,0.36152383469806904
4.231999999999756,-0.7514871751101999,-9.516575371968851e-17,0.36152383469806904
4.233999999999756,-0.7514871751101999,-8.280584895335376e-17,0.36152383469806904
4.2359999999997555,-0.7514871751101999,-6.502493332459149e-17,0.36152383469806904
4.237999999999755,-0.7514871751101999,-6.71933376695625e-17,0.36152383469806904
4.239999999999755,-0.7514871751101999,-7.456591244246393e-17,0.36152383469806904
4.241999999999755,-0.7514871751101999,-1.1272982891395369e-16,0.36152383469806904
4.243999999999755,-0.7514871751101999,-1.131635097829479e-16,0.36152383469806904
4.245999999999754,-0.7514871751101999,-4.464193248186401e-17,0.36152383469806904
4.247999999999754,-0.7514871751101999,-6.459125245559729e-17,0.36152383469806904
4.249999999999754,-0.7514871751101999,-8.237216808435956e-17,0.36152383469806904
4.251999999999754,-0.7514871751101999,-8.584161503631318e-17,0.36152383469806904
4.2539999999997535,-0.7514871751101999,-1.188013610798725e-16,0.36152383469806904
4.255999999999753,-0.7514871751101999,-8.280584895335376e-17,0.36152383469806904
4.257999999999753,-0.7514871751101999,-9.06121045952494e-17,0.36152383469806904
4.259999999999753,-0.7514871751101999,-1.7084306535917672e-16,0.36152383469806904
4.261999999999753,-0.7514871751101999,-8.562477460181608e-17,0.36152383469806904
4.263999999999752,-0.7514871751101999,-5.635131594470746e-17,0.36152383469806904
4.265999999999752,-0.7514871751101999,-8.584161503631318e-17,0.36152383469806904
4.267999999999752,-0.7514871751101999,-6.502493332459149e-17,0.36152383469806904
4.269999999999752,-0.7514871751101999,-6.459125245559729e-17,0.36152383469806904
4.2719999999997516,-0.7514871751101999,-1.144645523899305e-16,0.36152383469806904
4.273999999999751,-0.7514871751101999,-8.323952982234797e-17,0.36152383469806904
4.275999999999751,-0.7514871751101999,-3.857040031594518e-17,0.36152383469806904
4.277999999999751,-0.7514871751101999,-8.323952982234797e-17,0.36152383469806904
4.279999999999751,-0.7514871751101999,-6.502493332459149e-17,0.36152383469806904
4.2819999999997505,-0.7514871751101999,-1.4699061756449563e-16,0.36152383469806904
4.28399999999975,-0.7514871751101999,-1.0709197761702906e-16,0.36152383469806904
4.28599999999975,-0.7514871751101999,-8.540793416731897e-17,0.36152383469806904
4.28799999999975,-0.7514871751101999,-6.502493332459149e-17,0.36152383469806904
4.28999999999975,-0.7514871751101999,-5.678499681370166e-17,0.36152383469806904
4.291999999999749,-0.7514871751101999,-1.135971906519421e-16,0.36152383469806904
4.293999999999749,-0.7514871751101999,-6.459125245559729e-17,0.36152383469806904
4.295999999999749,-0.7514871751101999,-1.1966872281786091e-16,0.36152383469806904
4.297999999999749,-0.7514871751101999,-8.302268938785086e-17,0.36152383469806904
4.2999999999997485,-0.7514871751101999,-6.502493332459149e-17,0.36152383469806904
4.301999999999748,-0.7514871751101999,-8.323952982234797e-17,0.36152383469806904
4.303999999999748,-0.7514871751101999,-1.2530657411478554e-16,0.36152383469806904
4.305999999999748,-0.7514871751101999,-1.1229614804495948e-16,0.36152383469806904
4.307999999999748,-0.7514871751101999,-6.545861419358569e-17,0.36152383469806904
4.309999999999747,-0.7514871751101999,-6.459125245559729e-17,0.36152383469806904
4.311999999999747,-0.7514871751101999,-1.0492357327205805e-16,0.36152383469806904
4.313999999999747,-0.7514871751101999,-8.670897677430158e-17,0.36152383469806904
4.315999999999747,-0.7514871751101999,-8.627529590530738e-17,0.36152383469806904
4.3179999999997465,-0.7514871751101999,-6.220600767612918e-17,0.36152383469806904
4.319999999999746,-0.7514871751101999,-1.2595709541827684e-16,0.36152383469806904
4.321999999999746,-0.7514871751101999,-9.668363676116822e-17,0.36152383469806904
4.323999999999746,-0.7514871751101999,-8.584161503631318e-17,0.36152383469806904
4.325999999999746,-0.7514871751101999,-6.155548637263788e-17,0.36152383469806904
4.327999999999745,-0.7514871751101999,-7.001226331802481e-17,0.36152383469806904
4.329999999999745,-0.7514871751101999,-1.0752565848602326e-16,0.36152383469806904
4.331999999999745,-0.7514871751101999,-1.2574025498377974e-16,0.36152383469806904
4.333999999999745,-0.7514871751101999,-9.23468280712262e-17,0.36152383469806904
4.3359999999997445,-0.7514871751101999,-8.584161503631318e-17,0.36152383469806904
4.337999999999744,-0.7514871751101999,-6.58922950625799e-17,0.36152383469806904
4.339999999999744,-0.7514871751101999,-1.1229614804495948e-16,0.36152383469806904
4.341999999999744,-0.7514871751101999,-7.022910375252191e-17,0.36152383469806904
4.343999999999744,-0.7514871751101999,-9.27805089402204e-17,0.36152383469806904
4.345999999999743,-0.7514871751101999,-8.931106198826679e-17,0.36152383469806904
4.347999999999743,-0.7514871751101999,-1.7127674622817093e-16,0.36152383469806904
4.349999999999743,-0.7514871751101999,-8.562477460181608e-17,0.36152383469806904
4.351999999999743,-0.7514871751101999,-6.545861419358569e-17,0.36152383469806904
4.3539999999997425,-0.7514871751101999,-6.567545462808279e-17,0.36152383469806904
4.355999999999742,-0.7514871751101999,-1.1966872281786091e-16,0.36152383469806904
4.357999999999742,-0.7514871751101999,-8.367321069134217e-17,0.36152383469806904
4.359999999999742,-0.7514871751101999,-5.721867768269586e-17,0.36152383469806904
4.361999999999742,-0.7514871751101999,-1.188013610798725e-16,0.36152383469806904
4.363999999999741,-0.7514871751101999,-8.280584895335376e-17,0.36152383469806904
4.365999999999741,-0.7514871751101999,-8.562477460181608e-17,0.36152383469806904
4.367999999999741,-0.7514871751101999,-6.58922950625799e-17,0.36152383469806904
4.369999999999741,-0.7514871751101999,-7.716799765642914e-17,0.36152383469806904
4.3719999999997405,-0.7514871751101999,-1.1923504194886671e-16,0.36152383469806904
4.37399999999974,-0.7514871751101999,-6.502493332459149e-17,0.36152383469806904
4.37599999999974,-0.7514871751101999,-8.540793416731897e-17,0.36152383469806904
4.37799999999974,-0.7514871751101999,-1.2530657411478554e-16,0.36152383469806904
4.37999999999974,-0.7514871751101999,-8.887738111927259e-17,0.36152383469806904
4.381999999999739,-0.7514871751101999,-1.9859864097480564e-16,0.36152383469806904
4.383999999999739,-0.7514871751101999,-6.220600767612918e-17,0.36152383469806904
4.385999999999739,-0.7514871751101999,-8.497425329832477e-17,0.36152383469806904
4.387999999999739,-0.7514871751101999,-6.545861419358569e-17,0.36152383469806904
4.3899999999997386,-0.7514871751101999,-9.755099849915662e-17,0.36152383469806904
4.391999999999738,-0.7514871751101999,-9.27805089402204e-17,0.36152383469806904
4.393999999999738,-0.7514871751101999,-5.548395420671905e-17,0.36152383469806904
4.395999999999738,-0.7514871751101999,-6.394073115210599e-17,0.36152383469806904
4.397999999999738,-0.7514871751101999,-4.724401769582922e-17,0.36152383469806904
4.3999999999997375,-0.7514871751101999,-1.140308715209363e-16,0.36152383469806904
4.401999999999737,-0.7514871751101999,-6.80606994075509e-17,0.36152383469806904
4.403999999999737,-0.7514871751101999,-1.1142878630697108e-16,0.36152383469806904
4.405999999999737,-0.7514871751101999,-8.627529590530738e-17,0.36152383469806904
4.407999999999737,-0.7514871751101999,-6.502493332459149e-17,0.36152383469806904
4.409999999999736,-0.7514871751101999,-8.627529590530738e-17,0.36152383469806904
4.411999999999736,-0.7514871751101999,-1.4742429843348983e-16,0.36152383469806904
4.413999999999736,-0.7514871751101999,-6.415757158660309e-17,0.36152383469806904
4.415999999999736,-0.7514871751101999,-1.0448989240306385e-16,0.36152383469806904
4.4179999999997355,-0.7514871751101999,-8.497425329832477e-17,0.36152383469806904
4.419999999999735,-0.7514871751101999,-7.716799765642914e-17,0.36152383469806904
4.421999999999735,-0.7514871751101999,-8.562477460181608e-17,0.36152383469806904
4.423999999999735,-0.7514871751101999,-6.567545462808279e-17,0.36152383469806904
4.425999999999735,-0.7514871751101999,-1.0644145631353776e-16,0.36152383469806904
4.427999999999734,-0.7514871751101999,-7.369855070447553e-17,0.36152383469806904
4.429999999999734,-0.7514871751101999,-1.1229614804495948e-16,0.36152383469806904
4.431999999999734,-0.7514871751101999,-1.1272982891395369e-16,0.36152383469806904
4.433999999999734,-0.7514871751101999,-9.14794663332378e-17,0.36152383469806904
4.4359999999997335,-0.7514871751101999,-6.545861419358569e-17,0.36152383469806904
4.437999999999733,-0.7514871751101999,-8.627529590530738e-17,0.36152383469806904
4.439999999999733,-0.7514871751101999,-7.673431678743494e-17,0.36152383469806904
4.441999999999733,-0.7514871751101999,-1.2443921237679713e-16,0.36152383469806904
4.443999999999733,-0.7514871751101999,-8.497425329832477e-17,0.36152383469806904
4.445999999999732,-0.7514871751101999,-1.2747497845975655e-16,0.36152383469806904
4.447999999999732,-0.7514871751101999,-8.302268938785086e-17,0.36152383469806904
4.449999999999732,-0.7514871751101999,-5.895340115867267e-17,0.36152383469806904
4.451999999999732,-0.7514871751101999,-7.066278462151611e-17,0.36152383469806904
4.4539999999997315,-0.7514871751101999,-1.13380350217445e-16,0.36152383469806904
4.455999999999731,-0.7514871751101999,-7.066278462151611e-17,0.36152383469806904
4.457999999999731,-0.7514871751101999,-8.627529590530738e-17,0.36152383469806904
4.459999999999731,-0.7514871751101999,-5.591763507571325e-17,0.36152383469806904
4.461999999999731,-0.7514871751101999,-1.13380350217445e-16,0.36152383469806904
4.46399999999973,-0.7514871751101999,-5.635131594470746e-17,0.36152383469806904
4.46599999999973,-0.7514871751101999,-1.135971906519421e-16,0.36152383469806904
4.46799999999973,-0.7514871751101999,-9.25636685057233e-17,0.36152383469806904
4.46999999999973,-0.7514871751101999,-9.23468280712262e-17,0.36152383469806904
4.4719999999997295,-0.7514871751101999,-1.1248505569310471e-17,0.36152383469806904
4.473999999999729,-0.7514871751101999,-1.0709197761702906e-16,0.36152383469806904
4.475999999999729,-0.7514871751101999,-1.2010240368685512e-16,0.36152383469806904
4.477999999999729,-0.7514871751101999,-1.0665829674803486e-16,0.36152383469806904
4.479999999999729,-0.7514871751101999,-1.2834234019774495e-16,0.36152383469806904
4.481999999999728,-0.7514871751101999,-1.144645523899305e-16,0.36152383469806904
4.483999999999728,-0.7514871751101999,-1.135971906519421e-16,0.36152383469806904
4.485999999999728,-0.7514871751101999,-6.545861419358569e-17,0.36152383469806904
4.487999999999728,-0.7514871751101999,-9.798467936815083e-17,0.36152383469806904
4.4899999999997275,-0.7514871751101999,-5.982076289666107e-17,0.36152383469806904
4.491999999999727,-0.7514871751101999,-9.25636685057233e-17,0.36152383469806904
4.493999999999727,-0.7514871751101999,-9.755099849915662e-17,0.36152383469806904
4.495999999999727,-0.7514871751101999,-5.982076289666107e-17,0.36152383469806904
4.497999999999727,-0.7514871751101999,-6.76270185385567e-17,0.36152383469806904
4.499999999999726,-0.7514871751101999,-1.131635097829479e-16,0.36152383469806904
4.501999999999726,-0.7514871751101999,-9.14794663332378e-17,0.36152383469806904
4.503999999999726,-0.7514871751101999,-1.7691459752509555e-16,0.36152383469806904
4.505999999999726,-0.7514871751101999,-7.413223157346973e-17,0.36152383469806904
4.507999999999726,-0.7514871751101999,-8.497425329832477e-17,0.36152383469806904
4.509999999999725,-0.7514871751101999,-6.502493332459149e-17,0.36152383469806904
4.511999999999725,-0.7514871751101999,-8.280584895335376e-17,0.36152383469806904
4.513999999999725,-0.7514871751101999,-9.08289450297465e-17,0.36152383469806904
4.515999999999725,-0.7514871751101999,-1.7084306535917672e-16,0.36152383469806904
4.5179999999997245,-0.7514871751101999,-9.1913147202232e-17,0.36152383469806904
4.519999999999724,-0.7514871751101999,-8.540793416731897e-17,0.36152383469806904
4.521999999999724,-0.7514871751101999,-5.721867768269586e-17,0.36152383469806904
4.523999999999724,-0.7514871751101999,-1.1142878630697108e-16,0.36152383469806904
4.525999999999724,-0.7514871751101999,-6.459125245559729e-17,0.36152383469806904
4.527999999999723,-0.7514871751101999,-5.938708202766687e-17,0.36152383469806904
4.529999999999723,-0.7514871751101999,-8.280584895335376e-17,0.36152383469806904
4.531999999999723,-0.7514871751101999,-8.497425329832477e-17,0.36152383469806904
4.533999999999723,-0.7514871751101999,-6.459125245559729e-17,0.36152383469806904
4.5359999999997225,-0.7514871751101999,-6.892806114553931e-17,0.36152383469806904
4.537999999999722,-0.7514871751101999,-1.140308715209363e-16,0.36152383469806904
4.539999999999722,-0.7514871751101999,-6.74101781040596e-17,0.36152383469806904
4.541999999999722,-0.7514871751101999,-1.2010240368685512e-16,0.36152383469806904
4.543999999999722,-0.7514871751101999,-9.1913147202232e-17,0.36152383469806904
4.545999999999721,-0.7514871751101999,-8.367321069134217e-17,0.36152383469806904
4.547999999999721,-0.7514871751101999,-8.367321069134217e-17,0.36152383469806904
4.549999999999721,-0.7514871751101999,-1.2769181889425365e-16,0.36152383469806904
4.551999999999721,-0.7514871751101999,-8.562477460181608e-17,0.36152383469806904
4.5539999999997205,-0.7514871751101999,-1.148982332589247e-16,0.36152383469806904
4.55599999999972,-0.7514871751101999,-6.155548637263788e-17,0.36152383469806904
4.55799999999972,-0.7514871751101999,-6.242284811062628e-17,0.36152383469806904
4.55999999999972,-0.7514871751101999,-1.0405621153406965e-16,0.36152383469806904
4.56199999999972,-0.7514871751101999,-8.302268938785086e-17,0.36152383469806904
