####
#
# OBJ File Generated by Meshlab
#
####
# Object Sample_bag.obj
#
# Vertices: 1742
# Faces: 3386
#
####
mtllib ./Sample_bag.obj.mtl

vn -0.0085616 -3.2326791 -0.5942115
v 50.0000000 15.6412373 12.5000000
vn 0.0004379 -1.7084541 -1.3537804
v 50.0000000 17.8757000 0.0000000
vn 5.4039459 -3.1532464 -0.5752460
v 50.7045670 17.9467487 6.2500000
vn 2.7373753 -1.5181191 -3.4076700
v 51.2051048 19.9883919 0.0000000
vn 5.4441943 -3.0826678 -0.5782230
v 51.3858643 19.1317043 6.2500000
vn 5.4878273 -3.0039589 -0.5799726
v 52.0437851 20.3132172 6.2500000
vn 5.4117169 -3.1369195 -0.5909170
v 51.4607697 18.0835228 12.5000000
vn 5.4549727 -3.0606768 -0.5929445
v 52.1546326 19.2999001 12.5000000
vn 5.3804379 -3.1886463 -0.5996296
v 51.5356712 17.0353394 18.7500000
vn 5.4248319 -3.1122081 -0.6011690
v 52.2654800 18.2865829 18.7500000
vn 5.3653302 -3.2133369 -0.6031885
v 51.5731239 16.5112495 21.8750000
vn 5.4102783 -3.1367981 -0.6045065
v 52.3209076 17.7799244 21.8750000
vn 5.3505979 -3.2371678 -0.6066003
v 51.6105766 15.9871588 25.0000000
vn 5.3960853 -3.1605349 -0.6077024
v 52.3763313 17.2732658 25.0000000
vn 5.3223481 -3.2819943 -0.6141800
v 51.6854782 14.9389763 31.2500000
vn 5.3688416 -3.2052243 -0.6148568
v 52.4871788 16.2599487 31.2500000
vn 5.2954297 -3.3239989 -0.6209028
v 51.7603836 13.8907948 37.5000000
vn 5.3428869 -3.2470975 -0.6211864
v 52.5980263 15.2466326 37.5000000
vn 5.2697954 -3.3633220 -0.6271927
v 51.8352852 12.8426132 43.7500000
vn 5.3181658 -3.2863042 -0.6271062
v 52.7088776 14.2333164 43.7500000
vn 5.2453723 -3.4001927 -0.6330835
v 51.9101906 11.7944317 50.0000000
vn 5.2946024 -3.3230820 -0.6326514
v 52.8197250 13.2199993 50.0000000
vn 5.2220755 -3.4348390 -0.6386157
v 51.9850922 10.7462492 56.2500000
vn 5.2721233 -3.3576429 -0.6378570
v 52.9305725 12.2066822 56.2500000
vn 5.1998396 -3.4674461 -0.6438190
v 52.0599976 9.6980677 62.5000000
vn 5.2506609 -3.3901794 -0.6427534
v 53.0414200 11.1933661 62.5000000
vn 5.1785960 -3.4981854 -0.6487206
v 52.1348991 8.6498861 68.7500000
vn 5.2301559 -3.4208574 -0.6473644
v 53.1522713 10.1800489 68.7500000
vn 5.1582870 -3.5272093 -0.6533450
v 52.2098045 7.6017041 75.0000000
vn 5.2105517 -3.4498248 -0.6517125
v 53.2631187 9.1667328 75.0000000
vn 5.1388540 -3.5546536 -0.6577161
v 52.2847061 6.5535221 81.2500000
vn 5.1917844 -3.4772294 -0.6558258
v 53.3739662 8.1534157 81.2500000
vn 5.1202459 -3.5806427 -0.6618523
v 52.3596115 5.5053406 87.5000000
vn 5.1738157 -3.5031772 -0.6597137
v 53.4848175 7.1400986 87.5000000
vn 5.1036997 -3.6034660 -0.6657839
v 52.4345131 4.4571586 93.7500000
vn 5.1553144 -3.5296288 -0.6635546
v 53.5956650 6.1267819 93.7500000
vn 2.5363503 -1.8188266 -0.3294321
v 52.3055267 3.1250000 100.0000000
vn 2.5865107 -1.7468932 -0.3273034
v 54.4813271 6.2500000 100.0000000
vn 5.2129817 -3.4447548 -0.6588149
v 54.7190170 7.7961683 93.7500000
vn 5.2644506 -3.3657887 -0.6576243
v 55.8042870 9.4653101 93.7500000
vn 5.2818513 -3.3388503 -0.6555020
v 55.6246223 10.4081783 87.5000000
vn 5.3361387 -3.2517762 -0.6534458
v 56.6386642 12.0414686 87.5000000
vn 5.3520546 -3.2261586 -0.6502660
v 56.4261589 12.9487371 81.2500000
vn 5.4056563 -3.1358624 -0.6484778
v 57.3708000 14.5456486 81.2500000
vn 5.4215012 -3.1090417 -0.6453581
v 57.1265106 15.4170589 75.0000000
vn 5.4742370 -3.0155158 -0.6438484
v 58.0036163 16.9770412 75.0000000
vn 5.4899683 -2.9874425 -0.6407883
v 57.7286072 17.8123245 68.7500000
vn 5.5416389 -2.8907106 -0.6395682
v 58.5400772 19.3348045 68.7500000
vn 5.5572042 -2.8613460 -0.6365719
v 58.2354393 20.1336861 62.5000000
vn 5.6076112 -2.7614360 -0.6356491
v 58.9832077 21.6180687 62.5000000
vn 5.6229534 -2.7307470 -0.6327238
v 58.6500359 22.3802662 56.2500000
vn 5.6718946 -2.6276994 -0.6321070
v 59.3360825 23.8259315 56.2500000
vn 5.6869602 -2.5956340 -0.6292541
v 58.9754829 24.5511532 50.0000000
vn 5.7343349 -2.4892647 -0.6289286
v 59.6018143 25.9574604 50.0000000
vn 5.7490487 -2.4558127 -0.6261547
v 59.2149124 26.6454105 43.7500000
vn 5.7947526 -2.3459096 -0.6260908
v 59.7834244 28.0116196 43.7500000
vn 5.8090110 -2.3111157 -0.6234072
v 59.3713722 28.6619816 37.5000000
vn 5.8527408 -2.1979163 -0.6236029
v 59.8840637 29.9874573 37.5000000
vn 5.8664398 -2.1618493 -0.6210202
v 59.4480667 30.5999184 31.2500000
vn 5.9078631 -2.0457466 -0.6214846
v 59.9071655 31.8841381 31.2500000
vn 5.9209108 -2.0085361 -0.6187776
v 59.4484634 32.4583931 25.0000000
vn 5.9666095 -1.8674339 -0.6186469
v 59.8563080 33.7008705 25.0000000
vn 5.9725599 -1.8486457 -0.6177502
v 59.6162415 33.9687500 21.8750000
vn 6.0270638 -1.6599562 -0.6198260
v 60.2307739 36.0539398 21.8750000
vn 6.0320845 -1.6418409 -0.6193697
v 59.9739151 36.2885475 18.7500000
vn 6.0871902 -1.4230807 -0.6208110
v 60.4909668 38.3302803 18.7500000
vn 6.0952191 -1.3893421 -0.6188344
v 59.9477234 38.7321625 12.5000000
vn 6.1417375 -1.1653827 -0.6205935
v 60.3582878 40.6963043 12.5000000
vn 6.1484728 -1.1336005 -0.6140177
v 59.7897606 41.0301247 6.2500000
vn 6.1856804 -0.9068150 -0.6165745
v 60.1022072 42.9159584 6.2500000
vn 3.0896947 -0.4951939 -3.4174340
v 59.3766403 42.2804527 0.0000000
vn 3.1065564 -0.3749967 -3.4174583
v 59.6497154 44.2231216 0.0000000
vn 2.7748737 -1.4479988 -3.4099522
v 52.3351669 22.0889835 0.0000000
vn 5.5285931 -2.9277296 -0.5825320
v 52.6782036 21.4911728 6.2500000
vn 5.4981966 -2.9819219 -0.5949148
v 52.8239784 20.5129585 12.5000000
vn 5.4692278 -3.0331974 -0.6026585
v 52.9697495 19.5347443 18.7500000
vn 5.4552479 -3.0576520 -0.6057752
v 53.0426369 19.0456371 21.8750000
vn 5.4416037 -3.0812752 -0.6087689
v 53.1155205 18.5565300 25.0000000
vn 5.4154077 -3.1257615 -0.6155020
v 53.2612953 17.5783157 31.2500000
vn 5.3904457 -3.1674509 -0.6214452
v 53.4070663 16.6000996 37.5000000
vn 5.3666668 -3.2064915 -0.6270027
v 53.5528374 15.6218853 43.7500000
vn 5.3439956 -3.2431197 -0.6322073
v 53.6986122 14.6436710 50.0000000
vn 5.3223615 -3.2775536 -0.6370939
v 53.8443832 13.6654568 56.2500000
vn 5.3017068 -3.3099716 -0.6416872
v 53.9901581 12.6872416 62.5000000
vn 5.2819686 -3.3405430 -0.6460114
v 54.1359291 11.7090273 68.7500000
vn 5.2630897 -3.3694215 -0.6500925
v 54.2817001 10.7308121 75.0000000
vn 5.2450180 -3.3967414 -0.6539490
v 54.4274750 9.7525978 81.2500000
vn 5.2277141 -3.4226131 -0.6575932
v 54.5732460 8.7743826 87.5000000
vn 5.5714040 -2.8449676 -0.5846849
v 53.2890091 22.6654606 6.2500000
vn 2.8131814 -1.3722160 -3.4091327
v 53.3894806 24.1766224 0.0000000
vn 5.6134710 -2.7596068 -0.5909925
v 53.8760757 23.8359642 6.2500000
vn 2.8490942 -1.2958753 -3.4094961
v 54.3673363 26.2504597 0.0000000
vn 5.6523008 -2.6783640 -0.5945666
v 54.4392929 25.0025673 6.2500000
vn 5.6957407 -2.5847077 -0.5945334
v 54.9785423 26.1651592 6.2500000
vn 5.6270170 -2.7297781 -0.6004977
v 54.6835861 24.1311569 12.5000000
vn 5.6694207 -2.6401615 -0.6022584
v 55.2535477 25.3298759 12.5000000
vn 5.6017580 -2.7798607 -0.6068533
v 54.9278793 23.2597485 18.7500000
vn 5.6454558 -2.6896899 -0.6081693
v 55.5285568 24.4945927 18.7500000
vn 5.5895705 -2.8037412 -0.6093580
v 55.0500259 22.8240433 21.8750000
vn 5.6338882 -2.7133143 -0.6104839
v 55.6660576 24.0769501 21.8750000
vn 5.5776715 -2.8268156 -0.6117576
v 55.1721725 22.3883381 25.0000000
vn 5.6225991 -2.7361307 -0.6126934
v 55.8035622 23.6593094 25.0000000
vn 5.5547986 -2.8703105 -0.6172730
v 55.4164619 21.5169277 31.2500000
vn 5.6008778 -2.7791796 -0.6178269
v 56.0785675 22.8240261 31.2500000
vn 5.5329881 -2.9110987 -0.6221102
v 55.6607552 20.6455173 37.5000000
vn 5.5801692 -2.8195348 -0.6223107
v 56.3535767 21.9887428 37.5000000
vn 5.5121980 -2.9493134 -0.6266274
v 55.9050484 19.7741089 43.7500000
vn 5.5604248 -2.8573554 -0.6264970
v 56.6285820 21.1534576 43.7500000
vn 5.4923701 -2.9851806 -0.6308528
v 56.1493416 18.9026985 50.0000000
vn 5.5415878 -2.8928609 -0.6304142
v 56.9035873 20.3181744 50.0000000
vn 5.4734335 -3.0189238 -0.6348199
v 56.3936310 18.0312881 56.2500000
vn 5.5235968 -2.9262674 -0.6340898
v 57.1785965 19.4828911 56.2500000
vn 5.4553475 -3.0507042 -0.6385446
v 56.6379242 17.1598778 62.5000000
vn 5.5064073 -2.9577398 -0.6375398
v 57.4536018 18.6476078 62.5000000
vn 5.4380517 -3.0806952 -0.6420513
v 56.8822174 16.2884693 68.7500000
vn 2.8851941 -1.2128217 -3.4118524
v 55.2680283 28.3096466 0.0000000
vn 5.7344160 -2.4970269 -0.5973755
v 55.4937057 27.3236237 6.2500000
vn 5.7114167 -2.5476079 -0.6039733
v 55.7983437 26.5247421 12.5000000
vn 5.6887589 -2.5965214 -0.6094567
v 56.1029778 25.7258587 18.7500000
vn 5.6778240 -2.6198471 -0.6115828
v 56.2552986 25.3264179 21.8750000
vn 5.6671500 -2.6423810 -0.6136116
v 56.4076157 24.9269772 25.0000000
vn 5.6466064 -2.6848979 -0.6183683
v 56.7122536 24.1280956 31.2500000
vn 5.6270194 -2.7247620 -0.6225108
v 57.0168915 23.3292141 37.5000000
vn 5.6083355 -2.7621307 -0.6263769
v 57.3215294 22.5303326 43.7500000
vn 5.5905056 -2.7972245 -0.6299958
v 57.6261635 21.7314510 50.0000000
vn 5.5734797 -2.8302345 -0.6333871
v 57.9308014 20.9325695 56.2500000
vn 5.7762661 -2.3984406 -0.5980906
v 55.9846649 28.4778461 6.2500000
vn 2.9203334 -1.1250634 -3.4138265
v 56.0907936 30.3530197 0.0000000
vn 5.8143888 -2.3038573 -0.6004058
v 56.4513016 29.6277122 6.2500000
vn 5.8542552 -2.2002192 -0.6016852
v 56.8935013 30.7731094 6.2500000
vn 5.7937894 -2.3533614 -0.6072947
v 56.8118973 28.9024906 12.5000000
vn 5.8339415 -2.2515144 -0.6089135
v 57.2804031 30.0851593 12.5000000
vn 5.7737865 -2.4008217 -0.6119596
v 57.1724968 28.1772671 18.7500000
vn 5.8153005 -2.2980840 -0.6131851
v 57.6673050 29.3972092 18.7500000
vn 5.7641387 -2.4234457 -0.6137290
v 57.3527946 27.8146553 21.8750000
vn 5.8063102 -2.3202770 -0.6147846
v 57.8607559 29.0532341 21.8750000
vn 5.7547178 -2.4453011 -0.6154144
v 57.5330925 27.4520454 25.0000000
vn 5.7975264 -2.3417268 -0.6163095
v 58.0542068 28.7092590 25.0000000
vn 5.7365618 -2.4865799 -0.6194568
v 57.8936920 26.7268219 31.2500000
vn 5.7806029 -2.3822241 -0.6200038
v 58.4411087 28.0213089 31.2500000
vn 5.7192483 -2.5252786 -0.6229500
v 58.2542877 26.0016003 37.5000000
vn 5.7644548 -2.4202080 -0.6231885
v 58.8280106 27.3333588 37.5000000
vn 5.7027307 -2.5615571 -0.6262084
v 58.6148872 25.2763767 43.7500000
vn 2.9542260 -1.0323720 -3.4152179
v 56.8348885 32.3788834 0.0000000
vn 5.8913159 -2.0983634 -0.6036742
v 57.3111153 31.9137993 6.2500000
vn 5.8732734 -2.1463420 -0.6104897
v 57.7231674 31.2634354 12.5000000
vn 5.8560362 -2.1918321 -0.6143725
v 58.1352196 30.6130714 18.7500000
vn 5.8477235 -2.2135065 -0.6158091
v 58.3412437 30.2878914 21.8750000
vn 5.8396058 -2.2344484 -0.6171713
v 58.5472717 29.9627094 25.0000000
vn 5.8239470 -2.2740171 -0.6205288
v 58.9593201 29.3123455 31.2500000
vn 5.9287724 -1.9895291 -0.6053631
v 57.7040749 33.0497665 6.2500000
vn 2.9865139 -0.9345241 -3.4161720
v 57.5003128 34.3880577 0.0000000
vn 5.9642000 -1.8800100 -0.6072522
v 58.0723534 34.1811600 6.2500000
vn 6.0046511 -1.7457094 -0.6069785
v 58.4159203 35.3081360 6.2500000
vn 5.9489303 -1.9257181 -0.6134618
v 58.5310555 33.6069069 12.5000000
vn 5.9912891 -1.7882529 -0.6143895
v 58.8960495 34.7723808 12.5000000
vn 5.9345827 -1.9684845 -0.6165995
v 58.9897614 33.0326500 18.7500000
vn 5.9786596 -1.8290578 -0.6171167
v 59.3761787 34.2366257 18.7500000
vn 5.9276676 -1.9888489 -0.6177179
v 59.2191124 32.7455215 21.8750000
vn 3.0167327 -0.8316573 -3.4164605
v 58.0871315 36.3816719 0.0000000
vn 6.0541859 -1.5634360 -0.6080701
v 58.9464874 37.2269669 6.2500000
vn 6.0424895 -1.6042211 -0.6168323
v 59.4602013 36.7577591 12.5000000
vn 3.0443103 -0.7239741 -3.4169023
v 58.5954132 38.3608589 0.0000000
vn 6.1043587 -1.3527021 -0.6111556
v 59.4044762 39.1340446 6.2500000
vn 3.0687933 -0.6116898 -3.4172342
v 59.0252266 40.3267441 0.0000000
vn 6.2122240 -0.7014762 -0.6217797
v 60.3416862 44.7923317 6.2500000
vn 3.1189263 -0.2517233 -3.4177067
v 59.8445282 46.1558723 0.0000000
vn 6.2270041 -0.5564178 -0.6241162
v 60.4341049 45.7275505 6.2500000
vn 6.2366295 -0.4338710 -0.6251729
v 60.5083389 46.6612816 6.2500000
vn 6.2256241 -0.5715648 -0.6240515
v 61.0459518 45.5667343 12.5000000
vn 6.2356811 -0.4482080 -0.6244020
v 61.1252480 46.5354462 12.5000000
vn 6.2241697 -0.5866933 -0.6243631
v 61.6577950 45.4059143 18.7500000
vn 6.2347755 -0.4601291 -0.6246086
v 61.7421532 46.4096146 18.7500000
vn 6.2234707 -0.5939011 -0.6244357
v 61.9637184 45.3255081 21.8750000
vn 6.2343426 -0.4657914 -0.6246446
v 62.0506096 46.3466988 21.8750000
vn 6.2227902 -0.6008489 -0.6244843
v 62.2696419 45.2450981 25.0000000
vn 6.2339225 -0.4712644 -0.6246620
v 62.3590622 46.2837791 25.0000000
vn 6.2214627 -0.6140339 -0.6247464
v 62.8814850 45.0842781 31.2500000
vn 6.2330976 -0.4816483 -0.6248318
v 62.9759674 46.1579475 31.2500000
vn 6.2201962 -0.6264017 -0.6249452
v 63.4933281 44.9234619 37.5000000
vn 6.2323098 -0.4913890 -0.6249558
v 63.5928764 46.0321121 37.5000000
vn 6.2189837 -0.6380083 -0.6251287
v 64.1051712 44.7626419 43.7500000
vn 6.2315583 -0.5005183 -0.6250678
v 64.2097855 45.9062805 43.7500000
vn 6.2178245 -0.6489191 -0.6253011
v 64.7170181 44.6018257 50.0000000
vn 6.2308388 -0.5091016 -0.6251726
v 64.8266907 45.7804451 50.0000000
vn 6.2167158 -0.6591762 -0.6254575
v 65.3288651 44.4410057 56.2500000
vn 6.2301512 -0.5171893 -0.6252709
v 65.4435959 45.6546135 56.2500000
vn 6.2156544 -0.6688744 -0.6256058
v 65.9407043 44.2801895 62.5000000
vn 6.2294912 -0.5248191 -0.6253625
v 66.0605087 45.5287781 62.5000000
vn 6.2146349 -0.6780413 -0.6257468
v 66.5525513 44.1193695 68.7500000
vn 6.2288599 -0.5320278 -0.6254474
v 66.6774139 45.4029465 68.7500000
vn 6.2136612 -0.6866993 -0.6258729
v 67.1643982 43.9585533 75.0000000
vn 6.2282543 -0.5388565 -0.6255282
v 67.2943192 45.2771111 75.0000000
vn 6.2127218 -0.6949393 -0.6259987
v 67.7762375 43.7977333 81.2500000
vn 6.2276707 -0.5453427 -0.6256052
v 67.9112320 45.1512794 81.2500000
vn 6.2118225 -0.7027328 -0.6261124
v 68.3880844 43.6369171 87.5000000
vn 6.2271128 -0.5514841 -0.6256740
v 68.5281372 45.0254440 87.5000000
vn 6.2107792 -0.7103091 -0.6279767
v 68.9999313 43.4760971 93.7500000
vn 6.2263684 -0.5574362 -0.6278995
v 69.1450424 44.8996124 93.7500000
vn 3.1050572 -0.3362521 -0.3113494
v 69.6607895 43.7500000 100.0000000
vn 3.1129227 -0.2533164 -0.3110087
v 69.8089981 45.3125000 100.0000000
vn 6.2382574 -0.4032449 -0.6278334
v 69.2547607 46.3230438 93.7500000
vn 3.1186113 -0.1694283 -0.3107954
v 69.9150467 46.8750000 100.0000000
vn 6.2463651 -0.2480241 -0.6277158
v 69.3290253 47.7464256 93.7500000
vn 3.1220539 -0.0848834 -0.3106740
v 69.9787521 48.4375000 100.0000000
vn 6.2506266 -0.0920587 -0.6275127
v 69.3677826 49.1697693 93.7500000
vn 3.1232061 0.0000026 -0.3106344
v 70.0000000 50.0000000 100.0000000
vn 6.2509346 0.0665243 -0.6273741
v 69.3709641 50.5931015 93.7500000
vn 3.1220584 0.0848368 -0.3106464
v 69.9787521 51.5625000 100.0000000
vn 6.2470393 0.2299072 -0.6272858
v 69.3355179 52.0994072 93.7500000
vn 3.1186321 0.1693779 -0.3106303
v 69.9150467 53.1250000 100.0000000
vn 6.2387662 0.3952534 -0.6272253
v 69.2601013 53.6057510 93.7500000
vn 3.1129556 0.2532853 -0.3107365
v 69.8089981 54.6875000 100.0000000
vn 6.2261543 0.5597515 -0.6273717
v 69.1446381 55.1121521 93.7500000
vn 3.1050920 0.3362435 -0.3110425
v 69.6607895 56.2500000 100.0000000
vn 6.2093949 0.7221348 -0.6277428
v 68.9891891 56.6186562 93.7500000
vn 3.0951467 0.4179283 -0.3115311
v 69.4706650 57.8125000 100.0000000
vn 6.1887507 0.8814531 -0.6282842
v 68.7941513 58.1252823 93.7500000
vn 3.0832396 0.4981230 -0.3121332
v 69.2389297 59.3750000 100.0000000
vn 6.1644735 1.0374377 -0.6289368
v 68.5599136 59.6320457 93.7500000
vn 3.0695109 0.5766250 -0.3127956
v 68.9659119 60.9375000 100.0000000
vn 6.1368227 1.1898520 -0.6296604
v 68.2868805 61.1389618 93.7500000
vn 3.0541034 0.6532643 -0.3134829
v 68.6520004 62.5000000 100.0000000
vn 6.1060514 1.3385521 -0.6304367
v 67.9754486 62.6460419 93.7500000
vn 3.0371647 0.7279176 -0.3141810
v 68.2975998 64.0625000 100.0000000
vn 6.0724316 1.4833661 -0.6312515
v 67.6259995 64.1532898 93.7500000
vn 3.0188498 0.8004550 -0.3148826
v 67.9031448 65.6250000 100.0000000
vn 6.0362320 1.6241448 -0.6321086
v 67.2389374 65.6607361 93.7500000
vn 2.9993026 0.8708134 -0.3155925
v 67.4691086 67.1875000 100.0000000
vn 5.9977098 1.7608203 -0.6330202
v 66.8146591 67.1683731 93.7500000
vn 2.9786708 0.9389393 -0.3163195
v 66.9959488 68.7500000 100.0000000
vn 5.9571180 1.8933364 -0.6339985
v 66.3535614 68.6762238 93.7500000
vn 2.9570885 1.0048089 -0.3170813
v 66.4841614 70.3125000 100.0000000
vn 5.9147053 2.0216603 -0.6350577
v 65.8560257 70.1843033 93.7500000
vn 2.9346921 1.0684084 -0.3178937
v 65.9342194 71.8750000 100.0000000
vn 5.8601170 2.1725154 -0.6395617
v 65.3224564 71.6926193 93.7500000
vn 2.9114022 1.1298312 -0.3202661
v 65.3466263 73.4375000 100.0000000
vn 5.7780800 2.3807282 -0.6407366
v 64.1489182 74.7099991 93.7500000
vn 2.8809946 1.2024329 -0.3198936
v 64.7218552 75.0000000 100.0000000
vn 2.8373919 1.2992020 -0.3210290
v 63.3626900 78.1250000 100.0000000
vn 5.6850128 2.5956373 -0.6392885
v 62.8376846 77.7284088 93.7500000
vn 2.7877932 1.4026959 -0.3226337
v 61.8603821 81.2500000 100.0000000
vn 5.5880337 2.7980449 -0.6413413
v 61.3915825 80.7478104 93.7500000
vn 2.7374735 1.4986604 -0.3243616
v 60.2183189 84.3750000 100.0000000
vn 5.4892197 2.9868662 -0.6439388
v 59.8127060 83.7681503 93.7500000
vn 2.6877658 1.5864946 -0.3246542
v 58.4394989 87.5000000 100.0000000
vn 5.3901415 3.1613803 -0.6487902
v 58.1031532 86.7894058 93.7500000
vn 5.2895021 3.3260317 -0.6549007
v 56.2650146 89.8115311 93.7500000
vn 5.3048530 3.3016229 -0.6545826
v 56.0708008 88.8841095 87.5000000
vn 5.2068448 3.4535367 -0.6583204
v 54.1675758 91.8430176 87.5000000
vn 5.2244406 3.4275918 -0.6545704
v 54.0347748 90.8515396 81.2500000
vn 5.1274977 3.5708890 -0.6553829
v 52.0752831 93.7487869 81.2500000
vn 5.1462746 3.5433853 -0.6574701
v 52.0072517 92.6940536 75.0000000
vn 0.0102218 3.6238928 -0.6588215
v 50.0000000 95.5310745 75.0000000
vn 5.1674805 3.5145218 -0.6460774
v 51.9392204 91.6393204 68.7500000
vn 0.0099519 3.5640669 -0.6489305
v 50.0000000 93.2966156 62.5000000
vn 5.1880417 3.4837179 -0.6481243
v 51.8711929 90.5845871 62.5000000
vn 5.2112284 3.4512830 -0.6356283
v 51.8031616 89.5298538 56.2500000
vn 5.2820802 3.3405712 -0.6419660
v 53.6363678 87.8771057 62.5000000
vn 5.3030849 3.3080542 -0.6372457
v 53.5035667 86.8856354 56.2500000
vn 5.3747444 3.1895928 -0.6400973
v 55.2939491 85.1744156 62.5000000
vn 5.3942471 3.1573625 -0.6359158
v 55.0997391 84.2469940 56.2500000
vn 5.4676604 3.0277987 -0.6382294
v 56.8423615 82.4767303 62.5000000
vn 5.4855604 2.9960506 -0.6345629
v 56.5902023 81.6141891 56.2500000
vn 5.5601830 2.8545749 -0.6363945
v 58.2800140 79.7842789 62.5000000
vn 5.5763984 2.8235116 -0.6332189
v 57.9734764 78.9875031 56.2500000
vn 5.6515503 2.6693406 -0.6346346
v 59.6053391 77.0972900 62.5000000
vn 5.6660223 2.6391690 -0.6319275
v 59.2480927 76.3671799 56.2500000
vn 5.7408738 2.4715698 -0.6330068
v 60.8167534 74.4159851 62.5000000
vn 5.7535629 2.4425178 -0.6307373
v 60.4125671 73.7535019 56.2500000
vn 5.8272972 2.2603970 -0.6315383
v 61.9126740 71.7406082 62.5000000
vn 5.8381796 2.2327240 -0.6296780
v 61.4654274 71.1467285 56.2500000
vn 5.9004626 2.0631821 -0.6310190
v 62.8910713 69.0713654 62.5000000
vn 5.9097261 2.0370123 -0.6294967
v 62.4047928 68.5471115 56.2500000
vn 5.9503284 1.9161053 -0.6298468
v 63.3351669 67.7390213 62.5000000
vn 5.9584012 1.8913066 -0.6285554
v 62.8309937 67.2499619 56.2500000
vn 5.9886637 1.7928685 -0.6292052
v 63.7488289 66.4080963 62.5000000
vn 5.9958019 1.7692750 -0.6280835
v 63.2278824 65.9544678 56.2500000
vn 6.0252647 1.6658942 -0.6285974
v 64.1317978 65.0785141 62.5000000
vn 6.0314941 1.6435974 -0.6276395
v 63.5952263 64.6605453 56.2500000
vn 6.0599165 1.5352283 -0.6280320
v 64.4838257 63.7502136 62.5000000
vn 6.0652618 1.5143439 -0.6272265
v 63.9328003 63.3681068 56.2500000
vn 6.0924006 1.4009309 -0.6275137
v 64.8046494 62.4231071 62.5000000
vn 6.0968962 1.3815829 -0.6268465
v 64.2403793 62.0770683 56.2500000
vn 6.1224880 1.2631192 -0.6270414
v 65.0940170 61.0971260 62.5000000
vn 6.1261811 1.2454064 -0.6265029
v 64.5177307 60.7873421 56.2500000
vn 6.1499543 1.1219187 -0.6266184
v 65.3516693 59.7721939 62.5000000
vn 6.1528969 1.1059704 -0.6261948
v 64.7646255 59.4988403 56.2500000
vn 6.1745796 0.9774868 -0.6262440
v 65.5773544 58.4482384 62.5000000
vn 6.1768360 0.9634149 -0.6259228
v 64.9808426 58.2114754 56.2500000
vn 6.1961436 0.8300157 -0.6259169
v 65.7708130 57.1251869 62.5000000
vn 6.1977854 0.8179374 -0.6256851
v 65.1661453 56.9251671 56.2500000
vn 6.2144423 0.6796862 -0.6256361
v 65.9318008 55.8029594 62.5000000
vn 6.2155533 0.6697198 -0.6254816
v 65.3203201 55.6398239 56.2500000
vn 6.2292805 0.5267454 -0.6253976
v 66.0600433 54.4814911 62.5000000
vn 6.2299523 0.5190214 -0.6253026
v 65.4431229 54.3553581 56.2500000
vn 6.2404447 0.3720145 -0.6252006
v 66.1553116 53.1606026 62.5000000
vn 6.2407856 0.3665715 -0.6251535
v 65.5343552 53.0715714 56.2500000
vn 6.2477856 0.2164501 -0.6250631
v 66.2175674 51.8400879 62.5000000
vn 6.2479095 0.2133115 -0.6250458
v 65.5939713 51.7882233 56.2500000
vn 6.2512488 0.0627795 -0.6249980
v 66.2468491 50.5197945 62.5000000
vn 6.2512717 0.0619231 -0.6249912
v 65.6220245 50.5051346 56.2500000
vn 6.2509904 -0.0865414 -0.6249948
v 66.2442703 49.2722816 62.5000000
vn 6.2510214 -0.0852378 -0.6249928
v 65.6195679 49.2927818 56.2500000
vn 6.2472272 -0.2333940 -0.6250538
v 66.2123260 48.0246925 62.5000000
vn 6.2473698 -0.2299435 -0.6250342
v 65.5889816 48.0803490 56.2500000
vn 6.2400422 -0.3795603 -0.6251755
v 66.1510544 46.7769051 62.5000000
vn 6.2403936 -0.3740199 -0.6251271
v 65.5303192 46.8676758 56.2500000
vn 3.1265032 -0.1265334 -3.4177036
v 59.9611816 48.0801773 0.0000000
vn 6.2436681 -0.3159660 -0.6255962
v 60.5643883 47.5938492 6.2500000
vn 6.2433443 -0.3238941 -0.6246662
v 61.1851311 47.5030785 12.5000000
vn 6.2428608 -0.3325619 -0.6247885
v 61.8058701 47.4123039 18.7500000
vn 6.2426305 -0.3366641 -0.6248001
v 62.1162415 47.3669205 21.8750000
vn 6.2424068 -0.3406485 -0.6248000
v 62.4266129 47.3215332 25.0000000
vn 6.2419648 -0.3482003 -0.6248958
v 63.0473518 47.2307625 31.2500000
vn 6.2415452 -0.3552649 -0.6249605
v 63.6680946 47.1399918 37.5000000
vn 6.2411456 -0.3618964 -0.6250197
v 64.2888336 47.0492172 43.7500000
vn 6.2407594 -0.3681496 -0.6250772
v 64.9095764 46.9584465 50.0000000
vn 3.1290603 -0.0002281 -3.4176877
v 60.0001640 50.0019417 0.0000000
vn 6.2511754 -0.0725881 -0.6262043
v 60.6219406 49.4568024 6.2500000
vn 6.2486887 -0.1916468 -0.6258960
v 60.6022568 48.5255775 6.2500000
vn 3.1265421 0.1262028 -3.4174023
v 59.9614754 51.9247360 0.0000000
vn 6.2490439 0.1784886 -0.6259522
v 60.6052475 51.3733139 6.2500000
vn 6.2513762 0.0538296 -0.6259390
v 60.6234512 50.3878403 6.2500000
vn 6.2512794 -0.0734165 -0.6249505
v 61.2466431 49.4362984 12.5000000
vn 6.2485571 -0.1988677 -0.6248487
v 61.2255974 48.4699249 12.5000000
vn 6.2483616 -0.2042400 -0.6249071
v 61.8489380 48.4142723 18.7500000
vn 3.1189992 0.2516245 -3.4169528
v 59.8449440 53.8508682 0.0000000
vn 6.2365150 0.4346946 -0.6254903
v 60.5077820 53.3462944 6.2500000
vn 6.2439375 0.3096972 -0.6257683
v 60.5666924 52.3593369 6.2500000
vn 6.2489462 0.1850354 -0.6248813
v 61.2288399 51.4251785 12.5000000
vn 6.2514610 0.0540262 -0.6249627
v 61.2482719 50.4025040 12.5000000
vn 6.2514291 0.0553938 -0.6249710
v 61.8730927 50.4171638 18.7500000
vn 6.2512369 -0.0754570 -0.6249729
v 61.8713455 49.4157982 18.7500000
vn 6.2512159 -0.0764348 -0.6249772
v 62.1837006 49.4055443 21.8750000
vn 6.2482691 -0.2067981 -0.6249118
v 62.1606064 48.3864441 21.8750000
vn 6.2481799 -0.2092623 -0.6248997
v 62.4722786 48.3586159 25.0000000
vn 3.1066246 0.3749709 -3.4166381
v 59.6503944 55.7826424 0.0000000
vn 6.2139034 0.6869977 -0.6244518
v 60.3288155 55.3250122 6.2500000
vn 6.2261662 0.5644345 -0.6250442
v 60.4284973 54.3347130 6.2500000
vn 6.2355900 0.4491093 -0.6244161
v 61.1246986 53.4724274 12.5000000
vn 6.2436428 0.3174452 -0.6247045
v 61.1876488 52.4483643 12.5000000
vn 6.2431798 0.3259256 -0.6247618
v 61.8086052 52.5373955 18.7500000
vn 6.2487788 0.1899253 -0.6249000
v 61.8524284 51.4770432 18.7500000
vn 6.2486944 0.1922450 -0.6249424
v 62.1642265 51.5029755 21.8750000
vn 6.2514129 0.0560440 -0.6249873
v 62.1855049 50.4244957 21.8750000
vn 6.2513986 0.0566695 -0.6249857
v 62.4979172 50.4318275 25.0000000
vn 6.2511978 -0.0773710 -0.6249638
v 62.4960518 49.3952942 25.0000000
vn 6.2511597 -0.0791486 -0.6249704
v 63.1207542 49.3747940 31.2500000
vn 6.2480011 -0.2139431 -0.6249411
v 63.0956192 48.3029633 31.2500000
vn 6.2478333 -0.2183198 -0.6249662
v 63.7189598 48.2473106 37.5000000
vn 6.1986508 0.8139660 -0.6235393
v 60.2087402 56.3173828 6.2500000
vn 3.0897212 0.4954865 -3.4165182
v 59.3776665 57.7223625 0.0000000
vn 6.1818643 0.9335466 -0.6226994
v 60.0682793 57.3120079 6.2500000
vn 6.1621170 1.0567348 -0.6216601
v 59.9074326 58.3090744 6.2500000
vn 6.1775804 0.9617755 -0.6221766
v 60.6553230 57.5853615 12.5000000
vn 6.1571813 1.0852365 -0.6213940
v 60.4837189 58.6188583 12.5000000
vn 6.1735716 0.9866947 -0.6227934
v 61.2423668 57.8587151 18.7500000
vn 6.1521387 1.1129357 -0.6221891
v 61.0600090 58.9286423 18.7500000
vn 6.1716132 0.9985349 -0.6232460
v 61.5358887 57.9953918 21.8750000
vn 6.1496811 1.1260904 -0.6227471
v 61.3481522 59.0835342 21.8750000
vn 6.1697025 1.0099746 -0.6236704
v 61.8294106 58.1320686 25.0000000
vn 6.1472812 1.1387976 -0.6232734
v 61.6362953 59.2384262 25.0000000
vn 6.1660447 1.0316858 -0.6241640
v 62.4164505 58.4054260 31.2500000
vn 6.1426854 1.1629108 -0.6239189
v 62.2125816 59.5482101 31.2500000
vn 6.1625352 1.0520297 -0.6247290
v 63.0034943 58.6787796 37.5000000
vn 6.1382809 1.1855009 -0.6246375
v 62.7888680 59.8579903 37.5000000
vn 6.1591797 1.0711204 -0.6252537
v 63.5905380 58.9521332 43.7500000
vn 6.1340671 1.2067047 -0.6253030
v 63.3651543 60.1677742 43.7500000
vn 6.1559687 1.0890763 -0.6257401
v 64.1775818 59.2254868 50.0000000
vn 6.1300364 1.2266402 -0.6259239
v 63.9414406 60.4775581 50.0000000
vn 3.0687363 0.6122643 -3.4165175
v 59.0265846 59.6723366 0.0000000
vn 6.1412277 1.1726445 -0.6206280
v 59.7262077 59.3087692 6.2500000
vn 6.1346712 1.2064892 -0.6205352
v 60.2904816 59.6548080 12.5000000
vn 6.1285233 1.2367737 -0.6215295
v 60.8547516 60.0008430 18.7500000
vn 6.1255283 1.2511585 -0.6222014
v 61.1368866 60.1738625 21.8750000
vn 6.1226029 1.2650474 -0.6228399
v 61.4190216 60.3468819 25.0000000
vn 6.1170039 1.2914038 -0.6236545
v 61.9832916 60.6929169 31.2500000
vn 6.1116347 1.3161060 -0.6245407
v 62.5475655 61.0389557 37.5000000
vn 6.1065025 1.3392749 -0.6253636
v 63.1118355 61.3849945 43.7500000
vn 6.1015935 1.3610630 -0.6261311
v 63.6761055 61.7310295 50.0000000
vn 6.1174860 1.2913802 -0.6195030
v 59.5246124 60.3112717 6.2500000
vn 3.0441852 0.7246009 -3.4165826
v 58.5969772 61.6348724 0.0000000
vn 6.0929723 1.4030716 -0.6182880
v 59.3026428 61.3167725 6.2500000
vn 6.0657964 1.5168016 -0.6170551
v 59.0603104 62.3254585 6.2500000
vn 6.0838928 1.4417732 -0.6186150
v 59.8392181 61.7347450 12.5000000
vn 6.0559168 1.5555664 -0.6175581
v 59.5812569 62.7790833 12.5000000
vn 6.0753527 1.4766903 -0.6200616
v 60.3757896 62.1527176 18.7500000
vn 6.0461130 1.5925393 -0.6192585
v 60.1022034 63.2327118 18.7500000
vn 6.0712008 1.4932579 -0.6209884
v 60.6440773 62.3617020 21.8750000
vn 6.0413456 1.6101027 -0.6203200
v 60.3626785 63.4595222 21.8750000
vn 6.0671425 1.5092783 -0.6218688
v 60.9123611 62.5706902 25.0000000
vn 6.0366921 1.6270555 -0.6213364
v 60.6231499 63.6863365 25.0000000
vn 6.0593648 1.5396786 -0.6230682
v 61.4489326 62.9886589 31.2500000
vn 6.0277719 1.6592330 -0.6227497
v 61.1440964 64.1399612 31.2500000
vn 6.0519199 1.5681436 -0.6243379
v 61.9855080 63.4066315 37.5000000
vn 6.0192246 1.6893955 -0.6242282
v 61.6650429 64.5935898 37.5000000
vn 6.0448031 1.5948565 -0.6255147
v 62.5220795 63.8246040 43.7500000
vn 6.0110655 1.7176692 -0.6256043
v 62.1859894 65.0472183 43.7500000
vn 6.0380011 1.6199579 -0.6266138
v 63.0586510 64.2425766 50.0000000
vn 6.0032654 1.7442452 -0.6268864
v 62.7069359 65.5008392 50.0000000
vn 3.0166378 0.8319408 -3.4166327
v 58.0886765 63.6122704 0.0000000
vn 6.0381851 1.6238134 -0.6156298
v 58.7976189 63.3375092 6.2500000
vn 6.0264168 1.6666541 -0.6164392
v 59.3017921 63.8265648 12.5000000
vn 6.0153160 1.7055347 -0.6184034
v 59.8059654 64.3156204 18.7500000
vn 6.0099220 1.7239966 -0.6196122
v 60.0580482 64.5601501 21.8750000
vn 6.0046587 1.7418116 -0.6207727
v 60.3101349 64.8046799 25.0000000
vn 5.9945574 1.7756567 -0.6224082
v 60.8143082 65.2937393 31.2500000
vn 5.9848938 1.8073453 -0.6241131
v 61.3184776 65.7827911 37.5000000
vn 5.9756613 1.8370713 -0.6256976
v 61.8226509 66.2718506 43.7500000
vn 5.9668393 1.8650060 -0.6271741
v 62.3268242 66.7609024 50.0000000
vn 6.0012918 1.7555667 -0.6122643
v 58.5145721 64.3531113 6.2500000
vn 2.9866316 0.9342832 -3.4157650
v 57.5015144 65.6068420 0.0000000
vn 5.9458332 1.9352722 -0.6085412
v 57.8874321 66.3956909 6.2500000
vn 2.9543951 1.0319250 -3.4151211
v 56.8352509 67.6191177 0.0000000
vn 5.8793044 2.1299872 -0.6052970
v 57.1790771 68.4536209 6.2500000
vn 2.9204423 1.1246295 -3.4145193
v 56.0901985 69.6477737 0.0000000
vn 5.8096414 2.3143306 -0.6018646
v 56.3901062 70.5263519 6.2500000
vn 2.8852363 1.2123232 -3.4137397
v 55.2669830 71.6921082 0.0000000
vn 5.7375889 2.4886355 -0.5982062
v 55.5211716 72.6133041 6.2500000
vn 2.8490891 1.2952373 -3.4127650
v 54.3662148 73.7514191 0.0000000
vn 5.6637883 2.6533203 -0.5942999
v 54.5729294 74.7139053 6.2500000
vn 2.8122733 1.3736073 -3.4115939
v 53.3885155 75.8249969 0.0000000
vn 5.5887856 2.8088546 -0.5901384
v 53.5460358 76.8276062 6.2500000
vn 2.7750168 1.4476819 -3.4102259
v 52.3345032 77.9121399 0.0000000
vn 5.5130420 2.9557271 -0.5857317
v 52.4411469 78.9538193 6.2500000
vn 2.7375119 1.5177085 -3.4086761
v 51.2047920 80.0121460 0.0000000
vn 5.4353580 3.0978844 -0.5770632
v 51.2589149 81.0919800 6.2500000
vn -0.0004379 1.7084501 -1.3537780
v 50.0000000 82.1242981 0.0000000
vn 0.0085638 3.2326763 -0.5942107
v 50.0000000 84.3587646 12.5000000
vn 0.0090091 3.3332877 -0.6103053
v 50.0000000 86.5932236 25.0000000
vn 5.3708811 3.2053142 -0.5935990
v 51.3949776 83.2014465 18.7500000
vn 5.4011254 3.1536098 -0.5962052
v 51.3269463 82.1467133 12.5000000
vn 5.4819760 3.0113316 -0.5938993
v 52.5739479 79.9452972 12.5000000
vn 5.5600448 2.8637855 -0.5974244
v 53.7402496 77.7550278 12.5000000
vn 5.6374979 2.7072673 -0.6007579
v 54.8250885 75.5764465 12.5000000
vn 5.7138443 2.5412810 -0.6038994
v 55.8277092 73.4100800 12.5000000
vn 5.7885075 2.3653533 -0.6068605
v 56.7473526 71.2564545 12.5000000
vn 5.8608160 2.1790409 -0.6096649
v 57.5832634 69.1161118 12.5000000
vn 5.9300127 1.9819374 -0.6123367
v 58.3346825 66.9895706 12.5000000
vn 5.9878054 1.7999350 -0.6152371
v 59.0008507 64.8773651 12.5000000
vn 0.0093284 3.4203532 -0.6251478
v 50.0000000 88.8276901 37.5000000
vn 5.3121543 3.2986484 -0.6103654
v 51.5310402 85.3109131 31.2500000
vn 5.3396778 3.2536116 -0.6119726
v 51.4630089 84.2561798 25.0000000
vn 5.3471146 3.2415972 -0.6088515
v 51.4289932 83.7288132 21.8750000
vn 5.4241238 3.1111996 -0.6098214
v 52.8395538 81.9282455 25.0000000
vn 5.4382405 3.0873811 -0.6051450
v 52.7731514 81.4325104 21.8750000
vn 5.5064797 2.9625103 -0.6116401
v 54.1286736 79.6098709 25.0000000
vn 5.5195532 2.9389608 -0.6074305
v 54.0315666 79.1461639 21.8750000
vn 5.5884590 2.8043005 -0.6133229
v 55.3294067 77.3015137 25.0000000
vn 5.6004305 2.7811501 -0.6095679
v 55.2033272 76.8702469 21.8750000
vn 5.6695256 2.6360433 -0.6148797
v 56.4407845 75.0036240 25.0000000
vn 5.6803484 2.6134315 -0.6115646
v 56.2875175 74.6052399 21.8750000
vn 5.7490463 2.4572382 -0.6163329
v 57.4618492 72.7166595 25.0000000
vn 5.7586861 2.4353113 -0.6134371
v 57.2832260 72.3516083 21.8750000
vn 5.8262925 2.2674177 -0.6177146
v 58.3916359 70.4410782 25.0000000
vn 5.8347301 2.2463248 -0.6152173
v 58.1895447 70.1098328 21.8750000
vn 5.9004741 2.0660398 -0.6190519
v 59.2291794 68.1773300 25.0000000
vn 5.9076962 2.0459702 -0.6169317
v 59.0055542 67.8803864 21.8750000
vn 5.9627094 1.8794234 -0.6208342
v 59.9734077 65.9258652 25.0000000
vn 5.9687562 1.8606093 -0.6194961
v 59.7302666 65.6637344 21.8750000
vn 0.0096588 3.4967172 -0.6377898
v 50.0000000 91.0621490 50.0000000
vn 5.2592573 3.3798680 -0.6238150
v 51.6670990 87.4203873 43.7500000
vn 5.2841496 3.3404787 -0.6256424
v 51.5990677 86.3656540 37.5000000
vn 5.3723359 3.1975803 -0.6211641
v 53.1051598 83.9112015 37.5000000
vn 5.3977304 3.1557398 -0.6150558
v 52.9723549 82.9197235 31.2500000
vn 5.4584861 3.0479701 -0.6216479
v 54.5171013 81.4647217 37.5000000
vn 5.4820261 3.0065653 -0.6162264
v 54.3228874 80.5373001 31.2500000
vn 5.5444827 2.8883576 -0.6220469
v 55.8337250 79.0265884 37.5000000
vn 5.5660572 2.8476267 -0.6172857
v 55.5815659 78.1640472 31.2500000
vn 5.6297474 2.7181888 -0.6223787
v 57.0538635 76.5971756 37.5000000
vn 5.6492643 2.6783822 -0.6182495
v 56.7473259 75.8003998 31.2500000
vn 5.7136025 2.5369318 -0.6226724
v 58.1763458 74.1768723 37.5000000
vn 5.7310004 2.4983029 -0.6191452
v 57.8190994 73.4467697 31.2500000
vn 5.7952604 2.3440986 -0.6229711
v 59.2000084 71.7660522 37.5000000
vn 5.8104982 2.3069267 -0.6200068
v 58.7958221 71.1035614 31.2500000
vn 5.8739109 2.1390238 -0.6232997
v 60.1236801 69.3650894 37.5000000
vn 5.8869581 2.1036439 -0.6208607
v 59.6764297 68.7712097 31.2500000
vn 5.9401293 1.9484152 -0.6242633
v 60.9459610 66.9743652 37.5000000
vn 5.9512200 1.9149828 -0.6222562
v 60.4596825 66.4501114 31.2500000
vn 5.2338138 3.4165699 -0.6375948
v 51.7351303 88.4751205 50.0000000
vn 5.3250871 3.2735097 -0.6322266
v 53.3707619 85.8941574 50.0000000
vn 5.3481479 3.2367561 -0.6268746
v 53.2379608 84.9026794 43.7500000
vn 5.4146624 3.1231461 -0.6314632
v 54.9055252 83.3195648 50.0000000
vn 5.4360552 3.0867519 -0.6267154
v 54.7113113 82.3921432 43.7500000
vn 5.5042911 2.9623568 -0.6306574
v 56.3380432 80.7516556 50.0000000
vn 5.5239129 2.9265265 -0.6264936
v 56.0858841 79.8891220 43.7500000
vn 5.5933657 2.7905440 -0.6298387
v 57.6669388 78.1907272 50.0000000
vn 5.6111307 2.7555039 -0.6262321
v 57.3604012 77.3939514 43.7500000
vn 5.6811595 2.6071608 -0.6290430
v 58.8908424 75.6370773 50.0000000
vn 5.6970048 2.5731449 -0.6259649
v 58.5335960 74.9069748 43.7500000
vn 5.7668338 2.4116988 -0.6283191
v 60.0083809 73.0910187 50.0000000
vn 5.7807212 2.3789501 -0.6257364
v 59.6041946 72.4285355 43.7500000
vn 5.8495550 2.2033772 -0.6276941
v 61.0181770 70.5528488 50.0000000
vn 5.8614545 2.1722031 -0.6255715
v 60.5709267 69.9589691 43.7500000
vn 5.9194064 2.0092680 -0.6278684
v 61.9185143 68.0228653 50.0000000
vn 5.9295311 1.9797912 -0.6261276
v 61.4322395 67.4986115 43.7500000
vn 0.0104635 3.6773472 -0.6676553
v 50.0000000 97.7655411 87.5000000
vn 5.1080470 3.5967209 -0.6658134
v 52.1433144 94.8035202 87.5000000
vn 5.1903181 3.4779916 -0.6598445
v 54.3003807 92.8344955 93.7500000
vn 2.6366177 1.6703148 -0.3256586
v 56.5264816 90.6250000 100.0000000
vn 5.0912066 3.6210580 -0.6628416
v 52.2113457 95.8582535 93.7500000
vn 0.0012942 1.6854775 -0.3031490
v 50.0000000 100.0000000 100.0000000
vn 2.5343032 1.8206961 -0.3343791
v 52.3055267 96.8750000 100.0000000
vn 2.5861440 1.7472174 -0.3284219
v 54.4813271 93.7500000 100.0000000
vn 3.0951037 -0.4179624 -0.3118739
v 69.4706650 42.1875000 100.0000000
vn 6.1857977 -0.8960044 -0.6318766
v 68.8194809 42.0524864 93.7500000
vn 6.1872449 -0.8892146 -0.6268451
v 68.2139282 42.2481880 87.5000000
vn 6.1886868 -0.8794104 -0.6266601
v 67.6083679 42.4438934 81.2500000
vn 6.1901879 -0.8690876 -0.6264645
v 67.0028152 42.6395950 75.0000000
vn 6.1917524 -0.8581917 -0.6262554
v 66.3972549 42.8353004 68.7500000
vn 6.1933866 -0.8466626 -0.6260281
v 65.7917023 43.0310020 62.5000000
vn 6.1950874 -0.8344991 -0.6257948
v 65.1861420 43.2267075 56.2500000
vn 6.1968660 -0.8215873 -0.6255369
v 64.5805817 43.4224091 50.0000000
vn 6.1987247 -0.8078663 -0.6252592
v 63.9750290 43.6181145 43.7500000
vn 6.2006664 -0.7932874 -0.6249647
v 63.3694725 43.8138161 37.5000000
vn 6.2026958 -0.7777556 -0.6246470
v 62.7639160 44.0095177 31.2500000
vn 6.2048259 -0.7611767 -0.6242418
v 62.1583595 44.2052231 25.0000000
vn 6.2059107 -0.7523566 -0.6243275
v 61.8555794 44.3030739 21.8750000
vn 6.2070293 -0.7433097 -0.6242000
v 61.5528030 44.4009247 18.7500000
vn 6.2093716 -0.7243583 -0.6235236
v 60.9472427 44.5966301 12.5000000
vn 3.0829599 -0.4984717 -0.3142220
v 69.2389297 40.6250000 100.0000000
vn 6.1418638 -1.1537192 -0.6362699
v 68.3532562 39.2048683 93.7500000
vn 6.1448231 -1.1420265 -0.6276465
v 67.7639008 39.4699440 87.5000000
vn 6.1471868 -1.1295981 -0.6273365
v 67.1745377 39.7350235 81.2500000
vn 6.1496468 -1.1165116 -0.6270066
v 66.5851746 40.0000992 75.0000000
vn 6.1522136 -1.1026899 -0.6266488
v 65.9958115 40.2651787 68.7500000
vn 6.1548877 -1.0881010 -0.6262755
v 65.4064560 40.5302582 62.5000000
vn 6.1576786 -1.0726584 -0.6258764
v 64.8170929 40.7953339 56.2500000
vn 6.1605954 -1.0562860 -0.6254432
v 64.2277298 41.0604134 50.0000000
vn 6.1636395 -1.0389104 -0.6249819
v 63.6383705 41.3254890 43.7500000
vn 6.1668229 -1.0204314 -0.6244886
v 63.0490112 41.5905685 37.5000000
vn 6.1701522 -1.0007331 -0.6239540
v 62.4596481 41.8556442 31.2500000
vn 6.1736498 -0.9797944 -0.6231095
v 61.8702888 42.1207237 25.0000000
vn 6.1754408 -0.9686052 -0.6231444
v 61.5756073 42.2532616 21.8750000
vn 6.1772690 -0.9570648 -0.6231003
v 61.2809258 42.3858032 18.7500000
vn 6.1811023 -0.9330297 -0.6220714
v 60.6915665 42.6508789 12.5000000
vn 3.0693984 -0.5765002 -0.3140095
v 68.9659119 39.0625000 100.0000000
vn 3.0540128 -0.6528343 -0.3151863
v 68.6520004 37.5000000 100.0000000
vn 6.0825176 -1.4338084 -0.6380379
v 67.7491074 36.3566170 93.7500000
vn 3.0368381 -0.7287176 -0.3153761
v 68.2975998 35.9375000 100.0000000
vn 3.0189753 -0.7992711 -0.3166037
v 67.9031448 34.3750000 100.0000000
vn 6.0136704 -1.6993644 -0.6397668
v 67.0099106 33.5076866 93.7500000
vn 2.9986320 -0.8724312 -0.3173549
v 67.4691086 32.8125000 100.0000000
vn 2.9790311 -0.9370685 -0.3183453
v 66.9959488 31.2500000 100.0000000
vn 5.9371319 -1.9498122 -0.6414399
v 66.1384964 30.6580200 93.7500000
vn 2.9559851 -1.0071073 -0.3198717
v 66.4841614 29.6875000 100.0000000
vn 2.9353037 -1.0659308 -0.3203810
v 65.9342194 28.1250000 100.0000000
vn 5.8637276 -2.1620300 -0.6415966
v 65.1377258 27.8075695 93.7500000
vn 2.9117594 -1.1297300 -0.3174995
v 65.3466263 26.5625000 100.0000000
vn 5.8048944 -2.3160872 -0.6424428
v 64.4942017 26.1415825 93.7500000
vn 2.8818460 -1.2014363 -0.3163263
v 64.7218552 25.0000000 100.0000000
vn 5.7526665 -2.4434142 -0.6405545
v 63.8080444 24.4752998 93.7500000
vn 2.8380883 -1.2991875 -0.3156228
v 63.3626900 21.8750000 100.0000000
vn 5.7017431 -2.5595369 -0.6425936
v 63.0798340 22.8087120 93.7500000
vn 5.6469994 -2.6776924 -0.6448008
v 62.3101273 21.1418114 93.7500000
vn 5.7109680 -2.5393629 -0.6407087
v 62.6677818 23.4590759 87.5000000
vn 5.6585455 -2.6537812 -0.6423533
v 61.9232254 21.8297615 87.5000000
vn 5.7214470 -2.5161116 -0.6389782
v 62.2557297 24.1094398 81.2500000
vn 5.6698608 -2.6299956 -0.6404351
v 61.5363235 22.5177097 81.2500000
vn 5.7323747 -2.4915962 -0.6371452
v 61.8436775 24.7598019 75.0000000
vn 5.6816630 -2.6049080 -0.6384018
v 61.1494217 23.2056599 75.0000000
vn 5.7437778 -2.4657090 -0.6352024
v 61.4316292 25.4101658 68.7500000
vn 5.6939750 -2.5784256 -0.6362491
v 60.7625198 23.8936100 68.7500000
vn 5.7556863 -2.4383304 -0.6331373
v 61.0195770 26.0605297 62.5000000
vn 5.7068386 -2.5504079 -0.6339589
v 60.3756180 24.5815601 62.5000000
vn 5.7681284 -2.4093385 -0.6309377
v 60.6075249 26.7108917 56.2500000
vn 5.7202806 -2.5207345 -0.6315230
v 59.9887161 25.2695103 56.2500000
vn 5.7811384 -2.3785863 -0.6285939
v 60.1954765 27.3612556 50.0000000
vn 2.7884748 -1.4027686 -0.3171270
v 61.8603821 18.7500000 100.0000000
vn 5.5945287 -2.7851245 -0.6472957
v 61.4996643 19.4745960 93.7500000
vn 5.6057577 -2.7632015 -0.6440204
v 61.1390686 20.1998177 87.5000000
vn 5.6178765 -2.7389805 -0.6419081
v 60.7784691 20.9250412 81.2500000
vn 5.6305175 -2.7134347 -0.6396720
v 60.4178734 21.6502628 75.0000000
vn 5.6437111 -2.6864560 -0.6373014
v 60.0572739 22.3754864 68.7500000
vn 5.6574922 -2.6579225 -0.6347834
v 59.6966782 23.1007080 62.5000000
vn 5.5396838 -2.8923945 -0.6487224
v 60.6490669 17.8070812 93.7500000
vn 2.7381864 -1.4987286 -0.3187196
v 60.2183189 15.6250000 100.0000000
vn 5.4856839 -2.9929907 -0.6513945
v 59.7586250 16.1392784 93.7500000
vn 5.4307733 -3.0912833 -0.6525937
v 58.8286324 14.4711905 93.7500000
vn 5.4987912 -2.9696562 -0.6475735
v 59.4539871 16.9381599 87.5000000
vn 5.4447317 -3.0672758 -0.6494695
v 58.5536270 15.3064747 87.5000000
vn 5.5124707 -2.9447432 -0.6450536
v 59.1493492 17.7370415 81.2500000
vn 5.4591713 -3.0420880 -0.6467368
v 58.2786217 16.1417580 81.2500000
vn 5.5267420 -2.9184637 -0.6423891
v 58.8447151 18.5359230 75.0000000
vn 2.6875386 -1.5877943 -0.3206533
v 58.4394989 12.5000000 100.0000000
vn 5.3755465 -3.1857929 -0.6554122
v 57.8593864 12.8028288 93.7500000
vn 5.3904705 -3.1612852 -0.6514316
v 57.6150932 13.6742392 87.5000000
vn 5.3211803 -3.2755473 -0.6567574
v 56.8511734 11.1341991 93.7500000
vn 2.6362329 -1.6712147 -0.3242745
v 56.5264816 9.3750000 100.0000000
vn 5.0486999 -3.6799619 -0.6669871
v 51.2358627 2.7873058 93.7500000
vn -0.0012943 -1.6854777 -0.3031491
v 50.0000000 0.0000000 100.0000000
vn -0.0104661 -3.6773515 -0.6676561
v 50.0000000 2.2344625 87.5000000
vn -0.0102230 -3.6238918 -0.6588215
v 50.0000000 4.4689250 75.0000000
vn 5.0874882 -3.6279464 -0.6570675
v 51.1599617 4.9529405 81.2500000
vn 5.0678148 -3.6538203 -0.6656401
v 51.1979141 3.8701231 87.5000000
vn -0.0099539 -3.5640693 -0.6489311
v 50.0000000 6.7033873 62.5000000
vn 5.1285954 -3.5713749 -0.6473587
v 51.0840645 7.1185756 68.7500000
vn 5.1071358 -3.6002955 -0.6567215
v 51.1220131 6.0357580 75.0000000
vn -0.0096595 -3.4967146 -0.6377895
v 50.0000000 8.9378500 50.0000000
vn 5.1735826 -3.5078874 -0.6364581
v 51.0081635 9.2842102 56.2500000
vn 5.1500998 -3.5404062 -0.6467370
v 51.0461121 8.2013931 62.5000000
vn -0.0093294 -3.4203539 -0.6251472
v 50.0000000 11.1723118 37.5000000
vn 5.2229767 -3.4361756 -0.6241399
v 50.9322624 11.4498453 43.7500000
vn 5.1971970 -3.4729836 -0.6354852
v 50.9702148 10.3670273 50.0000000
vn -0.0090063 -3.3332853 -0.6103044
v 50.0000000 13.4067745 25.0000000
vn 5.2773890 -3.3545940 -0.6101165
v 50.8563652 13.6154804 31.2500000
vn 5.2489929 -3.3965628 -0.6227198
v 50.8943138 12.5326624 37.5000000
vn 5.3219261 -3.2856975 -0.5980989
v 50.7994385 15.2397060 21.8750000
vn 5.3060999 -3.3094316 -0.6077432
v 50.8184128 14.6982975 25.0000000
vn 5.3693995 -3.2087891 -0.5913049
v 50.7425156 16.8639317 12.5000000
vn 5.3534350 -3.2348402 -0.5956150
v 50.7804642 15.7811146 18.7500000
vn 5.4527259 3.0627139 -0.6002300
v 52.7067528 80.9367676 18.7500000
vn 5.5329666 2.9145725 -0.6029989
v 53.9344635 78.6824493 18.7500000
vn 5.6127148 2.7571759 -0.6056070
v 55.0772476 76.4389801 18.7500000
vn 5.6914511 2.5900207 -0.6080562
v 56.1342468 74.2068481 18.7500000
vn 5.7685728 2.4126132 -0.6103615
v 57.1046028 71.9865570 18.7500000
vn 5.8433843 2.2244940 -0.6125534
v 57.9874496 69.7785950 18.7500000
vn 5.9151058 2.0251946 -0.6146560
v 58.7819328 67.5834503 18.7500000
vn 5.9750543 1.8409712 -0.6175635
v 59.4871292 65.4016113 18.7500000
vn 6.1101933 1.3253788 -0.6196073
v 60.0756340 60.6933784 12.5000000
vn 6.1028762 1.3580621 -0.6208184
v 60.6266594 61.0754814 18.7500000
vn 6.0993161 1.3735788 -0.6216145
v 60.9021683 61.2665329 21.8750000
vn 6.0958366 1.3885732 -0.6223716
v 61.1776810 61.4575844 25.0000000
vn 6.0891700 1.4170313 -0.6233702
v 61.7287064 61.8396912 31.2500000
vn 6.0827837 1.4436899 -0.6244409
v 62.2797279 62.2217941 37.5000000
vn 6.0766802 1.4686987 -0.6254342
v 62.8307533 62.6039009 43.7500000
vn 6.0708461 1.4922060 -0.6263612
v 63.3817749 62.9860039 50.0000000
vn 6.1957426 0.8362288 -0.6228805
v 60.8052559 56.5541458 12.5000000
vn 6.1926742 0.8582178 -0.6233351
v 61.4017677 56.7909050 18.7500000
vn 6.1911745 0.8686527 -0.6236941
v 61.7000237 56.9092865 21.8750000
vn 6.1897101 0.8787430 -0.6240266
v 61.9982796 57.0276680 25.0000000
vn 6.1869078 0.8979004 -0.6243862
v 62.5947914 57.2644310 31.2500000
vn 6.1842189 0.9158466 -0.6248143
v 63.1913033 57.5011902 37.5000000
vn 6.1816478 0.9326860 -0.6252120
v 63.7878151 57.7379532 43.7500000
vn 6.1791878 0.9485179 -0.6255788
v 64.3843307 57.9747162 50.0000000
vn 6.2115417 0.7087952 -0.6234949
v 60.9334831 55.5250320 12.5000000
vn 6.2093101 0.7276613 -0.6238120
v 61.5381508 55.7250519 18.7500000
vn 6.2082171 0.7366261 -0.6240842
v 61.8404808 55.8250618 21.8750000
vn 6.2071500 0.7452856 -0.6243351
v 62.1428146 55.9250717 25.0000000
vn 6.2051148 0.7617131 -0.6245804
v 62.7474823 56.1250877 31.2500000
vn 6.2031589 0.7771099 -0.6248892
v 63.3521500 56.3251076 37.5000000
vn 6.2012877 0.7915654 -0.6251733
v 63.9568176 56.5251274 43.7500000
vn 6.1994996 0.8051326 -0.6254387
v 64.5614853 56.7251472 50.0000000
vn 6.2248583 0.5796788 -0.6240100
v 61.0399742 54.4978523 12.5000000
vn 6.2233505 0.5952451 -0.6242151
v 61.6514511 54.6609917 18.7500000
vn 6.2226090 0.6026397 -0.6244128
v 61.9571915 54.7425575 21.8750000
vn 6.2218871 0.6097838 -0.6245891
v 62.2629318 54.8241272 25.0000000
vn 6.2205133 0.6233326 -0.6247393
v 62.8744087 54.9872665 31.2500000
vn 6.2191892 0.6360371 -0.6249462
v 63.4858856 55.1504059 37.5000000
vn 6.2179246 0.6479514 -0.6251374
v 64.0973663 55.3135452 43.7500000
vn 6.2167139 0.6591609 -0.6253137
v 64.7088394 55.4766846 50.0000000
vn 5.9116578 -2.0377445 -0.6120061
v 58.1400757 32.4373055 12.5000000
vn 5.8958569 -2.0819657 -0.6155109
v 58.5760727 31.8248425 18.7500000
vn 5.8882384 -2.1030326 -0.6167866
v 58.7940712 31.5186119 21.8750000
vn 5.8807998 -2.1233804 -0.6179918
v 59.0120697 31.2123814 25.0000000
vn 5.7529125 -2.4520249 -0.6056479
v 56.3178368 27.7156487 12.5000000
vn 5.7315722 -2.5002589 -0.6107175
v 56.6510086 26.9534512 18.7500000
vn 5.7212811 -2.5232472 -0.6126609
v 56.8175926 26.5723515 21.8750000
vn 5.7112303 -2.5454590 -0.6145154
v 56.9841805 26.1912537 25.0000000
vn 5.6918750 -2.5873923 -0.6189083
v 57.3173485 25.4290562 31.2500000
vn 5.6734195 -2.6267040 -0.6227205
v 57.6505203 24.6668587 37.5000000
vn 5.6558118 -2.6635621 -0.6262785
v 57.9836922 23.9046612 43.7500000
vn 5.6390061 -2.6981790 -0.6296057
v 58.3168640 23.1424637 50.0000000
vn 5.5842876 -2.8165638 -0.5986917
v 54.0885849 22.9286938 12.5000000
vn 5.5577688 -2.8671064 -0.6054953
v 54.3010902 22.0214252 18.7500000
vn 5.5449648 -2.8912227 -0.6082027
v 54.4073448 21.5677910 21.8750000
vn 5.5324717 -2.9145098 -0.6107936
v 54.5135956 21.1141567 25.0000000
vn 5.5084667 -2.9583950 -0.6167055
v 54.7261047 20.2068882 31.2500000
vn 5.4855804 -2.9995418 -0.6219018
v 54.9386101 19.2996197 37.5000000
vn 5.4637699 -3.0380867 -0.6267573
v 55.1511154 18.3923512 43.7500000
vn 5.4429646 -3.0742714 -0.6313047
v 55.3636246 17.4850807 50.0000000
vn 5.4231110 -3.1082859 -0.6355670
v 55.5761299 16.5778122 56.2500000
vn 5.4041424 -3.1403337 -0.6395766
v 55.7886391 15.6705437 62.5000000
vn 5.3860102 -3.1705635 -0.6433478
v 56.0011444 14.7632751 68.7500000
vn 5.3686600 -3.1991327 -0.6469079
v 56.2136497 13.8560057 75.0000000
vn 5.5413246 -2.9005804 -0.5968305
v 53.4686699 21.7225933 12.5000000
vn 5.5135651 -2.9515228 -0.6040974
v 53.6483345 20.7797241 18.7500000
vn 5.5001650 -2.9758275 -0.6070085
v 53.7381630 20.3082905 21.8750000
vn 5.4870892 -2.9992993 -0.6097999
v 53.8279953 19.8368568 25.0000000
vn 5.4619741 -3.0435162 -0.6161172
v 54.0076599 18.8939896 31.2500000
vn 5.4380379 -3.0849614 -0.6216820
v 54.1873207 17.9511204 37.5000000
vn 5.4152288 -3.1237824 -0.6268844
v 54.3669853 17.0082531 43.7500000
vn 5.3934774 -3.1602159 -0.6317570
v 54.5466461 16.0653858 50.0000000
vn 5.3727202 -3.1944666 -0.6363285
v 54.7263107 15.1225176 56.2500000
vn 5.3528967 -3.2267208 -0.6406254
v 54.9059715 14.1796494 62.5000000
vn 5.3339486 -3.2571468 -0.6446712
v 55.0856361 13.2367821 68.7500000
vn 5.3158240 -3.2858903 -0.6484880
v 55.2652969 12.2939138 75.0000000
vn 5.2984734 -3.3130851 -0.6520927
v 55.4449615 11.3510456 81.2500000
vn 6.2346759 0.4611948 -0.6245328
v 61.7416191 53.5985603 18.7500000
vn 6.2429500 0.3299737 -0.6248392
v 62.1190872 52.5819092 21.8750000
vn 6.2486124 0.1944917 -0.6249646
v 62.4760208 51.5289040 25.0000000
vn 6.2513719 0.0578484 -0.6249782
v 63.1227379 50.4464874 31.2500000
vn 6.2511225 -0.0808227 -0.6249759
v 63.7454567 49.3542900 37.5000000
vn 6.2476716 -0.2224265 -0.6249913
v 64.3423004 48.1916542 43.7500000
vn 6.2342262 0.4669411 -0.6246647
v 62.0500755 53.6616287 21.8750000
vn 6.2337885 0.4724798 -0.6247796
v 62.3585358 53.7246933 25.0000000
vn 6.2329574 0.4830010 -0.6248566
v 62.9754524 53.8508263 31.2500000
vn 6.2321548 0.4928711 -0.6249794
v 63.5923729 53.9769592 37.5000000
vn 6.2313886 0.5021068 -0.6250979
v 64.2092896 54.1030922 43.7500000
vn 6.2306538 0.5108346 -0.6252010
v 64.8262100 54.2292252 50.0000000
vn 6.1359277 -1.1945964 -0.6220650
v 60.9268112 40.3624802 18.7500000
vn 6.1331401 -1.2086414 -0.6222112
v 61.2110748 40.1955681 21.8750000
vn 6.1304116 -1.2222435 -0.6222742
v 61.4953346 40.0286598 25.0000000
vn 6.1251087 -1.2476965 -0.6235167
v 62.0638618 39.6948357 31.2500000
vn 6.1200552 -1.2716434 -0.6243469
v 62.6323853 39.3610153 37.5000000
vn 6.1152239 -1.2941147 -0.6251176
v 63.2009125 39.0271912 43.7500000
vn 6.1106029 -1.3152373 -0.6258346
v 63.7694359 38.6933708 50.0000000
vn 6.1061811 -1.3351328 -0.6265066
v 64.3379593 38.3595505 56.2500000
vn 6.1019473 -1.3539031 -0.6271334
v 64.9064865 38.0257263 62.5000000
vn 6.0978913 -1.3716341 -0.6277161
v 65.4750137 37.6919060 68.7500000
vn 6.0940018 -1.3884236 -0.6282684
v 66.0435333 37.3580818 75.0000000
vn 6.0902691 -1.4043369 -0.6287882
v 66.6120605 37.0242615 81.2500000
vn 6.0866871 -1.4194380 -0.6292753
v 67.1805878 36.6904411 87.5000000
vn 6.0833263 -1.4393132 -0.6210973
v 60.7625885 38.1293373 21.8750000
vn 6.0221496 -1.6774887 -0.6201921
v 60.4876328 35.8193359 25.0000000
vn 5.9551258 -1.9028022 -0.6213127
v 60.3364372 33.1651154 31.2500000
vn 5.8954186 -2.0806310 -0.6237797
v 60.3658714 31.3098831 37.5000000
vn 5.8396664 -2.2317314 -0.6260062
v 60.3200645 29.3749943 43.7500000
vn 6.2423077 0.3412681 -0.6249278
v 63.0505219 52.7154541 31.2500000
vn 6.2427278 0.3338668 -0.6249028
v 62.4295654 52.6264267 25.0000000
vn 6.2484617 0.1987491 -0.6249629
v 63.0996132 51.5807686 31.2500000
vn 6.2419019 0.3481885 -0.6249912
v 63.6714821 52.8044853 37.5000000
vn 6.2415133 0.3546987 -0.6250490
v 64.2924347 52.8935127 43.7500000
vn 6.2411423 0.3608026 -0.6251050
v 64.9133987 52.9825439 50.0000000
vn 6.2513466 0.0589625 -0.6249808
v 63.7475624 50.4611511 37.5000000
vn 6.2510881 -0.0823839 -0.6249810
v 64.3701553 49.3337898 43.7500000
vn 6.2475176 -0.2262865 -0.6250134
v 64.9656448 48.1360016 50.0000000
vn 6.2483139 0.2027394 -0.6249857
v 63.7232018 51.6326332 37.5000000
vn 6.2481737 0.2064933 -0.6250061
v 64.3467941 51.6844978 43.7500000
vn 6.2480388 0.2100053 -0.6250255
v 64.9703827 51.7363625 50.0000000
vn 6.0722208 -1.4844133 -0.6229832
v 61.5774574 37.5265160 31.2500000
vn 6.0795436 -1.4550254 -0.6212953
v 61.0342140 37.9283981 25.0000000
vn 6.0126696 -1.7102376 -0.6223697
v 61.0013466 35.3501244 31.2500000
vn 6.0652351 -1.5120679 -0.6241643
v 62.1207047 37.1246300 37.5000000
vn 6.0585604 -1.5380118 -0.6252606
v 62.6639481 36.7227478 43.7500000
vn 6.0521789 -1.5623990 -0.6262832
v 63.2071915 36.3208656 50.0000000
vn 6.0460720 -1.5853634 -0.6272385
v 63.7504387 35.9189835 56.2500000
vn 6.0402260 -1.6070304 -0.6281317
v 64.2936859 35.5171013 62.5000000
vn 6.0346260 -1.6274999 -0.6289681
v 64.8369293 35.1152153 68.7500000
vn 6.0292621 -1.6468598 -0.6297521
v 65.3801727 34.7133331 75.0000000
vn 6.0241156 -1.6652130 -0.6304916
v 65.9234161 34.3114510 81.2500000
vn 6.0191722 -1.6826360 -0.6311923
v 66.4666595 33.9095688 87.5000000
vn 5.9441624 -1.9360954 -0.6232882
v 60.8165665 32.6293640 37.5000000
vn 5.8835406 -2.1133330 -0.6259128
v 60.8245735 30.7356281 43.7500000
vn 5.8271780 -2.2634993 -0.6282484
v 60.7560616 28.7625332 50.0000000
vn 6.0036192 -1.7410723 -0.6239511
v 61.5150604 34.8809166 37.5000000
vn 5.9949727 -1.7699931 -0.6254204
v 62.0287781 34.4117050 43.7500000
vn 5.9867115 -1.7971680 -0.6267880
v 62.5424919 33.9424934 50.0000000
vn 5.9788079 -1.8227594 -0.6280676
v 63.0562057 33.4732819 56.2500000
vn 5.9712443 -1.8468951 -0.6292648
v 63.5699196 33.0040741 62.5000000
vn 5.9640021 -1.8696935 -0.6303889
v 64.0836334 32.5348625 68.7500000
vn 5.9570618 -1.8912612 -0.6314446
v 64.5973511 32.0656509 75.0000000
vn 5.9504080 -1.9116956 -0.6324350
v 65.1110687 31.5964413 81.2500000
vn 5.9440207 -1.9310865 -0.6333728
v 65.6247787 31.1272297 87.5000000
vn 6.2513194 0.0599903 -0.6249861
v 64.3723831 50.4758110 43.7500000
vn 6.2510543 -0.0838548 -0.6249882
v 64.9948578 49.3132858 50.0000000
vn 6.2512941 0.0609759 -0.6249895
v 64.9972076 50.4904709 50.0000000
vn 5.9336867 -1.9673309 -0.6251305
v 61.2966919 32.0936089 43.7500000
vn 5.8721871 -2.1440740 -0.6279073
v 61.2832756 30.1613712 50.0000000
vn 5.8152404 -2.2934041 -0.6303487
v 61.1920586 28.1500721 56.2500000
vn 5.9236784 -1.9966819 -0.6268477
v 61.7768211 31.5578518 50.0000000
vn 5.9141083 -2.0243108 -0.6284533
v 62.2569504 31.0220985 56.2500000
vn 5.9049549 -2.0503583 -0.6299558
v 62.7370796 30.4863434 62.5000000
vn 5.8961883 -2.0749657 -0.6313668
v 63.2172089 29.9505882 68.7500000
vn 5.8877883 -2.0982475 -0.6326948
v 63.6973381 29.4148331 75.0000000
vn 5.8797379 -2.1202962 -0.6339430
v 64.1774673 28.8790798 81.2500000
vn 5.8720164 -2.1412055 -0.6351203
v 64.6575928 28.3433247 87.5000000
vn 5.8613353 -2.1730084 -0.6297722
v 61.7419777 29.5871162 56.2500000
vn 5.8038216 -2.3215992 -0.6323189
v 61.6280556 27.5376091 62.5000000
vn 5.8509541 -2.2002881 -0.6315198
v 62.2006836 29.0128613 62.5000000
vn 5.8410196 -2.2260463 -0.6331576
v 62.6593857 28.4386044 68.7500000
vn 5.8314996 -2.2504151 -0.6347005
v 63.1180878 27.8643494 75.0000000
vn 5.8223758 -2.2734976 -0.6361547
v 63.5767937 27.2900944 81.2500000
vn 5.8136258 -2.2953854 -0.6375237
v 64.0354996 26.7158375 87.5000000
vn 5.2620082 3.3712373 -0.6464140
v 53.7691689 88.8685837 68.7500000
vn 5.2428117 3.4001985 -0.6506090
v 53.9019737 89.8600616 75.0000000
vn 5.3561063 3.2199881 -0.6440392
v 55.4881630 86.1018372 68.7500000
vn 5.3382778 3.2487044 -0.6477550
v 55.6823769 87.0292587 75.0000000
vn 5.3212080 3.2758760 -0.6512642
v 55.8765869 87.9566879 81.2500000
vn 5.4505453 3.0577562 -0.6416799
v 57.0945168 83.3392639 68.7500000
vn 5.4341717 3.0860617 -0.6449353
v 57.3466759 84.2017975 75.0000000
vn 5.4184909 3.1128526 -0.6480089
v 57.5988350 85.0643311 81.2500000
vn 5.4034643 3.1382446 -0.6509140
v 57.8509941 85.9268723 87.5000000
vn 5.5446720 2.8838999 -0.6393777
v 58.5865555 80.5810547 68.7500000
vn 5.5298266 2.9116170 -0.6421915
v 58.8930931 81.3778229 75.0000000
vn 5.5156074 2.9378581 -0.6448476
v 59.1996307 82.1745987 81.2500000
vn 5.5019784 2.9627302 -0.6473593
v 59.5061684 82.9713745 87.5000000
vn 5.6377044 2.6978252 -0.6371784
v 59.9625893 77.8273926 68.7500000
vn 5.6244473 2.7247610 -0.6395741
v 60.3198357 78.5574951 75.0000000
vn 5.6117468 2.7502649 -0.6418358
v 60.6770859 79.2875977 81.2500000
vn 5.5995703 2.7744474 -0.6439732
v 61.0343323 80.0177002 87.5000000
vn 5.7287283 2.4990067 -0.6351384
v 61.2209396 75.0784760 68.7500000
vn 5.7170973 2.5249569 -0.6371429
v 61.6251259 75.7409592 75.0000000
vn 5.7059531 2.5495291 -0.6390353
v 62.0293121 76.4034424 81.2500000
vn 5.6952648 2.5728359 -0.6408213
v 62.4334984 77.0659256 87.5000000
vn 5.8168821 2.2865276 -0.6332855
v 62.3599243 72.3344879 68.7500000
vn 5.8069062 2.3112426 -0.6349286
v 62.8071747 72.9283676 75.0000000
vn 5.7973404 2.3346605 -0.6364746
v 63.2544212 73.5222473 81.2500000
vn 5.7881694 2.3568654 -0.6379365
v 63.7016716 74.1161194 87.5000000
vn 5.8915982 2.0878878 -0.6324477
v 63.3773499 69.5956192 68.7500000
vn 5.8831010 2.1112666 -0.6337930
v 63.8636246 70.1198654 75.0000000
vn 5.8749547 2.1334147 -0.6350576
v 64.3499069 70.6441193 81.2500000
vn 5.8671374 2.1544313 -0.6362498
v 64.8361816 71.1683655 87.5000000
vn 5.9426003 1.9395250 -0.6310573
v 63.8393364 68.2280731 68.7500000
vn 5.9351921 1.9616897 -0.6321985
v 64.3435059 68.7171326 75.0000000
vn 5.9280896 1.9826846 -0.6332716
v 64.8476791 69.2061920 81.2500000
vn 5.9212751 2.0026069 -0.6342821
v 65.3518524 69.6952438 87.5000000
vn 5.9818211 1.8151772 -0.6302524
v 64.2697754 66.8617172 68.7500000
vn 5.9752698 1.8362621 -0.6312430
v 64.7907181 67.3153458 75.0000000
vn 5.9689856 1.8562475 -0.6321735
v 65.3116684 67.7689743 81.2500000
vn 5.9629540 1.8752165 -0.6330466
v 65.8326111 68.2226028 87.5000000
vn 6.0193009 1.6869485 -0.6294965
v 64.6683731 65.4964905 68.7500000
vn 6.0135813 1.7068875 -0.6303406
v 65.2049408 65.9144592 75.0000000
vn 6.0080991 1.7257653 -0.6311392
v 65.7415161 66.3324280 81.2500000
vn 6.0028353 1.7436924 -0.6318837
v 66.2780914 66.7504044 87.5000000
vn 6.0548000 1.5549464 -0.6287904
v 65.0348434 64.1323166 68.7500000
vn 6.0498900 1.5736227 -0.6295020
v 65.5858688 64.5144196 75.0000000
vn 6.0451827 1.5913097 -0.6301724
v 66.1368942 64.8965225 81.2500000
vn 6.0406685 1.6080884 -0.6308015
v 66.6879196 65.2786255 87.5000000
vn 6.0880909 1.4192270 -0.6281388
v 65.3689194 62.7691422 68.7500000
vn 6.0839605 1.4365298 -0.6287286
v 65.9331894 63.1151810 75.0000000
vn 6.0799990 1.4529268 -0.6292811
v 66.4974594 63.4612198 81.2500000
vn 6.0761971 1.4684883 -0.6298016
v 67.0617294 63.8072548 87.5000000
vn 6.1189485 1.2798581 -0.6275474
v 65.6703033 61.4069061 68.7500000
vn 6.1155553 1.2956989 -0.6280230
v 66.2465897 61.7166901 75.0000000
vn 6.1123004 1.3107125 -0.6284696
v 66.8228760 62.0264740 81.2500000
vn 6.1091738 1.3249623 -0.6288884
v 67.3991623 62.3362579 87.5000000
vn 6.1471343 1.1369922 -0.6270155
v 65.9387131 60.0455475 68.7500000
vn 6.1444297 1.1512564 -0.6273885
v 66.5257568 60.3189011 75.0000000
vn 6.1418357 1.1647781 -0.6277391
v 67.1128006 60.5922546 81.2500000
vn 6.1393442 1.1776134 -0.6280667
v 67.6998444 60.8656082 87.5000000
vn 6.1724176 0.9907858 -0.6265442
v 66.1738663 58.6850014 68.7500000
vn 6.1703434 1.0033724 -0.6268263
v 66.7703781 58.9217606 75.0000000
vn 6.1683550 1.0153047 -0.6270913
v 67.3668900 59.1585236 81.2500000
vn 6.1664433 1.0266311 -0.6273404
v 67.9634018 59.3952866 87.5000000
vn 6.1945701 0.8414182 -0.6261343
v 66.3754807 57.3252068 68.7500000
vn 6.1930618 0.8522270 -0.6263355
v 66.9801483 57.5252228 75.0000000
vn 6.1916132 0.8624579 -0.6265276
v 67.5848160 57.7252426 81.2500000
vn 6.1902208 0.8721848 -0.6267071
v 68.1894836 57.9252625 87.5000000
vn 6.2133784 0.6891028 -0.6257794
v 66.5432739 55.9660988 68.7500000
vn 6.2123590 0.6980027 -0.6259167
v 67.1547546 56.1292381 75.0000000
vn 6.2113791 0.7064540 -0.6260443
v 67.7662277 56.2923775 81.2500000
vn 6.2104368 0.7144747 -0.6261666
v 68.3777084 56.4555168 87.5000000
vn 6.2286344 0.5340629 -0.6254814
v 66.6769638 54.6076241 68.7500000
vn 6.2280164 0.5409756 -0.6255662
v 67.2938766 54.7337570 75.0000000
vn 6.2274213 0.5475554 -0.6256422
v 67.9107971 54.8598900 81.2500000
vn 6.2268505 0.5537742 -0.6257159
v 68.5277176 54.9860191 87.5000000
vn 6.2401190 0.3771412 -0.6252446
v 66.7762680 53.2496300 68.7500000
vn 6.2398043 0.3820103 -0.6252880
v 67.3972244 53.3386612 75.0000000
vn 6.2395034 0.3866270 -0.6253269
v 68.0181885 53.4276886 81.2500000
vn 6.2392154 0.3909953 -0.6253612
v 68.6391449 53.5167198 87.5000000
vn 6.2476664 0.2194183 -0.6250768
v 66.8411560 51.8919525 68.7500000
vn 6.2475533 0.2222241 -0.6250924
v 67.4647446 51.9438171 75.0000000
vn 6.2474442 0.2248558 -0.6251096
v 68.0883408 51.9956818 81.2500000
vn 6.2473402 0.2273839 -0.6251191
v 68.7119293 52.0475426 87.5000000
vn 6.2512279 0.0636055 -0.6249993
v 66.8716736 50.5344582 68.7500000
vn 6.2512069 0.0643896 -0.6249999
v 67.4964981 50.5491180 75.0000000
vn 6.2511878 0.0651172 -0.6250040
v 68.1213150 50.5637779 81.2500000
vn 6.2511692 0.0658202 -0.6250070
v 68.7461395 50.5784416 87.5000000
vn 6.2509599 -0.0877924 -0.6250003
v 66.8689728 49.2517776 68.7500000
vn 6.2509327 -0.0889608 -0.6250024
v 67.4936752 49.2312775 75.0000000
vn 6.2509060 -0.0900672 -0.6250059
v 68.1183777 49.2107735 81.2500000
vn 6.2508793 -0.0911176 -0.6250091
v 68.7430801 49.1902733 87.5000000
vn 6.2470913 -0.2366365 -0.6250717
v 66.8356628 47.9690399 68.7500000
vn 6.2469611 -0.2397060 -0.6250888
v 67.4590073 47.9133873 75.0000000
vn 6.2468362 -0.2426164 -0.6251046
v 68.0823441 47.8577309 81.2500000
vn 6.2467170 -0.2453800 -0.6251181
v 68.7056885 47.8020782 87.5000000
vn 6.2397051 -0.3847992 -0.6252215
v 66.7717972 46.6861305 68.7500000
vn 6.2393804 -0.3897710 -0.6252672
v 67.3925400 46.5953598 75.0000000
vn 6.2390709 -0.3944549 -0.6253039
v 68.0132828 46.5045891 81.2500000
vn 6.2387733 -0.3989300 -0.6253410
v 68.6340256 46.4138184 87.5000000
vn 5.7928953 -2.3482180 -0.6341656
v 62.0640564 26.9251480 68.7500000
vn 5.7824283 -2.3733966 -0.6359040
v 62.5000534 26.3126850 75.0000000
vn 5.7723966 -2.3972454 -0.6375437
v 62.9360504 25.7002239 81.2500000
vn 5.7627745 -2.4198649 -0.6390907
v 63.3720474 25.0877609 87.5000000
vn 5.5929346 -2.7904058 -0.6384009
v 59.3163795 20.8558712 68.7500000
vn 5.5788832 -2.8178005 -0.6409940
v 59.6495514 20.0936737 75.0000000
vn 5.5654216 -2.8437369 -0.6434404
v 59.9827232 19.3314762 81.2500000
vn 5.5525169 -2.8683283 -0.6457534
v 60.3158951 18.5692787 87.5000000
vn -5.4039469 3.1532440 -0.5752468
v 49.2954330 82.0532532 6.2500000
vn -2.7373846 1.5181024 -3.4076662
v 48.7952080 80.0121460 0.0000000
vn -5.4441948 3.0826652 -0.5782265
v 48.6141357 80.8682938 6.2500000
vn -5.4878278 3.0039544 -0.5799889
v 47.9562149 79.6867828 6.2500000
vn -5.4117165 3.1369214 -0.5909180
v 48.5392303 81.9164810 12.5000000
vn -5.4549761 3.0606699 -0.5929427
v 47.8453674 80.7001038 12.5000000
vn -5.3804383 3.1886454 -0.5996292
v 48.4643288 82.9646606 18.7500000
vn -5.4248323 3.1122072 -0.6011699
v 47.7345200 81.7134171 18.7500000
vn -5.3653278 3.2133398 -0.6031896
v 48.4268761 83.4887543 21.8750000
vn -5.4102812 3.1367931 -0.6045033
v 47.6790924 82.2200775 21.8750000
vn -5.3506012 3.2371624 -0.6065964
v 48.3894234 84.0128403 25.0000000
vn -5.3960834 3.1605382 -0.6077021
v 47.6236687 82.7267303 25.0000000
vn -5.3223491 3.2819927 -0.6141805
v 48.3145218 85.0610199 31.2500000
vn -5.3688407 3.2052281 -0.6148578
v 47.5128212 83.7400513 31.2500000
vn -5.2954321 3.3239961 -0.6209027
v 48.2396164 86.1092072 37.5000000
vn -5.3428869 3.2470975 -0.6211867
v 47.4019737 84.7533646 37.5000000
vn -5.2697954 3.3633223 -0.6271925
v 48.1647148 87.1573868 43.7500000
vn -5.3181667 3.2863030 -0.6271057
v 47.2911224 85.7666855 43.7500000
vn -5.2453732 3.4001918 -0.6330833
v 48.0898094 88.2055664 50.0000000
vn -5.2946005 3.3230844 -0.6326526
v 47.1802750 86.7799988 50.0000000
vn -5.2220745 3.4348404 -0.6386169
v 48.0149078 89.2537537 56.2500000
vn -5.2721257 3.3576398 -0.6378560
v 47.0694275 87.7933197 56.2500000
vn -5.1998401 3.4674456 -0.6438178
v 47.9400024 90.3019333 62.5000000
vn -5.2506609 3.3901794 -0.6427537
v 46.9585800 88.8066330 62.5000000
vn -5.1785946 3.4981875 -0.6487206
v 47.8651009 91.3501129 68.7500000
vn -5.2301564 3.4208560 -0.6473638
v 46.8477287 89.8199539 68.7500000
vn -5.1582861 3.5272102 -0.6533453
v 47.7901955 92.3982925 75.0000000
vn -5.2105498 3.4498270 -0.6517138
v 46.7368813 90.8332672 75.0000000
vn -5.1388516 3.5546577 -0.6577176
v 47.7152939 93.4464798 81.2500000
vn -5.1917839 3.4772305 -0.6558262
v 46.6260338 91.8465881 81.2500000
vn -5.1202459 3.5806439 -0.6618513
v 47.6403885 94.4946594 87.5000000
vn -5.1738162 3.5031767 -0.6597116
v 46.5151825 92.8599014 87.5000000
vn -5.1037006 3.6034651 -0.6657835
v 47.5654869 95.5428391 93.7500000
vn -5.1553130 3.5296321 -0.6635551
v 46.4043350 93.8732147 93.7500000
vn -2.5363505 1.8188264 -0.3294328
v 47.6944733 96.8750000 100.0000000
vn -2.5865107 1.7468935 -0.3273037
v 45.5186729 93.7500000 100.0000000
vn -5.2129793 3.4447577 -0.6588157
v 45.2809830 92.2038345 93.7500000
vn -5.2644520 3.3657858 -0.6576236
v 44.1957130 90.5346909 93.7500000
vn -5.2818499 3.3388522 -0.6555027
v 44.3753777 89.5918198 87.5000000
vn -5.3361382 3.2517765 -0.6534457
v 43.3613358 87.9585342 87.5000000
vn -5.3520536 3.2261586 -0.6502659
v 43.5738411 87.0512619 81.2500000
vn -5.4056540 3.1358654 -0.6484793
v 42.6292000 85.4543533 81.2500000
vn -5.4215031 3.1090388 -0.6453572
v 42.8734894 84.5829391 75.0000000
vn -5.4742374 3.0155141 -0.6438491
v 41.9963837 83.0229568 75.0000000
vn -5.4899702 2.9874384 -0.6407869
v 42.2713928 82.1876755 68.7500000
vn -5.5416389 2.8907089 -0.6395681
v 41.4599228 80.6651917 68.7500000
vn -5.5572062 2.8613417 -0.6365705
v 41.7645607 79.8663101 62.5000000
vn -5.6076097 2.7614391 -0.6356487
v 41.0167923 78.3819275 62.5000000
vn -5.6229515 2.7307510 -0.6327240
v 41.3499641 77.6197357 56.2500000
vn -5.6718946 2.6276999 -0.6321069
v 40.6639175 76.1740723 56.2500000
vn -5.6869602 2.5956357 -0.6292546
v 41.0245171 75.4488449 50.0000000
vn -5.7343354 2.4892635 -0.6289287
v 40.3981857 74.0425415 50.0000000
vn -5.7490492 2.4558113 -0.6261544
v 40.7850876 73.3545914 43.7500000
vn -5.7947521 2.3459086 -0.6260903
v 40.2165756 71.9883804 43.7500000
vn -5.8090110 2.3111157 -0.6234078
v 40.6286278 71.3380203 37.5000000
vn -5.8527422 2.1979156 -0.6236035
v 40.1159363 70.0125427 37.5000000
vn -5.8664403 2.1618488 -0.6210204
v 40.5519333 69.4000778 31.2500000
vn -5.9078631 2.0457494 -0.6214858
v 40.0928345 68.1158600 31.2500000
vn -5.9209127 2.0085323 -0.6187758
v 40.5515366 67.5416031 25.0000000
vn -5.9666085 1.8674350 -0.6186466
v 40.1436920 66.2991257 25.0000000
vn -5.9725599 1.8486457 -0.6177491
v 40.3837585 66.0312500 21.8750000
vn -6.0270643 1.6599565 -0.6198257
v 39.7692261 63.9460602 21.8750000
vn -6.0320845 1.6418409 -0.6193697
v 40.0260849 63.7114525 18.7500000
vn -6.0871902 1.4230807 -0.6208110
v 39.5090332 61.6697197 18.7500000
vn -6.0952191 1.3893421 -0.6188344
v 40.0522766 61.2678375 12.5000000
vn -6.1417375 1.1653827 -0.6205935
v 39.6417122 59.3036957 12.5000000
vn -6.1485333 1.1336634 -0.6133696
v 40.2102394 58.9698753 6.2500000
vn -6.1857595 0.9068160 -0.6158627
v 39.8977928 57.0840416 6.2500000
vn -3.0897164 0.4954997 -3.4166112
v 40.6223335 57.7223625 0.0000000
vn -3.1066270 0.3749626 -3.4166877
v 40.3496056 55.7826424 0.0000000
vn -2.7748904 1.4479629 -3.4099793
v 47.6654968 77.9121399 0.0000000
vn -5.5285912 2.9277272 -0.5825619
v 47.3217964 78.5088272 6.2500000
vn -5.4981995 2.9819169 -0.5949133
v 47.1760216 79.4870377 12.5000000
vn -5.4692278 3.0331974 -0.6026589
v 47.0302505 80.4652557 18.7500000
vn -5.4552479 3.0576527 -0.6057760
v 46.9573631 80.9543610 21.8750000
vn -5.4416037 3.0812764 -0.6087699
v 46.8844795 81.4434738 25.0000000
vn -5.4154077 3.1257610 -0.6155016
v 46.7387047 82.4216843 31.2500000
vn -5.3904438 3.1674547 -0.6214460
v 46.5929337 83.3999023 37.5000000
vn -5.3666687 3.2064886 -0.6270015
v 46.4471626 84.3781128 43.7500000
vn -5.3439937 3.2431221 -0.6322084
v 46.3013878 85.3563309 50.0000000
vn -5.3223648 3.2775509 -0.6370926
v 46.1556168 86.3345413 56.2500000
vn -5.3017063 3.3099718 -0.6416877
v 46.0098419 87.3127594 62.5000000
vn -5.2819681 3.3405440 -0.6460115
v 45.8640709 88.2909698 68.7500000
vn -5.2630892 3.3694215 -0.6500935
v 45.7182999 89.2691879 75.0000000
vn -5.2450185 3.3967400 -0.6539485
v 45.5725250 90.2474060 81.2500000
vn -5.2277145 3.4226124 -0.6575922
v 45.4267540 91.2256165 87.5000000
vn -5.5714016 2.8449595 -0.5847359
v 46.7109909 77.3345413 6.2500000
vn -2.8131928 1.3721778 -3.4092121
v 46.6114845 75.8249969 0.0000000
vn -5.6134706 2.7595899 -0.5910724
v 46.1239243 76.1640396 6.2500000
vn -2.8490810 1.2958776 -3.4096322
v 45.6337852 73.7514191 0.0000000
vn -5.6522965 2.6783504 -0.5946670
v 45.5607071 74.9974289 6.2500000
vn -5.6957288 2.5847034 -0.5946531
v 45.0214577 73.8348389 6.2500000
vn -5.6270156 2.7297833 -0.6004994
v 45.3164139 75.8688431 12.5000000
vn -5.6694202 2.6401615 -0.6022588
v 44.7464523 74.6701279 12.5000000
vn -5.6017580 2.7798617 -0.6068527
v 45.0721207 76.7402496 18.7500000
vn -5.6454558 2.6896894 -0.6081685
v 44.4714432 75.5054092 18.7500000
vn -5.5895691 2.8037453 -0.6093597
v 44.9499741 77.1759567 21.8750000
vn -5.6338882 2.7133152 -0.6104842
v 44.3339424 75.9230499 21.8750000
vn -5.5776706 2.8268170 -0.6117583
v 44.8278275 77.6116638 25.0000000
vn -5.6226006 2.7361281 -0.6126920
v 44.1964378 76.3406906 25.0000000
vn -5.5548010 2.8703082 -0.6172721
v 44.5835381 78.4830704 31.2500000
vn -5.6008773 2.7791793 -0.6178278
v 43.9214325 77.1759720 31.2500000
vn -5.5329852 2.9111032 -0.6221119
v 44.3392448 79.3544846 37.5000000
vn -5.5801716 2.8195319 -0.6223105
v 43.6464233 78.0112610 37.5000000
vn -5.5121994 2.9493127 -0.6266267
v 44.0949516 80.2258911 43.7500000
vn -5.5604262 2.8573532 -0.6264963
v 43.3714180 78.8465424 43.7500000
vn -5.4923697 2.9851825 -0.6308532
v 43.8506584 81.0973053 50.0000000
vn -5.5415907 2.8928561 -0.6304127
v 43.0964127 79.6818237 50.0000000
vn -5.4734364 3.0189209 -0.6348180
v 43.6063690 81.9687119 56.2500000
vn -5.5235972 2.9262662 -0.6340898
v 42.8214035 80.5171051 56.2500000
vn -5.4553456 3.0507083 -0.6385461
v 43.3620758 82.8401184 62.5000000
vn -5.5064063 2.9577398 -0.6375406
v 42.5463982 81.3523941 62.5000000
vn -5.4380522 3.0806956 -0.6420517
v 43.1177826 83.7115326 68.7500000
vn -2.8851581 1.2128725 -3.4120135
v 44.7330170 71.6921082 0.0000000
vn -5.7344055 2.4970200 -0.5975031
v 44.5062943 72.6763763 6.2500000
vn -5.7114162 2.5476074 -0.6039729
v 44.2016563 73.4752579 12.5000000
vn -5.6887598 2.5965192 -0.6094565
v 43.8970222 74.2741394 18.7500000
vn -5.6778235 2.6198483 -0.6115835
v 43.7447014 74.6735840 21.8750000
vn -5.6671505 2.6423807 -0.6136101
v 43.5923843 75.0730209 25.0000000
vn -5.6466055 2.6849010 -0.6183693
v 43.2877464 75.8719025 31.2500000
vn -5.6270189 2.7247624 -0.6225107
v 42.9831085 76.6707840 37.5000000
vn -5.6083364 2.7621298 -0.6263762
v 42.6784706 77.4696655 43.7500000
vn -5.5905056 2.7972260 -0.6299958
v 42.3738365 78.2685471 50.0000000
vn -5.5734768 2.8302381 -0.6333879
v 42.0691986 79.0674286 56.2500000
vn -5.7762542 2.3984356 -0.5982241
v 44.0153351 71.5221558 6.2500000
vn -2.9203277 1.1250565 -3.4139166
v 43.9098015 69.6477737 0.0000000
vn -5.8143778 2.3038485 -0.6005347
v 43.5486984 70.3722839 6.2500000
vn -5.8542423 2.2002079 -0.6018379
v 43.1064987 69.2268906 6.2500000
vn -5.7937899 2.3533583 -0.6072943
v 43.1881027 71.0975113 12.5000000
vn -5.8339415 2.2515130 -0.6089128
v 42.7195969 69.9148407 12.5000000
vn -5.7737865 2.4008226 -0.6119592
v 42.8275032 71.8227310 18.7500000
vn -5.8153000 2.2980833 -0.6131854
v 42.3326950 70.6027908 18.7500000
vn -5.7641382 2.4234478 -0.6137308
v 42.6472054 72.1853409 21.8750000
vn -5.8063078 2.3202815 -0.6147870
v 42.1392441 70.9467697 21.8750000
vn -5.7547159 2.4453018 -0.6154156
v 42.4669075 72.5479584 25.0000000
vn -5.7975278 2.3417253 -0.6163079
v 41.9457932 71.2907410 25.0000000
vn -5.7365632 2.4865780 -0.6194561
v 42.1063080 73.2731781 31.2500000
vn -5.7806034 2.3822231 -0.6200033
v 41.5588913 71.9786911 31.2500000
vn -5.7192492 2.5252757 -0.6229495
v 41.7457123 73.9983978 37.5000000
vn -5.7644539 2.4202104 -0.6231894
v 41.1719894 72.6666412 37.5000000
vn -5.7027283 2.5615597 -0.6262089
v 41.3851128 74.7236252 43.7500000
vn -2.9542718 1.0322087 -3.4153273
v 43.1647491 67.6191177 0.0000000
vn -5.8912973 2.0983627 -0.6038377
v 42.6888847 68.0862045 6.2500000
vn -5.8732710 2.1463442 -0.6104892
v 42.2768326 68.7365646 12.5000000
vn -5.8560362 2.1918309 -0.6143737
v 41.8647804 69.3869247 18.7500000
vn -5.8477235 2.2135069 -0.6158106
v 41.6587563 69.7121124 21.8750000
vn -5.8396053 2.2344496 -0.6171703
v 41.4527283 70.0372925 25.0000000
vn -5.8239484 2.2740145 -0.6205282
v 41.0406799 70.6876526 31.2500000
vn -5.9287624 1.9895022 -0.6055472
v 42.2959251 66.9502335 6.2500000
vn -2.9865236 0.9344184 -3.4164433
v 42.4984856 65.6068420 0.0000000
vn -5.9641762 1.8800187 -0.6074443
v 41.9276466 65.8188400 6.2500000
vn -6.0046306 1.7457374 -0.6070948
v 41.5840797 64.6918640 6.2500000
vn -5.9489317 1.9257126 -0.6134605
v 41.4689445 66.3930969 12.5000000
vn -5.9912906 1.7882494 -0.6143888
v 41.1039505 65.2276154 12.5000000
vn -5.9345822 1.9684848 -0.6166004
v 41.0102386 66.9673462 18.7500000
vn -5.9786577 1.8290602 -0.6171176
v 40.6238213 65.7633743 18.7500000
vn -5.9276686 1.9888463 -0.6177174
v 40.7808876 67.2544785 21.8750000
vn -3.0166314 0.8319663 -3.4166751
v 41.9113235 63.6122704 0.0000000
vn -6.0541706 1.5635370 -0.6079689
v 41.0535126 62.7730331 6.2500000
vn -6.0424891 1.6042225 -0.6168326
v 40.5397987 63.2422409 12.5000000
vn -3.0441790 0.7246178 -3.4166605
v 41.4030228 61.6348724 0.0000000
vn -6.1043811 1.3528069 -0.6107410
v 40.5955238 60.8659554 6.2500000
vn -3.0687299 0.6122809 -3.4166093
v 40.9734154 59.6723366 0.0000000
vn -6.2122955 0.7014328 -0.6211680
v 39.6583138 55.2076683 6.2500000
vn -3.1189911 0.2514770 -3.4171910
v 40.1550560 53.8508682 0.0000000
vn -6.2270598 0.5564026 -0.6236129
v 39.5658951 54.2724495 6.2500000
vn -6.2366734 0.4338175 -0.6247915
v 39.4916611 53.3387184 6.2500000
vn -6.2256241 0.5715648 -0.6240515
v 38.9540482 54.4332657 12.5000000
vn -6.2356811 0.4482080 -0.6244020
v 38.8747520 53.4645538 12.5000000
vn -6.2241697 0.5866933 -0.6243631
v 38.3422050 54.5940857 18.7500000
vn -6.2347755 0.4601291 -0.6246086
v 38.2578468 53.5903854 18.7500000
vn -6.2234707 0.5939011 -0.6244357
v 38.0362816 54.6744919 21.8750000
vn -6.2343426 0.4657914 -0.6246446
v 37.9493904 53.6533012 21.8750000
vn -6.2227902 0.6008489 -0.6244843
v 37.7303581 54.7549019 25.0000000
vn -6.2339225 0.4712644 -0.6246620
v 37.6409378 53.7162209 25.0000000
vn -6.2214627 0.6140339 -0.6247464
v 37.1185150 54.9157219 31.2500000
vn -6.2330976 0.4816483 -0.6248318
v 37.0240326 53.8420525 31.2500000
vn -6.2201958 0.6264023 -0.6249462
v 36.5066719 55.0765381 37.5000000
vn -6.2323103 0.4913884 -0.6249567
v 36.4071236 53.9678879 37.5000000
vn -6.2189841 0.6380075 -0.6251296
v 35.8948250 55.2373581 43.7500000
vn -6.2315593 0.5005086 -0.6250669
v 35.7902145 54.0937195 43.7500000
vn -6.2178268 0.6489086 -0.6252980
v 35.2829819 55.3981743 50.0000000
vn -6.2308388 0.5091029 -0.6251729
v 35.1733093 54.2195549 50.0000000
vn -6.2167158 0.6591867 -0.6254587
v 34.6711388 55.5589943 56.2500000
vn -6.2301502 0.5171880 -0.6252706
v 34.5564003 54.3453865 56.2500000
vn -6.2156539 0.6688754 -0.6256061
v 34.0592918 55.7198105 62.5000000
vn -6.2294912 0.5248181 -0.6253622
v 33.9394951 54.4712219 62.5000000
vn -6.2146354 0.6780407 -0.6257458
v 33.4474487 55.8806305 68.7500000
vn -6.2288589 0.5320296 -0.6254487
v 33.3225861 54.5970535 68.7500000
vn -6.2136588 0.6867164 -0.6258759
v 32.8356018 56.0414467 75.0000000
vn -6.2282543 0.5388553 -0.6255279
v 32.7056770 54.7228889 75.0000000
vn -6.2127228 0.6949323 -0.6259971
v 32.2237587 56.2022667 81.2500000
vn -6.2276721 0.5453294 -0.6256026
v 32.0887718 54.8487206 81.2500000
vn -6.2118235 0.7027310 -0.6261120
v 31.6119137 56.3630829 87.5000000
vn -6.2271147 0.5514732 -0.6256743
v 31.4718647 54.9745560 87.5000000
vn -6.2107797 0.7103077 -0.6279772
v 31.0000706 56.5239029 93.7500000
vn -6.2263670 0.5574437 -0.6279015
v 30.8549557 55.1003876 93.7500000
vn -3.1050577 0.3362491 -0.3113496
v 30.3392105 56.2500000 100.0000000
vn -3.1129231 0.2533147 -0.3110075
v 30.1910019 54.6875000 100.0000000
vn -6.2382569 0.4032489 -0.6278341
v 30.7452374 53.6769562 93.7500000
vn -3.1186123 0.1694286 -0.3107935
v 30.0849552 53.1250000 100.0000000
vn -6.2463646 0.2480169 -0.6277154
v 30.6709709 52.2535744 93.7500000
vn -3.1220536 0.0848842 -0.3106733
v 30.0212479 51.5625000 100.0000000
vn -6.2506270 0.0920470 -0.6275126
v 30.6322193 50.8302307 93.7500000
vn -3.1232071 -0.0000026 -0.3106354
v 30.0000000 50.0000000 100.0000000
vn -6.2509356 -0.0665174 -0.6273744
v 30.6290379 49.4068985 93.7500000
vn -3.1220586 -0.0848380 -0.3106463
v 30.0212479 48.4375000 100.0000000
vn -6.2470393 -0.2299036 -0.6272860
v 30.6644802 47.9005928 93.7500000
vn -3.1186326 -0.1693781 -0.3106293
v 30.0849552 46.8750000 100.0000000
vn -6.2387657 -0.3952638 -0.6272255
v 30.7398987 46.3942490 93.7500000
vn -3.1129556 -0.2532843 -0.3107373
v 30.1910019 45.3125000 100.0000000
vn -6.2261543 -0.5597554 -0.6273721
v 30.8553658 44.8878479 93.7500000
vn -3.1050928 -0.3362397 -0.3110442
v 30.3392105 43.7500000 100.0000000
vn -6.2093949 -0.7221307 -0.6277441
v 31.0108128 43.3813438 93.7500000
vn -3.0951452 -0.4179302 -0.3115329
v 30.5293312 42.1875000 100.0000000
vn -6.1887522 -0.8814465 -0.6282847
v 31.2058506 41.8747177 93.7500000
vn -3.0832396 -0.4981257 -0.3121333
v 30.7610722 40.6250000 100.0000000
vn -6.1644750 -1.0374278 -0.6289362
v 31.4400845 40.3679543 93.7500000
vn -3.0695105 -0.5766266 -0.3127936
v 31.0340881 39.0625000 100.0000000
vn -6.1368217 -1.1898549 -0.6296606
v 31.7131157 38.8610382 93.7500000
vn -3.0541034 -0.6532682 -0.3134809
v 31.3480034 37.5000000 100.0000000
vn -6.1060524 -1.3385515 -0.6304347
v 32.0245514 37.3539581 93.7500000
vn -3.0371675 -0.7279105 -0.3141783
v 31.7024040 35.9375000 100.0000000
vn -6.0724325 -1.4833598 -0.6312518
v 32.3739967 35.8467064 93.7500000
vn -3.0188501 -0.8004525 -0.3148812
v 32.0968513 34.3750000 100.0000000
vn -6.0362301 -1.6241472 -0.6321111
v 32.7610588 34.3392677 93.7500000
vn -2.9993033 -0.8708130 -0.3155917
v 32.5308914 32.8125000 100.0000000
vn -5.9977069 -1.7608285 -0.6330224
v 33.1853371 32.8316269 93.7500000
vn -2.9786696 -0.9389406 -0.3163206
v 33.0040474 31.2500000 100.0000000
vn -5.9571161 -1.8933444 -0.6339998
v 33.6464424 31.3237743 93.7500000
vn -2.9570889 -1.0048079 -0.3170827
v 33.5158386 29.6875000 100.0000000
vn -5.9147077 -2.0216553 -0.6350582
v 34.1439743 29.8156967 93.7500000
vn -2.9346910 -1.0684085 -0.3178948
v 34.0657768 28.1250000 100.0000000
vn -5.8601174 -2.1725130 -0.6395626
v 34.6775436 28.3073826 93.7500000
vn -2.9114017 -1.1298330 -0.3202657
v 34.6533737 26.5625000 100.0000000
vn -5.7780809 -2.3807259 -0.6407365
v 35.8510780 25.2899971 93.7500000
vn -2.8809948 -1.2024329 -0.3198912
v 35.2781448 25.0000000 100.0000000
vn -2.8373914 -1.2992024 -0.3210276
v 36.6373100 21.8750000 100.0000000
vn -5.6850114 -2.5956419 -0.6392881
v 37.1623154 22.2715874 93.7500000
vn -2.7877932 -1.4026963 -0.3226338
v 38.1396179 18.7500000 100.0000000
vn -5.5880332 -2.7980459 -0.6413406
v 38.6084175 19.2521915 93.7500000
vn -2.7374740 -1.4986603 -0.3243614
v 39.7816811 15.6250000 100.0000000
vn -5.4892201 -2.9868653 -0.6439385
v 40.1872940 16.2318478 93.7500000
vn -2.6877661 -1.5864946 -0.3246540
v 41.5605011 12.5000000 100.0000000
vn -5.3901415 -3.1613805 -0.6487907
v 41.8968468 13.2105942 93.7500000
vn -5.2895012 -3.3260326 -0.6549008
v 43.7349854 10.1884680 93.7500000
vn -5.3048534 -3.3016222 -0.6545833
v 43.9291992 11.1158915 87.5000000
vn -5.2068448 -3.4535372 -0.6583204
v 45.8324242 8.1569834 87.5000000
vn -5.2244401 -3.4275918 -0.6545703
v 45.9652252 9.1484604 81.2500000
vn -5.1274977 -3.5708895 -0.6553825
v 47.9247169 6.2512155 81.2500000
vn -5.1462746 -3.5433855 -0.6574702
v 47.9927483 7.3059487 75.0000000
vn -5.1674795 -3.5145237 -0.6460778
v 48.0607796 8.3606825 68.7500000
vn -5.1880398 -3.4837203 -0.6481247
v 48.1288071 9.4154158 62.5000000
vn -5.2112293 -3.4512830 -0.6356286
v 48.1968384 10.4701490 56.2500000
vn -5.2820797 -3.3405724 -0.6419672
v 46.3636322 12.1228905 62.5000000
vn -5.3030853 -3.3080542 -0.6372468
v 46.4964333 13.1143675 56.2500000
vn -5.3747458 -3.1895905 -0.6400985
v 44.7060509 14.8255854 62.5000000
vn -5.3942461 -3.1573648 -0.6359148
v 44.9002609 15.7530088 56.2500000
vn -5.4676604 -3.0277984 -0.6382288
v 43.1576385 17.5232716 62.5000000
vn -5.4855599 -2.9960508 -0.6345618
v 43.4097977 18.3858070 56.2500000
vn -5.5601830 -2.8545744 -0.6363936
v 41.7199860 20.2157230 62.5000000
vn -5.5763984 -2.8235114 -0.6332183
v 42.0265236 21.0124989 56.2500000
vn -5.6515493 -2.6693423 -0.6346335
v 40.3946609 22.9027119 62.5000000
vn -5.6660209 -2.6391706 -0.6319271
v 40.7519073 23.6328163 56.2500000
vn -5.7408743 -2.4715693 -0.6330056
v 39.1832466 25.5840130 62.5000000
vn -5.7535639 -2.4425154 -0.6307373
v 39.5874329 26.2464962 56.2500000
vn -5.8272977 -2.2603960 -0.6315378
v 38.0873260 28.2593956 62.5000000
vn -5.8381786 -2.2327244 -0.6296777
v 38.5345726 28.8532734 56.2500000
vn -5.9004622 -2.0631840 -0.6310186
v 37.1089287 30.9286346 62.5000000
vn -5.9097271 -2.0370116 -0.6294966
v 37.5952072 31.4528847 56.2500000
vn -5.9503293 -1.9161049 -0.6298463
v 36.6648331 32.2609787 62.5000000
vn -5.9584022 -1.8913045 -0.6285552
v 37.1690063 32.7500381 56.2500000
vn -5.9886632 -1.7928704 -0.6292034
v 36.2511711 33.5919037 62.5000000
vn -5.9958019 -1.7692752 -0.6280832
v 36.7721176 34.0455322 56.2500000
vn -6.0252662 -1.6658881 -0.6285976
v 35.8682022 34.9214821 62.5000000
vn -6.0314951 -1.6435964 -0.6276391
v 36.4047737 35.3394547 56.2500000
vn -6.0599189 -1.5352181 -0.6280337
v 35.5161781 36.2497864 62.5000000
vn -6.0652642 -1.5143363 -0.6272255
v 36.0671997 36.6318932 56.2500000
vn -6.0924010 -1.4009298 -0.6275138
v 35.1953545 37.5768929 62.5000000
vn -6.0968981 -1.3815751 -0.6268452
v 35.7596245 37.9229317 56.2500000
vn -6.1224866 -1.2631278 -0.6270416
v 34.9059868 38.9028740 62.5000000
vn -6.1261797 -1.2454153 -0.6265013
v 35.4822731 39.2126579 56.2500000
vn -6.1499529 -1.1219273 -0.6266186
v 34.6483307 40.2278061 62.5000000
vn -6.1528955 -1.1059786 -0.6261942
v 35.2353745 40.5011597 56.2500000
vn -6.1745787 -0.9774950 -0.6262434
v 34.4226456 41.5517616 62.5000000
vn -6.1768341 -0.9634238 -0.6259230
v 35.0191574 41.7885246 56.2500000
vn -6.1961441 -0.8300080 -0.6259165
v 34.2291832 42.8748131 62.5000000
vn -6.1977859 -0.8179356 -0.6256864
v 34.8338509 43.0748329 56.2500000
vn -6.2144442 -0.6796775 -0.6256360
v 34.0682030 44.1970406 62.5000000
vn -6.2155542 -0.6697216 -0.6254804
v 34.6796799 44.3601761 56.2500000
vn -6.2292795 -0.5267543 -0.6253959
v 33.9399567 45.5185089 62.5000000
vn -6.2299519 -0.5190201 -0.6253027
v 34.5568733 45.6446419 56.2500000
vn -6.2404456 -0.3720139 -0.6251998
v 33.8446884 46.8393974 62.5000000
vn -6.2407851 -0.3665715 -0.6251553
v 34.4656448 46.9284286 56.2500000
vn -6.2477851 -0.2164507 -0.6250620
v 33.7824326 48.1599121 62.5000000
vn -6.2479081 -0.2133207 -0.6250457
v 34.4060249 48.2117767 56.2500000
vn -6.2512488 -0.0627699 -0.6249961
v 33.7531509 49.4802055 62.5000000
vn -6.2512722 -0.0619041 -0.6249920
v 34.3779716 49.4948654 56.2500000
vn -6.2509909 0.0865510 -0.6249948
v 33.7557335 50.7277184 62.5000000
vn -6.2510214 0.0852465 -0.6249906
v 34.3804359 50.7072182 56.2500000
vn -6.2472277 0.2333756 -0.6250527
v 33.7876778 51.9753075 62.5000000
vn -6.2473698 0.2299434 -0.6250342
v 34.4110184 51.9196510 56.2500000
vn -6.2400427 0.3795608 -0.6251767
v 33.8489418 53.2230949 62.5000000
vn -6.2403941 0.3740114 -0.6251273
v 34.4696846 53.1323242 56.2500000
vn -3.1265399 0.1261830 -3.4174271
v 40.0385246 51.9247360 0.0000000
vn -6.2436976 0.3159526 -0.6253268
v 39.4356117 52.4061508 6.2500000
vn -6.2433443 0.3238941 -0.6246662
v 38.8148689 52.4969215 12.5000000
vn -6.2428608 0.3325619 -0.6247885
v 38.1941299 52.5876961 18.7500000
vn -6.2426305 0.3366641 -0.6248001
v 37.8837585 52.6330795 21.8750000
vn -6.2424068 0.3406485 -0.6248000
v 37.5733871 52.6784668 25.0000000
vn -6.2419648 0.3482003 -0.6248958
v 36.9526482 52.7692375 31.2500000
vn -6.2415452 0.3552649 -0.6249605
v 36.3319054 52.8600082 37.5000000
vn -6.2411456 0.3618964 -0.6250197
v 35.7111664 52.9507828 43.7500000
vn -6.2407603 0.3681389 -0.6250761
v 35.0904236 53.0415535 50.0000000
vn -3.1290584 -0.0002104 -3.4177151
v 39.9998360 50.0019417 0.0000000
vn -6.2511864 0.0725271 -0.6261095
v 39.3780594 50.5431976 6.2500000
vn -6.2487121 0.1916324 -0.6256781
v 39.3977432 51.4744225 6.2500000
vn -3.1265001 -0.1265739 -3.4177058
v 40.0388184 48.0801773 0.0000000
vn -6.2490268 -0.1785529 -0.6260939
v 39.3947525 48.6266861 6.2500000
vn -6.2513742 -0.0538419 -0.6259567
v 39.3765488 49.6121597 6.2500000
vn -6.2512794 0.0734165 -0.6249505
v 38.7533569 50.5637016 12.5000000
vn -6.2485571 0.1988677 -0.6248487
v 38.7744026 51.5300751 12.5000000
vn -6.2483616 0.2042400 -0.6249071
v 38.1510620 51.5857277 18.7500000
vn -3.1189361 -0.2518696 -3.4174709
v 40.1554718 46.1558723 0.0000000
vn -6.2364702 -0.4347491 -0.6258725
v 39.4922180 46.6537056 6.2500000
vn -6.2439084 -0.3097115 -0.6260353
v 39.4333076 47.6406631 6.2500000
vn -6.2489462 -0.1850354 -0.6248813
v 38.7711601 48.5748215 12.5000000
vn -6.2514610 -0.0540262 -0.6249627
v 38.7517281 49.5974960 12.5000000
vn -6.2514291 -0.0553938 -0.6249710
v 38.1269073 49.5828362 18.7500000
vn -6.2512369 0.0754570 -0.6249729
v 38.1286545 50.5842018 18.7500000
vn -6.2512159 0.0764348 -0.6249772
v 37.8162994 50.5944557 21.8750000
vn -6.2482691 0.2067981 -0.6249118
v 37.8393936 51.6135559 21.8750000
vn -6.2481799 0.2092623 -0.6248997
v 37.5277214 51.6413841 25.0000000
vn -3.1065536 -0.3750019 -3.4174163
v 40.3502846 44.2231216 0.0000000
vn -6.2138338 -0.6870338 -0.6250597
v 39.6711845 44.6749878 6.2500000
vn -6.2261100 -0.5644508 -0.6255521
v 39.5715027 45.6652870 6.2500000
vn -6.2355900 -0.4491093 -0.6244161
v 38.8753014 46.5275726 12.5000000
vn -6.2436428 -0.3174452 -0.6247045
v 38.8123512 47.5516357 12.5000000
vn -6.2431798 -0.3259256 -0.6247618
v 38.1913948 47.4626045 18.7500000
vn -6.2487788 -0.1899253 -0.6249000
v 38.1475716 48.5229568 18.7500000
vn -6.2486944 -0.1922450 -0.6249424
v 37.8357735 48.4970245 21.8750000
vn -6.2514129 -0.0560440 -0.6249873
v 37.8144951 49.5755043 21.8750000
vn -6.2513986 -0.0566695 -0.6249857
v 37.5020828 49.5681725 25.0000000
vn -6.2511978 0.0773710 -0.6249638
v 37.5039482 50.6047058 25.0000000
vn -6.2511597 0.0791486 -0.6249704
v 36.8792458 50.6252060 31.2500000
vn -6.2480011 0.2139431 -0.6249411
v 36.9043808 51.6970367 31.2500000
vn -6.2478333 0.2183198 -0.6249662
v 36.2810402 51.7526894 37.5000000
vn -6.1985774 -0.8139632 -0.6242300
v 39.7912598 43.6826172 6.2500000
vn -3.0897002 -0.4951668 -3.4173694
v 40.6233597 42.2804527 0.0000000
vn -6.1817884 -0.9335435 -0.6234083
v 39.9317207 42.6879921 6.2500000
vn -6.1620560 -1.0566785 -0.6223211
v 40.0925674 41.6909256 6.2500000
vn -6.1775804 -0.9617755 -0.6221766
v 39.3446770 42.4146385 12.5000000
vn -6.1571813 -1.0852365 -0.6213940
v 39.5162811 41.3811417 12.5000000
vn -6.1735716 -0.9866947 -0.6227934
v 38.7576332 42.1412849 18.7500000
vn -6.1521387 -1.1129357 -0.6221891
v 38.9399910 41.0713577 18.7500000
vn -6.1716132 -0.9985349 -0.6232460
v 38.4641113 42.0046082 21.8750000
vn -6.1496811 -1.1260904 -0.6227471
v 38.6518478 40.9164658 21.8750000
vn -6.1697025 -1.0099746 -0.6236704
v 38.1705894 41.8679314 25.0000000
vn -6.1472812 -1.1387976 -0.6232734
v 38.3637047 40.7615738 25.0000000
vn -6.1660447 -1.0316858 -0.6241640
v 37.5835495 41.5945740 31.2500000
vn -6.1426854 -1.1629108 -0.6239189
v 37.7874184 40.4517899 31.2500000
vn -6.1625352 -1.0520297 -0.6247290
v 36.9965057 41.3212204 37.5000000
vn -6.1382809 -1.1855009 -0.6246375
v 37.2111320 40.1420097 37.5000000
vn -6.1591797 -1.0711204 -0.6252537
v 36.4094620 41.0478668 43.7500000
vn -6.1340671 -1.2067047 -0.6253030
v 36.6348457 39.8322258 43.7500000
vn -6.1559687 -1.0890763 -0.6257401
v 35.8224182 40.7745132 50.0000000
vn -6.1300364 -1.2266408 -0.6259229
v 36.0585594 39.5224419 50.0000000
vn -3.0687957 -0.6116671 -3.4171941
v 40.9747734 40.3267441 0.0000000
vn -6.1411686 -1.1726298 -0.6212029
v 40.2737923 40.6912308 6.2500000
vn -6.1346712 -1.2064892 -0.6205352
v 39.7095184 40.3451920 12.5000000
vn -6.1285233 -1.2367737 -0.6215295
v 39.1452484 39.9991570 18.7500000
vn -6.1255283 -1.2511585 -0.6222014
v 38.8631134 39.8261375 21.8750000
vn -6.1226029 -1.2650474 -0.6228399
v 38.5809784 39.6531181 25.0000000
vn -6.1170039 -1.2914038 -0.6236545
v 38.0167084 39.3070831 31.2500000
vn -6.1116347 -1.3161060 -0.6245407
v 37.4524345 38.9610443 37.5000000
vn -6.1065025 -1.3392749 -0.6253636
v 36.8881645 38.6150055 43.7500000
vn -6.1015935 -1.3610630 -0.6261292
v 36.3238945 38.2689705 50.0000000
vn -6.1174583 -1.2912875 -0.6199501
v 40.4753876 39.6887283 6.2500000
vn -3.0443110 -0.7239621 -3.4168735
v 41.4045868 38.3608589 0.0000000
vn -6.0929465 -1.4030522 -0.6185697
v 40.6973572 38.6832275 6.2500000
vn -6.0658040 -1.5167149 -0.6171878
v 40.9396896 37.6745415 6.2500000
vn -6.0838928 -1.4417732 -0.6186150
v 40.1607819 38.2652550 12.5000000
vn -6.0559168 -1.5555664 -0.6175581
v 40.4187431 37.2209167 12.5000000
vn -6.0753527 -1.4766903 -0.6200616
v 39.6242104 37.8472824 18.7500000
vn -6.0461130 -1.5925393 -0.6192585
v 39.8977966 36.7672882 18.7500000
vn -6.0712008 -1.4932579 -0.6209884
v 39.3559227 37.6382980 21.8750000
vn -6.0413456 -1.6101027 -0.6203200
v 39.6373215 36.5404778 21.8750000
vn -6.0671425 -1.5092783 -0.6218688
v 39.0876389 37.4293098 25.0000000
vn -6.0366921 -1.6270555 -0.6213364
v 39.3768501 36.3136635 25.0000000
vn -6.0593648 -1.5396786 -0.6230682
v 38.5510674 37.0113411 31.2500000
vn -6.0277719 -1.6592355 -0.6227496
v 38.8559036 35.8600388 31.2500000
vn -6.0519199 -1.5681436 -0.6243379
v 38.0144920 36.5933685 37.5000000
vn -6.0192251 -1.6893959 -0.6242282
v 38.3349571 35.4064102 37.5000000
vn -6.0448027 -1.5948590 -0.6255143
v 37.4779205 36.1753960 43.7500000
vn -6.0110645 -1.7176685 -0.6256043
v 37.8140106 34.9527855 43.7500000
vn -6.0380025 -1.6199558 -0.6266143
v 36.9413490 35.7574272 50.0000000
vn -6.0032663 -1.7442404 -0.6268869
v 37.2930641 34.4991570 50.0000000
vn -3.0167332 -0.8316454 -3.4164398
v 41.9128685 36.3816719 0.0000000
vn -6.0381932 -1.6237974 -0.6155915
v 41.2023811 36.6624908 6.2500000
vn -6.0264153 -1.6666569 -0.6164391
v 40.6982079 36.1734352 12.5000000
vn -6.0153160 -1.7055349 -0.6184037
v 40.1940346 35.6843796 18.7500000
vn -6.0099225 -1.7239943 -0.6196125
v 39.9419518 35.4398499 21.8750000
vn -6.0046577 -1.7418138 -0.6207717
v 39.6898651 35.1953201 25.0000000
vn -5.9945593 -1.7756543 -0.6224086
v 39.1856918 34.7062645 31.2500000
vn -5.9848928 -1.8073447 -0.6241128
v 38.6815224 34.2172089 37.5000000
vn -5.9756622 -1.8370663 -0.6256984
v 38.1773491 33.7281494 43.7500000
vn -5.9668379 -1.8650081 -0.6271738
v 37.6731758 33.2390938 50.0000000
vn -6.0013127 -1.7555392 -0.6121467
v 41.4854279 35.6468887 6.2500000
vn -2.9866195 -0.9343974 -3.4154859
v 42.4996872 34.3880577 0.0000000
vn -5.9458485 -1.9352821 -0.6083731
v 42.1125679 33.6043091 6.2500000
vn -2.9543517 -1.0320847 -3.4149983
v 43.1651115 32.3788834 0.0000000
vn -5.8793173 -2.1299977 -0.6051494
v 42.8209229 31.5463753 6.2500000
vn -2.9204519 -1.1246295 -3.4144301
v 43.9092064 30.3530197 0.0000000
vn -5.8096547 -2.3143358 -0.6017246
v 43.6098938 29.4736481 6.2500000
vn -2.8852706 -1.2122753 -3.4135861
v 44.7319717 28.3096466 0.0000000
vn -5.7375998 -2.4886448 -0.5980719
v 44.4788284 27.3866978 6.2500000
vn -2.8491006 -1.2952400 -3.4126272
v 45.6326637 26.2504597 0.0000000
vn -5.6637917 -2.6533382 -0.5941971
v 45.4270706 25.2860909 6.2500000
vn -2.8122630 -1.3736451 -3.4115095
v 46.6105194 24.1766224 0.0000000
vn -5.5887823 -2.8088722 -0.5900798
v 46.4539642 23.1723976 6.2500000
vn -2.7750010 -1.4477184 -3.4101939
v 47.6648331 22.0889835 0.0000000
vn -5.5130415 -2.9557331 -0.5857099
v 47.5588531 21.0461826 6.2500000
vn -2.7375033 -1.5177237 -3.4086773
v 48.7948952 19.9883919 0.0000000
vn -5.4353571 -3.0978849 -0.5770597
v 48.7410851 18.9080181 6.2500000
vn -5.3708811 -3.2053161 -0.5935991
v 48.6050224 16.7985497 18.7500000
vn -5.4011254 -3.1536093 -0.5962064
v 48.6730537 17.8532829 12.5000000
vn -5.4819779 -3.0113282 -0.5939000
v 47.4260521 20.0547066 12.5000000
vn -5.5600433 -2.8637857 -0.5974250
v 46.2597504 22.2449741 12.5000000
vn -5.6374979 -2.7072670 -0.6007583
v 45.1749115 24.4235554 12.5000000
vn -5.7138443 -2.5412812 -0.6038998
v 44.1722908 26.5899239 12.5000000
vn -5.7885065 -2.3653541 -0.6068606
v 43.2526474 28.7435455 12.5000000
vn -5.8608170 -2.1790414 -0.6096646
v 42.4167366 30.8838902 12.5000000
vn -5.9300132 -1.9819365 -0.6123365
v 41.6653175 33.0104294 12.5000000
vn -5.9878054 -1.7999362 -0.6152372
v 40.9991493 35.1226387 12.5000000
vn -5.3121543 -3.2986495 -0.6103644
v 48.4689598 14.6890831 31.2500000
vn -5.3396778 -3.2536116 -0.6119726
v 48.5369911 15.7438164 25.0000000
vn -5.3471150 -3.2415965 -0.6088517
v 48.5710068 16.2711830 21.8750000
vn -5.4241252 -3.1111979 -0.6098214
v 47.1604462 18.0717525 25.0000000
vn -5.4382420 -3.0873790 -0.6051447
v 47.2268486 18.5674896 21.8750000
vn -5.5064797 -2.9625108 -0.6116411
v 45.8713264 20.3901272 25.0000000
vn -5.5195532 -2.9389601 -0.6074307
v 45.9684334 20.8538380 21.8750000
vn -5.5884595 -2.8043008 -0.6133244
v 44.6705933 22.6984844 25.0000000
vn -5.6004300 -2.7811511 -0.6095687
v 44.7966728 23.1297531 21.8750000
vn -5.6695251 -2.6360438 -0.6148802
v 43.5592155 24.9963741 25.0000000
vn -5.6803474 -2.6134334 -0.6115644
v 43.7124825 25.3947601 21.8750000
vn -5.7490468 -2.4572377 -0.6163326
v 42.5381508 27.2833366 25.0000000
vn -5.7586851 -2.4353120 -0.6134368
v 42.7167740 27.6483879 21.8750000
vn -5.8262935 -2.2674155 -0.6177137
v 41.6083641 29.5589218 25.0000000
vn -5.8347301 -2.2463245 -0.6152169
v 41.8104553 29.8901634 21.8750000
vn -5.9004755 -2.0660388 -0.6190507
v 40.7708206 31.8226719 25.0000000
vn -5.9076958 -2.0459700 -0.6169309
v 40.9944458 32.1196098 21.8750000
vn -5.9627094 -1.8794253 -0.6208326
v 40.0265923 34.0741386 25.0000000
vn -5.9687562 -1.8606071 -0.6194956
v 40.2697334 34.3362617 21.8750000
vn -5.2592583 -3.3798680 -0.6238152
v 48.3329010 12.5796165 43.7500000
vn -5.2841492 -3.3404799 -0.6256403
v 48.4009323 13.6343498 37.5000000
vn -5.3723354 -3.1975813 -0.6211634
v 46.8948402 16.0887985 37.5000000
vn -5.3977327 -3.1557364 -0.6150552
v 47.0276451 17.0802746 31.2500000
vn -5.4584866 -3.0479686 -0.6216485
v 45.4828987 18.5352802 37.5000000
vn -5.4820261 -3.0065663 -0.6162255
v 45.6771126 19.4627037 31.2500000
vn -5.5444813 -2.8883595 -0.6220468
v 44.1662750 20.9734135 37.5000000
vn -5.5660563 -2.8476295 -0.6172851
v 44.4184341 21.8359489 31.2500000
vn -5.6297469 -2.7181888 -0.6223781
v 42.9461365 23.4028225 37.5000000
vn -5.6492662 -2.6783798 -0.6182494
v 43.2526741 24.1995983 31.2500000
vn -5.7136035 -2.5369291 -0.6226726
v 41.8236542 25.8231297 37.5000000
vn -5.7310004 -2.4983025 -0.6191441
v 42.1809006 26.5532322 31.2500000
vn -5.7952614 -2.3440990 -0.6229708
v 40.7999916 28.2339516 37.5000000
vn -5.8104987 -2.3069270 -0.6200060
v 41.2041779 28.8964367 31.2500000
vn -5.8739100 -2.1390250 -0.6232996
v 39.8763199 30.6349125 37.5000000
vn -5.8869581 -2.1036444 -0.6208606
v 40.3235703 31.2287922 31.2500000
vn -5.9401288 -1.9484159 -0.6242633
v 39.0540390 33.0256348 37.5000000
vn -5.9512205 -1.9149792 -0.6222565
v 39.5403175 33.5498848 31.2500000
vn -5.2338152 -3.4165685 -0.6375948
v 48.2648697 11.5248823 50.0000000
vn -5.3250852 -3.2735126 -0.6322261
v 46.6292381 14.1058445 50.0000000
vn -5.3481455 -3.2367589 -0.6268749
v 46.7620392 15.0973215 43.7500000
vn -5.4146619 -3.1231482 -0.6314629
v 45.0944748 16.6804314 50.0000000
vn -5.4360538 -3.0867517 -0.6267163
v 45.2886887 17.6078548 43.7500000
vn -5.5042930 -2.9623551 -0.6306579
v 43.6619568 19.2483425 50.0000000
vn -5.5239134 -2.9265261 -0.6264944
v 43.9141159 20.1108780 43.7500000
vn -5.5933657 -2.7905445 -0.6298388
v 42.3330612 21.8092728 50.0000000
vn -5.6111307 -2.7555046 -0.6262323
v 42.6395988 22.6060486 43.7500000
vn -5.6811595 -2.6071608 -0.6290436
v 41.1091576 24.3629208 50.0000000
vn -5.6970048 -2.5731440 -0.6259653
v 41.4664040 25.0930252 43.7500000
vn -5.7668343 -2.4116971 -0.6283196
v 39.9916191 26.9089813 50.0000000
vn -5.7807217 -2.3789494 -0.6257369
v 40.3958054 27.5714664 43.7500000
vn -5.8495545 -2.2033775 -0.6276945
v 38.9818230 29.4471531 50.0000000
vn -5.8614535 -2.1722050 -0.6255715
v 39.4290733 30.0410328 43.7500000
vn -5.9194050 -2.0092711 -0.6278682
v 38.0814857 31.9771347 50.0000000
vn -5.9295311 -1.9797909 -0.6261280
v 38.5677605 32.5013847 43.7500000
vn -5.1080465 -3.5967219 -0.6658136
v 47.8566856 5.1964817 87.5000000
vn -5.1903176 -3.4779923 -0.6598446
v 45.6996193 7.1655064 93.7500000
vn -2.6366174 -1.6703151 -0.3256586
v 43.4735184 9.3750000 100.0000000
vn -5.0912061 -3.6210577 -0.6628423
v 47.7886543 4.1417484 93.7500000
vn -2.5343029 -1.8206961 -0.3343797
v 47.6944733 3.1250000 100.0000000
vn -2.5861440 -1.7472174 -0.3284224
v 45.5186729 6.2500000 100.0000000
vn -3.0951028 0.4179638 -0.3118748
v 30.5293312 57.8125000 100.0000000
vn -6.1857977 0.8959984 -0.6318767
v 31.1805172 57.9475136 93.7500000
vn -6.1872435 0.8892249 -0.6268466
v 31.7860737 57.7518120 87.5000000
vn -6.1886854 0.8794193 -0.6266608
v 32.3916321 57.5561066 81.2500000
vn -6.1901875 0.8690921 -0.6264647
v 32.9971886 57.3604050 75.0000000
vn -6.1917529 0.8581883 -0.6262537
v 33.6027451 57.1646996 68.7500000
vn -6.1933842 0.8466790 -0.6260315
v 34.2083015 56.9689980 62.5000000
vn -6.1950889 0.8344895 -0.6257910
v 34.8138580 56.7732925 56.2500000
vn -6.1968665 0.8215785 -0.6255350
v 35.4194145 56.5775909 50.0000000
vn -6.1987228 0.8078759 -0.6252619
v 36.0249710 56.3818855 43.7500000
vn -6.2006664 0.7932874 -0.6249647
v 36.6305275 56.1861839 37.5000000
vn -6.2026958 0.7777556 -0.6246470
v 37.2360840 55.9904823 31.2500000
vn -6.2048259 0.7611767 -0.6242418
v 37.8416405 55.7947769 25.0000000
vn -6.2059107 0.7523566 -0.6243275
v 38.1444206 55.6969261 21.8750000
vn -6.2070293 0.7433097 -0.6242000
v 38.4471970 55.5990753 18.7500000
vn -6.2093716 0.7243583 -0.6235236
v 39.0527573 55.4033699 12.5000000
vn -3.0829601 0.4984751 -0.3142216
v 30.7610722 59.3750000 100.0000000
vn -6.1418638 1.1537178 -0.6362700
v 31.6467419 60.7951317 93.7500000
vn -6.1448231 1.1420245 -0.6276474
v 32.2361031 60.5300560 87.5000000
vn -6.1471863 1.1295971 -0.6273359
v 32.8254623 60.2649765 81.2500000
vn -6.1496482 1.1165036 -0.6270039
v 33.4148254 59.9999008 75.0000000
vn -6.1522126 1.1026930 -0.6266521
v 34.0041847 59.7348213 68.7500000
vn -6.1548877 1.0880983 -0.6262752
v 34.5935478 59.4697418 62.5000000
vn -6.1576786 1.0726579 -0.6258733
v 35.1829071 59.2046661 56.2500000
vn -6.1605935 1.0562900 -0.6254440
v 35.7722664 58.9395866 50.0000000
vn -6.1636400 1.0389110 -0.6249831
v 36.3616295 58.6745110 43.7500000
vn -6.1668229 1.0204314 -0.6244886
v 36.9509888 58.4094315 37.5000000
vn -6.1701522 1.0007331 -0.6239540
v 37.5403519 58.1443558 31.2500000
vn -6.1736498 0.9797944 -0.6231095
v 38.1297112 57.8792763 25.0000000
vn -6.1754408 0.9686052 -0.6231444
v 38.4243927 57.7467384 21.8750000
vn -6.1772690 0.9570648 -0.6231003
v 38.7190742 57.6141968 18.7500000
vn -6.1811023 0.9330297 -0.6220714
v 39.3084335 57.3491211 12.5000000
vn -3.0693979 0.5765021 -0.3140086
v 31.0340881 60.9375000 100.0000000
vn -3.0540128 0.6528372 -0.3151838
v 31.3480034 62.5000000 100.0000000
vn -6.0825167 1.4338112 -0.6380389
v 32.2508888 63.6433830 93.7500000
vn -3.0368404 0.7287107 -0.3153721
v 31.7024040 64.0625000 100.0000000
vn -3.0189753 0.7992692 -0.3166030
v 32.0968513 65.6250000 100.0000000
vn -6.0136690 1.6993669 -0.6397673
v 32.9900932 66.4923172 93.7500000
vn -2.9986324 0.8724309 -0.3173562
v 32.5308914 67.1875000 100.0000000
vn -2.9790306 0.9370683 -0.3183463
v 33.0040474 68.7500000 100.0000000
vn -5.9371324 1.9498106 -0.6414391
v 33.8615036 69.3419800 93.7500000
vn -2.9559855 1.0071070 -0.3198717
v 33.5158386 70.3125000 100.0000000
vn -2.9353027 1.0659313 -0.3203816
v 34.0657768 71.8750000 100.0000000
vn -5.8637271 2.1620336 -0.6415958
v 34.8622742 72.1924286 93.7500000
vn -2.9117584 1.1297331 -0.3175007
v 34.6533737 73.4375000 100.0000000
vn -5.8048935 2.3160894 -0.6424429
v 35.5058022 73.8584213 93.7500000
vn -2.8818455 1.2014363 -0.3163271
v 35.2781448 75.0000000 100.0000000
vn -5.7526670 2.4434128 -0.6405550
v 36.1919556 75.5246964 93.7500000
vn -2.8380890 1.2991872 -0.3156229
v 36.6373100 78.1250000 100.0000000
vn -5.7017446 2.5595322 -0.6425930
v 36.9201660 77.1912842 93.7500000
vn -5.6470008 2.6776891 -0.6448001
v 37.6898727 78.8581924 93.7500000
vn -5.7109685 2.5393596 -0.6407076
v 37.3322182 76.5409241 87.5000000
vn -5.6585445 2.6537838 -0.6423539
v 38.0767746 78.1702423 87.5000000
vn -5.7214489 2.5161095 -0.6389781
v 37.7442703 75.8905640 81.2500000
vn -5.6698594 2.6299980 -0.6404356
v 38.4636765 77.4822922 81.2500000
vn -5.7323747 2.4915962 -0.6371456
v 38.1563225 75.2401962 75.0000000
vn -5.6816635 2.6049056 -0.6384011
v 38.8505783 76.7943420 75.0000000
vn -5.7437782 2.4657073 -0.6352026
v 38.5683708 74.5898361 68.7500000
vn -5.6939735 2.5784278 -0.6362498
v 39.2374802 76.1063919 68.7500000
vn -5.7556877 2.4383268 -0.6331367
v 38.9804230 73.9394684 62.5000000
vn -5.7068391 2.5504069 -0.6339586
v 39.6243820 75.4184418 62.5000000
vn -5.7681289 2.4093385 -0.6309383
v 39.3924751 73.2891083 56.2500000
vn -5.7202826 2.5207319 -0.6315227
v 40.0112839 74.7304916 56.2500000
vn -5.7811394 2.3785837 -0.6285933
v 39.8045235 72.6387405 50.0000000
vn -2.7884750 1.4027691 -0.3171268
v 38.1396179 81.2500000 100.0000000
vn -5.5945263 2.7851286 -0.6472964
v 38.5003357 80.5254059 93.7500000
vn -5.6057553 2.7632067 -0.6440215
v 38.8609314 79.8001785 87.5000000
vn -5.6178765 2.7389803 -0.6419069
v 39.2215309 79.0749588 81.2500000
vn -5.6305175 2.7134359 -0.6396726
v 39.5821266 78.3497391 75.0000000
vn -5.6437101 2.6864588 -0.6373022
v 39.9427261 77.6245117 68.7500000
vn -5.6574898 2.6579263 -0.6347831
v 40.3033218 76.8992920 62.5000000
vn -5.5396843 2.8923929 -0.6487225
v 39.3509331 82.1929169 93.7500000
vn -2.7381868 1.4987288 -0.3187197
v 39.7816811 84.3750000 100.0000000
vn -5.4856834 2.9929895 -0.6513937
v 40.2413750 83.8607254 93.7500000
vn -5.4307733 3.0912838 -0.6525928
v 41.1713676 85.5288086 93.7500000
vn -5.4987926 2.9696527 -0.6475724
v 40.5460129 83.0618439 87.5000000
vn -5.4447298 3.0672786 -0.6494694
v 41.4463730 84.6935272 87.5000000
vn -5.5124717 2.9447427 -0.6450547
v 40.8506508 82.2629623 81.2500000
vn -5.4591699 3.0420890 -0.6467379
v 41.7213783 83.8582458 81.2500000
vn -5.5267420 2.9184656 -0.6423911
v 41.1552849 81.4640732 75.0000000
vn -2.6875386 1.5877941 -0.3206534
v 41.5605011 87.5000000 100.0000000
vn -5.3755469 3.1857946 -0.6554120
v 42.1406136 87.1971741 93.7500000
vn -5.3904700 3.1612854 -0.6514311
v 42.3849068 86.3257599 87.5000000
vn -5.3211803 3.2755475 -0.6567566
v 43.1488266 88.8657990 93.7500000
vn -2.6362329 1.6712146 -0.3242745
v 43.4735184 90.6250000 100.0000000
vn -5.0487013 3.6799586 -0.6669863
v 48.7641373 97.2126923 93.7500000
vn -5.0874882 3.6279464 -0.6570685
v 48.8400383 95.0470581 81.2500000
vn -5.0678167 3.6538181 -0.6656393
v 48.8020859 96.1298752 87.5000000
vn -5.1285963 3.5713735 -0.6473578
v 48.9159355 92.8814240 68.7500000
vn -5.1071377 3.6002936 -0.6567206
v 48.8779869 93.9642410 75.0000000
vn -5.1735821 3.5078893 -0.6364592
v 48.9918365 90.7157898 56.2500000
vn -5.1501012 3.5404053 -0.6467364
v 48.9538879 91.7986069 62.5000000
vn -5.2229772 3.4361753 -0.6241391
v 49.0677376 88.5501556 43.7500000
vn -5.1971970 3.4729829 -0.6354848
v 49.0297852 89.6329727 50.0000000
vn -5.2773914 3.3545909 -0.6101159
v 49.1436348 86.3845215 31.2500000
vn -5.2489920 3.3965621 -0.6227201
v 49.1056862 87.4673386 37.5000000
vn -5.3219242 3.2857027 -0.5981010
v 49.2005615 84.7602921 21.8750000
vn -5.3060994 3.3094335 -0.6077441
v 49.1815872 85.3017044 25.0000000
vn -5.3693986 3.2087908 -0.5913056
v 49.2574844 83.1360703 12.5000000
vn -5.3534317 3.2348454 -0.5956126
v 49.2195358 84.2188873 18.7500000
vn -5.4527264 -3.0627117 -0.6002291
v 47.2932472 19.0632286 18.7500000
vn -5.5329671 -2.9145713 -0.6029991
v 46.0655365 21.3175507 18.7500000
vn -5.6127129 -2.7571774 -0.6056071
v 44.9227524 23.5610199 18.7500000
vn -5.6914501 -2.5900221 -0.6080565
v 43.8657532 25.7931480 18.7500000
vn -5.7685738 -2.4126117 -0.6103631
v 42.8953972 28.0134411 18.7500000
vn -5.8433843 -2.2244930 -0.6125550
v 42.0125504 30.2214050 18.7500000
vn -5.9151058 -2.0251946 -0.6146574
v 41.2180672 32.4165497 18.7500000
vn -5.9750547 -1.8409708 -0.6175644
v 40.5128708 34.5983887 18.7500000
vn -6.1101933 -1.3253788 -0.6196073
v 39.9243660 39.3066216 12.5000000
vn -6.1028762 -1.3580621 -0.6208184
v 39.3733406 38.9245186 18.7500000
vn -6.0993161 -1.3735788 -0.6216145
v 39.0978317 38.7334671 21.8750000
vn -6.0958366 -1.3885732 -0.6223716
v 38.8223190 38.5424156 25.0000000
vn -6.0891700 -1.4170313 -0.6233702
v 38.2712936 38.1603088 31.2500000
vn -6.0827837 -1.4436899 -0.6244409
v 37.7202721 37.7782059 37.5000000
vn -6.0766802 -1.4686987 -0.6254342
v 37.1692467 37.3960991 43.7500000
vn -6.0708451 -1.4922074 -0.6263602
v 36.6182251 37.0139961 50.0000000
vn -6.1957426 -0.8362288 -0.6228805
v 39.1947441 43.4458542 12.5000000
vn -6.1926742 -0.8582178 -0.6233351
v 38.5982323 43.2090950 18.7500000
vn -6.1911745 -0.8686527 -0.6236941
v 38.2999763 43.0907135 21.8750000
vn -6.1897101 -0.8787430 -0.6240266
v 38.0017204 42.9723320 25.0000000
vn -6.1869078 -0.8979004 -0.6243862
v 37.4052086 42.7355690 31.2500000
vn -6.1842189 -0.9158466 -0.6248143
v 36.8086967 42.4988098 37.5000000
vn -6.1816483 -0.9326854 -0.6252112
v 36.2121849 42.2620468 43.7500000
vn -6.1791887 -0.9485097 -0.6255803
v 35.6156693 42.0252838 50.0000000
vn -6.2115417 -0.7087952 -0.6234949
v 39.0665169 44.4749680 12.5000000
vn -6.2093101 -0.7276613 -0.6238120
v 38.4618492 44.2749481 18.7500000
vn -6.2082171 -0.7366261 -0.6240842
v 38.1595192 44.1749382 21.8750000
vn -6.2071500 -0.7452856 -0.6243351
v 37.8571854 44.0749283 25.0000000
vn -6.2051148 -0.7617131 -0.6245804
v 37.2525177 43.8749123 31.2500000
vn -6.2031593 -0.7771093 -0.6248884
v 36.6478500 43.6748924 37.5000000
vn -6.2012892 -0.7915576 -0.6251738
v 36.0431824 43.4748726 43.7500000
vn -6.1994991 -0.8051408 -0.6254391
v 35.4385185 43.2748528 50.0000000
vn -6.2248583 -0.5796788 -0.6240100
v 38.9600258 45.5021477 12.5000000
vn -6.2233505 -0.5952451 -0.6242151
v 38.3485489 45.3390083 18.7500000
vn -6.2226090 -0.6026397 -0.6244128
v 38.0428085 45.2574425 21.8750000
vn -6.2218871 -0.6097838 -0.6245891
v 37.7370682 45.1758728 25.0000000
vn -6.2205133 -0.6233326 -0.6247393
v 37.1255913 45.0127335 31.2500000
vn -6.2191896 -0.6360376 -0.6249452
v 36.5141144 44.8495941 37.5000000
vn -6.2179251 -0.6479504 -0.6251376
v 35.9026375 44.6864548 43.7500000
vn -6.2167139 -0.6591609 -0.6253157
v 35.2911568 44.5233154 50.0000000
vn -5.9116569 2.0377474 -0.6120062
v 41.8599243 67.5626984 12.5000000
vn -5.8958573 2.0819657 -0.6155120
v 41.4239273 68.1751556 18.7500000
vn -5.8882389 2.1030297 -0.6167875
v 41.2059288 68.4813919 21.8750000
vn -5.8808022 2.1233766 -0.6179898
v 40.9879303 68.7876205 25.0000000
vn -5.7529125 2.4520266 -0.6056480
v 43.6821632 72.2843552 12.5000000
vn -5.7315731 2.5002589 -0.6107181
v 43.3489914 73.0465469 18.7500000
vn -5.7212834 2.5232432 -0.6126602
v 43.1824074 73.4276505 21.8750000
vn -5.7112288 2.5454633 -0.6145165
v 43.0158195 73.8087463 25.0000000
vn -5.6918740 2.5873947 -0.6189087
v 42.6826515 74.5709457 31.2500000
vn -5.6734200 2.6267042 -0.6227199
v 42.3494797 75.3331451 37.5000000
vn -5.6558108 2.6635649 -0.6262786
v 42.0163078 76.0953369 43.7500000
vn -5.6390057 2.6981797 -0.6296059
v 41.6831360 76.8575363 50.0000000
vn -5.5842862 2.8165648 -0.5986921
v 45.9114151 77.0713043 12.5000000
vn -5.5577693 2.8671041 -0.6054939
v 45.6989098 77.9785767 18.7500000
vn -5.5449657 2.8912208 -0.6082007
v 45.5926552 78.4322052 21.8750000
vn -5.5324693 2.9145148 -0.6107960
v 45.4864044 78.8858414 25.0000000
vn -5.5084677 2.9583931 -0.6167051
v 45.2738953 79.7931137 31.2500000
vn -5.4855809 2.9995415 -0.6219018
v 45.0613899 80.7003784 37.5000000
vn -5.4637690 3.0380881 -0.6267574
v 44.8488846 81.6076508 43.7500000
vn -5.4429626 3.0742726 -0.6313045
v 44.6363754 82.5149155 50.0000000
vn -5.4231110 3.1082883 -0.6355672
v 44.4238701 83.4221878 56.2500000
vn -5.4041433 3.1403303 -0.6395761
v 44.2113609 84.3294525 62.5000000
vn -5.3860111 3.1705623 -0.6433488
v 43.9988556 85.2367249 68.7500000
vn -5.3686604 3.1991322 -0.6469076
v 43.7863503 86.1439972 75.0000000
vn -5.5413227 2.9005818 -0.5968302
v 46.5313301 78.2774048 12.5000000
vn -5.5135641 2.9515250 -0.6040986
v 46.3516655 79.2202759 18.7500000
vn -5.5001664 2.9758253 -0.6070069
v 46.2618370 79.6917114 21.8750000
vn -5.4870920 2.9992938 -0.6097978
v 46.1720047 80.1631393 25.0000000
vn -5.4619732 3.0435176 -0.6161188
v 45.9923401 81.1060104 31.2500000
vn -5.4380398 3.0849588 -0.6216806
v 45.8126793 82.0488815 37.5000000
vn -5.4152274 3.1237850 -0.6268855
v 45.6330147 82.9917450 43.7500000
vn -5.3934798 3.1602116 -0.6317554
v 45.4533539 83.9346161 50.0000000
vn -5.3727202 3.1944675 -0.6363290
v 45.2736893 84.8774796 56.2500000
vn -5.3528986 3.2267184 -0.6406254
v 45.0940285 85.8203506 62.5000000
vn -5.3339472 3.2571485 -0.6446719
v 44.9143639 86.7632217 68.7500000
vn -5.3158231 3.2858918 -0.6484886
v 44.7347031 87.7060852 75.0000000
vn -5.2984753 3.3130817 -0.6520913
v 44.5550385 88.6489563 81.2500000
vn -6.2346759 -0.4611948 -0.6245328
v 38.2583809 46.4014397 18.7500000
vn -6.2429500 -0.3299737 -0.6248392
v 37.8809128 47.4180908 21.8750000
vn -6.2486124 -0.1944917 -0.6249646
v 37.5239792 48.4710960 25.0000000
vn -6.2513719 -0.0578484 -0.6249782
v 36.8772621 49.5535126 31.2500000
vn -6.2511225 0.0808233 -0.6249769
v 36.2545433 50.6457100 37.5000000
vn -6.2476716 0.2224358 -0.6249911
v 35.6576996 51.8083458 43.7500000
vn -6.2342262 -0.4669411 -0.6246647
v 37.9499245 46.3383713 21.8750000
vn -6.2337885 -0.4724798 -0.6247796
v 37.6414642 46.2753067 25.0000000
vn -6.2329574 -0.4830010 -0.6248566
v 37.0245476 46.1491737 31.2500000
vn -6.2321544 -0.4928717 -0.6249802
v 36.4076271 46.0230408 37.5000000
vn -6.2313876 -0.5021253 -0.6250946
v 35.7907104 45.8969078 43.7500000
vn -6.2306542 -0.5108169 -0.6252044
v 35.1737938 45.7707748 50.0000000
vn -6.1359277 1.1945964 -0.6220650
v 39.0731888 59.6375198 18.7500000
vn -6.1331401 1.2086414 -0.6222112
v 38.7889252 59.8044319 21.8750000
vn -6.1304116 1.2222435 -0.6222742
v 38.5046654 59.9713402 25.0000000
vn -6.1251087 1.2476965 -0.6235167
v 37.9361382 60.3051643 31.2500000
vn -6.1200552 1.2716434 -0.6243469
v 37.3676147 60.6389847 37.5000000
vn -6.1152239 1.2941147 -0.6251176
v 36.7990875 60.9728088 43.7500000
vn -6.1106029 1.3152416 -0.6258354
v 36.2305641 61.3066292 50.0000000
vn -6.1061811 1.3351339 -0.6265055
v 35.6620407 61.6404495 56.2500000
vn -6.1019473 1.3539015 -0.6271318
v 35.0935135 61.9742737 62.5000000
vn -6.0978904 1.3716390 -0.6277190
v 34.5249901 62.3080940 68.7500000
vn -6.0940003 1.3884245 -0.6282687
v 33.9564629 62.6419182 75.0000000
vn -6.0902691 1.4043367 -0.6287879
v 33.3879395 62.9757385 81.2500000
vn -6.0866885 1.4194320 -0.6292746
v 32.8194122 63.3095589 87.5000000
vn -6.0833263 1.4393132 -0.6210973
v 39.2374115 61.8706627 21.8750000
vn -6.0221491 1.6774898 -0.6201920
v 39.5123672 64.1806641 25.0000000
vn -5.9551263 1.9028025 -0.6213130
v 39.6635628 66.8348846 31.2500000
vn -5.8954191 2.0806313 -0.6237802
v 39.6341286 68.6901169 37.5000000
vn -5.8396668 2.2317328 -0.6260060
v 39.6799355 70.6250076 43.7500000
vn -6.2423077 -0.3412681 -0.6249278
v 36.9494781 47.2845459 31.2500000
vn -6.2427278 -0.3338668 -0.6249028
v 37.5704346 47.3735733 25.0000000
vn -6.2484617 -0.1987491 -0.6249629
v 36.9003868 48.4192314 31.2500000
vn -6.2419009 -0.3481879 -0.6249923
v 36.3285179 47.1955147 37.5000000
vn -6.2415128 -0.3546993 -0.6250479
v 35.7075615 47.1064873 43.7500000
vn -6.2411418 -0.3608127 -0.6251040
v 35.0866051 47.0174561 50.0000000
vn -6.2513456 -0.0589631 -0.6249816
v 36.2524376 49.5388489 37.5000000
vn -6.2510872 0.0823851 -0.6249813
v 35.6298409 50.6662102 43.7500000
vn -6.2475176 0.2262973 -0.6250125
v 35.0343590 51.8639984 50.0000000
vn -6.2483139 -0.2027394 -0.6249857
v 36.2767982 48.3673668 37.5000000
vn -6.2481737 -0.2064841 -0.6250069
v 35.6532059 48.3155022 43.7500000
vn -6.2480373 -0.2100136 -0.6250257
v 35.0296173 48.2636375 50.0000000
vn -6.0722203 1.4844143 -0.6229836
v 38.4225426 62.4734840 31.2500000
vn -6.0795436 1.4550257 -0.6212951
v 38.9657860 62.0716019 25.0000000
vn -6.0126696 1.7102375 -0.6223701
v 38.9986534 64.6498718 31.2500000
vn -6.0652361 1.5120667 -0.6241642
v 37.8792953 62.8753700 37.5000000
vn -6.0585604 1.5380120 -0.6252604
v 37.3360519 63.2772522 43.7500000
vn -6.0521779 1.5624001 -0.6262835
v 36.7928085 63.6791344 50.0000000
vn -6.0460725 1.5853631 -0.6272376
v 36.2495613 64.0810165 56.2500000
vn -6.0402265 1.6070299 -0.6281323
v 35.7063179 64.4829025 62.5000000
vn -6.0346289 1.6274918 -0.6289670
v 35.1630707 64.8847809 68.7500000
vn -6.0292611 1.6468635 -0.6297529
v 34.6198273 65.2866669 75.0000000
vn -6.0241132 1.6652170 -0.6304938
v 34.0765839 65.6885452 81.2500000
vn -6.0191736 1.6826321 -0.6311910
v 33.5333366 66.0904312 87.5000000
vn -5.9441609 1.9360963 -0.6232891
v 39.1834335 67.3706360 37.5000000
vn -5.8835411 2.1133344 -0.6259131
v 39.1754265 69.2643738 43.7500000
vn -5.8271770 2.2635031 -0.6282490
v 39.2439384 71.2374649 50.0000000
vn -6.0036187 1.7410723 -0.6239517
v 38.4849396 65.1190872 37.5000000
vn -5.9949732 1.7699915 -0.6254193
v 37.9712219 65.5882950 43.7500000
vn -5.9867110 1.7971685 -0.6267884
v 37.4575081 66.0575027 50.0000000
vn -5.9788084 1.8227584 -0.6280677
v 36.9437943 66.5267181 56.2500000
vn -5.9712443 1.8468934 -0.6292656
v 36.4300804 66.9959259 62.5000000
vn -5.9640012 1.8696930 -0.6303893
v 35.9163628 67.4651413 68.7500000
vn -5.9570618 1.8912599 -0.6314417
v 35.4026489 67.9343491 75.0000000
vn -5.9504070 1.9116951 -0.6324369
v 34.8889351 68.4035568 81.2500000
vn -5.9440212 1.9310867 -0.6333742
v 34.3752174 68.8727722 87.5000000
vn -6.2513199 -0.0600007 -0.6249863
v 35.6276169 49.5241890 43.7500000
vn -6.2510538 0.0838630 -0.6249869
v 35.0051384 50.6867142 50.0000000
vn -6.2512951 -0.0609842 -0.6249890
v 35.0027924 49.5095291 50.0000000
vn -5.9336877 1.9673312 -0.6251302
v 38.7033081 67.9063950 43.7500000
vn -5.8721886 2.1440742 -0.6279066
v 38.7167244 69.8386307 50.0000000
vn -5.8152418 2.2934020 -0.6303478
v 38.8079414 71.8499298 56.2500000
vn -5.9236803 1.9966795 -0.6268470
v 38.2231789 68.4421463 50.0000000
vn -5.9141078 2.0243142 -0.6284541
v 37.7430496 68.9779053 56.2500000
vn -5.9049554 2.0503592 -0.6299551
v 37.2629204 69.5136566 62.5000000
vn -5.8961873 2.0749705 -0.6313680
v 36.7827911 70.0494080 68.7500000
vn -5.8877878 2.0982482 -0.6326944
v 36.3026619 70.5851669 75.0000000
vn -5.8797393 2.1202919 -0.6339425
v 35.8225327 71.1209183 81.2500000
vn -5.8720126 2.1412160 -0.6351226
v 35.3424034 71.6566772 87.5000000
vn -5.8613353 2.1730096 -0.6297719
v 38.2580223 70.4128799 56.2500000
vn -5.8038225 2.3215988 -0.6323191
v 38.3719444 72.4623871 62.5000000
vn -5.8509541 2.2002907 -0.6315202
v 37.7993164 70.9871368 62.5000000
vn -5.8410211 2.2260447 -0.6331576
v 37.3406143 71.5613937 68.7500000
vn -5.8315015 2.2504144 -0.6347010
v 36.8819122 72.1356506 75.0000000
vn -5.8223753 2.2734973 -0.6361539
v 36.4232063 72.7099075 81.2500000
vn -5.8136234 2.2953918 -0.6375239
v 35.9645042 73.2841644 87.5000000
vn -5.2620058 -3.3712394 -0.6464140
v 46.2308311 11.1314135 68.7500000
vn -5.2428102 -3.4002006 -0.6506083
v 46.0980263 10.1399374 75.0000000
vn -5.3561077 -3.2199867 -0.6440397
v 44.5118370 13.8981619 68.7500000
vn -5.3382778 -3.2487047 -0.6477544
v 44.3176231 12.9707384 75.0000000
vn -5.3212075 -3.2758772 -0.6512631
v 44.1234131 12.0433149 81.2500000
vn -5.4505463 -3.0577548 -0.6416811
v 42.9054832 16.6607361 68.7500000
vn -5.4341722 -3.0860620 -0.6449359
v 42.6533241 15.7982006 75.0000000
vn -5.4184904 -3.1128547 -0.6480079
v 42.4011650 14.9356651 81.2500000
vn -5.4034629 -3.1382463 -0.6509138
v 42.1490059 14.0731297 87.5000000
vn -5.5446720 -2.8838987 -0.6393787
v 41.4134445 19.4189491 68.7500000
vn -5.5298266 -2.9116163 -0.6421926
v 41.1069069 18.6221733 75.0000000
vn -5.5156069 -2.9378574 -0.6448476
v 40.8003693 17.8253994 81.2500000
vn -5.5019779 -2.9627318 -0.6473584
v 40.4938316 17.0286236 87.5000000
vn -5.6377039 -2.6978252 -0.6371786
v 40.0374107 22.1726093 68.7500000
vn -5.6244483 -2.7247591 -0.6395752
v 39.6801643 21.4425049 75.0000000
vn -5.6117477 -2.7502639 -0.6418363
v 39.3229141 20.7124004 81.2500000
vn -5.5995703 -2.7744477 -0.6439728
v 38.9656677 19.9822960 87.5000000
vn -5.7287292 -2.4990063 -0.6351380
v 38.7790604 24.9215279 68.7500000
vn -5.7170987 -2.5249557 -0.6371434
v 38.3748741 24.2590427 75.0000000
vn -5.7059546 -2.5495274 -0.6390364
v 37.9706879 23.5965576 81.2500000
vn -5.6952648 -2.5728359 -0.6408225
v 37.5665016 22.9340725 87.5000000
vn -5.8168817 -2.2865276 -0.6332852
v 37.6400757 27.6655159 68.7500000
vn -5.8069057 -2.3112426 -0.6349278
v 37.1928253 27.0716362 75.0000000
vn -5.7973423 -2.3346565 -0.6364765
v 36.7455788 26.4777565 81.2500000
vn -5.7881689 -2.3568642 -0.6379383
v 36.2983284 25.8838768 87.5000000
vn -5.8915963 -2.0878930 -0.6324485
v 36.6226501 30.4043846 68.7500000
vn -5.8830986 -2.1112754 -0.6337925
v 36.1363754 29.8801346 75.0000000
vn -5.8749509 -2.1334260 -0.6350576
v 35.6500969 29.3558846 81.2500000
vn -5.8671384 -2.1544306 -0.6362516
v 35.1638184 28.8316326 87.5000000
vn -5.9426007 -1.9395223 -0.6310584
v 36.1606636 31.7719231 68.7500000
vn -5.9351916 -1.9616888 -0.6321985
v 35.6564903 31.2828674 75.0000000
vn -5.9280887 -1.9826866 -0.6332704
v 35.1523170 30.7938099 81.2500000
vn -5.9212761 -2.0026042 -0.6342819
v 34.6481476 30.3047543 87.5000000
vn -5.9818239 -1.8151666 -0.6302540
v 35.7302284 33.1382790 68.7500000
vn -5.9752698 -1.8362626 -0.6312428
v 35.2092819 32.6846542 75.0000000
vn -5.9689875 -1.8562433 -0.6321718
v 34.6883354 32.2310257 81.2500000
vn -5.9629564 -1.8752086 -0.6330474
v 34.1673889 31.7774010 87.5000000
vn -6.0192981 -1.6869607 -0.6294964
v 35.3316307 34.5035133 68.7500000
vn -6.0135808 -1.7068870 -0.6303429
v 34.7950554 34.0855408 75.0000000
vn -6.0080962 -1.7257746 -0.6311358
v 34.2584839 33.6675682 81.2500000
vn -6.0028353 -1.7436899 -0.6318859
v 33.7219124 33.2495956 87.5000000
vn -6.0547972 -1.5549549 -0.6287905
v 34.9651527 35.8676834 68.7500000
vn -6.0498910 -1.5736166 -0.6295029
v 34.4141312 35.4855804 75.0000000
vn -6.0451832 -1.5913076 -0.6301709
v 33.8631058 35.1034737 81.2500000
vn -6.0406661 -1.6080955 -0.6308022
v 33.3120842 34.7213707 87.5000000
vn -6.0880938 -1.4192113 -0.6281409
v 34.6310806 37.2308578 68.7500000
vn -6.0839629 -1.4365212 -0.6287275
v 34.0668106 36.8848190 75.0000000
vn -6.0800009 -1.4529177 -0.6292818
v 33.5025406 36.5387802 81.2500000
vn -6.0761957 -1.4684925 -0.6298022
v 32.9382706 36.1927452 87.5000000
vn -6.1189480 -1.2798581 -0.6275474
v 34.3297005 38.5930939 68.7500000
vn -6.1155567 -1.2956908 -0.6280226
v 33.7534142 38.2833099 75.0000000
vn -6.1123018 -1.3107042 -0.6284704
v 33.1771278 37.9735260 81.2500000
vn -6.1091752 -1.3249552 -0.6288909
v 32.6008377 37.6637421 87.5000000
vn -6.1471329 -1.1370012 -0.6270147
v 34.0612869 39.9544525 68.7500000
vn -6.1444283 -1.1512650 -0.6273877
v 33.4742470 39.6810989 75.0000000
vn -6.1418343 -1.1647866 -0.6277401
v 32.8872032 39.4077454 81.2500000
vn -6.1393418 -1.1776202 -0.6280693
v 32.3001595 39.1343918 87.5000000
vn -6.1724176 -0.9907858 -0.6265442
v 33.8261337 41.3149986 68.7500000
vn -6.1703424 -1.0033799 -0.6268256
v 33.2296219 41.0782394 75.0000000
vn -6.1683526 -1.0153117 -0.6270922
v 32.6331100 40.8414764 81.2500000
vn -6.1664424 -1.0266346 -0.6273411
v 32.0365944 40.6047134 87.5000000
vn -6.1945705 -0.8414188 -0.6261333
v 33.6245193 42.6747932 68.7500000
vn -6.1930614 -0.8522275 -0.6263363
v 33.0198517 42.4747772 75.0000000
vn -6.1916122 -0.8624657 -0.6265264
v 32.4151840 42.2747574 81.2500000
vn -6.1902223 -0.8721774 -0.6267068
v 31.8105183 42.0747375 87.5000000
vn -6.2133784 -0.6891022 -0.6257805
v 33.4567261 44.0339012 68.7500000
vn -6.2123585 -0.6980099 -0.6259170
v 32.8452454 43.8707619 75.0000000
vn -6.2113791 -0.7064539 -0.6260440
v 32.2337685 43.7076225 81.2500000
vn -6.2104368 -0.7144749 -0.6261642
v 31.6222916 43.5444832 87.5000000
vn -6.2286344 -0.5340635 -0.6254840
v 33.3230362 45.3923759 68.7500000
vn -6.2280149 -0.5409828 -0.6255646
v 32.7061195 45.2662430 75.0000000
vn -6.2274222 -0.5475407 -0.6256415
v 32.0892029 45.1401100 81.2500000
vn -6.2268524 -0.5537705 -0.6257145
v 31.4722843 45.0139809 87.5000000
vn -6.2401190 -0.3771412 -0.6252465
v 33.2237320 46.7503700 68.7500000
vn -6.2398052 -0.3820106 -0.6252865
v 32.6027718 46.6613388 75.0000000
vn -6.2395043 -0.3866235 -0.6253248
v 31.9818153 46.5723114 81.2500000
vn -6.2392154 -0.3909988 -0.6253624
v 31.3608570 46.4832802 87.5000000
vn -6.2476668 -0.2194171 -0.6250772
v 33.1588440 48.1080475 68.7500000
vn -6.2475529 -0.2222089 -0.6250939
v 32.5352516 48.0561829 75.0000000
vn -6.2474442 -0.2248674 -0.6251066
v 31.9116611 48.0043182 81.2500000
vn -6.2473392 -0.2273874 -0.6251203
v 31.2880707 47.9524574 87.5000000
vn -6.2512283 -0.0635968 -0.6249982
v 33.1283264 49.4655418 68.7500000
vn -6.2512083 -0.0643731 -0.6250017
v 32.5035057 49.4508820 75.0000000
vn -6.2511888 -0.0651152 -0.6250040
v 31.8786831 49.4362221 81.2500000
vn -6.2511697 -0.0658168 -0.6250063
v 31.2538605 49.4215584 87.5000000
vn -6.2509608 0.0877925 -0.6250004
v 33.1310310 50.7482224 68.7500000
vn -6.2509327 0.0889523 -0.6250024
v 32.5063286 50.7687225 75.0000000
vn -6.2509055 0.0900669 -0.6250072
v 31.8816242 50.7892265 81.2500000
vn -6.2508793 0.0911173 -0.6250094
v 31.2569218 50.8097267 87.5000000
vn -6.2470913 0.2366277 -0.6250727
v 33.1643372 52.0309601 68.7500000
vn -6.2469616 0.2396975 -0.6250889
v 32.5409927 52.0866127 75.0000000
vn -6.2468367 0.2426164 -0.6251047
v 31.9176540 52.1422691 81.2500000
vn -6.2467160 0.2453837 -0.6251199
v 31.2943115 52.1979218 87.5000000
vn -6.2397051 0.3847974 -0.6252220
v 33.2282028 53.3138695 68.7500000
vn -6.2393808 0.3897629 -0.6252650
v 32.6074600 53.4046402 75.0000000
vn -6.2390709 0.3944669 -0.6253037
v 31.9867191 53.4954109 81.2500000
vn -6.2387733 0.3989346 -0.6253425
v 31.3659782 53.5861816 87.5000000
vn -5.7928963 2.3482165 -0.6341659
v 37.9359436 73.0748520 68.7500000
vn -5.7824287 2.3733978 -0.6359045
v 37.4999466 73.6873169 75.0000000
vn -5.7723975 2.3972440 -0.6375432
v 37.0639496 74.2997742 81.2500000
vn -5.7627769 2.4198606 -0.6390892
v 36.6279526 74.9122391 87.5000000
vn -5.5929341 2.7904072 -0.6384013
v 40.6836205 79.1441269 68.7500000
vn -5.5788813 2.8178043 -0.6409959
v 40.3504486 79.9063263 75.0000000
vn -5.5654235 2.8437343 -0.6434395
v 40.0172768 80.6685257 81.2500000
vn -5.5525193 2.8683228 -0.6457519
v 39.6841049 81.4307175 87.5000000
# 1742 vertices, 0 vertices normals


usemtl material_0
f 1//1 2//2 3//3
f 3//3 2//2 4//4
f 3//3 4//4 5//5
f 5//5 4//4 6//6
f 5//5 6//6 7//7
f 7//7 6//6 8//8
f 7//7 8//8 9//9
f 9//9 8//8 10//10
f 9//9 10//10 11//11
f 11//11 10//10 12//12
f 11//11 12//12 13//13
f 13//13 12//12 14//14
f 13//13 14//14 15//15
f 15//15 14//14 16//16
f 15//15 16//16 17//17
f 17//17 16//16 18//18
f 17//17 18//18 19//19
f 19//19 18//18 20//20
f 19//19 20//20 21//21
f 21//21 20//20 22//22
f 21//21 22//22 23//23
f 23//23 22//22 24//24
f 23//23 24//24 25//25
f 25//25 24//24 26//26
f 25//25 26//26 27//27
f 27//27 26//26 28//28
f 27//27 28//28 29//29
f 29//29 28//28 30//30
f 29//29 30//30 31//31
f 31//31 30//30 32//32
f 31//31 32//32 33//33
f 33//33 32//32 34//34
f 33//33 34//34 35//35
f 35//35 34//34 36//36
f 35//35 36//36 37//37
f 37//37 36//36 38//38
f 38//38 36//36 39//39
f 38//38 39//39 40//40
f 40//40 39//39 41//41
f 40//40 41//41 42//42
f 42//42 41//41 43//43
f 42//42 43//43 44//44
f 44//44 43//43 45//45
f 44//44 45//45 46//46
f 46//46 45//45 47//47
f 46//46 47//47 48//48
f 48//48 47//47 49//49
f 48//48 49//49 50//50
f 50//50 49//49 51//51
f 50//50 51//51 52//52
f 52//52 51//51 53//53
f 52//52 53//53 54//54
f 54//54 53//53 55//55
f 54//54 55//55 56//56
f 56//56 55//55 57//57
f 56//56 57//57 58//58
f 58//58 57//57 59//59
f 58//58 59//59 60//60
f 60//60 59//59 61//61
f 60//60 61//61 62//62
f 62//62 61//61 63//63
f 62//62 63//63 64//64
f 64//64 63//63 65//65
f 64//64 65//65 66//66
f 66//66 65//65 67//67
f 66//66 67//67 68//68
f 68//68 67//67 69//69
f 68//68 69//69 70//70
f 70//70 69//69 71//71
f 70//70 71//71 72//72
f 4//4 73//73 6//6
f 6//6 73//73 74//74
f 6//6 74//74 8//8
f 8//8 74//74 75//75
f 8//8 75//75 10//10
f 10//10 75//75 76//76
f 10//10 76//76 12//12
f 12//12 76//76 77//77
f 12//12 77//77 14//14
f 14//14 77//77 78//78
f 14//14 78//78 16//16
f 16//16 78//78 79//79
f 16//16 79//79 18//18
f 18//18 79//79 80//80
f 18//18 80//80 20//20
f 20//20 80//80 81//81
f 20//20 81//81 22//22
f 22//22 81//81 82//82
f 22//22 82//82 24//24
f 24//24 82//82 83//83
f 24//24 83//83 26//26
f 26//26 83//83 84//84
f 26//26 84//84 28//28
f 28//28 84//84 85//85
f 28//28 85//85 30//30
f 30//30 85//85 86//86
f 30//30 86//86 32//32
f 32//32 86//86 87//87
f 32//32 87//87 34//34
f 34//34 87//87 88//88
f 34//34 88//88 36//36
f 36//36 88//88 39//39
f 74//74 73//73 89//89
f 89//89 73//73 90//90
f 89//89 90//90 91//91
f 91//91 90//90 92//92
f 91//91 92//92 93//93
f 93//93 92//92 94//94
f 93//93 94//94 95//95
f 95//95 94//94 96//96
f 95//95 96//96 97//97
f 97//97 96//96 98//98
f 97//97 98//98 99//99
f 99//99 98//98 100//100
f 99//99 100//100 101//101
f 101//101 100//100 102//102
f 101//101 102//102 103//103
f 103//103 102//102 104//104
f 103//103 104//104 105//105
f 105//105 104//104 106//106
f 105//105 106//106 107//107
f 107//107 106//106 108//108
f 107//107 108//108 109//109
f 109//109 108//108 110//110
f 109//109 110//110 111//111
f 111//111 110//110 112//112
f 111//111 112//112 113//113
f 113//113 112//112 114//114
f 113//113 114//114 115//115
f 115//115 114//114 47//47
f 115//115 47//47 45//45
f 92//92 116//116 94//94
f 94//94 116//116 117//117
f 94//94 117//117 96//96
f 96//96 117//117 118//118
f 96//96 118//118 98//98
f 98//98 118//118 119//119
f 98//98 119//119 100//100
f 100//100 119//119 120//120
f 100//100 120//120 102//102
f 102//102 120//120 121//121
f 102//102 121//121 104//104
f 104//104 121//121 122//122
f 104//104 122//122 106//106
f 106//106 122//122 123//123
f 106//106 123//123 108//108
f 108//108 123//123 124//124
f 108//108 124//124 110//110
f 110//110 124//124 125//125
f 110//110 125//125 112//112
f 112//112 125//125 126//126
f 112//112 126//126 114//114
f 114//114 126//126 49//49
f 114//114 49//49 47//47
f 117//117 116//116 127//127
f 127//127 116//116 128//128
f 127//127 128//128 129//129
f 129//129 128//128 130//130
f 129//129 130//130 131//131
f 131//131 130//130 132//132
f 131//131 132//132 133//133
f 133//133 132//132 134//134
f 133//133 134//134 135//135
f 135//135 134//134 136//136
f 135//135 136//136 137//137
f 137//137 136//136 138//138
f 137//137 138//138 139//139
f 139//139 138//138 140//140
f 139//139 140//140 141//141
f 141//141 140//140 142//142
f 141//141 142//142 143//143
f 143//143 142//142 55//55
f 143//143 55//55 53//53
f 128//128 144//144 130//130
f 130//130 144//144 145//145
f 130//130 145//145 132//132
f 132//132 145//145 146//146
f 132//132 146//146 134//134
f 134//134 146//146 147//147
f 134//134 147//147 136//136
f 136//136 147//147 148//148
f 136//136 148//148 138//138
f 138//138 148//148 149//149
f 138//138 149//149 140//140
f 140//140 149//149 150//150
f 140//140 150//150 142//142
f 142//142 150//150 57//57
f 142//142 57//57 55//55
f 145//145 144//144 151//151
f 151//151 144//144 152//152
f 151//151 152//152 153//153
f 153//153 152//152 154//154
f 153//153 154//154 155//155
f 155//155 154//154 156//156
f 155//155 156//156 157//157
f 157//157 156//156 158//158
f 157//157 158//158 159//159
f 159//159 158//158 63//63
f 159//159 63//63 61//61
f 152//152 160//160 154//154
f 154//154 160//160 161//161
f 154//154 161//161 156//156
f 156//156 161//161 162//162
f 156//156 162//162 158//158
f 158//158 162//162 65//65
f 158//158 65//65 63//63
f 160//160 163//163 161//161
f 161//161 163//163 164//164
f 161//161 164//164 162//162
f 162//162 164//164 67//67
f 162//162 67//67 65//65
f 163//163 165//165 164//164
f 164//164 165//165 69//69
f 164//164 69//69 67//67
f 165//165 71//71 69//69
f 70//70 72//72 166//166
f 166//166 72//72 167//167
f 166//166 167//167 168//168
f 168//168 167//167 169//169
f 168//168 169//169 170//170
f 170//170 169//169 171//171
f 170//170 171//171 172//172
f 172//172 171//171 173//173
f 172//172 173//173 174//174
f 174//174 173//173 175//175
f 174//174 175//175 176//176
f 176//176 175//175 177//177
f 176//176 177//177 178//178
f 178//178 177//177 179//179
f 178//178 179//179 180//180
f 180//180 179//179 181//181
f 180//180 181//181 182//182
f 182//182 181//181 183//183
f 182//182 183//183 184//184
f 184//184 183//183 185//185
f 184//184 185//185 186//186
f 186//186 185//185 187//187
f 186//186 187//187 188//188
f 188//188 187//187 189//189
f 188//188 189//189 190//190
f 190//190 189//189 191//191
f 190//190 191//191 192//192
f 192//192 191//191 193//193
f 192//192 193//193 194//194
f 194//194 193//193 195//195
f 194//194 195//195 196//196
f 196//196 195//195 197//197
f 196//196 197//197 198//198
f 198//198 197//197 199//199
f 198//198 199//199 200//200
f 200//200 199//199 201//201
f 201//201 199//199 202//202
f 201//201 202//202 203//203
f 203//203 202//202 204//204
f 203//203 204//204 205//205
f 205//205 204//204 206//206
f 205//205 206//206 207//207
f 207//207 206//206 208//208
f 207//207 208//208 209//209
f 209//209 208//208 210//210
f 209//209 210//210 211//211
f 211//211 210//210 212//212
f 211//211 212//212 213//213
f 213//213 212//212 214//214
f 213//213 214//214 215//215
f 215//215 214//214 216//216
f 215//215 216//216 217//217
f 217//217 216//216 218//218
f 217//217 218//218 219//219
f 219//219 218//218 220//220
f 219//219 220//220 221//221
f 221//221 220//220 222//222
f 221//221 222//222 223//223
f 223//223 222//222 224//224
f 223//223 224//224 225//225
f 225//225 224//224 226//226
f 225//225 226//226 227//227
f 227//227 226//226 228//228
f 227//227 228//228 229//229
f 229//229 228//228 230//230
f 229//229 230//230 231//231
f 231//231 230//230 232//232
f 231//231 232//232 233//233
f 233//233 232//232 234//234
f 233//233 234//234 235//235
f 235//235 234//234 236//236
f 235//235 236//236 237//237
f 237//237 236//236 238//238
f 237//237 238//238 239//239
f 239//239 238//238 240//240
f 240//240 238//238 241//241
f 240//240 241//241 242//242
f 242//242 241//241 243//243
f 242//242 243//243 244//244
f 244//244 243//243 245//245
f 244//244 245//245 246//246
f 246//246 245//245 247//247
f 246//246 247//247 248//248
f 248//248 247//247 249//249
f 248//248 249//249 250//250
f 250//250 249//249 251//251
f 250//250 251//251 252//252
f 252//252 251//251 253//253
f 252//252 253//253 254//254
f 254//254 253//253 255//255
f 254//254 255//255 256//256
f 256//256 255//255 257//257
f 256//256 257//257 258//258
f 258//258 257//257 259//259
f 258//258 259//259 260//260
f 260//260 259//259 261//261
f 260//260 261//261 262//262
f 262//262 261//261 263//263
f 262//262 263//263 264//264
f 264//264 263//263 265//265
f 264//264 265//265 266//266
f 266//266 265//265 267//267
f 266//266 267//267 268//268
f 268//268 267//267 269//269
f 268//268 269//269 270//270
f 270//270 269//269 271//271
f 270//270 271//271 272//272
f 272//272 271//271 273//273
f 272//272 273//273 274//274
f 274//274 273//273 275//275
f 274//274 275//275 276//276
f 276//276 275//275 277//277
f 276//276 277//277 278//278
f 278//278 277//277 279//279
f 278//278 279//279 280//280
f 280//280 279//279 281//281
f 280//280 281//281 282//282
f 282//282 281//281 283//283
f 282//282 283//283 284//284
f 284//284 283//283 285//285
f 284//284 285//285 286//286
f 286//286 285//285 287//287
f 286//286 287//287 288//288
f 288//288 287//287 289//289
f 288//288 289//289 290//290
f 290//290 289//289 291//291
f 290//290 291//291 292//292
f 292//292 291//291 293//293
f 292//292 293//293 294//294
f 294//294 293//293 295//295
f 294//294 295//295 296//296
f 296//296 295//295 297//297
f 296//296 297//297 298//298
f 298//298 297//297 299//299
f 298//298 299//299 300//300
f 300//300 299//299 301//301
f 300//300 301//301 302//302
f 302//302 301//301 303//303
f 302//302 303//303 304//304
f 304//304 303//303 305//305
f 304//304 305//305 306//306
f 306//306 305//305 307//307
f 306//306 307//307 308//308
f 308//308 307//307 189//189
f 308//308 189//189 187//187
f 167//167 309//309 169//169
f 169//169 309//309 310//310
f 169//169 310//310 171//171
f 171//171 310//310 311//311
f 171//171 311//311 173//173
f 173//173 311//311 312//312
f 173//173 312//312 175//175
f 175//175 312//312 313//313
f 175//175 313//313 177//177
f 177//177 313//313 314//314
f 177//177 314//314 179//179
f 179//179 314//314 315//315
f 179//179 315//315 181//181
f 181//181 315//315 316//316
f 181//181 316//316 183//183
f 183//183 316//316 317//317
f 183//183 317//317 185//185
f 185//185 317//317 318//318
f 185//185 318//318 187//187
f 187//187 318//318 308//308
f 319//319 320//320 309//309
f 309//309 320//320 321//321
f 309//309 321//321 310//310
f 310//310 321//321 311//311
f 322//322 323//323 319//319
f 319//319 323//323 324//324
f 319//319 324//324 320//320
f 320//320 324//324 325//325
f 320//320 325//325 326//326
f 326//326 325//325 327//327
f 326//326 327//327 312//312
f 312//312 327//327 313//313
f 328//328 329//329 322//322
f 322//322 329//329 330//330
f 322//322 330//330 323//323
f 323//323 330//330 331//331
f 323//323 331//331 332//332
f 332//332 331//331 333//333
f 332//332 333//333 334//334
f 334//334 333//333 335//335
f 334//334 335//335 336//336
f 336//336 335//335 337//337
f 336//336 337//337 314//314
f 314//314 337//337 315//315
f 338//338 339//339 328//328
f 328//328 339//339 340//340
f 328//328 340//340 329//329
f 329//329 340//340 341//341
f 329//329 341//341 342//342
f 342//342 341//341 343//343
f 342//342 343//343 344//344
f 344//344 343//343 345//345
f 344//344 345//345 346//346
f 346//346 345//345 347//347
f 346//346 347//347 348//348
f 348//348 347//347 349//349
f 348//348 349//349 350//350
f 350//350 349//349 351//351
f 350//350 351//351 316//316
f 316//316 351//351 317//317
f 339//339 338//338 352//352
f 352//352 338//338 353//353
f 352//352 353//353 354//354
f 354//354 353//353 355//355
f 354//354 355//355 356//356
f 356//356 355//355 357//357
f 356//356 357//357 358//358
f 358//358 357//357 359//359
f 358//358 359//359 360//360
f 360//360 359//359 361//361
f 360//360 361//361 362//362
f 362//362 361//361 363//363
f 362//362 363//363 364//364
f 364//364 363//363 365//365
f 364//364 365//365 366//366
f 366//366 365//365 367//367
f 366//366 367//367 368//368
f 368//368 367//367 369//369
f 368//368 369//369 370//370
f 370//370 369//369 371//371
f 370//370 371//371 288//288
f 288//288 371//371 286//286
f 353//353 372//372 355//355
f 355//355 372//372 373//373
f 355//355 373//373 357//357
f 357//357 373//373 374//374
f 357//357 374//374 359//359
f 359//359 374//374 375//375
f 359//359 375//375 361//361
f 361//361 375//375 376//376
f 361//361 376//376 363//363
f 363//363 376//376 377//377
f 363//363 377//377 365//365
f 365//365 377//377 378//378
f 365//365 378//378 367//367
f 367//367 378//378 379//379
f 367//367 379//379 369//369
f 369//369 379//379 380//380
f 369//369 380//380 371//371
f 371//371 380//380 381//381
f 371//371 381//381 286//286
f 286//286 381//381 284//284
f 373//373 372//372 382//382
f 382//382 372//372 383//383
f 382//382 383//383 384//384
f 384//384 383//383 385//385
f 384//384 385//385 386//386
f 386//386 385//385 387//387
f 386//386 387//387 388//388
f 388//388 387//387 389//389
f 388//388 389//389 390//390
f 390//390 389//389 391//391
f 390//390 391//391 392//392
f 392//392 391//391 393//393
f 392//392 393//393 394//394
f 394//394 393//393 395//395
f 394//394 395//395 396//396
f 396//396 395//395 397//397
f 396//396 397//397 398//398
f 398//398 397//397 399//399
f 398//398 399//399 400//400
f 400//400 399//399 401//401
f 400//400 401//401 280//280
f 280//280 401//401 278//278
f 383//383 402//402 385//385
f 385//385 402//402 403//403
f 385//385 403//403 387//387
f 387//387 403//403 404//404
f 387//387 404//404 389//389
f 389//389 404//404 405//405
f 389//389 405//405 391//391
f 391//391 405//405 406//406
f 391//391 406//406 393//393
f 393//393 406//406 407//407
f 393//393 407//407 395//395
f 395//395 407//407 408//408
f 395//395 408//408 397//397
f 397//397 408//408 409//409
f 397//397 409//409 399//399
f 399//399 409//409 410//410
f 399//399 410//410 401//401
f 401//401 410//410 411//411
f 401//401 411//411 278//278
f 278//278 411//411 276//276
f 403//403 402//402 412//412
f 412//412 402//402 413//413
f 412//412 413//413 414//414
f 414//414 413//413 415//415
f 414//414 415//415 416//416
f 416//416 415//415 417//417
f 416//416 417//417 418//418
f 418//418 417//417 419//419
f 418//418 419//419 420//420
f 420//420 419//419 421//421
f 420//420 421//421 422//422
f 422//422 421//421 423//423
f 422//422 423//423 424//424
f 424//424 423//423 425//425
f 424//424 425//425 426//426
f 426//426 425//425 427//427
f 426//426 427//427 428//428
f 428//428 427//427 429//429
f 428//428 429//429 430//430
f 431//431 432//432 430//430
f 430//430 432//432 433//433
f 430//430 433//433 428//428
f 428//428 433//433 434//434
f 428//428 434//434 426//426
f 426//426 434//434 435//435
f 426//426 435//435 424//424
f 424//424 435//435 436//436
f 424//424 436//436 422//422
f 422//422 436//436 437//437
f 422//422 437//437 420//420
f 420//420 437//437 438//438
f 420//420 438//438 418//418
f 418//418 438//438 439//439
f 418//418 439//439 416//416
f 416//416 439//439 440//440
f 416//416 440//440 414//414
f 414//414 440//440 441//441
f 414//414 441//441 412//412
f 412//412 441//441 404//404
f 412//412 404//404 403//403
f 442//442 443//443 431//431
f 431//431 443//443 444//444
f 431//431 444//444 445//445
f 445//445 444//444 446//446
f 445//445 446//446 447//447
f 447//447 446//446 448//448
f 447//447 448//448 449//449
f 449//449 448//448 450//450
f 449//449 450//450 451//451
f 451//451 450//450 452//452
f 451//451 452//452 453//453
f 453//453 452//452 454//454
f 453//453 454//454 455//455
f 455//455 454//454 456//456
f 455//455 456//456 457//457
f 457//457 456//456 458//458
f 457//457 458//458 459//459
f 459//459 458//458 460//460
f 459//459 460//460 461//461
f 461//461 460//460 407//407
f 461//461 407//407 406//406
f 462//462 463//463 442//442
f 442//442 463//463 464//464
f 442//442 464//464 443//443
f 443//443 464//464 465//465
f 443//443 465//465 466//466
f 466//466 465//465 467//467
f 466//466 467//467 468//468
f 468//468 467//467 469//469
f 468//468 469//469 470//470
f 470//470 469//469 471//471
f 470//470 471//471 472//472
f 472//472 471//471 473//473
f 472//472 473//473 474//474
f 474//474 473//473 475//475
f 474//474 475//475 476//476
f 476//476 475//475 477//477
f 476//476 477//477 478//478
f 478//478 477//477 479//479
f 478//478 479//479 480//480
f 480//480 479//479 409//409
f 480//480 409//409 408//408
f 256//256 258//258 462//462
f 462//462 258//258 481//481
f 462//462 481//481 463//463
f 463//463 481//481 482//482
f 463//463 482//482 483//483
f 483//483 482//482 484//484
f 483//483 484//484 485//485
f 485//485 484//484 486//486
f 485//485 486//486 487//487
f 487//487 486//486 488//488
f 487//487 488//488 489//489
f 489//489 488//488 490//490
f 489//489 490//490 491//491
f 491//491 490//490 492//492
f 491//491 492//492 493//493
f 493//493 492//492 494//494
f 493//493 494//494 495//495
f 495//495 494//494 496//496
f 495//495 496//496 497//497
f 497//497 496//496 411//411
f 497//497 411//411 410//410
f 254//254 498//498 252//252
f 252//252 498//498 499//499
f 252//252 499//499 250//250
f 250//250 499//499 500//500
f 250//250 500//500 248//248
f 248//248 500//500 501//501
f 248//248 501//501 246//246
f 499//499 498//498 502//502
f 502//502 498//498 503//503
f 502//502 503//503 504//504
f 504//504 505//505 502//502
f 502//502 505//505 500//500
f 502//502 500//500 499//499
f 505//505 501//501 500//500
f 200//200 506//506 198//198
f 198//198 506//506 507//507
f 198//198 507//507 196//196
f 196//196 507//507 508//508
f 196//196 508//508 194//194
f 194//194 508//508 509//509
f 194//194 509//509 192//192
f 192//192 509//509 510//510
f 192//192 510//510 190//190
f 190//190 510//510 511//511
f 190//190 511//511 188//188
f 188//188 511//511 512//512
f 188//188 512//512 186//186
f 186//186 512//512 513//513
f 186//186 513//513 184//184
f 184//184 513//513 514//514
f 184//184 514//514 182//182
f 182//182 514//514 515//515
f 182//182 515//515 180//180
f 180//180 515//515 516//516
f 180//180 516//516 178//178
f 178//178 516//516 517//517
f 178//178 517//517 176//176
f 176//176 517//517 518//518
f 176//176 518//518 174//174
f 174//174 518//518 519//519
f 174//174 519//519 172//172
f 172//172 519//519 520//520
f 172//172 520//520 170//170
f 170//170 520//520 521//521
f 170//170 521//521 168//168
f 168//168 521//521 166//166
f 506//506 522//522 507//507
f 507//507 522//522 523//523
f 507//507 523//523 508//508
f 508//508 523//523 524//524
f 508//508 524//524 509//509
f 509//509 524//524 525//525
f 509//509 525//525 510//510
f 510//510 525//525 526//526
f 510//510 526//526 511//511
f 511//511 526//526 527//527
f 511//511 527//527 512//512
f 512//512 527//527 528//528
f 512//512 528//528 513//513
f 513//513 528//528 529//529
f 513//513 529//529 514//514
f 514//514 529//529 530//530
f 514//514 530//530 515//515
f 515//515 530//530 531//531
f 515//515 531//531 516//516
f 516//516 531//531 532//532
f 516//516 532//532 517//517
f 517//517 532//532 533//533
f 517//517 533//533 518//518
f 518//518 533//533 534//534
f 518//518 534//534 519//519
f 519//519 534//534 535//535
f 519//519 535//535 520//520
f 520//520 535//535 536//536
f 520//520 536//536 521//521
f 521//521 536//536 537//537
f 521//521 537//537 166//166
f 166//166 537//537 70//70
f 522//522 538//538 523//523
f 523//523 538//538 539//539
f 523//523 539//539 540//540
f 540//540 539//539 541//541
f 540//540 541//541 542//542
f 540//540 542//542 543//543
f 543//543 542//542 544//544
f 543//543 544//544 545//545
f 543//543 545//545 546//546
f 546//546 545//545 547//547
f 546//546 547//547 548//548
f 546//546 548//548 549//549
f 549//549 548//548 550//550
f 549//549 550//550 551//551
f 551//551 550//550 552//552
f 551//551 552//552 553//553
f 553//553 552//552 554//554
f 553//553 554//554 555//555
f 555//555 554//554 556//556
f 555//555 556//556 557//557
f 557//557 556//556 558//558
f 557//557 558//558 559//559
f 559//559 558//558 560//560
f 559//559 560//560 561//561
f 561//561 560//560 562//562
f 561//561 562//562 563//563
f 563//563 562//562 564//564
f 563//563 564//564 565//565
f 565//565 564//564 566//566
f 565//565 566//566 567//567
f 567//567 566//566 568//568
f 567//567 568//568 569//569
f 569//569 568//568 54//54
f 569//569 54//54 56//56
f 554//554 570//570 556//556
f 556//556 570//570 571//571
f 556//556 571//571 558//558
f 558//558 571//571 572//572
f 558//558 572//572 560//560
f 560//560 572//572 573//573
f 560//560 573//573 562//562
f 562//562 573//573 574//574
f 562//562 574//574 564//564
f 564//564 574//574 575//575
f 564//564 575//575 566//566
f 566//566 575//575 576//576
f 566//566 576//576 568//568
f 568//568 576//576 52//52
f 568//568 52//52 54//54
f 571//571 570//570 577//577
f 577//577 570//570 578//578
f 577//577 578//578 579//579
f 579//579 578//578 580//580
f 579//579 580//580 581//581
f 581//581 580//580 582//582
f 581//581 582//582 583//583
f 583//583 582//582 584//584
f 583//583 584//584 585//585
f 585//585 584//584 46//46
f 585//585 46//46 48//48
f 578//578 586//586 580//580
f 580//580 586//586 587//587
f 580//580 587//587 582//582
f 582//582 587//587 588//588
f 582//582 588//588 584//584
f 584//584 588//588 44//44
f 584//584 44//44 46//46
f 587//587 586//586 589//589
f 589//589 586//586 590//590
f 589//589 590//590 40//40
f 40//40 590//590 38//38
f 35//35 37//37 591//591
f 591//591 37//37 592//592
f 591//591 592//592 593//593
f 594//594 595//595 593//593
f 593//593 595//595 596//596
f 593//593 596//596 591//591
f 591//591 596//596 33//33
f 591//591 33//33 35//35
f 597//597 598//598 594//594
f 594//594 598//598 599//599
f 594//594 599//599 595//595
f 595//595 599//599 29//29
f 595//595 29//29 31//31
f 600//600 601//601 597//597
f 597//597 601//601 602//602
f 597//597 602//602 598//598
f 598//598 602//602 25//25
f 598//598 25//25 27//27
f 603//603 604//604 600//600
f 600//600 604//604 605//605
f 600//600 605//605 601//601
f 601//601 605//605 21//21
f 601//601 21//21 23//23
f 606//606 607//607 603//603
f 603//603 607//607 608//608
f 603//603 608//608 604//604
f 604//604 608//608 17//17
f 604//604 17//17 19//19
f 1//1 609//609 606//606
f 606//606 609//609 610//610
f 606//606 610//610 607//607
f 607//607 610//610 13//13
f 607//607 13//13 15//15
f 1//1 611//611 612//612
f 612//612 611//611 7//7
f 612//612 7//7 9//9
f 1//1 612//612 609//609
f 609//609 612//612 9//9
f 609//609 9//9 11//11
f 431//431 445//445 432//432
f 432//432 445//445 447//447
f 432//432 447//447 613//613
f 613//613 447//447 449//449
f 613//613 449//449 614//614
f 614//614 449//449 451//451
f 614//614 451//451 615//615
f 615//615 451//451 453//453
f 615//615 453//453 616//616
f 616//616 453//453 455//455
f 616//616 455//455 617//617
f 617//617 455//455 457//457
f 617//617 457//457 618//618
f 618//618 457//457 459//459
f 618//618 459//459 619//619
f 619//619 459//459 461//461
f 619//619 461//461 620//620
f 620//620 461//461 406//406
f 620//620 406//406 405//405
f 374//374 373//373 382//382
f 382//382 384//384 621//621
f 621//621 384//384 386//386
f 621//621 386//386 622//622
f 622//622 386//386 388//388
f 622//622 388//388 623//623
f 623//623 388//388 390//390
f 623//623 390//390 624//624
f 624//624 390//390 392//392
f 624//624 392//392 625//625
f 625//625 392//392 394//394
f 625//625 394//394 626//626
f 626//626 394//394 396//396
f 626//626 396//396 627//627
f 627//627 396//396 398//398
f 627//627 398//398 628//628
f 628//628 398//398 400//400
f 628//628 400//400 282//282
f 282//282 400//400 280//280
f 352//352 354//354 629//629
f 629//629 354//354 356//356
f 629//629 356//356 630//630
f 630//630 356//356 358//358
f 630//630 358//358 631//631
f 631//631 358//358 360//360
f 631//631 360//360 632//632
f 632//632 360//360 362//362
f 632//632 362//362 633//633
f 633//633 362//362 364//364
f 633//633 364//364 634//634
f 634//634 364//364 366//366
f 634//634 366//366 635//635
f 635//635 366//366 368//368
f 635//635 368//368 636//636
f 636//636 368//368 370//370
f 636//636 370//370 290//290
f 290//290 370//370 288//288
f 339//339 352//352 637//637
f 637//637 352//352 629//629
f 637//637 629//629 638//638
f 638//638 629//629 630//630
f 638//638 630//630 639//639
f 639//639 630//630 631//631
f 639//639 631//631 640//640
f 640//640 631//631 632//632
f 640//640 632//632 641//641
f 641//641 632//632 633//633
f 641//641 633//633 642//642
f 642//642 633//633 634//634
f 642//642 634//634 643//643
f 643//643 634//634 635//635
f 643//643 635//635 644//644
f 644//644 635//635 636//636
f 644//644 636//636 292//292
f 292//292 636//636 290//290
f 340//340 339//339 645//645
f 645//645 339//339 637//637
f 645//645 637//637 646//646
f 646//646 637//637 638//638
f 646//646 638//638 647//647
f 647//647 638//638 639//639
f 647//647 639//639 648//648
f 648//648 639//639 640//640
f 648//648 640//640 649//649
f 649//649 640//640 641//641
f 649//649 641//641 650//650
f 650//650 641//641 642//642
f 650//650 642//642 651//651
f 651//651 642//642 643//643
f 651//651 643//643 652//652
f 652//652 643//643 644//644
f 652//652 644//644 294//294
f 294//294 644//644 292//292
f 331//331 330//330 342//342
f 342//342 330//330 329//329
f 325//325 324//324 332//332
f 332//332 324//324 323//323
f 311//311 321//321 326//326
f 326//326 321//321 320//320
f 68//68 70//70 537//537
f 146//146 145//145 151//151
f 151//151 153//153 653//653
f 653//653 153//153 155//155
f 653//653 155//155 654//654
f 654//654 155//155 157//157
f 654//654 157//157 655//655
f 655//655 157//157 159//159
f 655//655 159//159 656//656
f 656//656 159//159 61//61
f 656//656 61//61 59//59
f 118//118 117//117 127//127
f 127//127 129//129 657//657
f 657//657 129//129 131//131
f 657//657 131//131 658//658
f 658//658 131//131 133//133
f 658//658 133//133 659//659
f 659//659 133//133 135//135
f 659//659 135//135 660//660
f 660//660 135//135 137//137
f 660//660 137//137 661//661
f 661//661 137//137 139//139
f 661//661 139//139 662//662
f 662//662 139//139 141//141
f 662//662 141//141 663//663
f 663//663 141//141 143//143
f 663//663 143//143 664//664
f 664//664 143//143 53//53
f 664//664 53//53 51//51
f 91//91 93//93 665//665
f 665//665 93//93 95//95
f 665//665 95//95 666//666
f 666//666 95//95 97//97
f 666//666 97//97 667//667
f 667//667 97//97 99//99
f 667//667 99//99 668//668
f 668//668 99//99 101//101
f 668//668 101//101 669//669
f 669//669 101//101 103//103
f 669//669 103//103 670//670
f 670//670 103//103 105//105
f 670//670 105//105 671//671
f 671//671 105//105 107//107
f 671//671 107//107 672//672
f 672//672 107//107 109//109
f 672//672 109//109 673//673
f 673//673 109//109 111//111
f 673//673 111//111 674//674
f 674//674 111//111 113//113
f 674//674 113//113 675//675
f 675//675 113//113 115//115
f 675//675 115//115 676//676
f 676//676 115//115 45//45
f 676//676 45//45 43//43
f 75//75 74//74 89//89
f 89//89 91//91 677//677
f 677//677 91//91 665//665
f 677//677 665//665 678//678
f 678//678 665//665 666//666
f 678//678 666//666 679//679
f 679//679 666//666 667//667
f 679//679 667//667 680//680
f 680//680 667//667 668//668
f 680//680 668//668 681//681
f 681//681 668//668 669//669
f 681//681 669//669 682//682
f 682//682 669//669 670//670
f 682//682 670//670 683//683
f 683//683 670//670 671//671
f 683//683 671//671 684//684
f 684//684 671//671 672//672
f 684//684 672//672 685//685
f 685//685 672//672 673//673
f 685//685 673//673 686//686
f 686//686 673//673 674//674
f 686//686 674//674 687//687
f 687//687 674//674 675//675
f 687//687 675//675 688//688
f 688//688 675//675 676//676
f 688//688 676//676 689//689
f 689//689 676//676 43//43
f 689//689 43//43 41//41
f 7//7 611//611 5//5
f 5//5 611//611 3//3
f 434//434 433//433 613//613
f 613//613 433//433 432//432
f 435//435 434//434 614//614
f 614//614 434//434 613//613
f 436//436 435//435 615//615
f 615//615 435//435 614//614
f 437//437 436//436 616//616
f 616//616 436//436 615//615
f 438//438 437//437 617//617
f 617//617 437//437 616//616
f 439//439 438//438 618//618
f 618//618 438//438 617//617
f 440//440 439//439 619//619
f 619//619 439//439 618//618
f 441//441 440//440 620//620
f 620//620 440//440 619//619
f 404//404 441//441 405//405
f 405//405 441//441 620//620
f 622//622 375//375 621//621
f 621//621 375//375 374//374
f 621//621 374//374 382//382
f 375//375 622//622 376//376
f 376//376 622//622 623//623
f 376//376 623//623 377//377
f 377//377 623//623 624//624
f 377//377 624//624 378//378
f 378//378 624//624 625//625
f 378//378 625//625 379//379
f 379//379 625//625 626//626
f 379//379 626//626 380//380
f 380//380 626//626 627//627
f 380//380 627//627 381//381
f 381//381 627//627 628//628
f 381//381 628//628 284//284
f 284//284 628//628 282//282
f 646//646 690//690 645//645
f 645//645 690//690 341//341
f 645//645 341//341 340//340
f 341//341 690//690 343//343
f 343//343 690//690 691//691
f 343//343 691//691 345//345
f 345//345 691//691 692//692
f 345//345 692//692 347//347
f 347//347 692//692 693//693
f 347//347 693//693 349//349
f 349//349 693//693 694//694
f 349//349 694//694 351//351
f 351//351 694//694 695//695
f 351//351 695//695 317//317
f 317//317 695//695 318//318
f 690//690 646//646 696//696
f 696//696 646//646 647//647
f 696//696 647//647 697//697
f 697//697 647//647 648//648
f 697//697 648//648 698//698
f 698//698 648//648 649//649
f 698//698 649//649 699//699
f 699//699 649//649 650//650
f 699//699 650//650 700//700
f 700//700 650//650 651//651
f 700//700 651//651 701//701
f 701//701 651//651 652//652
f 701//701 652//652 296//296
f 296//296 652//652 294//294
f 331//331 342//342 344//344
f 331//331 344//344 333//333
f 333//333 344//344 346//346
f 333//333 346//346 335//335
f 335//335 346//346 348//348
f 335//335 348//348 337//337
f 337//337 348//348 350//350
f 337//337 350//350 315//315
f 315//315 350//350 316//316
f 325//325 332//332 334//334
f 325//325 334//334 327//327
f 327//327 334//334 336//336
f 327//327 336//336 313//313
f 313//313 336//336 314//314
f 311//311 326//326 312//312
f 68//68 537//537 702//702
f 702//702 537//537 536//536
f 702//702 536//536 703//703
f 703//703 536//536 535//535
f 703//703 535//535 704//704
f 704//704 535//535 534//534
f 704//704 534//534 705//705
f 705//705 534//534 533//533
f 705//705 533//533 706//706
f 706//706 533//533 532//532
f 706//706 532//532 707//707
f 707//707 532//532 531//531
f 707//707 531//531 708//708
f 708//708 531//531 530//530
f 708//708 530//530 709//709
f 709//709 530//530 529//529
f 709//709 529//529 710//710
f 710//710 529//529 528//528
f 710//710 528//528 711//711
f 711//711 528//528 527//527
f 711//711 527//527 712//712
f 712//712 527//527 526//526
f 712//712 526//526 713//713
f 713//713 526//526 525//525
f 713//713 525//525 714//714
f 714//714 525//525 524//524
f 714//714 524//524 540//540
f 540//540 524//524 523//523
f 68//68 702//702 66//66
f 66//66 702//702 715//715
f 66//66 715//715 64//64
f 64//64 715//715 716//716
f 64//64 716//716 62//62
f 62//62 716//716 717//717
f 62//62 717//717 60//60
f 60//60 717//717 718//718
f 60//60 718//718 58//58
f 58//58 718//718 719//719
f 58//58 719//719 56//56
f 56//56 719//719 569//569
f 715//715 702//702 703//703
f 654//654 147//147 653//653
f 653//653 147//147 146//146
f 653//653 146//146 151//151
f 147//147 654//654 148//148
f 148//148 654//654 655//655
f 148//148 655//655 149//149
f 149//149 655//655 656//656
f 149//149 656//656 150//150
f 150//150 656//656 59//59
f 150//150 59//59 57//57
f 658//658 119//119 657//657
f 657//657 119//119 118//118
f 657//657 118//118 127//127
f 119//119 658//658 120//120
f 120//120 658//658 659//659
f 120//120 659//659 121//121
f 121//121 659//659 660//660
f 121//121 660//660 122//122
f 122//122 660//660 661//661
f 122//122 661//661 123//123
f 123//123 661//661 662//662
f 123//123 662//662 124//124
f 124//124 662//662 663//663
f 124//124 663//663 125//125
f 125//125 663//663 664//664
f 125//125 664//664 126//126
f 126//126 664//664 51//51
f 126//126 51//51 49//49
f 678//678 76//76 677//677
f 677//677 76//76 75//75
f 677//677 75//75 89//89
f 76//76 678//678 77//77
f 77//77 678//678 679//679
f 77//77 679//679 78//78
f 78//78 679//679 680//680
f 78//78 680//680 79//79
f 79//79 680//680 681//681
f 79//79 681//681 80//80
f 80//80 681//681 682//682
f 80//80 682//682 81//81
f 81//81 682//682 683//683
f 81//81 683//683 82//82
f 82//82 683//683 684//684
f 82//82 684//684 83//83
f 83//83 684//684 685//685
f 83//83 685//685 84//84
f 84//84 685//685 686//686
f 84//84 686//686 85//85
f 85//85 686//686 687//687
f 85//85 687//687 86//86
f 86//86 687//687 688//688
f 86//86 688//688 87//87
f 87//87 688//688 689//689
f 87//87 689//689 88//88
f 88//88 689//689 41//41
f 88//88 41//41 39//39
f 611//611 1//1 3//3
f 446//446 444//444 466//466
f 466//466 444//444 443//443
f 448//448 446//446 468//468
f 468//468 446//446 466//466
f 450//450 448//448 470//470
f 470//470 448//448 468//468
f 452//452 450//450 472//472
f 472//472 450//450 470//470
f 454//454 452//452 474//474
f 474//474 452//452 472//472
f 456//456 454//454 476//476
f 476//476 454//454 474//474
f 458//458 456//456 478//478
f 478//478 456//456 476//476
f 460//460 458//458 480//480
f 480//480 458//458 478//478
f 407//407 460//460 408//408
f 408//408 460//460 480//480
f 698//698 720//720 697//697
f 697//697 720//720 721//721
f 697//697 721//721 696//696
f 696//696 721//721 691//691
f 696//696 691//691 690//690
f 720//720 722//722 721//721
f 721//721 722//722 692//692
f 721//721 692//692 691//691
f 720//720 698//698 723//723
f 723//723 698//698 699//699
f 723//723 699//699 724//724
f 724//724 699//699 700//700
f 724//724 700//700 725//725
f 725//725 700//700 701//701
f 725//725 701//701 298//298
f 298//298 701//701 296//296
f 692//692 722//722 693//693
f 693//693 722//722 726//726
f 693//693 726//726 694//694
f 694//694 726//726 727//727
f 694//694 727//727 695//695
f 695//695 727//727 728//728
f 695//695 728//728 318//318
f 318//318 728//728 308//308
f 722//722 720//720 729//729
f 729//729 720//720 723//723
f 729//729 723//723 730//730
f 730//730 723//723 724//724
f 730//730 724//724 731//731
f 731//731 724//724 725//725
f 731//731 725//725 300//300
f 300//300 725//725 298//298
f 705//705 732//732 704//704
f 704//704 732//732 733//733
f 704//704 733//733 703//703
f 703//703 733//733 715//715
f 732//732 734//734 733//733
f 733//733 734//734 716//716
f 733//733 716//716 715//715
f 732//732 705//705 735//735
f 735//735 705//705 706//706
f 735//735 706//706 736//736
f 736//736 706//706 707//707
f 736//736 707//707 737//737
f 737//737 707//707 708//708
f 737//737 708//708 738//738
f 738//738 708//708 709//709
f 738//738 709//709 739//739
f 739//739 709//709 710//710
f 739//739 710//710 740//740
f 740//740 710//710 711//711
f 740//740 711//711 741//741
f 741//741 711//711 712//712
f 741//741 712//712 742//742
f 742//742 712//712 713//713
f 742//742 713//713 743//743
f 743//743 713//713 714//714
f 743//743 714//714 543//543
f 543//543 714//714 540//540
f 716//716 734//734 717//717
f 717//717 734//734 744//744
f 717//717 744//744 718//718
f 718//718 744//744 745//745
f 718//718 745//745 719//719
f 719//719 745//745 746//746
f 719//719 746//746 569//569
f 569//569 746//746 567//567
f 734//734 732//732 747//747
f 747//747 732//732 735//735
f 747//747 735//735 748//748
f 748//748 735//735 736//736
f 748//748 736//736 749//749
f 749//749 736//736 737//737
f 749//749 737//737 750//750
f 750//750 737//737 738//738
f 750//750 738//738 751//751
f 751//751 738//738 739//739
f 751//751 739//739 752//752
f 752//752 739//739 740//740
f 752//752 740//740 753//753
f 753//753 740//740 741//741
f 753//753 741//741 754//754
f 754//754 741//741 742//742
f 754//754 742//742 755//755
f 755//755 742//742 743//743
f 755//755 743//743 546//546
f 546//546 743//743 543//543
f 608//608 607//607 15//15
f 608//608 15//15 17//17
f 11//11 13//13 610//610
f 11//11 610//610 609//609
f 465//465 464//464 483//483
f 483//483 464//464 463//463
f 467//467 465//465 485//485
f 485//485 465//465 483//483
f 469//469 467//467 487//487
f 487//487 467//467 485//485
f 471//471 469//469 489//489
f 489//489 469//469 487//487
f 473//473 471//471 491//491
f 491//491 471//471 489//489
f 475//475 473//473 493//493
f 493//493 473//473 491//491
f 477//477 475//475 495//495
f 495//495 475//475 493//493
f 479//479 477//477 497//497
f 497//497 477//477 495//495
f 409//409 479//479 410//410
f 410//410 479//479 497//497
f 730//730 756//756 729//729
f 729//729 756//756 726//726
f 729//729 726//726 722//722
f 726//726 756//756 727//727
f 727//727 756//756 757//757
f 727//727 757//757 728//728
f 728//728 757//757 306//306
f 728//728 306//306 308//308
f 756//756 730//730 758//758
f 758//758 730//730 731//731
f 758//758 731//731 302//302
f 302//302 731//731 300//300
f 748//748 759//759 747//747
f 747//747 759//759 744//744
f 747//747 744//744 734//734
f 744//744 759//759 745//745
f 745//745 759//759 760//760
f 745//745 760//760 746//746
f 746//746 760//760 761//761
f 746//746 761//761 567//567
f 567//567 761//761 565//565
f 759//759 748//748 762//762
f 762//762 748//748 749//749
f 762//762 749//749 763//763
f 763//763 749//749 750//750
f 763//763 750//750 764//764
f 764//764 750//750 751//751
f 764//764 751//751 765//765
f 765//765 751//751 752//752
f 765//765 752//752 766//766
f 766//766 752//752 753//753
f 766//766 753//753 767//767
f 767//767 753//753 754//754
f 767//767 754//754 768//768
f 768//768 754//754 755//755
f 768//768 755//755 549//549
f 549//549 755//755 546//546
f 605//605 604//604 19//19
f 605//605 19//19 21//21
f 482//482 481//481 260//260
f 260//260 481//481 258//258
f 484//484 482//482 262//262
f 262//262 482//482 260//260
f 486//486 484//484 264//264
f 264//264 484//484 262//262
f 488//488 486//486 266//266
f 266//266 486//486 264//264
f 490//490 488//488 268//268
f 268//268 488//488 266//266
f 492//492 490//490 270//270
f 270//270 490//490 268//268
f 494//494 492//492 272//272
f 272//272 492//492 270//270
f 496//496 494//494 274//274
f 274//274 494//494 272//272
f 411//411 496//496 276//276
f 276//276 496//496 274//274
f 302//302 304//304 758//758
f 758//758 304//304 757//757
f 758//758 757//757 756//756
f 304//304 306//306 757//757
f 763//763 769//769 762//762
f 762//762 769//769 760//760
f 762//762 760//760 759//759
f 760//760 769//769 761//761
f 761//761 769//769 770//770
f 761//761 770//770 565//565
f 565//565 770//770 563//563
f 769//769 763//763 771//771
f 771//771 763//763 764//764
f 771//771 764//764 772//772
f 772//772 764//764 765//765
f 772//772 765//765 773//773
f 773//773 765//765 766//766
f 773//773 766//766 774//774
f 774//774 766//766 767//767
f 774//774 767//767 775//775
f 775//775 767//767 768//768
f 775//775 768//768 551//551
f 551//551 768//768 549//549
f 50//50 52//52 576//576
f 602//602 601//601 23//23
f 602//602 23//23 25//25
f 259//259 257//257 776//776
f 776//776 257//257 255//255
f 776//776 255//255 777//777
f 777//777 255//255 253//253
f 777//777 253//253 251//251
f 261//261 259//259 778//778
f 778//778 259//259 776//776
f 778//778 776//776 779//779
f 779//779 776//776 777//777
f 779//779 777//777 780//780
f 780//780 777//777 251//251
f 780//780 251//251 249//249
f 263//263 261//261 781//781
f 781//781 261//261 778//778
f 781//781 778//778 782//782
f 782//782 778//778 779//779
f 782//782 779//779 783//783
f 783//783 779//779 780//780
f 783//783 780//780 784//784
f 784//784 780//780 249//249
f 784//784 249//249 247//247
f 265//265 263//263 785//785
f 785//785 263//263 781//781
f 785//785 781//781 786//786
f 786//786 781//781 782//782
f 786//786 782//782 787//787
f 787//787 782//782 783//783
f 787//787 783//783 788//788
f 788//788 783//783 784//784
f 788//788 784//784 245//245
f 245//245 784//784 247//247
f 267//267 265//265 789//789
f 789//789 265//265 785//785
f 789//789 785//785 790//790
f 790//790 785//785 786//786
f 790//790 786//786 791//791
f 791//791 786//786 787//787
f 791//791 787//787 792//792
f 792//792 787//787 788//788
f 792//792 788//788 243//243
f 243//243 788//788 245//245
f 269//269 267//267 793//793
f 793//793 267//267 789//789
f 793//793 789//789 794//794
f 794//794 789//789 790//790
f 794//794 790//790 795//795
f 795//795 790//790 791//791
f 795//795 791//791 796//796
f 796//796 791//791 792//792
f 796//796 792//792 241//241
f 241//241 792//792 243//243
f 271//271 269//269 797//797
f 797//797 269//269 793//793
f 797//797 793//793 798//798
f 798//798 793//793 794//794
f 798//798 794//794 799//799
f 799//799 794//794 795//795
f 799//799 795//795 800//800
f 800//800 795//795 796//796
f 800//800 796//796 238//238
f 238//238 796//796 241//241
f 273//273 271//271 801//801
f 801//801 271//271 797//797
f 801//801 797//797 802//802
f 802//802 797//797 798//798
f 802//802 798//798 803//803
f 803//803 798//798 799//799
f 803//803 799//799 804//804
f 804//804 799//799 800//800
f 804//804 800//800 236//236
f 236//236 800//800 238//238
f 275//275 273//273 805//805
f 805//805 273//273 801//801
f 805//805 801//801 806//806
f 806//806 801//801 802//802
f 806//806 802//802 807//807
f 807//807 802//802 803//803
f 807//807 803//803 808//808
f 808//808 803//803 804//804
f 808//808 804//804 234//234
f 234//234 804//804 236//236
f 277//277 275//275 809//809
f 809//809 275//275 805//805
f 809//809 805//805 810//810
f 810//810 805//805 806//806
f 810//810 806//806 811//811
f 811//811 806//806 807//807
f 811//811 807//807 812//812
f 812//812 807//807 808//808
f 812//812 808//808 232//232
f 232//232 808//808 234//234
f 279//279 277//277 813//813
f 813//813 277//277 809//809
f 813//813 809//809 814//814
f 814//814 809//809 810//810
f 814//814 810//810 815//815
f 815//815 810//810 811//811
f 815//815 811//811 816//816
f 816//816 811//811 812//812
f 816//816 812//812 230//230
f 230//230 812//812 232//232
f 281//281 279//279 817//817
f 817//817 279//279 813//813
f 817//817 813//813 818//818
f 818//818 813//813 814//814
f 818//818 814//814 819//819
f 819//819 814//814 815//815
f 819//819 815//815 820//820
f 820//820 815//815 816//816
f 820//820 816//816 228//228
f 228//228 816//816 230//230
f 283//283 281//281 821//821
f 821//821 281//281 817//817
f 821//821 817//817 822//822
f 822//822 817//817 818//818
f 822//822 818//818 823//823
f 823//823 818//818 819//819
f 823//823 819//819 824//824
f 824//824 819//819 820//820
f 824//824 820//820 226//226
f 226//226 820//820 228//228
f 285//285 283//283 825//825
f 825//825 283//283 821//821
f 825//825 821//821 826//826
f 826//826 821//821 822//822
f 826//826 822//822 827//827
f 827//827 822//822 823//823
f 827//827 823//823 828//828
f 828//828 823//823 824//824
f 828//828 824//824 224//224
f 224//224 824//824 226//226
f 287//287 285//285 829//829
f 829//829 285//285 825//825
f 829//829 825//825 830//830
f 830//830 825//825 826//826
f 830//830 826//826 831//831
f 831//831 826//826 827//827
f 831//831 827//827 832//832
f 832//832 827//827 828//828
f 832//832 828//828 222//222
f 222//222 828//828 224//224
f 289//289 287//287 833//833
f 833//833 287//287 829//829
f 833//833 829//829 834//834
f 834//834 829//829 830//830
f 834//834 830//830 835//835
f 835//835 830//830 831//831
f 835//835 831//831 836//836
f 836//836 831//831 832//832
f 836//836 832//832 220//220
f 220//220 832//832 222//222
f 291//291 289//289 837//837
f 837//837 289//289 833//833
f 837//837 833//833 838//838
f 838//838 833//833 834//834
f 838//838 834//834 839//839
f 839//839 834//834 835//835
f 839//839 835//835 840//840
f 840//840 835//835 836//836
f 840//840 836//836 218//218
f 218//218 836//836 220//220
f 293//293 291//291 841//841
f 841//841 291//291 837//837
f 841//841 837//837 842//842
f 842//842 837//837 838//838
f 842//842 838//838 843//843
f 843//843 838//838 839//839
f 843//843 839//839 844//844
f 844//844 839//839 840//840
f 844//844 840//840 216//216
f 216//216 840//840 218//218
f 295//295 293//293 845//845
f 845//845 293//293 841//841
f 845//845 841//841 846//846
f 846//846 841//841 842//842
f 846//846 842//842 847//847
f 847//847 842//842 843//843
f 847//847 843//843 848//848
f 848//848 843//843 844//844
f 848//848 844//844 214//214
f 214//214 844//844 216//216
f 297//297 295//295 849//849
f 849//849 295//295 845//845
f 849//849 845//845 850//850
f 850//850 845//845 846//846
f 850//850 846//846 851//851
f 851//851 846//846 847//847
f 851//851 847//847 852//852
f 852//852 847//847 848//848
f 852//852 848//848 212//212
f 212//212 848//848 214//214
f 299//299 297//297 853//853
f 853//853 297//297 849//849
f 853//853 849//849 854//854
f 854//854 849//849 850//850
f 854//854 850//850 855//855
f 855//855 850//850 851//851
f 855//855 851//851 856//856
f 856//856 851//851 852//852
f 856//856 852//852 210//210
f 210//210 852//852 212//212
f 301//301 299//299 857//857
f 857//857 299//299 853//853
f 857//857 853//853 858//858
f 858//858 853//853 854//854
f 858//858 854//854 859//859
f 859//859 854//854 855//855
f 859//859 855//855 860//860
f 860//860 855//855 856//856
f 860//860 856//856 208//208
f 208//208 856//856 210//210
f 303//303 301//301 861//861
f 861//861 301//301 857//857
f 861//861 857//857 862//862
f 862//862 857//857 858//858
f 862//862 858//858 863//863
f 863//863 858//858 859//859
f 863//863 859//859 864//864
f 864//864 859//859 860//860
f 864//864 860//860 206//206
f 206//206 860//860 208//208
f 305//305 303//303 865//865
f 865//865 303//303 861//861
f 865//865 861//861 866//866
f 866//866 861//861 862//862
f 866//866 862//862 867//867
f 867//867 862//862 863//863
f 867//867 863//863 868//868
f 868//868 863//863 864//864
f 868//868 864//864 204//204
f 204//204 864//864 206//206
f 307//307 305//305 869//869
f 869//869 305//305 865//865
f 869//869 865//865 870//870
f 870//870 865//865 866//866
f 870//870 866//866 871//871
f 871//871 866//866 867//867
f 871//871 867//867 872//872
f 872//872 867//867 868//868
f 872//872 868//868 202//202
f 202//202 868//868 204//204
f 189//189 307//307 191//191
f 191//191 307//307 869//869
f 191//191 869//869 193//193
f 193//193 869//869 870//870
f 193//193 870//870 195//195
f 195//195 870//870 871//871
f 195//195 871//871 197//197
f 197//197 871//871 872//872
f 197//197 872//872 199//199
f 199//199 872//872 202//202
f 772//772 873//873 771//771
f 771//771 873//873 770//770
f 771//771 770//770 769//769
f 561//561 563//563 873//873
f 873//873 563//563 770//770
f 873//873 772//772 874//874
f 874//874 772//772 773//773
f 874//874 773//773 875//875
f 875//875 773//773 774//774
f 875//875 774//774 876//876
f 876//876 774//774 775//775
f 876//876 775//775 553//553
f 553//553 775//775 551//551
f 50//50 576//576 877//877
f 877//877 576//576 575//575
f 877//877 575//575 878//878
f 878//878 575//575 574//574
f 878//878 574//574 879//879
f 879//879 574//574 573//573
f 879//879 573//573 880//880
f 880//880 573//573 572//572
f 880//880 572//572 577//577
f 577//577 572//572 571//571
f 585//585 48//48 877//877
f 877//877 48//48 50//50
f 585//585 877//877 878//878
f 599//599 598//598 27//27
f 599//599 27//27 29//29
f 875//875 559//559 874//874
f 874//874 559//559 561//561
f 874//874 561//561 873//873
f 559//559 875//875 557//557
f 557//557 875//875 876//876
f 557//557 876//876 555//555
f 555//555 876//876 553//553
f 585//585 878//878 583//583
f 583//583 878//878 879//879
f 583//583 879//879 581//581
f 581//581 879//879 880//880
f 581//581 880//880 579//579
f 579//579 880//880 577//577
f 42//42 44//44 588//588
f 596//596 595//595 31//31
f 596//596 31//31 33//33
f 42//42 588//588 589//589
f 589//589 588//588 587//587
f 589//589 40//40 42//42
f 430//430 429//429 881//881
f 881//881 429//429 882//882
f 881//881 882//882 883//883
f 883//883 882//882 884//884
f 883//883 884//884 885//885
f 885//885 884//884 886//886
f 885//885 886//886 887//887
f 887//887 886//886 888//888
f 887//887 888//888 889//889
f 889//889 888//888 890//890
f 889//889 890//890 891//891
f 891//891 890//890 892//892
f 891//891 892//892 893//893
f 893//893 892//892 894//894
f 893//893 894//894 895//895
f 895//895 894//894 896//896
f 895//895 896//896 897//897
f 897//897 896//896 898//898
f 897//897 898//898 899//899
f 899//899 898//898 900//900
f 899//899 900//900 901//901
f 901//901 900//900 902//902
f 901//901 902//902 903//903
f 903//903 902//902 904//904
f 903//903 904//904 905//905
f 905//905 904//904 906//906
f 905//905 906//906 907//907
f 907//907 906//906 908//908
f 907//907 908//908 909//909
f 909//909 908//908 910//910
f 909//909 910//910 911//911
f 911//911 910//910 912//912
f 911//911 912//912 913//913
f 913//913 912//912 914//914
f 913//913 914//914 915//915
f 915//915 914//914 916//916
f 916//916 914//914 917//917
f 916//916 917//917 918//918
f 918//918 917//917 919//919
f 918//918 919//919 920//920
f 920//920 919//919 921//921
f 920//920 921//921 922//922
f 922//922 921//921 923//923
f 922//922 923//923 924//924
f 924//924 923//923 925//925
f 924//924 925//925 926//926
f 926//926 925//925 927//927
f 926//926 927//927 928//928
f 928//928 927//927 929//929
f 928//928 929//929 930//930
f 930//930 929//929 931//931
f 930//930 931//931 932//932
f 932//932 931//931 933//933
f 932//932 933//933 934//934
f 934//934 933//933 935//935
f 934//934 935//935 936//936
f 936//936 935//935 937//937
f 936//936 937//937 938//938
f 938//938 937//937 939//939
f 938//938 939//939 940//940
f 940//940 939//939 941//941
f 940//940 941//941 942//942
f 942//942 941//941 943//943
f 942//942 943//943 944//944
f 944//944 943//943 945//945
f 944//944 945//945 946//946
f 946//946 945//945 947//947
f 946//946 947//947 948//948
f 948//948 947//947 949//949
f 948//948 949//949 950//950
f 882//882 951//951 884//884
f 884//884 951//951 952//952
f 884//884 952//952 886//886
f 886//886 952//952 953//953
f 886//886 953//953 888//888
f 888//888 953//953 954//954
f 888//888 954//954 890//890
f 890//890 954//954 955//955
f 890//890 955//955 892//892
f 892//892 955//955 956//956
f 892//892 956//956 894//894
f 894//894 956//956 957//957
f 894//894 957//957 896//896
f 896//896 957//957 958//958
f 896//896 958//958 898//898
f 898//898 958//958 959//959
f 898//898 959//959 900//900
f 900//900 959//959 960//960
f 900//900 960//960 902//902
f 902//902 960//960 961//961
f 902//902 961//961 904//904
f 904//904 961//961 962//962
f 904//904 962//962 906//906
f 906//906 962//962 963//963
f 906//906 963//963 908//908
f 908//908 963//963 964//964
f 908//908 964//964 910//910
f 910//910 964//964 965//965
f 910//910 965//965 912//912
f 912//912 965//965 966//966
f 912//912 966//966 914//914
f 914//914 966//966 917//917
f 952//952 951//951 967//967
f 967//967 951//951 968//968
f 967//967 968//968 969//969
f 969//969 968//968 970//970
f 969//969 970//970 971//971
f 971//971 970//970 972//972
f 971//971 972//972 973//973
f 973//973 972//972 974//974
f 973//973 974//974 975//975
f 975//975 974//974 976//976
f 975//975 976//976 977//977
f 977//977 976//976 978//978
f 977//977 978//978 979//979
f 979//979 978//978 980//980
f 979//979 980//980 981//981
f 981//981 980//980 982//982
f 981//981 982//982 983//983
f 983//983 982//982 984//984
f 983//983 984//984 985//985
f 985//985 984//984 986//986
f 985//985 986//986 987//987
f 987//987 986//986 988//988
f 987//987 988//988 989//989
f 989//989 988//988 990//990
f 989//989 990//990 991//991
f 991//991 990//990 992//992
f 991//991 992//992 993//993
f 993//993 992//992 925//925
f 993//993 925//925 923//923
f 970//970 994//994 972//972
f 972//972 994//994 995//995
f 972//972 995//995 974//974
f 974//974 995//995 996//996
f 974//974 996//996 976//976
f 976//976 996//996 997//997
f 976//976 997//997 978//978
f 978//978 997//997 998//998
f 978//978 998//998 980//980
f 980//980 998//998 999//999
f 980//980 999//999 982//982
f 982//982 999//999 1000//1000
f 982//982 1000//1000 984//984
f 984//984 1000//1000 1001//1001
f 984//984 1001//1001 986//986
f 986//986 1001//1001 1002//1002
f 986//986 1002//1002 988//988
f 988//988 1002//1002 1003//1003
f 988//988 1003//1003 990//990
f 990//990 1003//1003 1004//1004
f 990//990 1004//1004 992//992
f 992//992 1004//1004 927//927
f 992//992 927//927 925//925
f 995//995 994//994 1005//1005
f 1005//1005 994//994 1006//1006
f 1005//1005 1006//1006 1007//1007
f 1007//1007 1006//1006 1008//1008
f 1007//1007 1008//1008 1009//1009
f 1009//1009 1008//1008 1010//1010
f 1009//1009 1010//1010 1011//1011
f 1011//1011 1010//1010 1012//1012
f 1011//1011 1012//1012 1013//1013
f 1013//1013 1012//1012 1014//1014
f 1013//1013 1014//1014 1015//1015
f 1015//1015 1014//1014 1016//1016
f 1015//1015 1016//1016 1017//1017
f 1017//1017 1016//1016 1018//1018
f 1017//1017 1018//1018 1019//1019
f 1019//1019 1018//1018 1020//1020
f 1019//1019 1020//1020 1021//1021
f 1021//1021 1020//1020 933//933
f 1021//1021 933//933 931//931
f 1006//1006 1022//1022 1008//1008
f 1008//1008 1022//1022 1023//1023
f 1008//1008 1023//1023 1010//1010
f 1010//1010 1023//1023 1024//1024
f 1010//1010 1024//1024 1012//1012
f 1012//1012 1024//1024 1025//1025
f 1012//1012 1025//1025 1014//1014
f 1014//1014 1025//1025 1026//1026
f 1014//1014 1026//1026 1016//1016
f 1016//1016 1026//1026 1027//1027
f 1016//1016 1027//1027 1018//1018
f 1018//1018 1027//1027 1028//1028
f 1018//1018 1028//1028 1020//1020
f 1020//1020 1028//1028 935//935
f 1020//1020 935//935 933//933
f 1023//1023 1022//1022 1029//1029
f 1029//1029 1022//1022 1030//1030
f 1029//1029 1030//1030 1031//1031
f 1031//1031 1030//1030 1032//1032
f 1031//1031 1032//1032 1033//1033
f 1033//1033 1032//1032 1034//1034
f 1033//1033 1034//1034 1035//1035
f 1035//1035 1034//1034 1036//1036
f 1035//1035 1036//1036 1037//1037
f 1037//1037 1036//1036 941//941
f 1037//1037 941//941 939//939
f 1030//1030 1038//1038 1032//1032
f 1032//1032 1038//1038 1039//1039
f 1032//1032 1039//1039 1034//1034
f 1034//1034 1039//1039 1040//1040
f 1034//1034 1040//1040 1036//1036
f 1036//1036 1040//1040 943//943
f 1036//1036 943//943 941//941
f 1038//1038 1041//1041 1039//1039
f 1039//1039 1041//1041 1042//1042
f 1039//1039 1042//1042 1040//1040
f 1040//1040 1042//1042 945//945
f 1040//1040 945//945 943//943
f 1041//1041 1043//1043 1042//1042
f 1042//1042 1043//1043 947//947
f 1042//1042 947//947 945//945
f 1043//1043 949//949 947//947
f 948//948 950//950 1044//1044
f 1044//1044 950//950 1045//1045
f 1044//1044 1045//1045 1046//1046
f 1046//1046 1045//1045 1047//1047
f 1046//1046 1047//1047 1048//1048
f 1048//1048 1047//1047 1049//1049
f 1048//1048 1049//1049 1050//1050
f 1050//1050 1049//1049 1051//1051
f 1050//1050 1051//1051 1052//1052
f 1052//1052 1051//1051 1053//1053
f 1052//1052 1053//1053 1054//1054
f 1054//1054 1053//1053 1055//1055
f 1054//1054 1055//1055 1056//1056
f 1056//1056 1055//1055 1057//1057
f 1056//1056 1057//1057 1058//1058
f 1058//1058 1057//1057 1059//1059
f 1058//1058 1059//1059 1060//1060
f 1060//1060 1059//1059 1061//1061
f 1060//1060 1061//1061 1062//1062
f 1062//1062 1061//1061 1063//1063
f 1062//1062 1063//1063 1064//1064
f 1064//1064 1063//1063 1065//1065
f 1064//1064 1065//1065 1066//1066
f 1066//1066 1065//1065 1067//1067
f 1066//1066 1067//1067 1068//1068
f 1068//1068 1067//1067 1069//1069
f 1068//1068 1069//1069 1070//1070
f 1070//1070 1069//1069 1071//1071
f 1070//1070 1071//1071 1072//1072
f 1072//1072 1071//1071 1073//1073
f 1072//1072 1073//1073 1074//1074
f 1074//1074 1073//1073 1075//1075
f 1074//1074 1075//1075 1076//1076
f 1076//1076 1075//1075 1077//1077
f 1076//1076 1077//1077 1078//1078
f 1078//1078 1077//1077 1079//1079
f 1079//1079 1077//1077 1080//1080
f 1079//1079 1080//1080 1081//1081
f 1081//1081 1080//1080 1082//1082
f 1081//1081 1082//1082 1083//1083
f 1083//1083 1082//1082 1084//1084
f 1083//1083 1084//1084 1085//1085
f 1085//1085 1084//1084 1086//1086
f 1085//1085 1086//1086 1087//1087
f 1087//1087 1086//1086 1088//1088
f 1087//1087 1088//1088 1089//1089
f 1089//1089 1088//1088 1090//1090
f 1089//1089 1090//1090 1091//1091
f 1091//1091 1090//1090 1092//1092
f 1091//1091 1092//1092 1093//1093
f 1093//1093 1092//1092 1094//1094
f 1093//1093 1094//1094 1095//1095
f 1095//1095 1094//1094 1096//1096
f 1095//1095 1096//1096 1097//1097
f 1097//1097 1096//1096 1098//1098
f 1097//1097 1098//1098 1099//1099
f 1099//1099 1098//1098 1100//1100
f 1099//1099 1100//1100 1101//1101
f 1101//1101 1100//1100 1102//1102
f 1101//1101 1102//1102 1103//1103
f 1103//1103 1102//1102 1104//1104
f 1103//1103 1104//1104 1105//1105
f 1105//1105 1104//1104 1106//1106
f 1105//1105 1106//1106 1107//1107
f 1107//1107 1106//1106 1108//1108
f 1107//1107 1108//1108 1109//1109
f 1109//1109 1108//1108 1110//1110
f 1109//1109 1110//1110 1111//1111
f 1111//1111 1110//1110 1112//1112
f 1111//1111 1112//1112 1113//1113
f 1113//1113 1112//1112 1114//1114
f 1113//1113 1114//1114 1115//1115
f 1115//1115 1114//1114 1116//1116
f 1115//1115 1116//1116 1117//1117
f 1117//1117 1116//1116 1118//1118
f 1118//1118 1116//1116 1119//1119
f 1118//1118 1119//1119 1120//1120
f 1120//1120 1119//1119 1121//1121
f 1120//1120 1121//1121 1122//1122
f 1122//1122 1121//1121 1123//1123
f 1122//1122 1123//1123 1124//1124
f 1124//1124 1123//1123 1125//1125
f 1124//1124 1125//1125 1126//1126
f 1126//1126 1125//1125 1127//1127
f 1126//1126 1127//1127 1128//1128
f 1128//1128 1127//1127 1129//1129
f 1128//1128 1129//1129 1130//1130
f 1130//1130 1129//1129 1131//1131
f 1130//1130 1131//1131 594//594
f 594//594 1131//1131 1132//1132
f 594//594 1132//1132 597//597
f 597//597 1132//1132 1133//1133
f 597//597 1133//1133 1134//1134
f 1134//1134 1133//1133 1135//1135
f 1134//1134 1135//1135 1136//1136
f 1136//1136 1135//1135 1137//1137
f 1136//1136 1137//1137 1138//1138
f 1138//1138 1137//1137 1139//1139
f 1138//1138 1139//1139 1140//1140
f 1140//1140 1139//1139 1141//1141
f 1140//1140 1141//1141 1142//1142
f 1142//1142 1141//1141 1143//1143
f 1142//1142 1143//1143 1144//1144
f 1144//1144 1143//1143 1145//1145
f 1144//1144 1145//1145 1146//1146
f 1146//1146 1145//1145 1147//1147
f 1146//1146 1147//1147 1148//1148
f 1148//1148 1147//1147 1149//1149
f 1148//1148 1149//1149 1150//1150
f 1150//1150 1149//1149 1151//1151
f 1150//1150 1151//1151 1152//1152
f 1152//1152 1151//1151 1153//1153
f 1152//1152 1153//1153 1154//1154
f 1154//1154 1153//1153 1155//1155
f 1154//1154 1155//1155 1156//1156
f 1156//1156 1155//1155 1157//1157
f 1156//1156 1157//1157 1158//1158
f 1158//1158 1157//1157 1159//1159
f 1158//1158 1159//1159 1160//1160
f 1160//1160 1159//1159 1161//1161
f 1160//1160 1161//1161 1162//1162
f 1162//1162 1161//1161 1163//1163
f 1162//1162 1163//1163 1164//1164
f 1164//1164 1163//1163 1165//1165
f 1164//1164 1165//1165 1166//1166
f 1166//1166 1165//1165 1167//1167
f 1166//1166 1167//1167 1168//1168
f 1168//1168 1167//1167 1169//1169
f 1168//1168 1169//1169 1170//1170
f 1170//1170 1169//1169 1171//1171
f 1170//1170 1171//1171 1172//1172
f 1172//1172 1171//1171 1173//1173
f 1172//1172 1173//1173 1174//1174
f 1174//1174 1173//1173 1175//1175
f 1174//1174 1175//1175 1176//1176
f 1176//1176 1175//1175 1177//1177
f 1176//1176 1177//1177 1178//1178
f 1178//1178 1177//1177 1179//1179
f 1178//1178 1179//1179 1180//1180
f 1180//1180 1179//1179 1181//1181
f 1180//1180 1181//1181 1182//1182
f 1182//1182 1181//1181 1183//1183
f 1182//1182 1183//1183 1184//1184
f 1184//1184 1183//1183 1067//1067
f 1184//1184 1067//1067 1065//1065
f 1045//1045 1185//1185 1047//1047
f 1047//1047 1185//1185 1186//1186
f 1047//1047 1186//1186 1049//1049
f 1049//1049 1186//1186 1187//1187
f 1049//1049 1187//1187 1051//1051
f 1051//1051 1187//1187 1188//1188
f 1051//1051 1188//1188 1053//1053
f 1053//1053 1188//1188 1189//1189
f 1053//1053 1189//1189 1055//1055
f 1055//1055 1189//1189 1190//1190
f 1055//1055 1190//1190 1057//1057
f 1057//1057 1190//1190 1191//1191
f 1057//1057 1191//1191 1059//1059
f 1059//1059 1191//1191 1192//1192
f 1059//1059 1192//1192 1061//1061
f 1061//1061 1192//1192 1193//1193
f 1061//1061 1193//1193 1063//1063
f 1063//1063 1193//1193 1194//1194
f 1063//1063 1194//1194 1065//1065
f 1065//1065 1194//1194 1184//1184
f 1195//1195 1196//1196 1185//1185
f 1185//1185 1196//1196 1197//1197
f 1185//1185 1197//1197 1186//1186
f 1186//1186 1197//1197 1187//1187
f 1198//1198 1199//1199 1195//1195
f 1195//1195 1199//1199 1200//1200
f 1195//1195 1200//1200 1196//1196
f 1196//1196 1200//1200 1201//1201
f 1196//1196 1201//1201 1202//1202
f 1202//1202 1201//1201 1203//1203
f 1202//1202 1203//1203 1188//1188
f 1188//1188 1203//1203 1189//1189
f 1204//1204 1205//1205 1198//1198
f 1198//1198 1205//1205 1206//1206
f 1198//1198 1206//1206 1199//1199
f 1199//1199 1206//1206 1207//1207
f 1199//1199 1207//1207 1208//1208
f 1208//1208 1207//1207 1209//1209
f 1208//1208 1209//1209 1210//1210
f 1210//1210 1209//1209 1211//1211
f 1210//1210 1211//1211 1212//1212
f 1212//1212 1211//1211 1213//1213
f 1212//1212 1213//1213 1190//1190
f 1190//1190 1213//1213 1191//1191
f 1214//1214 1215//1215 1204//1204
f 1204//1204 1215//1215 1216//1216
f 1204//1204 1216//1216 1205//1205
f 1205//1205 1216//1216 1217//1217
f 1205//1205 1217//1217 1218//1218
f 1218//1218 1217//1217 1219//1219
f 1218//1218 1219//1219 1220//1220
f 1220//1220 1219//1219 1221//1221
f 1220//1220 1221//1221 1222//1222
f 1222//1222 1221//1221 1223//1223
f 1222//1222 1223//1223 1224//1224
f 1224//1224 1223//1223 1225//1225
f 1224//1224 1225//1225 1226//1226
f 1226//1226 1225//1225 1227//1227
f 1226//1226 1227//1227 1192//1192
f 1192//1192 1227//1227 1193//1193
f 1215//1215 1214//1214 1228//1228
f 1228//1228 1214//1214 1229//1229
f 1228//1228 1229//1229 1230//1230
f 1230//1230 1229//1229 1231//1231
f 1230//1230 1231//1231 1232//1232
f 1232//1232 1231//1231 1233//1233
f 1232//1232 1233//1233 1234//1234
f 1234//1234 1233//1233 1235//1235
f 1234//1234 1235//1235 1236//1236
f 1236//1236 1235//1235 1237//1237
f 1236//1236 1237//1237 1238//1238
f 1238//1238 1237//1237 1239//1239
f 1238//1238 1239//1239 1240//1240
f 1240//1240 1239//1239 1241//1241
f 1240//1240 1241//1241 1242//1242
f 1242//1242 1241//1241 1243//1243
f 1242//1242 1243//1243 1244//1244
f 1244//1244 1243//1243 1245//1245
f 1244//1244 1245//1245 1246//1246
f 1246//1246 1245//1245 1247//1247
f 1246//1246 1247//1247 1164//1164
f 1164//1164 1247//1247 1162//1162
f 1229//1229 1248//1248 1231//1231
f 1231//1231 1248//1248 1249//1249
f 1231//1231 1249//1249 1233//1233
f 1233//1233 1249//1249 1250//1250
f 1233//1233 1250//1250 1235//1235
f 1235//1235 1250//1250 1251//1251
f 1235//1235 1251//1251 1237//1237
f 1237//1237 1251//1251 1252//1252
f 1237//1237 1252//1252 1239//1239
f 1239//1239 1252//1252 1253//1253
f 1239//1239 1253//1253 1241//1241
f 1241//1241 1253//1253 1254//1254
f 1241//1241 1254//1254 1243//1243
f 1243//1243 1254//1254 1255//1255
f 1243//1243 1255//1255 1245//1245
f 1245//1245 1255//1255 1256//1256
f 1245//1245 1256//1256 1247//1247
f 1247//1247 1256//1256 1257//1257
f 1247//1247 1257//1257 1162//1162
f 1162//1162 1257//1257 1160//1160
f 1249//1249 1248//1248 1258//1258
f 1258//1258 1248//1248 1259//1259
f 1258//1258 1259//1259 1260//1260
f 1260//1260 1259//1259 1261//1261
f 1260//1260 1261//1261 1262//1262
f 1262//1262 1261//1261 1263//1263
f 1262//1262 1263//1263 1264//1264
f 1264//1264 1263//1263 1265//1265
f 1264//1264 1265//1265 1266//1266
f 1266//1266 1265//1265 1267//1267
f 1266//1266 1267//1267 1268//1268
f 1268//1268 1267//1267 1269//1269
f 1268//1268 1269//1269 1270//1270
f 1270//1270 1269//1269 1271//1271
f 1270//1270 1271//1271 1272//1272
f 1272//1272 1271//1271 1273//1273
f 1272//1272 1273//1273 1274//1274
f 1274//1274 1273//1273 1275//1275
f 1274//1274 1275//1275 1276//1276
f 1276//1276 1275//1275 1277//1277
f 1276//1276 1277//1277 1156//1156
f 1156//1156 1277//1277 1154//1154
f 1259//1259 1278//1278 1261//1261
f 1261//1261 1278//1278 1279//1279
f 1261//1261 1279//1279 1263//1263
f 1263//1263 1279//1279 1280//1280
f 1263//1263 1280//1280 1265//1265
f 1265//1265 1280//1280 1281//1281
f 1265//1265 1281//1281 1267//1267
f 1267//1267 1281//1281 1282//1282
f 1267//1267 1282//1282 1269//1269
f 1269//1269 1282//1282 1283//1283
f 1269//1269 1283//1283 1271//1271
f 1271//1271 1283//1283 1284//1284
f 1271//1271 1284//1284 1273//1273
f 1273//1273 1284//1284 1285//1285
f 1273//1273 1285//1285 1275//1275
f 1275//1275 1285//1285 1286//1286
f 1275//1275 1286//1286 1277//1277
f 1277//1277 1286//1286 1287//1287
f 1277//1277 1287//1287 1154//1154
f 1154//1154 1287//1287 1152//1152
f 1279//1279 1278//1278 1288//1288
f 1288//1288 1278//1278 1289//1289
f 1288//1288 1289//1289 1290//1290
f 1290//1290 1289//1289 1291//1291
f 1290//1290 1291//1291 1292//1292
f 1292//1292 1291//1291 1293//1293
f 1292//1292 1293//1293 1294//1294
f 1294//1294 1293//1293 1295//1295
f 1294//1294 1295//1295 1296//1296
f 1296//1296 1295//1295 1297//1297
f 1296//1296 1297//1297 1298//1298
f 1298//1298 1297//1297 1299//1299
f 1298//1298 1299//1299 1300//1300
f 1300//1300 1299//1299 1301//1301
f 1300//1300 1301//1301 1302//1302
f 1302//1302 1301//1301 1303//1303
f 1302//1302 1303//1303 1304//1304
f 1304//1304 1303//1303 2//2
f 1304//1304 2//2 1//1
f 606//606 1305//1305 1//1
f 1//1 1305//1305 1306//1306
f 1//1 1306//1306 1304//1304
f 1304//1304 1306//1306 1307//1307
f 1304//1304 1307//1307 1302//1302
f 1302//1302 1307//1307 1308//1308
f 1302//1302 1308//1308 1300//1300
f 1300//1300 1308//1308 1309//1309
f 1300//1300 1309//1309 1298//1298
f 1298//1298 1309//1309 1310//1310
f 1298//1298 1310//1310 1296//1296
f 1296//1296 1310//1310 1311//1311
f 1296//1296 1311//1311 1294//1294
f 1294//1294 1311//1311 1312//1312
f 1294//1294 1312//1312 1292//1292
f 1292//1292 1312//1312 1313//1313
f 1292//1292 1313//1313 1290//1290
f 1290//1290 1313//1313 1314//1314
f 1290//1290 1314//1314 1288//1288
f 1288//1288 1314//1314 1280//1280
f 1288//1288 1280//1280 1279//1279
f 603//603 1315//1315 606//606
f 606//606 1315//1315 1316//1316
f 606//606 1316//1316 1317//1317
f 1317//1317 1316//1316 1318//1318
f 1317//1317 1318//1318 1319//1319
f 1319//1319 1318//1318 1320//1320
f 1319//1319 1320//1320 1321//1321
f 1321//1321 1320//1320 1322//1322
f 1321//1321 1322//1322 1323//1323
f 1323//1323 1322//1322 1324//1324
f 1323//1323 1324//1324 1325//1325
f 1325//1325 1324//1324 1326//1326
f 1325//1325 1326//1326 1327//1327
f 1327//1327 1326//1326 1328//1328
f 1327//1327 1328//1328 1329//1329
f 1329//1329 1328//1328 1330//1330
f 1329//1329 1330//1330 1331//1331
f 1331//1331 1330//1330 1332//1332
f 1331//1331 1332//1332 1333//1333
f 1333//1333 1332//1332 1283//1283
f 1333//1333 1283//1283 1282//1282
f 600//600 1334//1334 603//603
f 603//603 1334//1334 1335//1335
f 603//603 1335//1335 1315//1315
f 1315//1315 1335//1335 1336//1336
f 1315//1315 1336//1336 1337//1337
f 1337//1337 1336//1336 1338//1338
f 1337//1337 1338//1338 1339//1339
f 1339//1339 1338//1338 1340//1340
f 1339//1339 1340//1340 1341//1341
f 1341//1341 1340//1340 1342//1342
f 1341//1341 1342//1342 1343//1343
f 1343//1343 1342//1342 1344//1344
f 1343//1343 1344//1344 1345//1345
f 1345//1345 1344//1344 1346//1346
f 1345//1345 1346//1346 1347//1347
f 1347//1347 1346//1346 1348//1348
f 1347//1347 1348//1348 1349//1349
f 1349//1349 1348//1348 1350//1350
f 1349//1349 1350//1350 1351//1351
f 1351//1351 1350//1350 1285//1285
f 1351//1351 1285//1285 1284//1284
f 597//597 1134//1134 600//600
f 600//600 1134//1134 1352//1352
f 600//600 1352//1352 1334//1334
f 1334//1334 1352//1352 1353//1353
f 1334//1334 1353//1353 1354//1354
f 1354//1354 1353//1353 1355//1355
f 1354//1354 1355//1355 1356//1356
f 1356//1356 1355//1355 1357//1357
f 1356//1356 1357//1357 1358//1358
f 1358//1358 1357//1357 1359//1359
f 1358//1358 1359//1359 1360//1360
f 1360//1360 1359//1359 1361//1361
f 1360//1360 1361//1361 1362//1362
f 1362//1362 1361//1361 1363//1363
f 1362//1362 1363//1363 1364//1364
f 1364//1364 1363//1363 1365//1365
f 1364//1364 1365//1365 1366//1366
f 1366//1366 1365//1365 1367//1367
f 1366//1366 1367//1367 1368//1368
f 1368//1368 1367//1367 1287//1287
f 1368//1368 1287//1287 1286//1286
f 594//594 593//593 1130//1130
f 1130//1130 593//593 1369//1369
f 1130//1130 1369//1369 1128//1128
f 1128//1128 1369//1369 1370//1370
f 1128//1128 1370//1370 1126//1126
f 1126//1126 1370//1370 1371//1371
f 1126//1126 1371//1371 1124//1124
f 1369//1369 593//593 1372//1372
f 1372//1372 593//593 592//592
f 1372//1372 592//592 1373//1373
f 1373//1373 1374//1374 1372//1372
f 1372//1372 1374//1374 1370//1370
f 1372//1372 1370//1370 1369//1369
f 1374//1374 1371//1371 1370//1370
f 1078//1078 1375//1375 1076//1076
f 1076//1076 1375//1375 1376//1376
f 1076//1076 1376//1376 1074//1074
f 1074//1074 1376//1376 1377//1377
f 1074//1074 1377//1377 1072//1072
f 1072//1072 1377//1377 1378//1378
f 1072//1072 1378//1378 1070//1070
f 1070//1070 1378//1378 1379//1379
f 1070//1070 1379//1379 1068//1068
f 1068//1068 1379//1379 1380//1380
f 1068//1068 1380//1380 1066//1066
f 1066//1066 1380//1380 1381//1381
f 1066//1066 1381//1381 1064//1064
f 1064//1064 1381//1381 1382//1382
f 1064//1064 1382//1382 1062//1062
f 1062//1062 1382//1382 1383//1383
f 1062//1062 1383//1383 1060//1060
f 1060//1060 1383//1383 1384//1384
f 1060//1060 1384//1384 1058//1058
f 1058//1058 1384//1384 1385//1385
f 1058//1058 1385//1385 1056//1056
f 1056//1056 1385//1385 1386//1386
f 1056//1056 1386//1386 1054//1054
f 1054//1054 1386//1386 1387//1387
f 1054//1054 1387//1387 1052//1052
f 1052//1052 1387//1387 1388//1388
f 1052//1052 1388//1388 1050//1050
f 1050//1050 1388//1388 1389//1389
f 1050//1050 1389//1389 1048//1048
f 1048//1048 1389//1389 1390//1390
f 1048//1048 1390//1390 1046//1046
f 1046//1046 1390//1390 1044//1044
f 1375//1375 1391//1391 1376//1376
f 1376//1376 1391//1391 1392//1392
f 1376//1376 1392//1392 1377//1377
f 1377//1377 1392//1392 1393//1393
f 1377//1377 1393//1393 1378//1378
f 1378//1378 1393//1393 1394//1394
f 1378//1378 1394//1394 1379//1379
f 1379//1379 1394//1394 1395//1395
f 1379//1379 1395//1395 1380//1380
f 1380//1380 1395//1395 1396//1396
f 1380//1380 1396//1396 1381//1381
f 1381//1381 1396//1396 1397//1397
f 1381//1381 1397//1397 1382//1382
f 1382//1382 1397//1397 1398//1398
f 1382//1382 1398//1398 1383//1383
f 1383//1383 1398//1398 1399//1399
f 1383//1383 1399//1399 1384//1384
f 1384//1384 1399//1399 1400//1400
f 1384//1384 1400//1400 1385//1385
f 1385//1385 1400//1400 1401//1401
f 1385//1385 1401//1401 1386//1386
f 1386//1386 1401//1401 1402//1402
f 1386//1386 1402//1402 1387//1387
f 1387//1387 1402//1402 1403//1403
f 1387//1387 1403//1403 1388//1388
f 1388//1388 1403//1403 1404//1404
f 1388//1388 1404//1404 1389//1389
f 1389//1389 1404//1404 1405//1405
f 1389//1389 1405//1405 1390//1390
f 1390//1390 1405//1405 1406//1406
f 1390//1390 1406//1406 1044//1044
f 1044//1044 1406//1406 948//948
f 1391//1391 1407//1407 1392//1392
f 1392//1392 1407//1407 1408//1408
f 1392//1392 1408//1408 1409//1409
f 1409//1409 1408//1408 1410//1410
f 1409//1409 1410//1410 1411//1411
f 1409//1409 1411//1411 1412//1412
f 1412//1412 1411//1411 1413//1413
f 1412//1412 1413//1413 1414//1414
f 1412//1412 1414//1414 1415//1415
f 1415//1415 1414//1414 1416//1416
f 1415//1415 1416//1416 1417//1417
f 1415//1415 1417//1417 1418//1418
f 1418//1418 1417//1417 1419//1419
f 1418//1418 1419//1419 1420//1420
f 1420//1420 1419//1419 1421//1421
f 1420//1420 1421//1421 1422//1422
f 1422//1422 1421//1421 1423//1423
f 1422//1422 1423//1423 1424//1424
f 1424//1424 1423//1423 1425//1425
f 1424//1424 1425//1425 1426//1426
f 1426//1426 1425//1425 1427//1427
f 1426//1426 1427//1427 1428//1428
f 1428//1428 1427//1427 1429//1429
f 1428//1428 1429//1429 1430//1430
f 1430//1430 1429//1429 1431//1431
f 1430//1430 1431//1431 1432//1432
f 1432//1432 1431//1431 1433//1433
f 1432//1432 1433//1433 1434//1434
f 1434//1434 1433//1433 1435//1435
f 1434//1434 1435//1435 1436//1436
f 1436//1436 1435//1435 1437//1437
f 1436//1436 1437//1437 1438//1438
f 1438//1438 1437//1437 932//932
f 1438//1438 932//932 934//934
f 1423//1423 1439//1439 1425//1425
f 1425//1425 1439//1439 1440//1440
f 1425//1425 1440//1440 1427//1427
f 1427//1427 1440//1440 1441//1441
f 1427//1427 1441//1441 1429//1429
f 1429//1429 1441//1441 1442//1442
f 1429//1429 1442//1442 1431//1431
f 1431//1431 1442//1442 1443//1443
f 1431//1431 1443//1443 1433//1433
f 1433//1433 1443//1443 1444//1444
f 1433//1433 1444//1444 1435//1435
f 1435//1435 1444//1444 1445//1445
f 1435//1435 1445//1445 1437//1437
f 1437//1437 1445//1445 930//930
f 1437//1437 930//930 932//932
f 1440//1440 1439//1439 1446//1446
f 1446//1446 1439//1439 1447//1447
f 1446//1446 1447//1447 1448//1448
f 1448//1448 1447//1447 1449//1449
f 1448//1448 1449//1449 1450//1450
f 1450//1450 1449//1449 1451//1451
f 1450//1450 1451//1451 1452//1452
f 1452//1452 1451//1451 1453//1453
f 1452//1452 1453//1453 1454//1454
f 1454//1454 1453//1453 924//924
f 1454//1454 924//924 926//926
f 1447//1447 1455//1455 1449//1449
f 1449//1449 1455//1455 1456//1456
f 1449//1449 1456//1456 1451//1451
f 1451//1451 1456//1456 1457//1457
f 1451//1451 1457//1457 1453//1453
f 1453//1453 1457//1457 922//922
f 1453//1453 922//922 924//924
f 1456//1456 1455//1455 1458//1458
f 1458//1458 1455//1455 1459//1459
f 1458//1458 1459//1459 918//918
f 918//918 1459//1459 916//916
f 913//913 915//915 1460//1460
f 1460//1460 915//915 503//503
f 1460//1460 503//503 498//498
f 254//254 1461//1461 498//498
f 498//498 1461//1461 1462//1462
f 498//498 1462//1462 1460//1460
f 1460//1460 1462//1462 911//911
f 1460//1460 911//911 913//913
f 256//256 1463//1463 254//254
f 254//254 1463//1463 1464//1464
f 254//254 1464//1464 1461//1461
f 1461//1461 1464//1464 907//907
f 1461//1461 907//907 909//909
f 462//462 1465//1465 256//256
f 256//256 1465//1465 1466//1466
f 256//256 1466//1466 1463//1463
f 1463//1463 1466//1466 903//903
f 1463//1463 903//903 905//905
f 442//442 1467//1467 462//462
f 462//462 1467//1467 1468//1468
f 462//462 1468//1468 1465//1465
f 1465//1465 1468//1468 899//899
f 1465//1465 899//899 901//901
f 431//431 1469//1469 442//442
f 442//442 1469//1469 1470//1470
f 442//442 1470//1470 1467//1467
f 1467//1467 1470//1470 895//895
f 1467//1467 895//895 897//897
f 430//430 1471//1471 431//431
f 431//431 1471//1471 1472//1472
f 431//431 1472//1472 1469//1469
f 1469//1469 1472//1472 891//891
f 1469//1469 891//891 893//893
f 430//430 1473//1473 1474//1474
f 1474//1474 1473//1473 885//885
f 1474//1474 885//885 887//887
f 430//430 1474//1474 1471//1471
f 1471//1471 1474//1474 887//887
f 1471//1471 887//887 889//889
f 606//606 1317//1317 1305//1305
f 1305//1305 1317//1317 1319//1319
f 1305//1305 1319//1319 1475//1475
f 1475//1475 1319//1319 1321//1321
f 1475//1475 1321//1321 1476//1476
f 1476//1476 1321//1321 1323//1323
f 1476//1476 1323//1323 1477//1477
f 1477//1477 1323//1323 1325//1325
f 1477//1477 1325//1325 1478//1478
f 1478//1478 1325//1325 1327//1327
f 1478//1478 1327//1327 1479//1479
f 1479//1479 1327//1327 1329//1329
f 1479//1479 1329//1329 1480//1480
f 1480//1480 1329//1329 1331//1331
f 1480//1480 1331//1331 1481//1481
f 1481//1481 1331//1331 1333//1333
f 1481//1481 1333//1333 1482//1482
f 1482//1482 1333//1333 1282//1282
f 1482//1482 1282//1282 1281//1281
f 1250//1250 1249//1249 1258//1258
f 1258//1258 1260//1260 1483//1483
f 1483//1483 1260//1260 1262//1262
f 1483//1483 1262//1262 1484//1484
f 1484//1484 1262//1262 1264//1264
f 1484//1484 1264//1264 1485//1485
f 1485//1485 1264//1264 1266//1266
f 1485//1485 1266//1266 1486//1486
f 1486//1486 1266//1266 1268//1268
f 1486//1486 1268//1268 1487//1487
f 1487//1487 1268//1268 1270//1270
f 1487//1487 1270//1270 1488//1488
f 1488//1488 1270//1270 1272//1272
f 1488//1488 1272//1272 1489//1489
f 1489//1489 1272//1272 1274//1274
f 1489//1489 1274//1274 1490//1490
f 1490//1490 1274//1274 1276//1276
f 1490//1490 1276//1276 1158//1158
f 1158//1158 1276//1276 1156//1156
f 1228//1228 1230//1230 1491//1491
f 1491//1491 1230//1230 1232//1232
f 1491//1491 1232//1232 1492//1492
f 1492//1492 1232//1232 1234//1234
f 1492//1492 1234//1234 1493//1493
f 1493//1493 1234//1234 1236//1236
f 1493//1493 1236//1236 1494//1494
f 1494//1494 1236//1236 1238//1238
f 1494//1494 1238//1238 1495//1495
f 1495//1495 1238//1238 1240//1240
f 1495//1495 1240//1240 1496//1496
f 1496//1496 1240//1240 1242//1242
f 1496//1496 1242//1242 1497//1497
f 1497//1497 1242//1242 1244//1244
f 1497//1497 1244//1244 1498//1498
f 1498//1498 1244//1244 1246//1246
f 1498//1498 1246//1246 1166//1166
f 1166//1166 1246//1246 1164//1164
f 1215//1215 1228//1228 1499//1499
f 1499//1499 1228//1228 1491//1491
f 1499//1499 1491//1491 1500//1500
f 1500//1500 1491//1491 1492//1492
f 1500//1500 1492//1492 1501//1501
f 1501//1501 1492//1492 1493//1493
f 1501//1501 1493//1493 1502//1502
f 1502//1502 1493//1493 1494//1494
f 1502//1502 1494//1494 1503//1503
f 1503//1503 1494//1494 1495//1495
f 1503//1503 1495//1495 1504//1504
f 1504//1504 1495//1495 1496//1496
f 1504//1504 1496//1496 1505//1505
f 1505//1505 1496//1496 1497//1497
f 1505//1505 1497//1497 1506//1506
f 1506//1506 1497//1497 1498//1498
f 1506//1506 1498//1498 1168//1168
f 1168//1168 1498//1498 1166//1166
f 1216//1216 1215//1215 1507//1507
f 1507//1507 1215//1215 1499//1499
f 1507//1507 1499//1499 1508//1508
f 1508//1508 1499//1499 1500//1500
f 1508//1508 1500//1500 1509//1509
f 1509//1509 1500//1500 1501//1501
f 1509//1509 1501//1501 1510//1510
f 1510//1510 1501//1501 1502//1502
f 1510//1510 1502//1502 1511//1511
f 1511//1511 1502//1502 1503//1503
f 1511//1511 1503//1503 1512//1512
f 1512//1512 1503//1503 1504//1504
f 1512//1512 1504//1504 1513//1513
f 1513//1513 1504//1504 1505//1505
f 1513//1513 1505//1505 1514//1514
f 1514//1514 1505//1505 1506//1506
f 1514//1514 1506//1506 1170//1170
f 1170//1170 1506//1506 1168//1168
f 1207//1207 1206//1206 1218//1218
f 1218//1218 1206//1206 1205//1205
f 1201//1201 1200//1200 1208//1208
f 1208//1208 1200//1200 1199//1199
f 1187//1187 1197//1197 1202//1202
f 1202//1202 1197//1197 1196//1196
f 946//946 948//948 1406//1406
f 1024//1024 1023//1023 1029//1029
f 1029//1029 1031//1031 1515//1515
f 1515//1515 1031//1031 1033//1033
f 1515//1515 1033//1033 1516//1516
f 1516//1516 1033//1033 1035//1035
f 1516//1516 1035//1035 1517//1517
f 1517//1517 1035//1035 1037//1037
f 1517//1517 1037//1037 1518//1518
f 1518//1518 1037//1037 939//939
f 1518//1518 939//939 937//937
f 996//996 995//995 1005//1005
f 1005//1005 1007//1007 1519//1519
f 1519//1519 1007//1007 1009//1009
f 1519//1519 1009//1009 1520//1520
f 1520//1520 1009//1009 1011//1011
f 1520//1520 1011//1011 1521//1521
f 1521//1521 1011//1011 1013//1013
f 1521//1521 1013//1013 1522//1522
f 1522//1522 1013//1013 1015//1015
f 1522//1522 1015//1015 1523//1523
f 1523//1523 1015//1015 1017//1017
f 1523//1523 1017//1017 1524//1524
f 1524//1524 1017//1017 1019//1019
f 1524//1524 1019//1019 1525//1525
f 1525//1525 1019//1019 1021//1021
f 1525//1525 1021//1021 1526//1526
f 1526//1526 1021//1021 931//931
f 1526//1526 931//931 929//929
f 969//969 971//971 1527//1527
f 1527//1527 971//971 973//973
f 1527//1527 973//973 1528//1528
f 1528//1528 973//973 975//975
f 1528//1528 975//975 1529//1529
f 1529//1529 975//975 977//977
f 1529//1529 977//977 1530//1530
f 1530//1530 977//977 979//979
f 1530//1530 979//979 1531//1531
f 1531//1531 979//979 981//981
f 1531//1531 981//981 1532//1532
f 1532//1532 981//981 983//983
f 1532//1532 983//983 1533//1533
f 1533//1533 983//983 985//985
f 1533//1533 985//985 1534//1534
f 1534//1534 985//985 987//987
f 1534//1534 987//987 1535//1535
f 1535//1535 987//987 989//989
f 1535//1535 989//989 1536//1536
f 1536//1536 989//989 991//991
f 1536//1536 991//991 1537//1537
f 1537//1537 991//991 993//993
f 1537//1537 993//993 1538//1538
f 1538//1538 993//993 923//923
f 1538//1538 923//923 921//921
f 953//953 952//952 967//967
f 967//967 969//969 1539//1539
f 1539//1539 969//969 1527//1527
f 1539//1539 1527//1527 1540//1540
f 1540//1540 1527//1527 1528//1528
f 1540//1540 1528//1528 1541//1541
f 1541//1541 1528//1528 1529//1529
f 1541//1541 1529//1529 1542//1542
f 1542//1542 1529//1529 1530//1530
f 1542//1542 1530//1530 1543//1543
f 1543//1543 1530//1530 1531//1531
f 1543//1543 1531//1531 1544//1544
f 1544//1544 1531//1531 1532//1532
f 1544//1544 1532//1532 1545//1545
f 1545//1545 1532//1532 1533//1533
f 1545//1545 1533//1533 1546//1546
f 1546//1546 1533//1533 1534//1534
f 1546//1546 1534//1534 1547//1547
f 1547//1547 1534//1534 1535//1535
f 1547//1547 1535//1535 1548//1548
f 1548//1548 1535//1535 1536//1536
f 1548//1548 1536//1536 1549//1549
f 1549//1549 1536//1536 1537//1537
f 1549//1549 1537//1537 1550//1550
f 1550//1550 1537//1537 1538//1538
f 1550//1550 1538//1538 1551//1551
f 1551//1551 1538//1538 921//921
f 1551//1551 921//921 919//919
f 885//885 1473//1473 883//883
f 883//883 1473//1473 881//881
f 1307//1307 1306//1306 1475//1475
f 1475//1475 1306//1306 1305//1305
f 1308//1308 1307//1307 1476//1476
f 1476//1476 1307//1307 1475//1475
f 1309//1309 1308//1308 1477//1477
f 1477//1477 1308//1308 1476//1476
f 1310//1310 1309//1309 1478//1478
f 1478//1478 1309//1309 1477//1477
f 1311//1311 1310//1310 1479//1479
f 1479//1479 1310//1310 1478//1478
f 1312//1312 1311//1311 1480//1480
f 1480//1480 1311//1311 1479//1479
f 1313//1313 1312//1312 1481//1481
f 1481//1481 1312//1312 1480//1480
f 1314//1314 1313//1313 1482//1482
f 1482//1482 1313//1313 1481//1481
f 1280//1280 1314//1314 1281//1281
f 1281//1281 1314//1314 1482//1482
f 1484//1484 1251//1251 1483//1483
f 1483//1483 1251//1251 1250//1250
f 1483//1483 1250//1250 1258//1258
f 1251//1251 1484//1484 1252//1252
f 1252//1252 1484//1484 1485//1485
f 1252//1252 1485//1485 1253//1253
f 1253//1253 1485//1485 1486//1486
f 1253//1253 1486//1486 1254//1254
f 1254//1254 1486//1486 1487//1487
f 1254//1254 1487//1487 1255//1255
f 1255//1255 1487//1487 1488//1488
f 1255//1255 1488//1488 1256//1256
f 1256//1256 1488//1488 1489//1489
f 1256//1256 1489//1489 1257//1257
f 1257//1257 1489//1489 1490//1490
f 1257//1257 1490//1490 1160//1160
f 1160//1160 1490//1490 1158//1158
f 1508//1508 1552//1552 1507//1507
f 1507//1507 1552//1552 1217//1217
f 1507//1507 1217//1217 1216//1216
f 1217//1217 1552//1552 1219//1219
f 1219//1219 1552//1552 1553//1553
f 1219//1219 1553//1553 1221//1221
f 1221//1221 1553//1553 1554//1554
f 1221//1221 1554//1554 1223//1223
f 1223//1223 1554//1554 1555//1555
f 1223//1223 1555//1555 1225//1225
f 1225//1225 1555//1555 1556//1556
f 1225//1225 1556//1556 1227//1227
f 1227//1227 1556//1556 1557//1557
f 1227//1227 1557//1557 1193//1193
f 1193//1193 1557//1557 1194//1194
f 1552//1552 1508//1508 1558//1558
f 1558//1558 1508//1508 1509//1509
f 1558//1558 1509//1509 1559//1559
f 1559//1559 1509//1509 1510//1510
f 1559//1559 1510//1510 1560//1560
f 1560//1560 1510//1510 1511//1511
f 1560//1560 1511//1511 1561//1561
f 1561//1561 1511//1511 1512//1512
f 1561//1561 1512//1512 1562//1562
f 1562//1562 1512//1512 1513//1513
f 1562//1562 1513//1513 1563//1563
f 1563//1563 1513//1513 1514//1514
f 1563//1563 1514//1514 1172//1172
f 1172//1172 1514//1514 1170//1170
f 1207//1207 1218//1218 1220//1220
f 1207//1207 1220//1220 1209//1209
f 1209//1209 1220//1220 1222//1222
f 1209//1209 1222//1222 1211//1211
f 1211//1211 1222//1222 1224//1224
f 1211//1211 1224//1224 1213//1213
f 1213//1213 1224//1224 1226//1226
f 1213//1213 1226//1226 1191//1191
f 1191//1191 1226//1226 1192//1192
f 1201//1201 1208//1208 1210//1210
f 1201//1201 1210//1210 1203//1203
f 1203//1203 1210//1210 1212//1212
f 1203//1203 1212//1212 1189//1189
f 1189//1189 1212//1212 1190//1190
f 1187//1187 1202//1202 1188//1188
f 946//946 1406//1406 1564//1564
f 1564//1564 1406//1406 1405//1405
f 1564//1564 1405//1405 1565//1565
f 1565//1565 1405//1405 1404//1404
f 1565//1565 1404//1404 1566//1566
f 1566//1566 1404//1404 1403//1403
f 1566//1566 1403//1403 1567//1567
f 1567//1567 1403//1403 1402//1402
f 1567//1567 1402//1402 1568//1568
f 1568//1568 1402//1402 1401//1401
f 1568//1568 1401//1401 1569//1569
f 1569//1569 1401//1401 1400//1400
f 1569//1569 1400//1400 1570//1570
f 1570//1570 1400//1400 1399//1399
f 1570//1570 1399//1399 1571//1571
f 1571//1571 1399//1399 1398//1398
f 1571//1571 1398//1398 1572//1572
f 1572//1572 1398//1398 1397//1397
f 1572//1572 1397//1397 1573//1573
f 1573//1573 1397//1397 1396//1396
f 1573//1573 1396//1396 1574//1574
f 1574//1574 1396//1396 1395//1395
f 1574//1574 1395//1395 1575//1575
f 1575//1575 1395//1395 1394//1394
f 1575//1575 1394//1394 1576//1576
f 1576//1576 1394//1394 1393//1393
f 1576//1576 1393//1393 1409//1409
f 1409//1409 1393//1393 1392//1392
f 946//946 1564//1564 944//944
f 944//944 1564//1564 1577//1577
f 944//944 1577//1577 942//942
f 942//942 1577//1577 1578//1578
f 942//942 1578//1578 940//940
f 940//940 1578//1578 1579//1579
f 940//940 1579//1579 938//938
f 938//938 1579//1579 1580//1580
f 938//938 1580//1580 936//936
f 936//936 1580//1580 1581//1581
f 936//936 1581//1581 934//934
f 934//934 1581//1581 1438//1438
f 1577//1577 1564//1564 1565//1565
f 1516//1516 1025//1025 1515//1515
f 1515//1515 1025//1025 1024//1024
f 1515//1515 1024//1024 1029//1029
f 1025//1025 1516//1516 1026//1026
f 1026//1026 1516//1516 1517//1517
f 1026//1026 1517//1517 1027//1027
f 1027//1027 1517//1517 1518//1518
f 1027//1027 1518//1518 1028//1028
f 1028//1028 1518//1518 937//937
f 1028//1028 937//937 935//935
f 1520//1520 997//997 1519//1519
f 1519//1519 997//997 996//996
f 1519//1519 996//996 1005//1005
f 997//997 1520//1520 998//998
f 998//998 1520//1520 1521//1521
f 998//998 1521//1521 999//999
f 999//999 1521//1521 1522//1522
f 999//999 1522//1522 1000//1000
f 1000//1000 1522//1522 1523//1523
f 1000//1000 1523//1523 1001//1001
f 1001//1001 1523//1523 1524//1524
f 1001//1001 1524//1524 1002//1002
f 1002//1002 1524//1524 1525//1525
f 1002//1002 1525//1525 1003//1003
f 1003//1003 1525//1525 1526//1526
f 1003//1003 1526//1526 1004//1004
f 1004//1004 1526//1526 929//929
f 1004//1004 929//929 927//927
f 1540//1540 954//954 1539//1539
f 1539//1539 954//954 953//953
f 1539//1539 953//953 967//967
f 954//954 1540//1540 955//955
f 955//955 1540//1540 1541//1541
f 955//955 1541//1541 956//956
f 956//956 1541//1541 1542//1542
f 956//956 1542//1542 957//957
f 957//957 1542//1542 1543//1543
f 957//957 1543//1543 958//958
f 958//958 1543//1543 1544//1544
f 958//958 1544//1544 959//959
f 959//959 1544//1544 1545//1545
f 959//959 1545//1545 960//960
f 960//960 1545//1545 1546//1546
f 960//960 1546//1546 961//961
f 961//961 1546//1546 1547//1547
f 961//961 1547//1547 962//962
f 962//962 1547//1547 1548//1548
f 962//962 1548//1548 963//963
f 963//963 1548//1548 1549//1549
f 963//963 1549//1549 964//964
f 964//964 1549//1549 1550//1550
f 964//964 1550//1550 965//965
f 965//965 1550//1550 1551//1551
f 965//965 1551//1551 966//966
f 966//966 1551//1551 919//919
f 966//966 919//919 917//917
f 1473//1473 430//430 881//881
f 1318//1318 1316//1316 1337//1337
f 1337//1337 1316//1316 1315//1315
f 1320//1320 1318//1318 1339//1339
f 1339//1339 1318//1318 1337//1337
f 1322//1322 1320//1320 1341//1341
f 1341//1341 1320//1320 1339//1339
f 1324//1324 1322//1322 1343//1343
f 1343//1343 1322//1322 1341//1341
f 1326//1326 1324//1324 1345//1345
f 1345//1345 1324//1324 1343//1343
f 1328//1328 1326//1326 1347//1347
f 1347//1347 1326//1326 1345//1345
f 1330//1330 1328//1328 1349//1349
f 1349//1349 1328//1328 1347//1347
f 1332//1332 1330//1330 1351//1351
f 1351//1351 1330//1330 1349//1349
f 1283//1283 1332//1332 1284//1284
f 1284//1284 1332//1332 1351//1351
f 1560//1560 1582//1582 1559//1559
f 1559//1559 1582//1582 1583//1583
f 1559//1559 1583//1583 1558//1558
f 1558//1558 1583//1583 1553//1553
f 1558//1558 1553//1553 1552//1552
f 1582//1582 1584//1584 1583//1583
f 1583//1583 1584//1584 1554//1554
f 1583//1583 1554//1554 1553//1553
f 1582//1582 1560//1560 1585//1585
f 1585//1585 1560//1560 1561//1561
f 1585//1585 1561//1561 1586//1586
f 1586//1586 1561//1561 1562//1562
f 1586//1586 1562//1562 1587//1587
f 1587//1587 1562//1562 1563//1563
f 1587//1587 1563//1563 1174//1174
f 1174//1174 1563//1563 1172//1172
f 1554//1554 1584//1584 1555//1555
f 1555//1555 1584//1584 1588//1588
f 1555//1555 1588//1588 1556//1556
f 1556//1556 1588//1588 1589//1589
f 1556//1556 1589//1589 1557//1557
f 1557//1557 1589//1589 1590//1590
f 1557//1557 1590//1590 1194//1194
f 1194//1194 1590//1590 1184//1184
f 1584//1584 1582//1582 1591//1591
f 1591//1591 1582//1582 1585//1585
f 1591//1591 1585//1585 1592//1592
f 1592//1592 1585//1585 1586//1586
f 1592//1592 1586//1586 1593//1593
f 1593//1593 1586//1586 1587//1587
f 1593//1593 1587//1587 1176//1176
f 1176//1176 1587//1587 1174//1174
f 1567//1567 1594//1594 1566//1566
f 1566//1566 1594//1594 1595//1595
f 1566//1566 1595//1595 1565//1565
f 1565//1565 1595//1595 1577//1577
f 1594//1594 1596//1596 1595//1595
f 1595//1595 1596//1596 1578//1578
f 1595//1595 1578//1578 1577//1577
f 1594//1594 1567//1567 1597//1597
f 1597//1597 1567//1567 1568//1568
f 1597//1597 1568//1568 1598//1598
f 1598//1598 1568//1568 1569//1569
f 1598//1598 1569//1569 1599//1599
f 1599//1599 1569//1569 1570//1570
f 1599//1599 1570//1570 1600//1600
f 1600//1600 1570//1570 1571//1571
f 1600//1600 1571//1571 1601//1601
f 1601//1601 1571//1571 1572//1572
f 1601//1601 1572//1572 1602//1602
f 1602//1602 1572//1572 1573//1573
f 1602//1602 1573//1573 1603//1603
f 1603//1603 1573//1573 1574//1574
f 1603//1603 1574//1574 1604//1604
f 1604//1604 1574//1574 1575//1575
f 1604//1604 1575//1575 1605//1605
f 1605//1605 1575//1575 1576//1576
f 1605//1605 1576//1576 1412//1412
f 1412//1412 1576//1576 1409//1409
f 1578//1578 1596//1596 1579//1579
f 1579//1579 1596//1596 1606//1606
f 1579//1579 1606//1606 1580//1580
f 1580//1580 1606//1606 1607//1607
f 1580//1580 1607//1607 1581//1581
f 1581//1581 1607//1607 1608//1608
f 1581//1581 1608//1608 1438//1438
f 1438//1438 1608//1608 1436//1436
f 1596//1596 1594//1594 1609//1609
f 1609//1609 1594//1594 1597//1597
f 1609//1609 1597//1597 1610//1610
f 1610//1610 1597//1597 1598//1598
f 1610//1610 1598//1598 1611//1611
f 1611//1611 1598//1598 1599//1599
f 1611//1611 1599//1599 1612//1612
f 1612//1612 1599//1599 1600//1600
f 1612//1612 1600//1600 1613//1613
f 1613//1613 1600//1600 1601//1601
f 1613//1613 1601//1601 1614//1614
f 1614//1614 1601//1601 1602//1602
f 1614//1614 1602//1602 1615//1615
f 1615//1615 1602//1602 1603//1603
f 1615//1615 1603//1603 1616//1616
f 1616//1616 1603//1603 1604//1604
f 1616//1616 1604//1604 1617//1617
f 1617//1617 1604//1604 1605//1605
f 1617//1617 1605//1605 1415//1415
f 1415//1415 1605//1605 1412//1412
f 1470//1470 1469//1469 893//893
f 1470//1470 893//893 895//895
f 889//889 891//891 1472//1472
f 889//889 1472//1472 1471//1471
f 1336//1336 1335//1335 1354//1354
f 1354//1354 1335//1335 1334//1334
f 1338//1338 1336//1336 1356//1356
f 1356//1356 1336//1336 1354//1354
f 1340//1340 1338//1338 1358//1358
f 1358//1358 1338//1338 1356//1356
f 1342//1342 1340//1340 1360//1360
f 1360//1360 1340//1340 1358//1358
f 1344//1344 1342//1342 1362//1362
f 1362//1362 1342//1342 1360//1360
f 1346//1346 1344//1344 1364//1364
f 1364//1364 1344//1344 1362//1362
f 1348//1348 1346//1346 1366//1366
f 1366//1366 1346//1346 1364//1364
f 1350//1350 1348//1348 1368//1368
f 1368//1368 1348//1348 1366//1366
f 1285//1285 1350//1350 1286//1286
f 1286//1286 1350//1350 1368//1368
f 1592//1592 1618//1618 1591//1591
f 1591//1591 1618//1618 1588//1588
f 1591//1591 1588//1588 1584//1584
f 1588//1588 1618//1618 1589//1589
f 1589//1589 1618//1618 1619//1619
f 1589//1589 1619//1619 1590//1590
f 1590//1590 1619//1619 1182//1182
f 1590//1590 1182//1182 1184//1184
f 1618//1618 1592//1592 1620//1620
f 1620//1620 1592//1592 1593//1593
f 1620//1620 1593//1593 1178//1178
f 1178//1178 1593//1593 1176//1176
f 1610//1610 1621//1621 1609//1609
f 1609//1609 1621//1621 1606//1606
f 1609//1609 1606//1606 1596//1596
f 1606//1606 1621//1621 1607//1607
f 1607//1607 1621//1621 1622//1622
f 1607//1607 1622//1622 1608//1608
f 1608//1608 1622//1622 1623//1623
f 1608//1608 1623//1623 1436//1436
f 1436//1436 1623//1623 1434//1434
f 1621//1621 1610//1610 1624//1624
f 1624//1624 1610//1610 1611//1611
f 1624//1624 1611//1611 1625//1625
f 1625//1625 1611//1611 1612//1612
f 1625//1625 1612//1612 1626//1626
f 1626//1626 1612//1612 1613//1613
f 1626//1626 1613//1613 1627//1627
f 1627//1627 1613//1613 1614//1614
f 1627//1627 1614//1614 1628//1628
f 1628//1628 1614//1614 1615//1615
f 1628//1628 1615//1615 1629//1629
f 1629//1629 1615//1615 1616//1616
f 1629//1629 1616//1616 1630//1630
f 1630//1630 1616//1616 1617//1617
f 1630//1630 1617//1617 1418//1418
f 1418//1418 1617//1617 1415//1415
f 1468//1468 1467//1467 897//897
f 1468//1468 897//897 899//899
f 1353//1353 1352//1352 1136//1136
f 1136//1136 1352//1352 1134//1134
f 1355//1355 1353//1353 1138//1138
f 1138//1138 1353//1353 1136//1136
f 1357//1357 1355//1355 1140//1140
f 1140//1140 1355//1355 1138//1138
f 1359//1359 1357//1357 1142//1142
f 1142//1142 1357//1357 1140//1140
f 1361//1361 1359//1359 1144//1144
f 1144//1144 1359//1359 1142//1142
f 1363//1363 1361//1361 1146//1146
f 1146//1146 1361//1361 1144//1144
f 1365//1365 1363//1363 1148//1148
f 1148//1148 1363//1363 1146//1146
f 1367//1367 1365//1365 1150//1150
f 1150//1150 1365//1365 1148//1148
f 1287//1287 1367//1367 1152//1152
f 1152//1152 1367//1367 1150//1150
f 1178//1178 1180//1180 1620//1620
f 1620//1620 1180//1180 1619//1619
f 1620//1620 1619//1619 1618//1618
f 1180//1180 1182//1182 1619//1619
f 1625//1625 1631//1631 1624//1624
f 1624//1624 1631//1631 1622//1622
f 1624//1624 1622//1622 1621//1621
f 1622//1622 1631//1631 1623//1623
f 1623//1623 1631//1631 1632//1632
f 1623//1623 1632//1632 1434//1434
f 1434//1434 1632//1632 1432//1432
f 1631//1631 1625//1625 1633//1633
f 1633//1633 1625//1625 1626//1626
f 1633//1633 1626//1626 1634//1634
f 1634//1634 1626//1626 1627//1627
f 1634//1634 1627//1627 1635//1635
f 1635//1635 1627//1627 1628//1628
f 1635//1635 1628//1628 1636//1636
f 1636//1636 1628//1628 1629//1629
f 1636//1636 1629//1629 1637//1637
f 1637//1637 1629//1629 1630//1630
f 1637//1637 1630//1630 1420//1420
f 1420//1420 1630//1630 1418//1418
f 928//928 930//930 1445//1445
f 1466//1466 1465//1465 901//901
f 1466//1466 901//901 903//903
f 1135//1135 1133//1133 1638//1638
f 1638//1638 1133//1133 1132//1132
f 1638//1638 1132//1132 1639//1639
f 1639//1639 1132//1132 1131//1131
f 1639//1639 1131//1131 1129//1129
f 1137//1137 1135//1135 1640//1640
f 1640//1640 1135//1135 1638//1638
f 1640//1640 1638//1638 1641//1641
f 1641//1641 1638//1638 1639//1639
f 1641//1641 1639//1639 1642//1642
f 1642//1642 1639//1639 1129//1129
f 1642//1642 1129//1129 1127//1127
f 1139//1139 1137//1137 1643//1643
f 1643//1643 1137//1137 1640//1640
f 1643//1643 1640//1640 1644//1644
f 1644//1644 1640//1640 1641//1641
f 1644//1644 1641//1641 1645//1645
f 1645//1645 1641//1641 1642//1642
f 1645//1645 1642//1642 1646//1646
f 1646//1646 1642//1642 1127//1127
f 1646//1646 1127//1127 1125//1125
f 1141//1141 1139//1139 1647//1647
f 1647//1647 1139//1139 1643//1643
f 1647//1647 1643//1643 1648//1648
f 1648//1648 1643//1643 1644//1644
f 1648//1648 1644//1644 1649//1649
f 1649//1649 1644//1644 1645//1645
f 1649//1649 1645//1645 1650//1650
f 1650//1650 1645//1645 1646//1646
f 1650//1650 1646//1646 1123//1123
f 1123//1123 1646//1646 1125//1125
f 1143//1143 1141//1141 1651//1651
f 1651//1651 1141//1141 1647//1647
f 1651//1651 1647//1647 1652//1652
f 1652//1652 1647//1647 1648//1648
f 1652//1652 1648//1648 1653//1653
f 1653//1653 1648//1648 1649//1649
f 1653//1653 1649//1649 1654//1654
f 1654//1654 1649//1649 1650//1650
f 1654//1654 1650//1650 1121//1121
f 1121//1121 1650//1650 1123//1123
f 1145//1145 1143//1143 1655//1655
f 1655//1655 1143//1143 1651//1651
f 1655//1655 1651//1651 1656//1656
f 1656//1656 1651//1651 1652//1652
f 1656//1656 1652//1652 1657//1657
f 1657//1657 1652//1652 1653//1653
f 1657//1657 1653//1653 1658//1658
f 1658//1658 1653//1653 1654//1654
f 1658//1658 1654//1654 1119//1119
f 1119//1119 1654//1654 1121//1121
f 1147//1147 1145//1145 1659//1659
f 1659//1659 1145//1145 1655//1655
f 1659//1659 1655//1655 1660//1660
f 1660//1660 1655//1655 1656//1656
f 1660//1660 1656//1656 1661//1661
f 1661//1661 1656//1656 1657//1657
f 1661//1661 1657//1657 1662//1662
f 1662//1662 1657//1657 1658//1658
f 1662//1662 1658//1658 1116//1116
f 1116//1116 1658//1658 1119//1119
f 1149//1149 1147//1147 1663//1663
f 1663//1663 1147//1147 1659//1659
f 1663//1663 1659//1659 1664//1664
f 1664//1664 1659//1659 1660//1660
f 1664//1664 1660//1660 1665//1665
f 1665//1665 1660//1660 1661//1661
f 1665//1665 1661//1661 1666//1666
f 1666//1666 1661//1661 1662//1662
f 1666//1666 1662//1662 1114//1114
f 1114//1114 1662//1662 1116//1116
f 1151//1151 1149//1149 1667//1667
f 1667//1667 1149//1149 1663//1663
f 1667//1667 1663//1663 1668//1668
f 1668//1668 1663//1663 1664//1664
f 1668//1668 1664//1664 1669//1669
f 1669//1669 1664//1664 1665//1665
f 1669//1669 1665//1665 1670//1670
f 1670//1670 1665//1665 1666//1666
f 1670//1670 1666//1666 1112//1112
f 1112//1112 1666//1666 1114//1114
f 1153//1153 1151//1151 1671//1671
f 1671//1671 1151//1151 1667//1667
f 1671//1671 1667//1667 1672//1672
f 1672//1672 1667//1667 1668//1668
f 1672//1672 1668//1668 1673//1673
f 1673//1673 1668//1668 1669//1669
f 1673//1673 1669//1669 1674//1674
f 1674//1674 1669//1669 1670//1670
f 1674//1674 1670//1670 1110//1110
f 1110//1110 1670//1670 1112//1112
f 1155//1155 1153//1153 1675//1675
f 1675//1675 1153//1153 1671//1671
f 1675//1675 1671//1671 1676//1676
f 1676//1676 1671//1671 1672//1672
f 1676//1676 1672//1672 1677//1677
f 1677//1677 1672//1672 1673//1673
f 1677//1677 1673//1673 1678//1678
f 1678//1678 1673//1673 1674//1674
f 1678//1678 1674//1674 1108//1108
f 1108//1108 1674//1674 1110//1110
f 1157//1157 1155//1155 1679//1679
f 1679//1679 1155//1155 1675//1675
f 1679//1679 1675//1675 1680//1680
f 1680//1680 1675//1675 1676//1676
f 1680//1680 1676//1676 1681//1681
f 1681//1681 1676//1676 1677//1677
f 1681//1681 1677//1677 1682//1682
f 1682//1682 1677//1677 1678//1678
f 1682//1682 1678//1678 1106//1106
f 1106//1106 1678//1678 1108//1108
f 1159//1159 1157//1157 1683//1683
f 1683//1683 1157//1157 1679//1679
f 1683//1683 1679//1679 1684//1684
f 1684//1684 1679//1679 1680//1680
f 1684//1684 1680//1680 1685//1685
f 1685//1685 1680//1680 1681//1681
f 1685//1685 1681//1681 1686//1686
f 1686//1686 1681//1681 1682//1682
f 1686//1686 1682//1682 1104//1104
f 1104//1104 1682//1682 1106//1106
f 1161//1161 1159//1159 1687//1687
f 1687//1687 1159//1159 1683//1683
f 1687//1687 1683//1683 1688//1688
f 1688//1688 1683//1683 1684//1684
f 1688//1688 1684//1684 1689//1689
f 1689//1689 1684//1684 1685//1685
f 1689//1689 1685//1685 1690//1690
f 1690//1690 1685//1685 1686//1686
f 1690//1690 1686//1686 1102//1102
f 1102//1102 1686//1686 1104//1104
f 1163//1163 1161//1161 1691//1691
f 1691//1691 1161//1161 1687//1687
f 1691//1691 1687//1687 1692//1692
f 1692//1692 1687//1687 1688//1688
f 1692//1692 1688//1688 1693//1693
f 1693//1693 1688//1688 1689//1689
f 1693//1693 1689//1689 1694//1694
f 1694//1694 1689//1689 1690//1690
f 1694//1694 1690//1690 1100//1100
f 1100//1100 1690//1690 1102//1102
f 1165//1165 1163//1163 1695//1695
f 1695//1695 1163//1163 1691//1691
f 1695//1695 1691//1691 1696//1696
f 1696//1696 1691//1691 1692//1692
f 1696//1696 1692//1692 1697//1697
f 1697//1697 1692//1692 1693//1693
f 1697//1697 1693//1693 1698//1698
f 1698//1698 1693//1693 1694//1694
f 1698//1698 1694//1694 1098//1098
f 1098//1098 1694//1694 1100//1100
f 1167//1167 1165//1165 1699//1699
f 1699//1699 1165//1165 1695//1695
f 1699//1699 1695//1695 1700//1700
f 1700//1700 1695//1695 1696//1696
f 1700//1700 1696//1696 1701//1701
f 1701//1701 1696//1696 1697//1697
f 1701//1701 1697//1697 1702//1702
f 1702//1702 1697//1697 1698//1698
f 1702//1702 1698//1698 1096//1096
f 1096//1096 1698//1698 1098//1098
f 1169//1169 1167//1167 1703//1703
f 1703//1703 1167//1167 1699//1699
f 1703//1703 1699//1699 1704//1704
f 1704//1704 1699//1699 1700//1700
f 1704//1704 1700//1700 1705//1705
f 1705//1705 1700//1700 1701//1701
f 1705//1705 1701//1701 1706//1706
f 1706//1706 1701//1701 1702//1702
f 1706//1706 1702//1702 1094//1094
f 1094//1094 1702//1702 1096//1096
f 1171//1171 1169//1169 1707//1707
f 1707//1707 1169//1169 1703//1703
f 1707//1707 1703//1703 1708//1708
f 1708//1708 1703//1703 1704//1704
f 1708//1708 1704//1704 1709//1709
f 1709//1709 1704//1704 1705//1705
f 1709//1709 1705//1705 1710//1710
f 1710//1710 1705//1705 1706//1706
f 1710//1710 1706//1706 1092//1092
f 1092//1092 1706//1706 1094//1094
f 1173//1173 1171//1171 1711//1711
f 1711//1711 1171//1171 1707//1707
f 1711//1711 1707//1707 1712//1712
f 1712//1712 1707//1707 1708//1708
f 1712//1712 1708//1708 1713//1713
f 1713//1713 1708//1708 1709//1709
f 1713//1713 1709//1709 1714//1714
f 1714//1714 1709//1709 1710//1710
f 1714//1714 1710//1710 1090//1090
f 1090//1090 1710//1710 1092//1092
f 1175//1175 1173//1173 1715//1715
f 1715//1715 1173//1173 1711//1711
f 1715//1715 1711//1711 1716//1716
f 1716//1716 1711//1711 1712//1712
f 1716//1716 1712//1712 1717//1717
f 1717//1717 1712//1712 1713//1713
f 1717//1717 1713//1713 1718//1718
f 1718//1718 1713//1713 1714//1714
f 1718//1718 1714//1714 1088//1088
f 1088//1088 1714//1714 1090//1090
f 1177//1177 1175//1175 1719//1719
f 1719//1719 1175//1175 1715//1715
f 1719//1719 1715//1715 1720//1720
f 1720//1720 1715//1715 1716//1716
f 1720//1720 1716//1716 1721//1721
f 1721//1721 1716//1716 1717//1717
f 1721//1721 1717//1717 1722//1722
f 1722//1722 1717//1717 1718//1718
f 1722//1722 1718//1718 1086//1086
f 1086//1086 1718//1718 1088//1088
f 1179//1179 1177//1177 1723//1723
f 1723//1723 1177//1177 1719//1719
f 1723//1723 1719//1719 1724//1724
f 1724//1724 1719//1719 1720//1720
f 1724//1724 1720//1720 1725//1725
f 1725//1725 1720//1720 1721//1721
f 1725//1725 1721//1721 1726//1726
f 1726//1726 1721//1721 1722//1722
f 1726//1726 1722//1722 1084//1084
f 1084//1084 1722//1722 1086//1086
f 1181//1181 1179//1179 1727//1727
f 1727//1727 1179//1179 1723//1723
f 1727//1727 1723//1723 1728//1728
f 1728//1728 1723//1723 1724//1724
f 1728//1728 1724//1724 1729//1729
f 1729//1729 1724//1724 1725//1725
f 1729//1729 1725//1725 1730//1730
f 1730//1730 1725//1725 1726//1726
f 1730//1730 1726//1726 1082//1082
f 1082//1082 1726//1726 1084//1084
f 1183//1183 1181//1181 1731//1731
f 1731//1731 1181//1181 1727//1727
f 1731//1731 1727//1727 1732//1732
f 1732//1732 1727//1727 1728//1728
f 1732//1732 1728//1728 1733//1733
f 1733//1733 1728//1728 1729//1729
f 1733//1733 1729//1729 1734//1734
f 1734//1734 1729//1729 1730//1730
f 1734//1734 1730//1730 1080//1080
f 1080//1080 1730//1730 1082//1082
f 1067//1067 1183//1183 1069//1069
f 1069//1069 1183//1183 1731//1731
f 1069//1069 1731//1731 1071//1071
f 1071//1071 1731//1731 1732//1732
f 1071//1071 1732//1732 1073//1073
f 1073//1073 1732//1732 1733//1733
f 1073//1073 1733//1733 1075//1075
f 1075//1075 1733//1733 1734//1734
f 1075//1075 1734//1734 1077//1077
f 1077//1077 1734//1734 1080//1080
f 1634//1634 1735//1735 1633//1633
f 1633//1633 1735//1735 1632//1632
f 1633//1633 1632//1632 1631//1631
f 1430//1430 1432//1432 1735//1735
f 1735//1735 1432//1432 1632//1632
f 1735//1735 1634//1634 1736//1736
f 1736//1736 1634//1634 1635//1635
f 1736//1736 1635//1635 1737//1737
f 1737//1737 1635//1635 1636//1636
f 1737//1737 1636//1636 1738//1738
f 1738//1738 1636//1636 1637//1637
f 1738//1738 1637//1637 1422//1422
f 1422//1422 1637//1637 1420//1420
f 928//928 1445//1445 1739//1739
f 1739//1739 1445//1445 1444//1444
f 1739//1739 1444//1444 1740//1740
f 1740//1740 1444//1444 1443//1443
f 1740//1740 1443//1443 1741//1741
f 1741//1741 1443//1443 1442//1442
f 1741//1741 1442//1442 1742//1742
f 1742//1742 1442//1442 1441//1441
f 1742//1742 1441//1441 1446//1446
f 1446//1446 1441//1441 1440//1440
f 1454//1454 926//926 1739//1739
f 1739//1739 926//926 928//928
f 1454//1454 1739//1739 1740//1740
f 1464//1464 1463//1463 905//905
f 1464//1464 905//905 907//907
f 1737//1737 1428//1428 1736//1736
f 1736//1736 1428//1428 1430//1430
f 1736//1736 1430//1430 1735//1735
f 1428//1428 1737//1737 1426//1426
f 1426//1426 1737//1737 1738//1738
f 1426//1426 1738//1738 1424//1424
f 1424//1424 1738//1738 1422//1422
f 1454//1454 1740//1740 1452//1452
f 1452//1452 1740//1740 1741//1741
f 1452//1452 1741//1741 1450//1450
f 1450//1450 1741//1741 1742//1742
f 1450//1450 1742//1742 1448//1448
f 1448//1448 1742//1742 1446//1446
f 920//920 922//922 1457//1457
f 1462//1462 1461//1461 909//909
f 1462//1462 909//909 911//911
f 920//920 1457//1457 1458//1458
f 1458//1458 1457//1457 1456//1456
f 1458//1458 918//918 920//920
f 2//2 1303//1303 4//4
f 4//4 1303//1303 73//73
f 73//73 1303//1303 1301//1301
f 73//73 1301//1301 90//90
f 90//90 1301//1301 1299//1299
f 90//90 1299//1299 92//92
f 92//92 1299//1299 1297//1297
f 92//92 1297//1297 116//116
f 116//116 1297//1297 1295//1295
f 116//116 1295//1295 419//419
f 419//419 1295//1295 994//994
f 419//419 994//994 421//421
f 421//421 994//994 970//970
f 421//421 970//970 423//423
f 423//423 970//970 968//968
f 423//423 968//968 425//425
f 425//425 968//968 951//951
f 425//425 951//951 427//427
f 427//427 951//951 882//882
f 427//427 882//882 429//429
f 1295//1295 1293//1293 994//994
f 994//994 1293//1293 1006//1006
f 1006//1006 1293//1293 1291//1291
f 1006//1006 1291//1291 1022//1022
f 1022//1022 1291//1291 1289//1289
f 1022//1022 1289//1289 1030//1030
f 1030//1030 1289//1289 1278//1278
f 1030//1030 1278//1278 1038//1038
f 1038//1038 1278//1278 1259//1259
f 1038//1038 1259//1259 1041//1041
f 1041//1041 1259//1259 1248//1248
f 1041//1041 1248//1248 1043//1043
f 1043//1043 1248//1248 1229//1229
f 1043//1043 1229//1229 949//949
f 949//949 1229//1229 950//950
f 950//950 1229//1229 1214//1214
f 950//950 1214//1214 1045//1045
f 1045//1045 1214//1214 1204//1204
f 1045//1045 1204//1204 1198//1198
f 1195//1195 1185//1185 1198//1198
f 1198//1198 1185//1185 1045//1045
f 116//116 419//419 128//128
f 128//128 419//419 417//417
f 128//128 417//417 144//144
f 144//144 417//417 415//415
f 144//144 415//415 152//152
f 152//152 415//415 413//413
f 152//152 413//413 160//160
f 160//160 413//413 402//402
f 160//160 402//402 163//163
f 163//163 402//402 383//383
f 163//163 383//383 165//165
f 165//165 383//383 372//372
f 165//165 372//372 71//71
f 71//71 372//372 353//353
f 71//71 353//353 338//338
f 71//71 338//338 72//72
f 72//72 338//338 328//328
f 72//72 328//328 167//167
f 167//167 328//328 309//309
f 309//309 328//328 322//322
f 309//309 322//322 319//319
# 3386 faces, 0 coords texture

# End of File
