step,time_s,contact_force_N,crank_rpm
0,0.002000,0.000000,5.7679
1,0.004000,0.000000,13.2426
2,0.006000,0.000000,18.7361
3,0.008000,0.000000,20.0627
4,0.010000,0.000000,18.1357
5,0.012000,0.000000,15.2611
6,0.014000,0.000000,13.2045
7,0.016000,0.000000,12.6239
8,0.018000,0.000000,13.2322
9,0.020000,0.000000,14.2884
10,0.022000,0.000000,15.0781
11,0.024000,0.000000,15.2721
12,0.026000,0.000000,14.9738
13,0.028000,0.000000,14.5089
14,0.030000,0.000000,14.1830
15,0.032000,0.000000,14.1207
16,0.034000,0.000000,14.2258
17,0.036000,0.000000,14.4076
18,0.038000,0.000000,14.5662
19,0.040000,0.000000,14.6234
20,0.042000,0.000000,14.5872
21,0.044000,0.000000,14.5041
22,0.046000,0.000000,14.3937
23,0.048000,0.000000,14.3433
24,0.050000,0.000000,14.3521
25,0.052000,0.000000,14.3886
26,0.054000,0.000000,14.4319
27,0.056000,0.000000,14.4690
28,0.058000,0.000000,14.4827
29,0.060000,0.000000,14.4676
30,0.062000,0.000000,14.4309
31,0.064000,0.000000,14.4005
32,0.066000,0.000000,14.3915
33,0.068000,0.000000,14.4005
34,0.070000,0.000000,14.4194
35,0.072000,0.000000,14.4378
36,0.074000,0.000000,14.4457
37,0.076000,0.000000,14.4387
38,0.078000,0.000000,14.4220
39,0.080000,0.000000,14.4069
40,0.082000,0.000000,14.4006
41,0.084000,0.000000,14.4035
42,0.086000,0.000000,14.4118
43,0.088000,0.000000,14.4197
44,0.090000,0.000000,14.4225
45,0.092000,0.000000,14.4186
46,0.094000,0.000000,14.4105
47,0.096000,0.000000,14.4031
48,0.098000,0.000000,14.3994
49,0.100000,0.000000,14.4000
50,0.102000,0.000000,14.4030
51,0.104000,0.000000,14.4059
52,0.106000,0.000000,14.4063
53,0.108000,0.000000,14.4037
54,0.110000,0.000000,14.3995
55,0.112000,0.000000,14.3955
56,0.114000,0.000000,14.3932
57,0.116000,0.000000,14.3928
58,0.118000,0.000000,14.3934
59,0.120000,0.000000,14.3939
60,0.122000,0.000000,14.3933
61,0.124000,0.000000,14.3915
62,0.126000,0.000000,14.3889
63,0.128000,0.000000,14.3865
64,0.130000,0.000000,14.3848
65,0.132000,0.000000,14.3839
66,0.134000,0.000000,14.3835
67,0.136000,0.000000,14.3830
68,0.138000,0.000000,14.3819
69,0.140000,0.000000,14.3804
70,0.142000,0.000000,14.3786
71,0.144000,0.000000,14.3768
72,0.146000,0.000000,14.3754
73,0.148000,0.000000,14.3743
74,0.150000,0.000000,14.3734
75,0.152000,0.000000,14.3724
76,0.154000,0.000000,14.3713
77,0.156000,0.000000,14.3699
78,0.158000,0.000000,14.3683
79,0.160000,0.000000,14.3669
80,0.162000,0.000000,14.3656
81,0.164000,0.000000,14.3644
82,0.166000,0.000000,14.3633
83,0.168000,0.000000,14.3621
84,0.170000,0.000000,14.3609
85,0.172000,0.000000,14.3596
86,0.174000,0.000000,14.3582
87,0.176000,0.000000,14.3569
88,0.178000,0.000000,14.3556
89,0.180000,0.000000,14.3544
90,0.182000,0.000000,14.3532
91,0.184000,0.000000,14.3520
92,0.186000,0.000000,14.3507
93,0.188000,0.000000,14.3494
94,0.190000,0.000000,14.3481
95,0.192000,0.000000,14.3468
96,0.194000,0.000000,14.3456
97,0.196000,0.000000,14.3443
98,0.198000,0.000000,14.3431
99,0.200000,0.000000,14.3419
100,0.202000,0.000000,14.3406
101,0.204000,0.000000,14.3394
102,0.206000,0.000000,14.3381
103,0.208000,0.000000,14.3369
104,0.210000,0.000000,14.3356
105,0.212000,0.000000,14.3344
106,0.214000,0.000000,14.3331
107,0.216000,0.000000,14.3319
108,0.218000,0.000000,14.3307
109,0.220000,0.000000,14.3294
110,0.222000,0.000000,14.3282
111,0.224000,0.000000,14.3269
112,0.226000,0.000000,14.3257
113,0.228000,0.000000,14.3244
114,0.230000,0.000000,14.3232
115,0.232000,0.000000,14.3220
116,0.234000,0.000000,14.3207
117,0.236000,0.000000,14.3195
118,0.238000,0.000000,14.3183
119,0.240000,0.000000,14.3170
120,0.242000,0.000000,14.3158
121,0.244000,0.000000,14.3146
122,0.246000,0.000000,14.3134
123,0.248000,0.000000,14.3121
124,0.250000,0.000000,14.3109
125,0.252000,0.000000,14.3097
126,0.254000,0.000000,14.3085
127,0.256000,0.000000,14.3072
128,0.258000,0.000000,14.3060
129,0.260000,0.000000,14.3048
130,0.262000,0.000000,14.3036
131,0.264000,0.000000,14.3024
132,0.266000,0.000000,14.3012
133,0.268000,0.000000,14.3000
134,0.270000,0.000000,14.2987
135,0.272000,0.000000,14.2975
136,0.274000,0.000000,14.2963
137,0.276000,0.000000,14.2951
138,0.278000,0.000000,14.2939
139,0.280000,0.000000,14.2927
140,0.282000,0.000000,14.2915
141,0.284000,0.000000,14.2903
142,0.286000,0.000000,14.2891
143,0.288000,0.000000,14.2879
144,0.290000,0.000000,14.2867
145,0.292000,0.000000,14.2855
146,0.294000,0.000000,14.2843
147,0.296000,0.000000,14.2831
148,0.298000,0.000000,14.2819
149,0.300000,0.000000,14.2808
150,0.302000,0.000000,14.2796
151,0.304000,0.000000,14.2784
152,0.306000,0.000000,14.2772
153,0.308000,0.000000,14.2760
154,0.310000,0.000000,14.2748
155,0.312000,0.000000,14.2737
156,0.314000,0.000000,14.2725
157,0.316000,0.000000,14.2713
158,0.318000,0.000000,14.2701
159,0.320000,0.000000,14.2690
160,0.322000,0.000000,14.2678
161,0.324000,0.000000,14.2666
162,0.326000,0.000000,14.2655
163,0.328000,0.000000,14.2643
164,0.330000,0.000000,14.2631
165,0.332000,0.000000,14.2620
166,0.334000,0.000000,14.2608
167,0.336000,0.000000,14.2596
168,0.338000,0.000000,14.2585
169,0.340000,0.000000,14.2573
170,0.342000,0.000000,14.2562
171,0.344000,0.000000,14.2550
172,0.346000,0.000000,14.2539
173,0.348000,0.000000,14.2527
174,0.350000,0.000000,14.2516
175,0.352000,0.000000,14.2504
176,0.354000,0.000000,14.2493
177,0.356000,0.000000,14.2482
178,0.358000,0.000000,14.2470
179,0.360000,0.000000,14.2459
180,0.362000,0.000000,14.2448
181,0.364000,0.000000,14.2436
182,0.366000,0.000000,14.2425
183,0.368000,0.000000,14.2414
184,0.370000,0.000000,14.2402
185,0.372000,0.000000,14.2391
186,0.374000,0.000000,14.2380
187,0.376000,0.000000,14.2369
188,0.378000,0.000000,14.2358
189,0.380000,0.000000,14.2346
190,0.382000,0.000000,14.2335
191,0.384000,0.000000,14.2324
192,0.386000,0.000000,14.2313
193,0.388000,0.000000,14.2302
194,0.390000,0.000000,14.2291
195,0.392000,0.000000,14.2280
196,0.394000,0.000000,14.2269
197,0.396000,0.000000,14.2258
198,0.398000,0.000000,14.2247
199,0.400000,0.000000,14.2236
200,0.402000,0.000000,14.2225
201,0.404000,0.000000,14.2214
202,0.406000,0.000000,14.2203
203,0.408000,0.000000,14.2193
204,0.410000,0.000000,14.2182
205,0.412000,0.000000,14.2171
206,0.414000,0.000000,14.2160
207,0.416000,0.000000,14.2149
208,0.418000,0.000000,14.2139
209,0.420000,0.000000,14.2128
210,0.422000,0.000000,14.2117
211,0.424000,0.000000,14.2107
212,0.426000,0.000000,14.2096
213,0.428000,0.000000,14.2085
214,0.430000,0.000000,14.2075
215,0.432000,0.000000,14.2064
216,0.434000,0.000000,14.2053
217,0.436000,0.000000,14.2043
218,0.438000,0.000000,14.2032
219,0.440000,0.000000,14.2022
220,0.442000,0.000000,14.2011
221,0.444000,0.000000,14.2001
222,0.446000,0.000000,14.1991
223,0.448000,0.000000,14.1980
224,0.450000,0.000000,14.1970
225,0.452000,0.000000,14.1960
226,0.454000,0.000000,14.1949
227,0.456000,0.000000,14.1939
228,0.458000,0.000000,14.1929
229,0.460000,0.000000,14.1918
230,0.462000,0.000000,14.1908
231,0.464000,0.000000,14.1898
232,0.466000,0.000000,14.1888
233,0.468000,0.000000,14.1878
234,0.470000,0.000000,14.1868
235,0.472000,0.000000,14.1857
236,0.474000,0.000000,14.1847
237,0.476000,0.000000,14.1837
238,0.478000,0.000000,14.1827
239,0.480000,0.000000,14.1817
240,0.482000,0.000000,14.1807
241,0.484000,0.000000,14.1797
242,0.486000,0.000000,14.1788
243,0.488000,0.000000,14.1778
244,0.490000,0.000000,14.1768
245,0.492000,0.000000,14.1758
246,0.494000,0.000000,14.1748
247,0.496000,0.000000,14.1738
248,0.498000,0.000000,14.1729
249,0.500000,0.000000,14.1719
250,0.502000,0.000000,14.1709
251,0.504000,0.000000,14.1700
252,0.506000,0.000000,14.1690
253,0.508000,0.000000,14.1680
254,0.510000,0.000000,14.1671
255,0.512000,0.000000,14.1661
256,0.514000,0.000000,14.1652
257,0.516000,0.000000,14.1642
258,0.518000,0.000000,14.1633
259,0.520000,0.000000,14.1623
260,0.522000,0.000000,14.1614
261,0.524000,0.000000,14.1604
262,0.526000,0.000000,14.1595
263,0.528000,0.000000,14.1586
264,0.530000,0.000000,14.1576
265,0.532000,0.000000,14.1567
266,0.534000,0.000000,14.1558
267,0.536000,0.000000,14.1548
268,0.538000,0.000000,14.1539
269,0.540000,0.000000,14.1530
270,0.542000,0.000000,14.1521
271,0.544000,0.000000,14.1512
272,0.546000,0.000000,14.1503
273,0.548000,0.000000,14.1494
274,0.550000,0.000000,14.1485
275,0.552000,0.000000,14.1476
276,0.554000,0.000000,14.1467
277,0.556000,0.000000,14.1458
278,0.558000,0.000000,14.1449
279,0.560000,0.000000,14.1440
280,0.562000,0.000000,14.1431
281,0.564000,0.000000,14.1422
282,0.566000,0.000000,14.1413
283,0.568000,0.000000,14.1405
284,0.570000,0.000000,14.1396
285,0.572000,0.000000,14.1387
286,0.574000,0.000000,14.1379
287,0.576000,0.000000,14.1370
288,0.578000,0.000000,14.1361
289,0.580000,0.000000,14.1353
290,0.582000,0.000000,14.1344
291,0.584000,0.000000,14.1336
292,0.586000,0.000000,14.1327
293,0.588000,0.000000,14.1319
294,0.590000,0.000000,14.1310
295,0.592000,0.000000,14.1302
296,0.594000,0.000000,14.1293
297,0.596000,0.000000,14.1285
298,0.598000,0.000000,14.1277
299,0.600000,0.000000,14.1268
300,0.602000,0.000000,14.1260
301,0.604000,0.000000,14.1252
302,0.606000,0.000000,14.1244
303,0.608000,0.000000,14.1236
304,0.610000,0.000000,14.1227
305,0.612000,0.000000,14.1219
306,0.614000,0.000000,14.1211
307,0.616000,0.000000,14.1203
308,0.618000,0.000000,14.1195
309,0.620000,0.000000,14.1187
310,0.622000,0.000000,14.1179
311,0.624000,0.000000,14.1171
312,0.626000,0.000000,14.1164
313,0.628000,0.000000,14.1156
314,0.630000,0.000000,14.1148
315,0.632000,0.000000,14.1140
316,0.634000,0.000000,14.1132
317,0.636000,0.000000,14.1125
318,0.638000,0.000000,14.1117
319,0.640000,0.000000,14.1109
320,0.642000,0.000000,14.1102
321,0.644000,0.000000,14.1094
322,0.646000,0.000000,14.1086
323,0.648000,0.000000,14.1079
324,0.650000,0.000000,14.1071
325,0.652000,0.000000,14.1064
326,0.654000,0.000000,14.1057
327,0.656000,0.000000,14.1049
328,0.658000,0.000000,14.1042
329,0.660000,0.000000,14.1034
330,0.662000,0.000000,14.1027
331,0.664000,0.000000,14.1020
332,0.666000,0.000000,14.1013
333,0.668000,0.000000,14.1005
334,0.670000,0.000000,14.0998
335,0.672000,0.000000,14.0991
336,0.674000,0.000000,14.0984
337,0.676000,0.000000,14.0977
338,0.678000,0.000000,14.0970
339,0.680000,0.000000,14.0963
340,0.682000,0.000000,14.0956
341,0.684000,0.000000,14.0949
342,0.686000,0.000000,14.0942
343,0.688000,0.000000,14.0935
344,0.690000,0.000000,14.0928
345,0.692000,0.000000,14.0922
346,0.694000,0.000000,14.0915
347,0.696000,0.000000,14.0908
348,0.698000,0.000000,14.0901
349,0.700000,0.000000,14.0895
350,0.702000,0.000000,14.0888
351,0.704000,0.000000,14.0881
352,0.706000,0.000000,14.0875
353,0.708000,0.000000,14.0868
354,0.710000,0.000000,14.0862
355,0.712000,0.000000,14.0855
356,0.714000,0.000000,14.0849
357,0.716000,0.000000,14.0843
358,0.718000,0.000000,14.0836
359,0.720000,0.000000,14.0830
360,0.722000,0.000000,14.0824
361,0.724000,0.000000,14.0817
362,0.726000,0.000000,14.0811
363,0.728000,0.000000,14.0805
364,0.730000,0.000000,14.0799
365,0.732000,0.000000,14.0793
366,0.734000,0.000000,14.0787
367,0.736000,0.000000,14.0780
368,0.738000,0.000000,14.0774
369,0.740000,0.000000,14.0768
370,0.742000,0.000000,14.0763
371,0.744000,0.000000,14.0757
372,0.746000,0.000000,14.0751
373,0.748000,0.000000,14.0745
374,0.750000,0.000000,14.0739
375,0.752000,0.000000,14.0733
376,0.754000,0.000000,14.0728
377,0.756000,0.000000,14.0722
378,0.758000,0.000000,14.0716
379,0.760000,0.000000,14.0711
380,0.762000,0.000000,14.0705
381,0.764000,0.000000,14.0699
382,0.766000,0.000000,14.0694
383,0.768000,0.000000,14.0688
384,0.770000,0.000000,14.0683
385,0.772000,0.000000,14.0678
386,0.774000,0.000000,14.0672
387,0.776000,0.000000,14.0667
388,0.778000,0.000000,14.0661
389,0.780000,0.000000,14.0656
390,0.782000,0.000000,14.0651
391,0.784000,0.000000,14.0646
392,0.786000,0.000000,14.0641
393,0.788000,0.000000,14.0635
394,0.790000,0.000000,14.0630
395,0.792000,0.000000,14.0625
396,0.794000,0.000000,14.0620
397,0.796000,0.000000,14.0615
398,0.798000,0.000000,14.0610
399,0.800000,0.000000,14.0605
400,0.802000,0.000000,14.0601
401,0.804000,0.000000,14.0596
402,0.806000,0.000000,14.0591
403,0.808000,0.000000,14.0586
404,0.810000,0.000000,14.0581
405,0.812000,0.000000,14.0577
406,0.814000,0.000000,14.0572
407,0.816000,0.000000,14.0567
408,0.818000,0.327644,14.0408
409,0.820000,0.748596,14.0176
410,0.822000,1.354792,13.9930
411,0.824000,2.113436,13.9688
412,0.826000,3.001382,13.9395
413,0.828000,3.998494,13.8990
414,0.830000,5.080672,13.8453
415,0.832000,6.204990,13.7840
416,0.834000,7.296689,13.7285
417,0.836000,8.291129,13.6881
418,0.838000,9.168520,13.6602
419,0.840000,9.955817,13.6331
420,0.842000,10.680619,13.5993
421,0.844000,11.329324,13.5641
422,0.846000,11.874836,13.5385
423,0.848000,12.316043,13.5266
424,0.850000,12.684910,13.5231
425,0.852000,13.037569,13.5184
426,0.854000,13.421338,13.5064
427,0.856000,13.850712,13.4889
428,0.858000,14.318187,13.4721
429,0.860000,14.815735,13.4595
430,0.862000,15.349103,13.4497
431,0.864000,15.943522,13.4372
432,0.866000,16.840214,13.4076
433,0.868000,17.904661,13.3690
434,0.870000,19.141778,13.3316
435,0.872000,20.526283,13.2975
436,0.874000,22.119120,13.2551
437,0.876000,24.024101,13.1905
438,0.878000,26.237415,13.1075
439,0.880000,28.608272,13.0287
440,0.882000,31.022092,12.9656
441,0.884000,33.619254,12.8966
442,0.886000,36.622807,12.7951
443,0.888000,39.995338,12.6707
444,0.890000,43.314735,12.5730
445,0.892000,46.497135,12.5044
446,0.894000,50.021132,12.4085
447,0.896000,54.270236,12.2506
448,0.898000,58.522447,12.1124
449,0.900000,62.073735,12.0560
450,0.902000,65.877123,11.9781
451,0.904000,71.056337,11.7769
452,0.906000,76.114936,11.6092
453,0.908000,79.450483,11.6063
454,0.910000,83.445747,11.5390
455,0.912000,90.116817,11.2398
456,0.914000,95.361633,11.0992
457,0.916000,97.432846,11.2186
458,0.918000,102.376109,11.0839
459,0.920000,110.741644,10.6724
460,0.922000,114.891736,10.6569
461,0.924000,115.548753,10.8847
462,0.926000,123.182510,10.5423
463,0.928000,131.749182,10.1675
464,0.930000,131.711771,10.4561
465,0.932000,134.626688,10.4964
466,0.934000,144.316097,10.0039
467,0.936000,152.999787,9.6970
468,0.938000,149.743572,10.2051
469,0.940000,153.102124,10.1957
470,0.942000,163.011091,9.6878
471,0.944000,172.016454,9.3752
472,0.946000,170.200118,9.7961
473,0.948000,175.831162,9.6803
474,0.950000,185.872046,9.2610
475,0.952000,192.224192,9.1729
476,0.954000,185.465188,9.7969
477,0.956000,197.226375,9.2269
478,0.958000,206.972878,8.8765
479,0.960000,215.829430,8.7289
480,0.962000,207.876157,9.4457
481,0.964000,220.191655,8.9120
482,0.966000,230.506273,8.5715
483,0.968000,226.628477,9.0540
484,0.970000,239.109633,8.5930
485,0.972000,249.514507,8.3225
486,0.974000,234.760924,9.2747
487,0.976000,248.547890,8.6388
488,0.978000,259.609093,8.2579
489,0.980000,271.414283,8.0244
490,0.982000,255.850089,9.0304
491,0.984000,270.359475,8.4149
492,0.986000,281.999833,8.0464
493,0.988000,294.405605,7.8206
494,0.990000,273.790921,8.9837
495,0.992000,289.094916,8.3172
496,0.994000,301.115426,7.9273
497,0.996000,314.050046,7.6963
498,0.998000,321.314528,7.7809
499,1.000000,292.646744,9.1161
500,1.002000,308.607161,8.3295
501,1.004000,320.763267,7.8880
502,1.006000,334.177832,7.6432
503,1.008000,348.047650,7.4943
504,1.010000,341.964955,8.0929
505,1.012000,356.612216,7.7172
506,1.014000,369.069619,7.4938
507,1.016000,345.232553,8.5634
508,1.018000,359.984726,7.9836
509,1.020000,371.465764,7.6676
510,1.022000,383.807476,7.5016
511,1.024000,396.194392,7.4112
512,1.026000,407.033135,7.3930
513,1.028000,353.807238,9.2345
514,1.030000,368.468748,8.4494
515,1.032000,378.027734,8.0467
516,1.034000,389.399676,7.8590
517,1.036000,401.286434,7.7794
518,1.038000,412.914139,7.7526
519,1.040000,423.845086,7.7519
520,1.042000,433.826484,7.7660
521,1.044000,442.709264,7.7904
522,1.046000,450.404500,7.8242
523,1.048000,456.813441,7.8691
524,1.050000,462.030925,7.9222
525,1.052000,466.003384,7.9865
526,1.054000,468.764918,8.0618
527,1.056000,470.361090,8.1482
528,1.058000,470.854873,8.2453
529,1.060000,470.324301,8.3523
530,1.062000,468.860045,8.4687
531,1.064000,466.563021,8.5934
532,1.066000,463.542085,8.7253
533,1.068000,459.911895,8.8636
534,1.070000,455.790993,9.0068
535,1.072000,451.300139,9.1540
536,1.074000,446.560895,9.3040
537,1.076000,441.694429,9.4557
538,1.078000,436.820471,9.6080
539,1.080000,432.056321,9.7599
540,1.082000,427.515811,9.9105
541,1.084000,423.308064,10.0592
542,1.086000,419.535924,10.2051
543,1.088000,416.293885,10.3480
544,1.090000,413.665383,10.4874
545,1.092000,411.719303,10.6233
546,1.094000,410.505614,10.7558
547,1.096000,410.050127,10.8854
548,1.098000,410.348473,11.0127
549,1.100000,411.359659,11.1385
550,1.102000,412.999808,11.2640
551,1.104000,415.137121,11.3903
552,1.106000,417.589573,11.5188
553,1.108000,420.127297,11.6508
554,1.110000,422.481966,11.7873
555,1.112000,424.365288,11.9291
556,1.114000,425.497842,12.0763
557,1.116000,425.647285,12.2288
558,1.118000,424.671481,12.3853
559,1.120000,422.557445,12.5445
560,1.122000,419.442604,12.7044
561,1.124000,415.603110,12.8636
562,1.126000,411.398690,13.0209
563,1.128000,407.178677,13.1762
564,1.130000,403.179472,13.3302
565,1.132000,399.467097,13.4837
566,1.134000,395.968712,13.6375
567,1.136000,392.571744,13.7918
568,1.138000,389.201878,13.9462
569,1.140000,385.826417,14.1003
570,1.142000,382.427001,14.2539
571,1.144000,378.988920,14.4067
572,1.146000,375.501203,14.5585
573,1.148000,371.956538,14.7091
574,1.150000,368.350556,14.8583
575,1.152000,364.681141,15.0059
576,1.154000,360.947855,15.1518
577,1.156000,357.151486,15.2958
578,1.158000,353.293680,15.4379
579,1.160000,349.376673,15.5777
580,1.162000,345.403069,15.7153
581,1.164000,341.375690,15.8504
582,1.166000,337.297456,15.9830
583,1.168000,333.171295,16.1129
584,1.170000,329.000094,16.2400
585,1.172000,324.786648,16.3642
586,1.174000,320.533641,16.4853
587,1.176000,316.243626,16.6032
588,1.178000,311.919014,16.7178
589,1.180000,307.562076,16.8291
590,1.182000,303.174940,16.9368
591,1.184000,298.759593,17.0409
592,1.186000,294.317884,17.1413
593,1.188000,289.851534,17.2379
594,1.190000,285.362135,17.3306
595,1.192000,280.851161,17.4193
596,1.194000,276.319971,17.5039
597,1.196000,271.769817,17.5843
598,1.198000,267.201849,17.6605
599,1.200000,262.617129,17.7324
600,1.202000,258.016634,17.7998
601,1.204000,253.401249,17.8627
602,1.206000,248.771773,17.9210
603,1.208000,244.128921,17.9748
604,1.210000,239.473328,18.0238
605,1.212000,234.805548,18.0680
606,1.214000,230.126069,18.1074
607,1.216000,225.435547,18.1420
608,1.218000,220.734958,18.1716
609,1.220000,216.025017,18.1962
610,1.222000,210.205527,18.1741
611,1.224000,194.865027,17.7955
612,1.226000,188.294964,17.8381
613,1.228000,184.419246,17.9824
614,1.230000,180.378237,18.0469
615,1.232000,176.472191,18.0668
616,1.234000,172.596880,18.0635
617,1.236000,168.699507,18.0482
618,1.238000,164.757619,18.0262
619,1.240000,160.763420,18.0000
620,1.242000,156.715655,17.9704
621,1.244000,152.615683,17.9374
622,1.246000,148.465189,17.9008
623,1.248000,144.265332,17.8601
624,1.250000,140.016675,17.8149
625,1.252000,135.719220,17.7648
626,1.254000,131.372579,17.7096
627,1.256000,126.976159,17.6488
628,1.258000,122.529325,17.5823
629,1.260000,118.031531,17.5099
630,1.262000,113.482423,17.4314
631,1.264000,108.881909,17.3468
632,1.266000,104.230214,17.2558
633,1.268000,99.527905,17.1586
634,1.270000,94.775912,17.0551
635,1.272000,89.975530,16.9452
636,1.274000,85.128419,16.8289
637,1.276000,80.236591,16.7064
638,1.278000,75.302401,16.5776
639,1.280000,70.328526,16.4427
640,1.282000,65.317958,16.3017
641,1.284000,60.273980,16.1548
642,1.286000,55.200155,16.0020
643,1.288000,50.100313,15.8437
644,1.290000,44.978539,15.6798
645,1.292000,39.839165,15.5107
646,1.294000,34.686763,15.3366
647,1.296000,29.526150,15.1576
648,1.298000,24.362377,14.9742
649,1.300000,19.200750,14.7864
650,1.302000,14.046848,14.5948
651,1.304000,8.976384,14.4027
652,1.306000,4.124310,14.2173
653,1.308000,0.000000,14.0631
654,1.310000,0.000000,14.1011
655,1.312000,0.000000,14.1846
656,1.314000,0.296902,14.2263
657,1.316000,1.272460,14.2489
658,1.318000,2.245498,14.2624
659,1.320000,3.146669,14.2957
660,1.322000,3.799730,14.3207
661,1.324000,4.136966,14.2949
662,1.326000,4.195766,14.2457
663,1.328000,3.979829,14.2047
664,1.330000,3.443694,14.1656
665,1.332000,2.660023,14.1364
666,1.334000,1.749442,14.1283
667,1.336000,0.697845,14.1159
668,1.338000,0.000000,14.1036
669,1.340000,0.000000,14.1083
670,1.342000,0.000000,14.0848
671,1.344000,0.000000,14.0480
672,1.346000,0.000000,14.0278
673,1.348000,0.000000,14.0176
674,1.350000,0.000000,14.0211
675,1.352000,0.000000,14.0413
676,1.354000,0.000000,14.0670
677,1.356000,0.000000,14.0813
678,1.358000,0.000000,14.0768
679,1.360000,0.000000,14.0619
680,1.362000,0.000000,14.0499
681,1.364000,0.000000,14.0462
682,1.366000,0.000000,14.0502
683,1.368000,0.000000,14.0588
684,1.370000,0.000000,14.0670
685,1.372000,0.000000,14.0705
686,1.374000,0.000000,14.0684
687,1.376000,0.000000,14.0637
688,1.378000,0.000000,14.0601
689,1.380000,0.000000,14.0595
690,1.382000,0.000000,14.0618
691,1.384000,0.000000,14.0653
692,1.386000,0.000000,14.0682
693,1.388000,0.000000,14.0693
694,1.390000,0.000000,14.0687
695,1.392000,0.000000,14.0674
696,1.394000,0.000000,14.0667
697,1.396000,0.000000,14.0671
698,1.398000,0.000000,14.0683
699,1.400000,0.000000,14.0699
700,1.402000,0.000000,14.0712
701,1.404000,0.000000,14.0718
702,1.406000,0.000000,14.0719
703,1.408000,0.000000,14.0719
704,1.410000,0.000000,14.0721
705,1.412000,0.000000,14.0727
706,1.414000,0.000000,14.0735
707,1.416000,0.000000,14.0745
708,1.418000,0.000000,14.0752
709,1.420000,0.000000,14.0758
710,1.422000,0.000000,14.0762
711,1.424000,0.000000,14.0766
712,1.426000,0.000000,14.0771
713,1.428000,0.000000,14.0777
714,1.430000,0.000000,14.0785
715,1.432000,0.000000,14.0792
716,1.434000,0.000000,14.0798
717,1.436000,0.000000,14.0804
718,1.438000,0.000000,14.0810
719,1.440000,0.000000,14.0816
720,1.442000,0.000000,14.0822
721,1.444000,0.000000,14.0828
722,1.446000,0.000000,14.0835
723,1.448000,0.000000,14.0841
724,1.450000,0.000000,14.0848
725,1.452000,0.000000,14.0854
726,1.454000,0.000000,14.0861
727,1.456000,0.000000,14.0867
728,1.458000,0.000000,14.0873
729,1.460000,0.000000,14.0880
730,1.462000,0.000000,14.0887
731,1.464000,0.000000,14.0894
732,1.466000,0.000000,14.0900
733,1.468000,0.000000,14.0907
734,1.470000,0.000000,14.0914
735,1.472000,0.000000,14.0920
736,1.474000,0.000000,14.0927
737,1.476000,0.000000,14.0934
738,1.478000,0.000000,14.0941
739,1.480000,0.000000,14.0948
740,1.482000,0.000000,14.0955
741,1.484000,0.000000,14.0962
742,1.486000,0.000000,14.0969
743,1.488000,0.000000,14.0976
744,1.490000,0.000000,14.0983
745,1.492000,0.000000,14.0990
746,1.494000,0.000000,14.0997
747,1.496000,0.000000,14.1004
748,1.498000,0.000000,14.1012
749,1.500000,0.000000,14.1019
750,1.502000,0.000000,14.1026
751,1.504000,0.000000,14.1034
752,1.506000,0.000000,14.1041
753,1.508000,0.000000,14.1048
754,1.510000,0.000000,14.1056
755,1.512000,0.000000,14.1063
756,1.514000,0.000000,14.1071
757,1.516000,0.000000,14.1078
758,1.518000,0.000000,14.1086
759,1.520000,0.000000,14.1093
760,1.522000,0.000000,14.1101
761,1.524000,0.000000,14.1109
762,1.526000,0.000000,14.1116
763,1.528000,0.000000,14.1124
764,1.530000,0.000000,14.1132
765,1.532000,0.000000,14.1139
766,1.534000,0.000000,14.1147
767,1.536000,0.000000,14.1155
768,1.538000,0.000000,14.1163
769,1.540000,0.000000,14.1171
770,1.542000,0.000000,14.1179
771,1.544000,0.000000,14.1187
772,1.546000,0.000000,14.1195
773,1.548000,0.000000,14.1203
774,1.550000,0.000000,14.1211
775,1.552000,0.000000,14.1219
776,1.554000,0.000000,14.1227
777,1.556000,0.000000,14.1235
778,1.558000,0.000000,14.1243
779,1.560000,0.000000,14.1252
780,1.562000,0.000000,14.1260
781,1.564000,0.000000,14.1268
782,1.566000,0.000000,14.1277
783,1.568000,0.000000,14.1285
784,1.570000,0.000000,14.1293
785,1.572000,0.000000,14.1302
786,1.574000,0.000000,14.1310
787,1.576000,0.000000,14.1319
788,1.578000,0.000000,14.1327
789,1.580000,0.000000,14.1336
790,1.582000,0.000000,14.1344
791,1.584000,0.000000,14.1353
792,1.586000,0.000000,14.1361
793,1.588000,0.000000,14.1370
794,1.590000,0.000000,14.1379
795,1.592000,0.000000,14.1387
796,1.594000,0.000000,14.1396
797,1.596000,0.000000,14.1405
798,1.598000,0.000000,14.1414
799,1.600000,0.000000,14.1423
800,1.602000,0.000000,14.1431
801,1.604000,0.000000,14.1440
802,1.606000,0.000000,14.1449
803,1.608000,0.000000,14.1458
804,1.610000,0.000000,14.1467
805,1.612000,0.000000,14.1476
806,1.614000,0.000000,14.1485
807,1.616000,0.000000,14.1494
808,1.618000,0.000000,14.1503
809,1.620000,0.000000,14.1513
810,1.622000,0.000000,14.1522
811,1.624000,0.000000,14.1531
812,1.626000,0.000000,14.1540
813,1.628000,0.000000,14.1549
814,1.630000,0.000000,14.1559
815,1.632000,0.000000,14.1568
816,1.634000,0.000000,14.1577
817,1.636000,0.000000,14.1587
818,1.638000,0.000000,14.1596
819,1.640000,0.000000,14.1605
820,1.642000,0.000000,14.1615
821,1.644000,0.000000,14.1624
822,1.646000,0.000000,14.1634
823,1.648000,0.000000,14.1643
824,1.650000,0.000000,14.1653
825,1.652000,0.000000,14.1662
826,1.654000,0.000000,14.1672
827,1.656000,0.000000,14.1682
828,1.658000,0.000000,14.1691
829,1.660000,0.000000,14.1701
830,1.662000,0.000000,14.1711
831,1.664000,0.000000,14.1720
832,1.666000,0.000000,14.1730
833,1.668000,0.000000,14.1740
834,1.670000,0.000000,14.1750
835,1.672000,0.000000,14.1760
836,1.674000,0.000000,14.1769
837,1.676000,0.000000,14.1779
838,1.678000,0.000000,14.1789
839,1.680000,0.000000,14.1799
840,1.682000,0.000000,14.1809
841,1.684000,0.000000,14.1819
842,1.686000,0.000000,14.1829
843,1.688000,0.000000,14.1839
844,1.690000,0.000000,14.1849
845,1.692000,0.000000,14.1860
846,1.694000,0.000000,14.1870
847,1.696000,0.000000,14.1880
848,1.698000,0.000000,14.1890
849,1.700000,0.000000,14.1900
850,1.702000,0.000000,14.1910
851,1.704000,0.000000,14.1921
852,1.706000,0.000000,14.1931
853,1.708000,0.000000,14.1941
854,1.710000,0.000000,14.1952
855,1.712000,0.000000,14.1962
856,1.714000,0.000000,14.1972
857,1.716000,0.000000,14.1983
858,1.718000,0.000000,14.1993
859,1.720000,0.000000,14.2004
860,1.722000,0.000000,14.2014
861,1.724000,0.000000,14.2025
862,1.726000,0.000000,14.2035
863,1.728000,0.000000,14.2046
864,1.730000,0.000000,14.2056
865,1.732000,0.000000,14.2067
866,1.734000,0.000000,14.2078
867,1.736000,0.000000,14.2088
868,1.738000,0.000000,14.2099
869,1.740000,0.000000,14.2110
870,1.742000,0.000000,14.2120
871,1.744000,0.000000,14.2131
872,1.746000,0.000000,14.2142
873,1.748000,0.000000,14.2153
874,1.750000,0.000000,14.2163
875,1.752000,0.000000,14.2174
876,1.754000,0.000000,14.2185
877,1.756000,0.000000,14.2196
878,1.758000,0.000000,14.2207
879,1.760000,0.000000,14.2218
880,1.762000,0.000000,14.2229
881,1.764000,0.000000,14.2240
882,1.766000,0.000000,14.2251
883,1.768000,0.000000,14.2262
884,1.770000,0.000000,14.2273
885,1.772000,0.000000,14.2284
886,1.774000,0.000000,14.2295
887,1.776000,0.000000,14.2306
888,1.778000,0.000000,14.2317
889,1.780000,0.000000,14.2328
890,1.782000,0.000000,14.2339
891,1.784000,0.000000,14.2351
892,1.786000,0.000000,14.2362
893,1.788000,0.000000,14.2373
894,1.790000,0.000000,14.2384
895,1.792000,0.000000,14.2396
896,1.794000,0.000000,14.2407
897,1.796000,0.000000,14.2418
898,1.798000,0.000000,14.2430
899,1.800000,0.000000,14.2441
900,1.802000,0.000000,14.2452
901,1.804000,0.000000,14.2464
902,1.806000,0.000000,14.2475
903,1.808000,0.000000,14.2486
904,1.810000,0.000000,14.2498
905,1.812000,0.000000,14.2509
906,1.814000,0.000000,14.2521
907,1.816000,0.000000,14.2532
908,1.818000,0.000000,14.2544
909,1.820000,0.000000,14.2555
910,1.822000,0.000000,14.2567
911,1.824000,0.000000,14.2579
912,1.826000,0.000000,14.2590
913,1.828000,0.000000,14.2602
914,1.830000,0.000000,14.2613
915,1.832000,0.000000,14.2625
916,1.834000,0.000000,14.2637
917,1.836000,0.000000,14.2648
918,1.838000,0.000000,14.2660
919,1.840000,0.000000,14.2672
920,1.842000,0.000000,14.2684
921,1.844000,0.000000,14.2695
922,1.846000,0.000000,14.2707
923,1.848000,0.000000,14.2719
924,1.850000,0.000000,14.2731
925,1.852000,0.000000,14.2742
926,1.854000,0.000000,14.2754
927,1.856000,0.000000,14.2766
928,1.858000,0.000000,14.2778
929,1.860000,0.000000,14.2790
930,1.862000,0.000000,14.2802
931,1.864000,0.000000,14.2814
932,1.866000,0.000000,14.2826
933,1.868000,0.000000,14.2838
934,1.870000,0.000000,14.2850
935,1.872000,0.000000,14.2862
936,1.874000,0.000000,14.2874
937,1.876000,0.000000,14.2886
938,1.878000,0.000000,14.2898
939,1.880000,0.000000,14.2910
940,1.882000,0.000000,14.2922
941,1.884000,0.000000,14.2934
942,1.886000,0.000000,14.2946
943,1.888000,0.000000,14.2958
944,1.890000,0.000000,14.2970
945,1.892000,0.000000,14.2982
946,1.894000,0.000000,14.2994
947,1.896000,0.000000,14.3007
948,1.898000,0.000000,14.3019
949,1.900000,0.000000,14.3031
950,1.902000,0.000000,14.3043
951,1.904000,0.000000,14.3055
952,1.906000,0.000000,14.3068
953,1.908000,0.000000,14.3080
954,1.910000,0.000000,14.3092
955,1.912000,0.000000,14.3104
956,1.914000,0.000000,14.3117
957,1.916000,0.000000,14.3129
958,1.918000,0.000000,14.3141
959,1.920000,0.000000,14.3154
960,1.922000,0.000000,14.3166
961,1.924000,0.000000,14.3178
962,1.926000,0.000000,14.3191
963,1.928000,0.000000,14.3203
964,1.930000,0.000000,14.3215
965,1.932000,0.000000,14.3228
966,1.934000,0.000000,14.3240
967,1.936000,0.000000,14.3253
968,1.938000,0.000000,14.3265
969,1.940000,0.000000,14.3278
970,1.942000,0.000000,14.3290
971,1.944000,0.000000,14.3302
972,1.946000,0.000000,14.3315
973,1.948000,0.000000,14.3327
974,1.950000,0.000000,14.3340
975,1.952000,0.000000,14.3352
976,1.954000,0.000000,14.3365
977,1.956000,0.000000,14.3377
978,1.958000,0.000000,14.3390
979,1.960000,0.000000,14.3402
980,1.962000,0.000000,14.3415
981,1.964000,0.000000,14.3428
982,1.966000,0.000000,14.3440
983,1.968000,0.000000,14.3453
984,1.970000,0.000000,14.3465
985,1.972000,0.000000,14.3478
986,1.974000,0.000000,14.3491
987,1.976000,0.000000,14.3503
988,1.978000,0.000000,14.3516
989,1.980000,0.000000,14.3528
990,1.982000,0.000000,14.3541
991,1.984000,0.000000,14.3554
992,1.986000,0.000000,14.3566
993,1.988000,0.000000,14.3579
994,1.990000,0.000000,14.3592
995,1.992000,0.000000,14.3604
996,1.994000,0.000000,14.3617
997,1.996000,0.000000,14.3630
998,1.998000,0.000000,14.3642
999,2.000000,0.000000,14.3655
1000,2.002000,0.000000,14.3668
1001,2.004000,0.000000,14.3681
1002,2.006000,0.000000,14.3693
1003,2.008000,0.000000,14.3706
1004,2.010000,0.000000,14.3719
1005,2.012000,0.000000,14.3732
1006,2.014000,0.000000,14.3744
1007,2.016000,0.000000,14.3757
1008,2.018000,0.000000,14.3770
1009,2.020000,0.000000,14.3783
1010,2.022000,0.000000,14.3795
1011,2.024000,0.000000,14.3808
1012,2.026000,0.000000,14.3821
1013,2.028000,0.000000,14.3834
1014,2.030000,0.000000,14.3847
1015,2.032000,0.000000,14.3859
1016,2.034000,0.000000,14.3872
1017,2.036000,0.000000,14.3885
1018,2.038000,0.000000,14.3898
1019,2.040000,0.000000,14.3911
1020,2.042000,0.000000,14.3923
1021,2.044000,0.000000,14.3936
1022,2.046000,0.000000,14.3949
1023,2.048000,0.000000,14.3962
1024,2.050000,0.000000,14.3975
1025,2.052000,0.000000,14.3988
1026,2.054000,0.000000,14.4000
1027,2.056000,0.000000,14.4013
1028,2.058000,0.000000,14.4026
1029,2.060000,0.000000,14.4039
1030,2.062000,0.000000,14.4052
1031,2.064000,0.000000,14.4065
1032,2.066000,0.000000,14.4078
1033,2.068000,0.000000,14.4090
1034,2.070000,0.000000,14.4103
1035,2.072000,0.000000,14.4116
1036,2.074000,0.000000,14.4129
1037,2.076000,0.000000,14.4142
1038,2.078000,0.000000,14.4155
1039,2.080000,0.000000,14.4168
1040,2.082000,0.000000,14.4180
1041,2.084000,0.000000,14.4193
1042,2.086000,0.000000,14.4206
1043,2.088000,0.000000,14.4219
1044,2.090000,0.000000,14.4232
1045,2.092000,0.000000,14.4245
1046,2.094000,0.000000,14.4258
1047,2.096000,0.000000,14.4271
1048,2.098000,0.000000,14.4283
1049,2.100000,0.000000,14.4296
1050,2.102000,0.000000,14.4309
1051,2.104000,0.000000,14.4322
1052,2.106000,0.000000,14.4335
1053,2.108000,0.000000,14.4348
1054,2.110000,0.000000,14.4361
1055,2.112000,0.000000,14.4374
1056,2.114000,0.000000,14.4386
1057,2.116000,0.000000,14.4399
1058,2.118000,0.000000,14.4412
1059,2.120000,0.000000,14.4425
1060,2.122000,0.000000,14.4438
1061,2.124000,0.000000,14.4451
1062,2.126000,0.000000,14.4464
1063,2.128000,0.000000,14.4477
1064,2.130000,0.000000,14.4489
1065,2.132000,0.000000,14.4502
1066,2.134000,0.000000,14.4515
1067,2.136000,0.000000,14.4528
1068,2.138000,0.000000,14.4541
1069,2.140000,0.000000,14.4554
1070,2.142000,0.000000,14.4566
1071,2.144000,0.000000,14.4579
1072,2.146000,0.000000,14.4592
1073,2.148000,0.000000,14.4605
1074,2.150000,0.000000,14.4618
1075,2.152000,0.000000,14.4631
1076,2.154000,0.000000,14.4643
1077,2.156000,0.000000,14.4656
1078,2.158000,0.000000,14.4669
1079,2.160000,0.000000,14.4682
1080,2.162000,0.000000,14.4695
1081,2.164000,0.000000,14.4707
1082,2.166000,0.000000,14.4720
1083,2.168000,0.000000,14.4733
1084,2.170000,0.000000,14.4746
1085,2.172000,0.000000,14.4759
1086,2.174000,0.000000,14.4771
1087,2.176000,0.000000,14.4784
1088,2.178000,0.000000,14.4797
1089,2.180000,0.000000,14.4810
1090,2.182000,0.000000,14.4822
1091,2.184000,0.000000,14.4835
1092,2.186000,0.000000,14.4848
1093,2.188000,0.000000,14.4861
1094,2.190000,0.000000,14.4873
1095,2.192000,0.000000,14.4886
1096,2.194000,0.000000,14.4899
1097,2.196000,0.000000,14.4912
1098,2.198000,0.000000,14.4924
1099,2.200000,0.000000,14.4937
1100,2.202000,0.000000,14.4950
1101,2.204000,0.000000,14.4962
1102,2.206000,0.000000,14.4975
1103,2.208000,0.000000,14.4988
1104,2.210000,0.000000,14.5000
1105,2.212000,0.000000,14.5013
1106,2.214000,0.000000,14.5026
1107,2.216000,0.000000,14.5038
1108,2.218000,0.000000,14.5051
1109,2.220000,0.000000,14.5063
1110,2.222000,0.000000,14.5076
1111,2.224000,0.000000,14.5089
1112,2.226000,0.000000,14.5101
1113,2.228000,0.000000,14.5114
1114,2.230000,0.000000,14.5126
1115,2.232000,0.000000,14.5139
1116,2.234000,0.000000,14.5151
1117,2.236000,0.000000,14.5164
1118,2.238000,0.000000,14.5177
1119,2.240000,0.000000,14.5189
1120,2.242000,0.000000,14.5202
1121,2.244000,0.000000,14.5214
1122,2.246000,0.000000,14.5227
1123,2.248000,0.000000,14.5239
1124,2.250000,0.000000,14.5252
1125,2.252000,0.000000,14.5264
1126,2.254000,0.000000,14.5276
1127,2.256000,0.000000,14.5289
1128,2.258000,0.000000,14.5301
1129,2.260000,0.000000,14.5314
1130,2.262000,0.000000,14.5326
1131,2.264000,0.000000,14.5339
1132,2.266000,0.000000,14.5351
1133,2.268000,0.000000,14.5363
1134,2.270000,0.000000,14.5376
1135,2.272000,0.000000,14.5388
1136,2.274000,0.000000,14.5400
1137,2.276000,0.000000,14.5413
1138,2.278000,0.000000,14.5425
1139,2.280000,0.000000,14.5437
1140,2.282000,0.000000,14.5450
1141,2.284000,0.000000,14.5462
1142,2.286000,0.000000,14.5474
1143,2.288000,0.000000,14.5486
1144,2.290000,0.000000,14.5499
1145,2.292000,0.000000,14.5511
1146,2.294000,0.000000,14.5523
1147,2.296000,0.000000,14.5535
1148,2.298000,0.000000,14.5547
1149,2.300000,0.000000,14.5560
1150,2.302000,0.000000,14.5572
1151,2.304000,0.000000,14.5584
1152,2.306000,0.000000,14.5596
1153,2.308000,0.000000,14.5608
1154,2.310000,0.000000,14.5620
1155,2.312000,0.000000,14.5632
1156,2.314000,0.000000,14.5644
1157,2.316000,0.000000,14.5656
1158,2.318000,0.000000,14.5668
1159,2.320000,0.000000,14.5680
1160,2.322000,0.000000,14.5693
1161,2.324000,0.000000,14.5705
1162,2.326000,0.000000,14.5716
1163,2.328000,0.000000,14.5728
1164,2.330000,0.000000,14.5740
1165,2.332000,0.000000,14.5752
1166,2.334000,0.000000,14.5764
1167,2.336000,0.000000,14.5776
1168,2.338000,0.000000,14.5788
1169,2.340000,0.000000,14.5800
1170,2.342000,0.000000,14.5812
1171,2.344000,0.000000,14.5824
1172,2.346000,0.000000,14.5835
1173,2.348000,0.000000,14.5847
1174,2.350000,0.000000,14.5859
1175,2.352000,0.000000,14.5871
1176,2.354000,0.000000,14.5883
1177,2.356000,0.000000,14.5894
1178,2.358000,0.000000,14.5906
1179,2.360000,0.000000,14.5918
1180,2.362000,0.000000,14.5930
1181,2.364000,0.000000,14.5941
1182,2.366000,0.000000,14.5953
1183,2.368000,0.000000,14.5965
1184,2.370000,0.000000,14.5976
1185,2.372000,0.000000,14.5988
1186,2.374000,0.000000,14.5999
1187,2.376000,0.000000,14.6011
1188,2.378000,0.000000,14.6022
1189,2.380000,0.000000,14.6034
1190,2.382000,0.000000,14.6046
1191,2.384000,0.000000,14.6057
1192,2.386000,0.000000,14.6068
1193,2.388000,0.000000,14.6080
1194,2.390000,0.000000,14.6091
1195,2.392000,0.000000,14.6103
1196,2.394000,0.000000,14.6114
1197,2.396000,0.000000,14.6126
1198,2.398000,0.000000,14.6137
1199,2.400000,0.000000,14.6148
1200,2.402000,0.000000,14.6160
1201,2.404000,0.000000,14.6171
1202,2.406000,0.000000,14.6182
1203,2.408000,0.000000,14.6194
1204,2.410000,0.000000,14.6205
1205,2.412000,0.000000,14.6216
1206,2.414000,0.000000,14.6227
1207,2.416000,0.000000,14.6238
1208,2.418000,0.000000,14.6250
1209,2.420000,0.000000,14.6261
1210,2.422000,0.000000,14.6272
1211,2.424000,0.000000,14.6283
1212,2.426000,0.000000,14.6294
1213,2.428000,0.000000,14.6305
1214,2.430000,0.000000,14.6316
1215,2.432000,0.000000,14.6327
1216,2.434000,0.000000,14.6338
1217,2.436000,0.000000,14.6349
1218,2.438000,0.000000,14.6360
1219,2.440000,0.000000,14.6371
1220,2.442000,0.000000,14.6382
1221,2.444000,0.000000,14.6393
1222,2.446000,0.000000,14.6404
1223,2.448000,0.000000,14.6415
1224,2.450000,0.000000,14.6426
1225,2.452000,0.000000,14.6436
1226,2.454000,0.000000,14.6447
1227,2.456000,0.000000,14.6458
1228,2.458000,0.000000,14.6469
1229,2.460000,0.000000,14.6480
1230,2.462000,0.000000,14.6490
1231,2.464000,0.000000,14.6501
1232,2.466000,0.000000,14.6512
1233,2.468000,0.000000,14.6522
1234,2.470000,0.000000,14.6533
1235,2.472000,0.000000,14.6543
1236,2.474000,0.000000,14.6554
1237,2.476000,0.000000,14.6565
1238,2.478000,0.000000,14.6575
1239,2.480000,0.000000,14.6586
1240,2.482000,0.000000,14.6596
1241,2.484000,0.000000,14.6607
1242,2.486000,0.000000,14.6617
1243,2.488000,0.000000,14.6627
1244,2.490000,0.000000,14.6638
1245,2.492000,0.000000,14.6648
1246,2.494000,0.000000,14.6659
1247,2.496000,0.000000,14.6669
1248,2.498000,0.000000,14.6679
1249,2.500000,0.000000,14.6689
1250,2.502000,0.000000,14.6700
1251,2.504000,0.000000,14.6710
1252,2.506000,0.000000,14.6720
1253,2.508000,0.000000,14.6730
1254,2.510000,0.000000,14.6741
1255,2.512000,0.000000,14.6751
1256,2.514000,0.000000,14.6761
1257,2.516000,0.000000,14.6771
1258,2.518000,0.000000,14.6781
1259,2.520000,0.000000,14.6791
1260,2.522000,0.000000,14.6801
1261,2.524000,0.000000,14.6811
1262,2.526000,0.000000,14.6821
1263,2.528000,0.000000,14.6831
1264,2.530000,0.000000,14.6841
1265,2.532000,0.000000,14.6851
1266,2.534000,0.000000,14.6861
1267,2.536000,0.000000,14.6870
1268,2.538000,0.000000,14.6880
1269,2.540000,0.000000,14.6890
1270,2.542000,0.000000,14.6900
1271,2.544000,0.000000,14.6909
1272,2.546000,0.000000,14.6919
1273,2.548000,0.000000,14.6929
1274,2.550000,0.000000,14.6939
1275,2.552000,0.000000,14.6948
1276,2.554000,0.000000,14.6958
1277,2.556000,0.000000,14.6967
1278,2.558000,0.000000,14.6977
1279,2.560000,0.000000,14.6987
1280,2.562000,0.000000,14.6996
1281,2.564000,0.000000,14.7006
1282,2.566000,0.000000,14.7015
1283,2.568000,0.000000,14.7024
1284,2.570000,0.000000,14.7034
1285,2.572000,0.000000,14.7043
1286,2.574000,0.000000,14.7053
1287,2.576000,0.000000,14.7062
1288,2.578000,0.000000,14.7071
1289,2.580000,0.000000,14.7080
1290,2.582000,0.000000,14.7090
1291,2.584000,0.000000,14.7099
1292,2.586000,0.000000,14.7108
1293,2.588000,0.000000,14.7117
1294,2.590000,0.000000,14.7126
1295,2.592000,0.000000,14.7136
1296,2.594000,0.000000,14.7145
1297,2.596000,0.000000,14.7154
1298,2.598000,0.000000,14.7163
1299,2.600000,0.000000,14.7172
1300,2.602000,0.000000,14.7181
1301,2.604000,0.000000,14.7190
1302,2.606000,0.000000,14.7199
1303,2.608000,0.000000,14.7208
1304,2.610000,0.000000,14.7216
1305,2.612000,0.000000,14.7225
1306,2.614000,0.000000,14.7234
1307,2.616000,0.000000,14.7243
1308,2.618000,0.000000,14.7252
1309,2.620000,0.000000,14.7260
1310,2.622000,0.000000,14.7269
1311,2.624000,0.000000,14.7278
1312,2.626000,0.000000,14.7286
1313,2.628000,0.000000,14.7295
1314,2.630000,0.000000,14.7304
1315,2.632000,0.000000,14.7312
1316,2.634000,0.000000,14.7321
1317,2.636000,0.000000,14.7329
1318,2.638000,0.000000,14.7338
1319,2.640000,0.000000,14.7346
1320,2.642000,0.000000,14.7355
1321,2.644000,0.000000,14.7363
1322,2.646000,0.000000,14.7371
1323,2.648000,0.000000,14.7380
1324,2.650000,0.000000,14.7388
1325,2.652000,0.000000,14.7396
1326,2.654000,0.000000,14.7405
1327,2.656000,0.000000,14.7413
1328,2.658000,0.000000,14.7421
1329,2.660000,0.000000,14.7429
1330,2.662000,0.000000,14.7437
1331,2.664000,0.000000,14.7446
1332,2.666000,0.000000,14.7454
1333,2.668000,0.000000,14.7462
1334,2.670000,0.000000,14.7470
1335,2.672000,0.000000,14.7478
1336,2.674000,0.000000,14.7486
1337,2.676000,0.000000,14.7494
1338,2.678000,0.000000,14.7502
1339,2.680000,0.000000,14.7509
1340,2.682000,0.000000,14.7517
1341,2.684000,0.000000,14.7525
1342,2.686000,0.000000,14.7533
1343,2.688000,0.000000,14.7541
1344,2.690000,0.000000,14.7548
1345,2.692000,0.000000,14.7556
1346,2.694000,0.000000,14.7564
1347,2.696000,0.000000,14.7571
1348,2.698000,0.000000,14.7579
1349,2.700000,0.000000,14.7587
1350,2.702000,0.000000,14.7594
1351,2.704000,0.000000,14.7602
1352,2.706000,0.000000,14.7609
1353,2.708000,0.000000,14.7617
1354,2.710000,0.000000,14.7624
1355,2.712000,0.000000,14.7632
1356,2.714000,0.000000,14.7639
1357,2.716000,0.000000,14.7646
1358,2.718000,0.000000,14.7654
1359,2.720000,0.000000,14.7661
1360,2.722000,0.000000,14.7668
1361,2.724000,0.000000,14.7676
1362,2.726000,0.000000,14.7683
1363,2.728000,0.000000,14.7690
1364,2.730000,0.000000,14.7697
1365,2.732000,0.000000,14.7704
1366,2.734000,0.000000,14.7711
1367,2.736000,0.000000,14.7718
1368,2.738000,0.000000,14.7725
1369,2.740000,0.000000,14.7732
1370,2.742000,0.000000,14.7739
1371,2.744000,0.000000,14.7746
1372,2.746000,0.000000,14.7753
1373,2.748000,0.000000,14.7760
1374,2.750000,0.000000,14.7767
1375,2.752000,0.000000,14.7774
1376,2.754000,0.000000,14.7781
1377,2.756000,0.000000,14.7787
1378,2.758000,0.000000,14.7794
1379,2.760000,0.000000,14.7801
1380,2.762000,0.000000,14.7807
1381,2.764000,0.000000,14.7814
1382,2.766000,0.000000,14.7821
1383,2.768000,0.000000,14.7827
1384,2.770000,0.000000,14.7834
1385,2.772000,0.000000,14.7840
1386,2.774000,0.000000,14.7847
1387,2.776000,0.000000,14.7853
1388,2.778000,0.000000,14.7860
1389,2.780000,0.000000,14.7866
1390,2.782000,0.000000,14.7873
1391,2.784000,0.000000,14.7879
1392,2.786000,0.000000,14.7885
1393,2.788000,0.000000,14.7891
1394,2.790000,0.000000,14.7898
1395,2.792000,0.000000,14.7904
1396,2.794000,0.000000,14.7910
1397,2.796000,0.000000,14.7916
1398,2.798000,0.000000,14.7922
1399,2.800000,0.000000,14.7928
1400,2.802000,0.000000,14.7934
1401,2.804000,0.000000,14.7941
1402,2.806000,0.000000,14.7947
1403,2.808000,0.000000,14.7952
1404,2.810000,0.000000,14.7958
1405,2.812000,0.000000,14.7964
1406,2.814000,0.000000,14.7970
1407,2.816000,0.000000,14.7976
1408,2.818000,0.000000,14.7982
1409,2.820000,0.000000,14.7988
1410,2.822000,0.000000,14.7993
1411,2.824000,0.000000,14.7999
1412,2.826000,0.000000,14.8005
1413,2.828000,0.000000,14.8010
1414,2.830000,0.000000,14.8016
1415,2.832000,0.000000,14.8022
1416,2.834000,0.000000,14.8027
1417,2.836000,0.000000,14.8033
1418,2.838000,0.000000,14.8038
1419,2.840000,0.000000,14.8044
1420,2.842000,0.000000,14.8049
1421,2.844000,0.000000,14.8055
1422,2.846000,0.000000,14.8060
1423,2.848000,0.000000,14.8065
1424,2.850000,0.000000,14.8071
1425,2.852000,0.000000,14.8076
1426,2.854000,0.000000,14.8081
1427,2.856000,0.000000,14.8086
1428,2.858000,0.000000,14.8091
1429,2.860000,0.000000,14.8097
1430,2.862000,0.000000,14.8102
1431,2.864000,0.000000,14.8107
1432,2.866000,0.000000,14.8112
1433,2.868000,0.000000,14.8117
1434,2.870000,0.000000,14.8122
1435,2.872000,0.000000,14.8127
1436,2.874000,0.000000,14.8132
1437,2.876000,0.000000,14.8137
1438,2.878000,0.000000,14.8142
1439,2.880000,0.000000,14.8146
1440,2.882000,0.000000,14.8151
1441,2.884000,0.000000,14.8156
1442,2.886000,0.000000,14.8161
1443,2.888000,0.000000,14.8165
1444,2.890000,0.000000,14.8170
1445,2.892000,0.000000,14.8175
1446,2.894000,0.000000,14.8179
1447,2.896000,0.000000,14.8184
1448,2.898000,0.000000,14.8189
1449,2.900000,0.000000,14.8193
1450,2.902000,0.000000,14.8198
1451,2.904000,0.000000,14.8202
1452,2.906000,0.000000,14.8206
1453,2.908000,0.000000,14.8211
1454,2.910000,0.000000,14.8215
1455,2.912000,0.000000,14.8220
1456,2.914000,0.000000,14.8224
1457,2.916000,0.000000,14.8228
1458,2.918000,0.000000,14.8232
1459,2.920000,0.000000,14.8237
1460,2.922000,0.000000,14.8241
1461,2.924000,0.000000,14.8245
1462,2.926000,0.000000,14.8249
1463,2.928000,0.000000,14.8253
1464,2.930000,0.000000,14.8257
1465,2.932000,0.000000,14.8261
1466,2.934000,0.000000,14.8265
1467,2.936000,0.000000,14.8269
1468,2.938000,0.000000,14.8273
1469,2.940000,0.000000,14.8277
1470,2.942000,0.000000,14.8281
1471,2.944000,0.000000,14.8284
1472,2.946000,0.000000,14.8288
1473,2.948000,0.000000,14.8292
1474,2.950000,0.000000,14.8296
1475,2.952000,0.000000,14.8299
1476,2.954000,0.000000,14.8303
1477,2.956000,0.000000,14.8307
1478,2.958000,0.000000,14.8310
1479,2.960000,0.000000,14.8314
1480,2.962000,0.000000,14.8317
1481,2.964000,0.000000,14.8321
1482,2.966000,0.000000,14.8324
1483,2.968000,0.000000,14.8328
1484,2.970000,0.000000,14.8331
1485,2.972000,0.000000,14.8335
1486,2.974000,0.000000,14.8338
1487,2.976000,0.000000,14.8341
1488,2.978000,0.000000,14.8344
1489,2.980000,0.000000,14.8348
1490,2.982000,0.000000,14.8351
1491,2.984000,0.000000,14.8354
1492,2.986000,0.000000,14.8357
1493,2.988000,0.000000,14.8360
1494,2.990000,0.000000,14.8363
1495,2.992000,0.000000,14.8367
1496,2.994000,0.000000,14.8370
1497,2.996000,0.000000,14.8373
1498,2.998000,0.000000,14.8375
1499,3.000000,0.000000,14.8378
1500,3.002000,0.000000,14.8381
1501,3.004000,0.000000,14.8384
1502,3.006000,0.000000,14.8387
1503,3.008000,0.000000,14.8390
1504,3.010000,0.000000,14.8393
1505,3.012000,0.000000,14.8395
1506,3.014000,0.000000,14.8398
1507,3.016000,0.000000,14.8401
1508,3.018000,0.000000,14.8403
1509,3.020000,0.000000,14.8406
1510,3.022000,0.000000,14.8408
1511,3.024000,0.000000,14.8411
1512,3.026000,0.000000,14.8413
1513,3.028000,0.000000,14.8416
1514,3.030000,0.000000,14.8418
1515,3.032000,0.000000,14.8421
1516,3.034000,0.000000,14.8423
1517,3.036000,0.000000,14.8425
1518,3.038000,0.000000,14.8428
1519,3.040000,0.000000,14.8430
1520,3.042000,0.000000,14.8432
1521,3.044000,0.000000,14.8434
1522,3.046000,0.000000,14.8437
1523,3.048000,0.000000,14.8439
1524,3.050000,0.000000,14.8441
1525,3.052000,0.000000,14.8443
1526,3.054000,0.000000,14.8445
1527,3.056000,0.000000,14.8447
1528,3.058000,0.000000,14.8449
1529,3.060000,0.000000,14.8451
1530,3.062000,0.000000,14.8453
1531,3.064000,0.000000,14.8455
1532,3.066000,0.000000,14.8457
1533,3.068000,0.000000,14.8458
1534,3.070000,0.000000,14.8460
1535,3.072000,0.000000,14.8462
1536,3.074000,0.000000,14.8464
1537,3.076000,0.000000,14.8465
1538,3.078000,0.000000,14.8467
1539,3.080000,0.000000,14.8469
1540,3.082000,0.000000,14.8470
1541,3.084000,0.000000,14.8472
1542,3.086000,0.000000,14.8473
1543,3.088000,0.000000,14.8475
1544,3.090000,0.000000,14.8476
1545,3.092000,0.000000,14.8478
1546,3.094000,0.000000,14.8479
1547,3.096000,0.000000,14.8481
1548,3.098000,0.000000,14.8482
1549,3.100000,0.000000,14.8483
1550,3.102000,0.000000,14.8484
1551,3.104000,0.000000,14.8486
1552,3.106000,0.000000,14.8487
1553,3.108000,0.000000,14.8488
1554,3.110000,0.000000,14.8489
1555,3.112000,0.000000,14.8490
1556,3.114000,0.000000,14.8491
1557,3.116000,0.000000,14.8492
1558,3.118000,0.000000,14.8493
1559,3.120000,0.000000,14.8494
1560,3.122000,0.000000,14.8495
1561,3.124000,0.000000,14.8496
1562,3.126000,0.000000,14.8497
1563,3.128000,0.000000,14.8498
1564,3.130000,0.000000,14.8499
1565,3.132000,0.000000,14.8500
1566,3.134000,0.000000,14.8500
1567,3.136000,0.000000,14.8501
1568,3.138000,0.000000,14.8502
1569,3.140000,0.000000,14.8502
1570,3.142000,0.000000,14.8503
1571,3.144000,0.000000,14.8504
1572,3.146000,0.000000,14.8504
1573,3.148000,0.000000,14.8505
1574,3.150000,0.000000,14.8505
1575,3.152000,0.000000,14.8506
1576,3.154000,0.000000,14.8506
1577,3.156000,0.000000,14.8506
1578,3.158000,0.000000,14.8507
1579,3.160000,0.000000,14.8507
1580,3.162000,0.000000,14.8507
1581,3.164000,0.000000,14.8508
1582,3.166000,0.000000,14.8508
1583,3.168000,0.000000,14.8508
1584,3.170000,0.000000,14.8508
1585,3.172000,0.000000,14.8508
1586,3.174000,0.000000,14.8509
1587,3.176000,0.000000,14.8509
1588,3.178000,0.000000,14.8509
1589,3.180000,0.000000,14.8509
1590,3.182000,0.000000,14.8509
1591,3.184000,0.000000,14.8509
1592,3.186000,0.000000,14.8508
1593,3.188000,0.000000,14.8508
1594,3.190000,0.000000,14.8508
1595,3.192000,0.000000,14.8508
1596,3.194000,0.000000,14.8508
1597,3.196000,0.000000,14.8508
1598,3.198000,0.000000,14.8507
1599,3.200000,0.000000,14.8507
1600,3.202000,0.000000,14.8507
1601,3.204000,0.000000,14.8506
1602,3.206000,0.000000,14.8506
1603,3.208000,0.000000,14.8505
1604,3.210000,0.000000,14.8505
1605,3.212000,0.000000,14.8504
1606,3.214000,0.000000,14.8504
1607,3.216000,0.000000,14.8503
1608,3.218000,0.000000,14.8503
1609,3.220000,0.000000,14.8502
1610,3.222000,0.000000,14.8501
1611,3.224000,0.000000,14.8501
1612,3.226000,0.000000,14.8500
1613,3.228000,0.000000,14.8499
1614,3.230000,0.000000,14.8498
1615,3.232000,0.000000,14.8497
1616,3.234000,0.000000,14.8497
1617,3.236000,0.000000,14.8496
1618,3.238000,0.000000,14.8495
1619,3.240000,0.000000,14.8494
1620,3.242000,0.000000,14.8493
1621,3.244000,0.000000,14.8492
1622,3.246000,0.000000,14.8491
1623,3.248000,0.000000,14.8490
1624,3.250000,0.000000,14.8488
1625,3.252000,0.000000,14.8487
1626,3.254000,0.000000,14.8486
1627,3.256000,0.000000,14.8485
1628,3.258000,0.000000,14.8484
1629,3.260000,0.000000,14.8482
1630,3.262000,0.000000,14.8481
1631,3.264000,0.000000,14.8480
1632,3.266000,0.000000,14.8478
1633,3.268000,0.000000,14.8477
1634,3.270000,0.000000,14.8475
1635,3.272000,0.000000,14.8474
1636,3.274000,0.000000,14.8472
1637,3.276000,0.000000,14.8471
1638,3.278000,0.000000,14.8469
1639,3.280000,0.000000,14.8468
1640,3.282000,0.000000,14.8466
1641,3.284000,0.000000,14.8464
1642,3.286000,0.000000,14.8462
1643,3.288000,0.000000,14.8461
1644,3.290000,0.000000,14.8459
1645,3.292000,0.000000,14.8457
1646,3.294000,0.000000,14.8455
1647,3.296000,0.000000,14.8453
1648,3.298000,0.000000,14.8452
1649,3.300000,0.000000,14.8450
1650,3.302000,0.000000,14.8448
1651,3.304000,0.000000,14.8446
1652,3.306000,0.000000,14.8444
1653,3.308000,0.000000,14.8441
1654,3.310000,0.000000,14.8439
1655,3.312000,0.000000,14.8437
1656,3.314000,0.000000,14.8435
1657,3.316000,0.000000,14.8433
1658,3.318000,0.000000,14.8431
1659,3.320000,0.000000,14.8428
1660,3.322000,0.000000,14.8426
1661,3.324000,0.000000,14.8424
1662,3.326000,0.000000,14.8421
1663,3.328000,0.000000,14.8419
1664,3.330000,0.000000,14.8417
1665,3.332000,0.000000,14.8414
1666,3.334000,0.000000,14.8412
1667,3.336000,0.000000,14.8409
1668,3.338000,0.000000,14.8407
1669,3.340000,0.000000,14.8404
1670,3.342000,0.000000,14.8401
1671,3.344000,0.000000,14.8399
1672,3.346000,0.000000,14.8396
1673,3.348000,0.000000,14.8393
1674,3.350000,0.000000,14.8391
1675,3.352000,0.000000,14.8388
1676,3.354000,0.000000,14.8385
1677,3.356000,0.000000,14.8382
1678,3.358000,0.000000,14.8379
1679,3.360000,0.000000,14.8376
1680,3.362000,0.000000,14.8373
1681,3.364000,0.000000,14.8370
1682,3.366000,0.000000,14.8367
1683,3.368000,0.000000,14.8364
1684,3.370000,0.000000,14.8361
1685,3.372000,0.000000,14.8358
1686,3.374000,0.000000,14.8355
1687,3.376000,0.000000,14.8352
1688,3.378000,0.000000,14.8349
1689,3.380000,0.000000,14.8345
1690,3.382000,0.000000,14.8342
1691,3.384000,0.000000,14.8339
1692,3.386000,0.000000,14.8336
1693,3.388000,0.000000,14.8332
1694,3.390000,0.000000,14.8329
1695,3.392000,0.000000,14.8325
1696,3.394000,0.000000,14.8322
1697,3.396000,0.000000,14.8318
1698,3.398000,0.000000,14.8315
1699,3.400000,0.000000,14.8311
1700,3.402000,0.000000,14.8308
1701,3.404000,0.000000,14.8304
1702,3.406000,0.000000,14.8301
1703,3.408000,0.000000,14.8297
1704,3.410000,0.000000,14.8293
1705,3.412000,0.000000,14.8289
1706,3.414000,0.000000,14.8286
1707,3.416000,0.000000,14.8282
1708,3.418000,0.000000,14.8278
1709,3.420000,0.000000,14.8274
1710,3.422000,0.000000,14.8270
1711,3.424000,0.000000,14.8266
1712,3.426000,0.000000,14.8262
1713,3.428000,0.000000,14.8258
1714,3.430000,0.000000,14.8254
1715,3.432000,0.000000,14.8250
1716,3.434000,0.000000,14.8246
1717,3.436000,0.000000,14.8242
1718,3.438000,0.000000,14.8238
1719,3.440000,0.000000,14.8234
1720,3.442000,0.000000,14.8229
1721,3.444000,0.000000,14.8225
1722,3.446000,0.000000,14.8221
1723,3.448000,0.000000,14.8217
1724,3.450000,0.000000,14.8212
1725,3.452000,0.000000,14.8208
1726,3.454000,0.000000,14.8203
1727,3.456000,0.000000,14.8199
1728,3.458000,0.000000,14.8194
1729,3.460000,0.000000,14.8190
1730,3.462000,0.000000,14.8185
1731,3.464000,0.000000,14.8181
1732,3.466000,0.000000,14.8176
1733,3.468000,0.000000,14.8172
1734,3.470000,0.000000,14.8167
1735,3.472000,0.000000,14.8162
1736,3.474000,0.000000,14.8158
1737,3.476000,0.000000,14.8153
1738,3.478000,0.000000,14.8148
1739,3.480000,0.000000,14.8143
1740,3.482000,0.000000,14.8138
1741,3.484000,0.000000,14.8133
1742,3.486000,0.000000,14.8128
1743,3.488000,0.000000,14.8124
1744,3.490000,0.000000,14.8119
1745,3.492000,0.000000,14.8114
1746,3.494000,0.000000,14.8108
1747,3.496000,0.000000,14.8103
1748,3.498000,0.000000,14.8098
1749,3.500000,0.000000,14.8093
1750,3.502000,0.000000,14.8088
1751,3.504000,0.000000,14.8083
1752,3.506000,0.000000,14.8078
1753,3.508000,0.000000,14.8072
1754,3.510000,0.000000,14.8067
1755,3.512000,0.000000,14.8062
1756,3.514000,0.000000,14.8056
1757,3.516000,0.000000,14.8051
1758,3.518000,0.000000,14.8045
1759,3.520000,0.000000,14.8040
1760,3.522000,0.000000,14.8035
1761,3.524000,0.000000,14.8029
1762,3.526000,0.000000,14.8023
1763,3.528000,0.000000,14.8018
1764,3.530000,0.000000,14.8012
1765,3.532000,0.000000,14.8007
1766,3.534000,0.000000,14.8001
1767,3.536000,0.000000,14.7995
1768,3.538000,0.000000,14.7990
1769,3.540000,0.000000,14.7984
1770,3.542000,0.000000,14.7978
1771,3.544000,0.000000,14.7972
1772,3.546000,0.000000,14.7966
1773,3.548000,0.000000,14.7960
1774,3.550000,0.000000,14.7954
1775,3.552000,0.000000,14.7949
1776,3.554000,0.000000,14.7943
1777,3.556000,0.000000,14.7937
1778,3.558000,0.000000,14.7930
1779,3.560000,0.000000,14.7924
1780,3.562000,0.000000,14.7918
1781,3.564000,0.000000,14.7912
1782,3.566000,0.000000,14.7906
1783,3.568000,0.000000,14.7900
1784,3.570000,0.000000,14.7894
1785,3.572000,0.000000,14.7887
1786,3.574000,0.000000,14.7881
1787,3.576000,0.000000,14.7875
1788,3.578000,0.000000,14.7868
1789,3.580000,0.000000,14.7862
1790,3.582000,0.000000,14.7856
1791,3.584000,0.000000,14.7849
1792,3.586000,0.000000,14.7843
1793,3.588000,0.000000,14.7836
1794,3.590000,0.000000,14.7830
1795,3.592000,0.000000,14.7823
1796,3.594000,0.000000,14.7816
1797,3.596000,0.000000,14.7810
1798,3.598000,0.000000,14.7803
1799,3.600000,0.000000,14.7797
1800,3.602000,0.000000,14.7790
1801,3.604000,0.000000,14.7783
1802,3.606000,0.000000,14.7776
1803,3.608000,0.000000,14.7769
1804,3.610000,0.000000,14.7763
1805,3.612000,0.000000,14.7756
1806,3.614000,0.000000,14.7749
1807,3.616000,0.000000,14.7742
1808,3.618000,0.000000,14.7735
1809,3.620000,0.000000,14.7728
1810,3.622000,0.000000,14.7721
1811,3.624000,0.000000,14.7714
1812,3.626000,0.000000,14.7707
1813,3.628000,0.000000,14.7700
1814,3.630000,0.000000,14.7693
1815,3.632000,0.000000,14.7685
1816,3.634000,0.000000,14.7678
1817,3.636000,0.000000,14.7671
1818,3.638000,0.000000,14.7664
1819,3.640000,0.000000,14.7656
1820,3.642000,0.000000,14.7649
1821,3.644000,0.000000,14.7642
1822,3.646000,0.000000,14.7634
1823,3.648000,0.000000,14.7627
1824,3.650000,0.000000,14.7620
1825,3.652000,0.000000,14.7612
1826,3.654000,0.000000,14.7605
1827,3.656000,0.000000,14.7597
1828,3.658000,0.000000,14.7590
1829,3.660000,0.000000,14.7582
1830,3.662000,0.000000,14.7574
1831,3.664000,0.000000,14.7567
1832,3.666000,0.000000,14.7559
1833,3.668000,0.000000,14.7551
1834,3.670000,0.000000,14.7544
1835,3.672000,0.000000,14.7536
1836,3.674000,0.000000,14.7528
1837,3.676000,0.000000,14.7520
1838,3.678000,0.000000,14.7513
1839,3.680000,0.000000,14.7505
1840,3.682000,0.000000,14.7497
1841,3.684000,0.000000,14.7489
1842,3.686000,0.000000,14.7481
1843,3.688000,0.000000,14.7473
1844,3.690000,0.000000,14.7465
1845,3.692000,0.000000,14.7457
1846,3.694000,0.000000,14.7449
1847,3.696000,0.000000,14.7441
1848,3.698000,0.000000,14.7433
1849,3.700000,0.000000,14.7424
1850,3.702000,0.000000,14.7416
1851,3.704000,0.000000,14.7408
1852,3.706000,0.000000,14.7400
1853,3.708000,0.000000,14.7391
1854,3.710000,0.000000,14.7383
1855,3.712000,0.000000,14.7375
1856,3.714000,0.000000,14.7366
1857,3.716000,0.000000,14.7358
1858,3.718000,0.000000,14.7350
1859,3.720000,0.000000,14.7341
1860,3.722000,0.000000,14.7333
1861,3.724000,0.000000,14.7324
1862,3.726000,0.000000,14.7316
1863,3.728000,0.000000,14.7307
1864,3.730000,0.000000,14.7299
1865,3.732000,0.000000,14.7290
1866,3.734000,0.000000,14.7281
1867,3.736000,0.000000,14.7273
1868,3.738000,0.000000,14.7264
1869,3.740000,0.000000,14.7255
1870,3.742000,0.000000,14.7247
1871,3.744000,0.000000,14.7238
1872,3.746000,0.000000,14.7229
1873,3.748000,0.000000,14.7220
1874,3.750000,0.000000,14.7211
1875,3.752000,0.000000,14.7202
1876,3.754000,0.000000,14.7194
1877,3.756000,0.000000,14.7185
1878,3.758000,0.000000,14.7176
1879,3.760000,0.000000,14.7167
1880,3.762000,0.000000,14.7158
1881,3.764000,0.000000,14.7149
1882,3.766000,0.000000,14.7140
1883,3.768000,0.000000,14.7130
1884,3.770000,0.000000,14.7121
1885,3.772000,0.000000,14.7112
1886,3.774000,0.000000,14.7103
1887,3.776000,0.000000,14.7094
1888,3.778000,0.000000,14.7085
1889,3.780000,0.000000,14.7075
1890,3.782000,0.000000,14.7066
1891,3.784000,0.000000,14.7057
1892,3.786000,0.000000,14.7047
1893,3.788000,0.000000,14.7038
1894,3.790000,0.000000,14.7029
1895,3.792000,0.000000,14.7019
1896,3.794000,0.000000,14.7010
1897,3.796000,0.000000,14.7000
1898,3.798000,0.000000,14.6991
1899,3.800000,0.000000,14.6981
1900,3.802000,0.000000,14.6972
1901,3.804000,0.000000,14.6962
1902,3.806000,0.000000,14.6953
1903,3.808000,0.000000,14.6943
1904,3.810000,0.000000,14.6933
1905,3.812000,0.000000,14.6924
1906,3.814000,0.000000,14.6914
1907,3.816000,0.000000,14.6904
1908,3.818000,0.000000,14.6895
1909,3.820000,0.000000,14.6885
1910,3.822000,0.000000,14.6875
1911,3.824000,0.000000,14.6865
1912,3.826000,0.000000,14.6855
1913,3.828000,0.000000,14.6846
1914,3.830000,0.000000,14.6836
1915,3.832000,0.000000,14.6826
1916,3.834000,0.000000,14.6816
1917,3.836000,0.000000,14.6806
1918,3.838000,0.000000,14.6796
1919,3.840000,0.000000,14.6786
1920,3.842000,0.000000,14.6776
1921,3.844000,0.000000,14.6766
1922,3.846000,0.000000,14.6756
1923,3.848000,0.000000,14.6746
1924,3.850000,0.000000,14.6735
1925,3.852000,0.000000,14.6725
1926,3.854000,0.000000,14.6715
1927,3.856000,0.000000,14.6705
1928,3.858000,0.000000,14.6695
1929,3.860000,0.000000,14.6684
1930,3.862000,0.000000,14.6674
1931,3.864000,0.000000,14.6664
1932,3.866000,0.000000,14.6654
1933,3.868000,0.000000,14.6643
1934,3.870000,0.000000,14.6633
1935,3.872000,0.000000,14.6623
1936,3.874000,0.000000,14.6612
1937,3.876000,0.000000,14.6602
1938,3.878000,0.000000,14.6591
1939,3.880000,0.000000,14.6581
1940,3.882000,0.000000,14.6570
1941,3.884000,0.000000,14.6560
1942,3.886000,0.000000,14.6549
1943,3.888000,0.000000,14.6539
1944,3.890000,0.000000,14.6528
1945,3.892000,0.000000,14.6517
1946,3.894000,0.000000,14.6507
1947,3.896000,0.000000,14.6496
1948,3.898000,0.000000,14.6485
1949,3.900000,0.000000,14.6475
1950,3.902000,0.000000,14.6464
1951,3.904000,0.000000,14.6453
1952,3.906000,0.000000,14.6442
1953,3.908000,0.000000,14.6432
1954,3.910000,0.000000,14.6421
1955,3.912000,0.000000,14.6410
1956,3.914000,0.000000,14.6399
1957,3.916000,0.000000,14.6388
1958,3.918000,0.000000,14.6377
1959,3.920000,0.000000,14.6366
1960,3.922000,0.000000,14.6356
1961,3.924000,0.000000,14.6345
1962,3.926000,0.000000,14.6334
1963,3.928000,0.000000,14.6323
1964,3.930000,0.000000,14.6312
1965,3.932000,0.000000,14.6301
1966,3.934000,0.000000,14.6289
1967,3.936000,0.000000,14.6278
1968,3.938000,0.000000,14.6267
1969,3.940000,0.000000,14.6256
1970,3.942000,0.000000,14.6245
1971,3.944000,0.000000,14.6234
1972,3.946000,0.000000,14.6223
1973,3.948000,0.000000,14.6212
1974,3.950000,0.000000,14.6200
1975,3.952000,0.000000,14.6189
1976,3.954000,0.000000,14.6178
1977,3.956000,0.000000,14.6167
1978,3.958000,0.000000,14.6155
1979,3.960000,0.000000,14.6144
1980,3.962000,0.000000,14.6133
1981,3.964000,0.000000,14.6121
1982,3.966000,0.000000,14.6110
1983,3.968000,0.000000,14.6098
1984,3.970000,0.000000,14.6087
1985,3.972000,0.000000,14.6076
1986,3.974000,0.000000,14.6064
1987,3.976000,0.000000,14.6053
1988,3.978000,0.000000,14.6041
1989,3.980000,0.000000,14.6030
1990,3.982000,0.000000,14.6018
1991,3.984000,0.000000,14.6007
1992,3.986000,0.000000,14.5995
1993,3.988000,0.000000,14.5984
1994,3.990000,0.000000,14.5972
1995,3.992000,0.000000,14.5960
1996,3.994000,0.000000,14.5949
1997,3.996000,0.000000,14.5937
1998,3.998000,0.000000,14.5925
1999,4.000000,0.000000,14.5914
2000,4.002000,0.000000,14.5902
2001,4.004000,0.000000,14.5890
2002,4.006000,0.000000,14.5879
2003,4.008000,0.000000,14.5867
2004,4.010000,0.000000,14.5855
2005,4.012000,0.000000,14.5843
2006,4.014000,0.000000,14.5832
2007,4.016000,0.000000,14.5820
2008,4.018000,0.000000,14.5808
2009,4.020000,0.000000,14.5796
2010,4.022000,0.000000,14.5784
2011,4.024000,0.000000,14.5772
2012,4.026000,0.000000,14.5760
2013,4.028000,0.000000,14.5749
2014,4.030000,0.000000,14.5737
2015,4.032000,0.000000,14.5725
2016,4.034000,0.000000,14.5713
2017,4.036000,0.000000,14.5701
2018,4.038000,0.000000,14.5689
2019,4.040000,0.000000,14.5677
2020,4.042000,0.000000,14.5665
2021,4.044000,0.000000,14.5653
2022,4.046000,0.000000,14.5641
2023,4.048000,0.000000,14.5629
2024,4.050000,0.000000,14.5617
2025,4.052000,0.000000,14.5605
2026,4.054000,0.000000,14.5593
2027,4.056000,0.000000,14.5580
2028,4.058000,0.000000,14.5568
2029,4.060000,0.000000,14.5556
2030,4.062000,0.000000,14.5544
2031,4.064000,0.000000,14.5532
2032,4.066000,0.000000,14.5520
2033,4.068000,0.000000,14.5508
2034,4.070000,0.000000,14.5495
2035,4.072000,0.000000,14.5483
2036,4.074000,0.000000,14.5471
2037,4.076000,0.000000,14.5459
2038,4.078000,0.000000,14.5446
2039,4.080000,0.000000,14.5434
2040,4.082000,0.000000,14.5422
2041,4.084000,0.000000,14.5410
2042,4.086000,0.000000,14.5397
2043,4.088000,0.000000,14.5385
2044,4.090000,0.000000,14.5373
2045,4.092000,0.000000,14.5360
2046,4.094000,0.000000,14.5348
2047,4.096000,0.000000,14.5336
2048,4.098000,0.000000,14.5323
2049,4.100000,0.000000,14.5311
2050,4.102000,0.000000,14.5299
2051,4.104000,0.000000,14.5286
2052,4.106000,0.000000,14.5274
2053,4.108000,0.000000,14.5261
2054,4.110000,0.000000,14.5249
2055,4.112000,0.000000,14.5236
2056,4.114000,0.000000,14.5224
2057,4.116000,0.000000,14.5212
2058,4.118000,0.000000,14.5199
2059,4.120000,0.000000,14.5187
2060,4.122000,0.000000,14.5174
2061,4.124000,0.000000,14.5162
2062,4.126000,0.000000,14.5149
2063,4.128000,0.000000,14.5137
2064,4.130000,0.000000,14.5124
2065,4.132000,0.000000,14.5111
2066,4.134000,0.000000,14.5099
2067,4.136000,0.000000,14.5086
2068,4.138000,0.000000,14.5074
2069,4.140000,0.000000,14.5061
2070,4.142000,0.000000,14.5049
2071,4.144000,0.000000,14.5036
2072,4.146000,0.000000,14.5023
2073,4.148000,0.000000,14.5011
2074,4.150000,0.000000,14.4998
2075,4.152000,0.000000,14.4986
2076,4.154000,0.000000,14.4973
2077,4.156000,0.000000,14.4960
2078,4.158000,0.000000,14.4948
2079,4.160000,0.000000,14.4935
2080,4.162000,0.000000,14.4922
2081,4.164000,0.000000,14.4910
2082,4.166000,0.000000,14.4897
2083,4.168000,0.000000,14.4884
2084,4.170000,0.000000,14.4872
2085,4.172000,0.000000,14.4859
2086,4.174000,0.000000,14.4846
2087,4.176000,0.000000,14.4834
2088,4.178000,0.000000,14.4821
2089,4.180000,0.000000,14.4808
2090,4.182000,0.000000,14.4796
2091,4.184000,0.000000,14.4783
2092,4.186000,0.000000,14.4770
2093,4.188000,0.000000,14.4757
2094,4.190000,0.000000,14.4745
2095,4.192000,0.000000,14.4732
2096,4.194000,0.000000,14.4719
2097,4.196000,0.000000,14.4706
2098,4.198000,0.000000,14.4694
2099,4.200000,0.000000,14.4681
2100,4.202000,0.000000,14.4668
2101,4.204000,0.000000,14.4655
2102,4.206000,0.000000,14.4643
2103,4.208000,0.000000,14.4630
2104,4.210000,0.000000,14.4617
2105,4.212000,0.000000,14.4604
2106,4.214000,0.000000,14.4591
2107,4.216000,0.000000,14.4579
2108,4.218000,0.000000,14.4566
2109,4.220000,0.000000,14.4553
2110,4.222000,0.000000,14.4540
2111,4.224000,0.000000,14.4527
2112,4.226000,0.000000,14.4515
2113,4.228000,0.000000,14.4502
2114,4.230000,0.000000,14.4489
2115,4.232000,0.000000,14.4476
2116,4.234000,0.000000,14.4463
2117,4.236000,0.000000,14.4450
2118,4.238000,0.000000,14.4438
2119,4.240000,0.000000,14.4425
2120,4.242000,0.000000,14.4412
2121,4.244000,0.000000,14.4399
2122,4.246000,0.000000,14.4386
2123,4.248000,0.000000,14.4374
2124,4.250000,0.000000,14.4361
2125,4.252000,0.000000,14.4348
2126,4.254000,0.000000,14.4335
2127,4.256000,0.000000,14.4322
2128,4.258000,0.000000,14.4309
2129,4.260000,0.000000,14.4297
2130,4.262000,0.000000,14.4284
2131,4.264000,0.000000,14.4271
2132,4.266000,0.000000,14.4258
2133,4.268000,0.000000,14.4245
2134,4.270000,0.000000,14.4232
2135,4.272000,0.000000,14.4220
2136,4.274000,0.000000,14.4207
2137,4.276000,0.000000,14.4194
2138,4.278000,0.000000,14.4181
2139,4.280000,0.000000,14.4168
2140,4.282000,0.000000,14.4155
2141,4.284000,0.000000,14.4143
2142,4.286000,0.000000,14.4130
2143,4.288000,0.000000,14.4117
2144,4.290000,0.000000,14.4104
2145,4.292000,0.000000,14.4091
2146,4.294000,0.000000,14.4078
2147,4.296000,0.000000,14.4066
2148,4.298000,0.000000,14.4053
2149,4.300000,0.000000,14.4040
2150,4.302000,0.000000,14.4027
2151,4.304000,0.000000,14.4014
2152,4.306000,0.000000,14.4002
2153,4.308000,0.000000,14.3989
2154,4.310000,0.000000,14.3976
2155,4.312000,0.000000,14.3963
2156,4.314000,0.000000,14.3950
2157,4.316000,0.000000,14.3938
2158,4.318000,0.000000,14.3925
2159,4.320000,0.000000,14.3912
2160,4.322000,0.000000,14.3899
2161,4.324000,0.000000,14.3886
2162,4.326000,0.000000,14.3874
2163,4.328000,0.000000,14.3861
2164,4.330000,0.000000,14.3848
2165,4.332000,0.000000,14.3835
2166,4.334000,0.000000,14.3823
2167,4.336000,0.000000,14.3810
2168,4.338000,0.000000,14.3797
2169,4.340000,0.000000,14.3784
2170,4.342000,0.000000,14.3772
2171,4.344000,0.000000,14.3759
2172,4.346000,0.000000,14.3746
2173,4.348000,0.000000,14.3734
2174,4.350000,0.000000,14.3721
2175,4.352000,0.000000,14.3708
2176,4.354000,0.000000,14.3696
2177,4.356000,0.000000,14.3683
2178,4.358000,0.000000,14.3670
2179,4.360000,0.000000,14.3657
2180,4.362000,0.000000,14.3645
2181,4.364000,0.000000,14.3632
2182,4.366000,0.000000,14.3620
2183,4.368000,0.000000,14.3607
2184,4.370000,0.000000,14.3594
2185,4.372000,0.000000,14.3582
2186,4.374000,0.000000,14.3569
2187,4.376000,0.000000,14.3556
2188,4.378000,0.000000,14.3544
2189,4.380000,0.000000,14.3531
2190,4.382000,0.000000,14.3519
2191,4.384000,0.000000,14.3506
2192,4.386000,0.000000,14.3493
2193,4.388000,0.000000,14.3481
2194,4.390000,0.000000,14.3468
2195,4.392000,0.000000,14.3456
2196,4.394000,0.000000,14.3443
2197,4.396000,0.000000,14.3431
2198,4.398000,0.000000,14.3418
2199,4.400000,0.000000,14.3406
2200,4.402000,0.000000,14.3393
2201,4.404000,0.000000,14.3381
2202,4.406000,0.000000,14.3368
2203,4.408000,0.000000,14.3356
2204,4.410000,0.000000,14.3343
2205,4.412000,0.000000,14.3331
2206,4.414000,0.000000,14.3318
2207,4.416000,0.000000,14.3306
2208,4.418000,0.000000,14.3294
2209,4.420000,0.000000,14.3281
2210,4.422000,0.000000,14.3269
2211,4.424000,0.000000,14.3256
2212,4.426000,0.000000,14.3244
2213,4.428000,0.000000,14.3232
2214,4.430000,0.000000,14.3219
2215,4.432000,0.000000,14.3207
2216,4.434000,0.000000,14.3195
2217,4.436000,0.000000,14.3182
2218,4.438000,0.000000,14.3170
2219,4.440000,0.000000,14.3158
2220,4.442000,0.000000,14.3145
2221,4.444000,0.000000,14.3133
2222,4.446000,0.000000,14.3121
2223,4.448000,0.000000,14.3109
2224,4.450000,0.000000,14.3096
2225,4.452000,0.000000,14.3084
2226,4.454000,0.000000,14.3072
2227,4.456000,0.000000,14.3060
2228,4.458000,0.000000,14.3048
2229,4.460000,0.000000,14.3035
2230,4.462000,0.000000,14.3023
2231,4.464000,0.000000,14.3011
2232,4.466000,0.000000,14.2999
2233,4.468000,0.000000,14.2987
2234,4.470000,0.000000,14.2975
2235,4.472000,0.000000,14.2963
2236,4.474000,0.000000,14.2951
2237,4.476000,0.000000,14.2939
2238,4.478000,0.000000,14.2927
2239,4.480000,0.000000,14.2915
2240,4.482000,0.000000,14.2903
2241,4.484000,0.000000,14.2891
2242,4.486000,0.000000,14.2879
2243,4.488000,0.000000,14.2867
2244,4.490000,0.000000,14.2855
2245,4.492000,0.000000,14.2843
2246,4.494000,0.000000,14.2831
2247,4.496000,0.000000,14.2819
2248,4.498000,0.000000,14.2807
2249,4.500000,0.000000,14.2795
2250,4.502000,0.000000,14.2783
2251,4.504000,0.000000,14.2772
2252,4.506000,0.000000,14.2760
2253,4.508000,0.000000,14.2748
2254,4.510000,0.000000,14.2736
2255,4.512000,0.000000,14.2724
2256,4.514000,0.000000,14.2713
2257,4.516000,0.000000,14.2701
2258,4.518000,0.000000,14.2689
2259,4.520000,0.000000,14.2677
2260,4.522000,0.000000,14.2666
2261,4.524000,0.000000,14.2654
2262,4.526000,0.000000,14.2642
2263,4.528000,0.000000,14.2631
2264,4.530000,0.000000,14.2619
2265,4.532000,0.000000,14.2608
2266,4.534000,0.000000,14.2596
2267,4.536000,0.000000,14.2584
2268,4.538000,0.000000,14.2573
2269,4.540000,0.000000,14.2561
2270,4.542000,0.000000,14.2550
2271,4.544000,0.000000,14.2538
2272,4.546000,0.000000,14.2527
2273,4.548000,0.000000,14.2515
2274,4.550000,0.000000,14.2504
2275,4.552000,0.000000,14.2493
2276,4.554000,0.000000,14.2481
2277,4.556000,0.000000,14.2470
2278,4.558000,0.000000,14.2458
2279,4.560000,0.000000,14.2447
2280,4.562000,0.000000,14.2436
2281,4.564000,0.000000,14.2425
2282,4.566000,0.000000,14.2413
2283,4.568000,0.000000,14.2402
2284,4.570000,0.000000,14.2391
2285,4.572000,0.000000,14.2380
2286,4.574000,0.000000,14.2368
2287,4.576000,0.000000,14.2357
2288,4.578000,0.000000,14.2346
2289,4.580000,0.000000,14.2335
2290,4.582000,0.000000,14.2324
2291,4.584000,0.000000,14.2313
2292,4.586000,0.000000,14.2302
2293,4.588000,0.000000,14.2291
2294,4.590000,0.000000,14.2280
2295,4.592000,0.000000,14.2269
2296,4.594000,0.000000,14.2258
2297,4.596000,0.000000,14.2247
2298,4.598000,0.000000,14.2236
2299,4.600000,0.000000,14.2225
2300,4.602000,0.000000,14.2214
2301,4.604000,0.000000,14.2203
2302,4.606000,0.000000,14.2192
2303,4.608000,0.000000,14.2181
2304,4.610000,0.000000,14.2170
2305,4.612000,0.000000,14.2160
2306,4.614000,0.000000,14.2149
2307,4.616000,0.000000,14.2138
2308,4.618000,0.000000,14.2127
2309,4.620000,0.000000,14.2117
2310,4.622000,0.000000,14.2106
2311,4.624000,0.000000,14.2095
2312,4.626000,0.000000,14.2085
2313,4.628000,0.000000,14.2074
2314,4.630000,0.000000,14.2064
2315,4.632000,0.000000,14.2053
2316,4.634000,0.000000,14.2043
2317,4.636000,0.000000,14.2032
2318,4.638000,0.000000,14.2022
2319,4.640000,0.000000,14.2011
2320,4.642000,0.000000,14.2001
2321,4.644000,0.000000,14.1990
2322,4.646000,0.000000,14.1980
2323,4.648000,0.000000,14.1969
2324,4.650000,0.000000,14.1959
2325,4.652000,0.000000,14.1949
2326,4.654000,0.000000,14.1939
2327,4.656000,0.000000,14.1928
2328,4.658000,0.000000,14.1918
2329,4.660000,0.000000,14.1908
2330,4.662000,0.000000,14.1898
2331,4.664000,0.000000,14.1887
2332,4.666000,0.000000,14.1877
2333,4.668000,0.000000,14.1867
2334,4.670000,0.000000,14.1857
2335,4.672000,0.000000,14.1847
2336,4.674000,0.000000,14.1837
2337,4.676000,0.000000,14.1827
2338,4.678000,0.000000,14.1817
2339,4.680000,0.000000,14.1807
2340,4.682000,0.000000,14.1797
2341,4.684000,0.000000,14.1787
2342,4.686000,0.000000,14.1777
2343,4.688000,0.000000,14.1767
2344,4.690000,0.000000,14.1758
2345,4.692000,0.000000,14.1748
2346,4.694000,0.000000,14.1738
2347,4.696000,0.000000,14.1728
2348,4.698000,0.000000,14.1719
2349,4.700000,0.000000,14.1709
2350,4.702000,0.000000,14.1699
2351,4.704000,0.000000,14.1690
2352,4.706000,0.000000,14.1680
2353,4.708000,0.000000,14.1670
2354,4.710000,0.000000,14.1661
2355,4.712000,0.000000,14.1651
2356,4.714000,0.000000,14.1642
2357,4.716000,0.000000,14.1632
2358,4.718000,0.000000,14.1623
2359,4.720000,0.000000,14.1613
2360,4.722000,0.000000,14.1604
2361,4.724000,0.000000,14.1595
2362,4.726000,0.000000,14.1585
2363,4.728000,0.000000,14.1576
2364,4.730000,0.000000,14.1567
2365,4.732000,0.000000,14.1557
2366,4.734000,0.000000,14.1548
2367,4.736000,0.000000,14.1539
2368,4.738000,0.000000,14.1530
2369,4.740000,0.000000,14.1521
2370,4.742000,0.000000,14.1511
2371,4.744000,0.000000,14.1502
2372,4.746000,0.000000,14.1493
2373,4.748000,0.000000,14.1484
2374,4.750000,0.000000,14.1475
2375,4.752000,0.000000,14.1466
2376,4.754000,0.000000,14.1457
2377,4.756000,0.000000,14.1448
2378,4.758000,0.000000,14.1440
2379,4.760000,0.000000,14.1431
2380,4.762000,0.000000,14.1422
2381,4.764000,0.000000,14.1413
2382,4.766000,0.000000,14.1404
2383,4.768000,0.000000,14.1396
2384,4.770000,0.000000,14.1387
2385,4.772000,0.000000,14.1378
2386,4.774000,0.000000,14.1370
2387,4.776000,0.000000,14.1361
2388,4.778000,0.000000,14.1352
2389,4.780000,0.000000,14.1344
2390,4.782000,0.000000,14.1335
2391,4.784000,0.000000,14.1327
2392,4.786000,0.000000,14.1318
2393,4.788000,0.000000,14.1310
2394,4.790000,0.000000,14.1301
2395,4.792000,0.000000,14.1293
2396,4.794000,0.000000,14.1285
2397,4.796000,0.000000,14.1276
2398,4.798000,0.000000,14.1268
2399,4.800000,0.000000,14.1260
2400,4.802000,0.000000,14.1252
2401,4.804000,0.000000,14.1243
2402,4.806000,0.000000,14.1235
2403,4.808000,0.000000,14.1227
2404,4.810000,0.000000,14.1219
2405,4.812000,0.000000,14.1211
2406,4.814000,0.000000,14.1203
2407,4.816000,0.000000,14.1195
2408,4.818000,0.000000,14.1187
2409,4.820000,0.000000,14.1179
2410,4.822000,0.000000,14.1171
2411,4.824000,0.000000,14.1163
2412,4.826000,0.000000,14.1155
2413,4.828000,0.000000,14.1148
2414,4.830000,0.000000,14.1140
2415,4.832000,0.000000,14.1132
2416,4.834000,0.000000,14.1124
2417,4.836000,0.000000,14.1117
2418,4.838000,0.000000,14.1109
2419,4.840000,0.000000,14.1101
2420,4.842000,0.000000,14.1094
2421,4.844000,0.000000,14.1086
2422,4.846000,0.000000,14.1079
2423,4.848000,0.000000,14.1071
2424,4.850000,0.000000,14.1064
2425,4.852000,0.000000,14.1056
2426,4.854000,0.000000,14.1049
2427,4.856000,0.000000,14.1041
2428,4.858000,0.000000,14.1034
2429,4.860000,0.000000,14.1027
2430,4.862000,0.000000,14.1020
2431,4.864000,0.000000,14.1012
2432,4.866000,0.000000,14.1005
2433,4.868000,0.000000,14.0998
2434,4.870000,0.000000,14.0991
2435,4.872000,0.000000,14.0984
2436,4.874000,0.000000,14.0977
2437,4.876000,0.000000,14.0970
2438,4.878000,0.000000,14.0963
2439,4.880000,0.000000,14.0956
2440,4.882000,0.000000,14.0949
2441,4.884000,0.000000,14.0942
2442,4.886000,0.000000,14.0935
2443,4.888000,0.000000,14.0928
2444,4.890000,0.000000,14.0921
2445,4.892000,0.000000,14.0915
2446,4.894000,0.000000,14.0908
2447,4.896000,0.000000,14.0901
2448,4.898000,0.000000,14.0894
2449,4.900000,0.000000,14.0888
2450,4.902000,0.000000,14.0881
2451,4.904000,0.000000,14.0875
2452,4.906000,0.000000,14.0868
2453,4.908000,0.000000,14.0862
2454,4.910000,0.000000,14.0855
2455,4.912000,0.000000,14.0849
2456,4.914000,0.000000,14.0842
2457,4.916000,0.000000,14.0836
2458,4.918000,0.000000,14.0830
2459,4.920000,0.000000,14.0823
2460,4.922000,0.000000,14.0817
2461,4.924000,0.000000,14.0811
2462,4.926000,0.000000,14.0805
2463,4.928000,0.000000,14.0798
2464,4.930000,0.000000,14.0792
2465,4.932000,0.000000,14.0786
2466,4.934000,0.000000,14.0780
2467,4.936000,0.000000,14.0774
2468,4.938000,0.000000,14.0768
2469,4.940000,0.000000,14.0762
2470,4.942000,0.000000,14.0756
2471,4.944000,0.000000,14.0750
2472,4.946000,0.000000,14.0745
2473,4.948000,0.000000,14.0739
2474,4.950000,0.000000,14.0733
2475,4.952000,0.000000,14.0727
2476,4.954000,0.000000,14.0722
2477,4.956000,0.000000,14.0716
2478,4.958000,0.000000,14.0710
2479,4.960000,0.000000,14.0705
2480,4.962000,0.000000,14.0699
2481,4.964000,0.000000,14.0694
2482,4.966000,0.000000,14.0688
2483,4.968000,0.000000,14.0683
2484,4.970000,0.000000,14.0677
2485,4.972000,0.000000,14.0672
2486,4.974000,0.000000,14.0667
2487,4.976000,0.000000,14.0661
2488,4.978000,0.000000,14.0656
2489,4.980000,0.000000,14.0651
2490,4.982000,0.000000,14.0646
2491,4.984000,0.000000,14.0640
2492,4.986000,0.000000,14.0635
2493,4.988000,0.000000,14.0630
2494,4.990000,0.000000,14.0625
2495,4.992000,0.000000,14.0620
2496,4.994000,0.000000,14.0615
2497,4.996000,0.000000,14.0610
2498,4.998000,0.000000,14.0605
2499,5.000000,0.000000,14.0600
2500,5.002000,0.000000,14.0595
2501,5.004000,0.000000,14.0591
2502,5.006000,0.000000,14.0586
2503,5.008000,0.000000,14.0581
2504,5.010000,0.000000,14.0576
2505,5.012000,0.000000,14.0572
2506,5.014000,0.000000,14.0567
2507,5.016000,0.328226,14.0408
2508,5.018000,0.749956,14.0175
2509,5.020000,1.357226,13.9929
2510,5.022000,2.117160,13.9686
2511,5.024000,3.006609,13.9393
2512,5.026000,4.005411,13.8988
2513,5.028000,5.089455,13.8450
2514,5.030000,6.215790,13.7836
2515,5.032000,7.309498,13.7281
2516,5.034000,8.305792,13.6876
2517,5.036000,9.184915,13.6596
2518,5.038000,9.974056,13.6325
2519,5.040000,10.700995,13.5985
2520,5.042000,11.352061,13.5632
2521,5.044000,11.900006,13.5376
2522,5.046000,12.343429,13.5256
2523,5.048000,12.714379,13.5221
2524,5.050000,13.069192,13.5173
2525,5.052000,13.455256,13.5052
2526,5.054000,13.886800,13.4876
2527,5.056000,14.355968,13.4707
2528,5.058000,14.854539,13.4581
2529,5.060000,15.388327,13.4484
2530,5.062000,15.982846,13.4360
2531,5.064000,16.880632,13.4062
2532,5.066000,17.946120,13.3676
2533,5.068000,19.183903,13.3302
2534,5.070000,20.568548,13.2962
2535,5.072000,22.161950,13.2540
2536,5.074000,24.069005,13.1892
2537,5.076000,26.285229,13.1060
2538,5.078000,28.657878,13.0272
2539,5.080000,31.071953,12.9643
2540,5.082000,33.670472,12.8954
2541,5.084000,36.678632,12.7936
2542,5.086000,40.056331,12.6689
2543,5.088000,43.376337,12.5715
2544,5.090000,46.558133,12.5032
2545,5.092000,50.086698,12.4071
2546,5.094000,54.345740,12.2485
2547,5.096000,58.599865,12.1105
2548,5.098000,62.145935,12.0549
2549,5.100000,65.953582,11.9768
2550,5.102000,71.150471,11.7742
2551,5.104000,76.209948,11.6070
2552,5.106000,79.531530,11.6056
2553,5.108000,83.534254,11.5378
2554,5.110000,90.233188,11.2364
2555,5.112000,95.470942,11.0970
2556,5.114000,97.524702,11.2180
2557,5.116000,102.475797,11.0827
2558,5.118000,110.865580,10.6694
2559,5.120000,115.024180,10.6538
2560,5.122000,115.665736,10.8831
2561,5.124000,123.276425,10.5429
2562,5.126000,131.871455,10.1658
2563,5.128000,131.887119,10.4509
2564,5.130000,134.738459,10.4962
2565,5.132000,144.447811,10.0026
2566,5.134000,153.143386,9.6950
2567,5.136000,149.877657,10.2035
2568,5.138000,153.319468,10.1892
2569,5.140000,163.230204,9.6831
2570,5.142000,172.248915,9.3713
2571,5.144000,170.060954,9.8122
2572,5.146000,176.475464,9.6459
2573,5.148000,186.429878,9.2413
2574,5.150000,190.402480,9.2922
2575,5.152000,186.759020,9.7311
2576,5.154000,198.213083,9.1838
2577,5.156000,208.005237,8.8470
2578,5.158000,214.713677,8.8201
2579,5.160000,205.149124,9.5822
2580,5.162000,217.744494,8.9773
2581,5.164000,228.024503,8.6088
2582,5.166000,238.912444,8.3787
2583,5.168000,226.948946,9.2733
2584,5.170000,240.372110,8.6945
2585,5.172000,251.249361,8.3391
2586,5.174000,260.416627,8.2241
2587,5.176000,244.684826,9.2125
2588,5.178000,258.864946,8.5563
2589,5.180000,270.195926,8.1655
2590,5.182000,282.330917,7.9284
2591,5.184000,269.456603,8.8141
2592,5.186000,284.025724,8.2482
2593,5.188000,295.981930,7.9069
2594,5.190000,308.620644,7.6952
2595,5.192000,283.486371,8.9957
2596,5.194000,299.118901,8.2879
2597,5.196000,311.121659,7.8804
2598,5.198000,324.153708,7.6450
2599,5.200000,337.560690,7.4933
2600,5.202000,306.160889,8.9616
2601,5.204000,322.299488,8.2305
2602,5.206000,334.323348,7.8202
2603,5.208000,347.516381,7.5929
2604,5.210000,361.070574,7.4559
2605,5.212000,348.028681,8.2596
2606,5.214000,362.594979,7.8167
2607,5.216000,374.477606,7.5653
2608,5.218000,386.778594,7.4247
2609,5.220000,378.256081,8.0040
2610,5.222000,391.017811,7.6761
2611,5.224000,401.558639,7.4988
2612,5.226000,412.179533,7.4092
2613,5.228000,421.583863,7.3895
2614,5.230000,397.624974,8.3394
2615,5.232000,408.095149,7.9339
2616,5.234000,415.584879,7.7374
2617,5.236000,423.686989,7.6612
2618,5.238000,431.601848,7.6481
2619,5.240000,438.863060,7.6688
2620,5.242000,445.227990,7.7092
2621,5.244000,450.580812,7.7630
2622,5.246000,454.878610,7.8274
2623,5.248000,458.122439,7.9012
2624,5.250000,460.341558,7.9841
2625,5.252000,461.584691,8.0757
2626,5.254000,461.914813,8.1757
2627,5.256000,461.405758,8.2835
2628,5.258000,460.139728,8.3988
2629,5.260000,458.205308,8.5207
2630,5.262000,455.695788,8.6485
2631,5.264000,452.707705,8.7812
2632,5.266000,449.339590,8.9182
2633,5.268000,445.690874,9.0583
2634,5.270000,441.860942,9.2007
2635,5.272000,437.948290,9.3445
2636,5.274000,434.049726,9.4889
2637,5.276000,430.259563,9.6330
2638,5.278000,426.668711,9.7762
2639,5.280000,423.363596,9.9178
2640,5.282000,420.424811,10.0574
2641,5.284000,417.925408,10.1946
2642,5.286000,415.928744,10.3292
2643,5.288000,414.485813,10.4611
2644,5.290000,413.632035,10.5905
2645,5.292000,413.383500,10.7177
2646,5.294000,413.732799,10.8433
2647,5.296000,414.644638,10.9678
2648,5.298000,416.051676,11.0923
2649,5.300000,417.851204,11.2177
2650,5.302000,419.903566,11.3450
2651,5.304000,422.033503,11.4754
2652,5.306000,424.035778,11.6097
2653,5.308000,425.686449,11.7486
2654,5.310000,426.760770,11.8926
2655,5.312000,427.057755,12.0416
2656,5.314000,426.429718,12.1948
2657,5.316000,424.812656,12.3514
2658,5.318000,422.250382,12.5100
2659,5.320000,418.902857,12.6690
2660,5.322000,415.028649,12.8271
2661,5.324000,410.935565,12.9837
2662,5.326000,406.904763,13.1387
2663,5.328000,403.112323,13.2927
2664,5.330000,399.589115,13.4465
2665,5.332000,396.252120,13.6008
2666,5.334000,392.990029,13.7554
2667,5.336000,389.730992,13.9102
2668,5.338000,386.445131,14.0648
2669,5.340000,383.117542,14.2187
2670,5.342000,379.736662,14.3719
2671,5.344000,376.294238,14.5240
2672,5.346000,372.785332,14.6750
2673,5.348000,369.207601,14.8245
2674,5.350000,365.560610,14.9725
2675,5.352000,361.845291,15.1189
2676,5.354000,358.063520,15.2633
2677,5.356000,354.217801,15.4058
2678,5.358000,350.311027,15.5462
2679,5.360000,346.346303,15.6843
2680,5.362000,342.326823,15.8200
2681,5.364000,338.255776,15.9532
2682,5.366000,334.136286,16.0837
2683,5.368000,329.971374,16.2114
2684,5.370000,325.763927,16.3362
2685,5.372000,321.516688,16.4580
2686,5.374000,317.232244,16.5767
2687,5.376000,312.913031,16.6921
2688,5.378000,308.561328,16.8041
2689,5.380000,304.179265,16.9126
2690,5.382000,299.768831,17.0176
2691,5.384000,295.331875,17.1188
2692,5.386000,290.870112,17.2163
2693,5.388000,286.385136,17.3099
2694,5.390000,281.878419,17.3995
2695,5.392000,277.351321,17.4850
2696,5.394000,272.805096,17.5664
2697,5.396000,268.240897,17.6435
2698,5.398000,263.659789,17.7164
2699,5.400000,259.062754,17.7848
2700,5.402000,254.450685,17.8487
2701,5.404000,249.824390,17.9081
2702,5.406000,245.184596,17.9629
2703,5.408000,240.531945,18.0130
2704,5.410000,235.867005,18.0583
2705,5.412000,231.190274,18.0989
2706,5.414000,226.502250,18.1345
2707,5.416000,221.803985,18.1652
2708,5.418000,217.096215,18.1910
2709,5.420000,211.916358,18.1943
2710,5.422000,200.765826,17.9687
2711,5.424000,175.592783,17.2687
2712,5.426000,173.920009,17.6381
2713,5.428000,170.254070,17.8185
2714,5.430000,166.966985,17.8912
2715,5.432000,163.814003,17.9090
2716,5.434000,160.664242,17.9007
2717,5.436000,157.459167,17.8808
2718,5.438000,154.175604,17.8559
2719,5.440000,150.806588,17.8288
2720,5.442000,147.352004,17.8002
2721,5.444000,143.809845,17.7695
2722,5.446000,140.186771,17.7364
2723,5.448000,136.486350,17.7002
2724,5.450000,132.705724,17.6599
2725,5.452000,128.845651,17.6149
2726,5.454000,124.906177,17.5648
2727,5.456000,120.887335,17.5091
2728,5.458000,116.789309,17.4474
2729,5.460000,112.612551,17.3796
2730,5.462000,108.357856,17.3054
2731,5.464000,104.026411,17.2248
2732,5.466000,99.619818,17.1375
2733,5.468000,95.140094,17.0435
2734,5.470000,90.589667,16.9428
2735,5.472000,85.971352,16.8354
2736,5.474000,81.288327,16.7213
2737,5.476000,76.544108,16.6006
2738,5.478000,71.742518,16.4733
2739,5.480000,66.887658,16.3395
2740,5.482000,61.983885,16.1995
2741,5.484000,57.035786,16.0532
2742,5.486000,52.048160,15.9009
2743,5.488000,47.025999,15.7427
2744,5.490000,41.974483,15.5790
2745,5.492000,36.898966,15.4098
2746,5.494000,31.804975,15.2355
2747,5.496000,26.698213,15.0562
2748,5.498000,21.584565,14.8724
2749,5.500000,16.470137,14.6843
2750,5.502000,11.361186,14.4923
2751,5.504000,6.422877,14.3038
2752,5.506000,1.732350,14.1248
2753,5.508000,0.000000,14.0787
2754,5.510000,0.000000,14.1462
2755,5.512000,0.000000,14.2012
2756,5.514000,0.641123,14.2284
2757,5.516000,1.541690,14.2432
2758,5.518000,2.409125,14.2566
2759,5.520000,3.167827,14.2928
2760,5.522000,3.650494,14.3047
2761,5.524000,3.803896,14.2609
2762,5.526000,3.718672,14.2112
2763,5.528000,3.356840,14.1697
2764,5.530000,2.716192,14.1334
2765,5.532000,1.905111,14.1156
2766,5.534000,0.989265,14.1113
2767,5.536000,0.000000,14.0957
2768,5.538000,0.000000,14.1062
2769,5.540000,0.000000,14.1023
2770,5.542000,0.000000,14.0622
2771,5.544000,0.000000,14.0347
2772,5.546000,0.000000,14.0202
2773,5.548000,0.000000,14.0174
2774,5.550000,0.000000,14.0319
2775,5.552000,0.000000,14.0575
2776,5.554000,0.000000,14.0779
2777,5.556000,0.000000,14.0806
2778,5.558000,0.000000,14.0681
2779,5.560000,0.000000,14.0539
2780,5.562000,0.000000,14.0468
2781,5.564000,0.000000,14.0479
2782,5.566000,0.000000,14.0552
2783,5.568000,0.000000,14.0641
2784,5.570000,0.000000,14.0697
2785,5.572000,0.000000,14.0696
2786,5.574000,0.000000,14.0656
2787,5.576000,0.000000,14.0612
2788,5.578000,0.000000,14.0594
2789,5.580000,0.000000,14.0606
2790,5.582000,0.000000,14.0639
2791,5.584000,0.000000,14.0672
2792,5.586000,0.000000,14.0691
2793,5.588000,0.000000,14.0691
2794,5.590000,0.000000,14.0679
2795,5.592000,0.000000,14.0669
2796,5.594000,0.000000,14.0668
2797,5.596000,0.000000,14.0677
2798,5.598000,0.000000,14.0693
2799,5.600000,0.000000,14.0708
2800,5.602000,0.000000,14.0716
2801,5.604000,0.000000,14.0719
2802,5.606000,0.000000,14.0719
2803,5.608000,0.000000,14.0719
2804,5.610000,0.000000,14.0724
2805,5.612000,0.000000,14.0731
2806,5.614000,0.000000,14.0741
2807,5.616000,0.000000,14.0749
2808,5.618000,0.000000,14.0756
2809,5.620000,0.000000,14.0761
2810,5.622000,0.000000,14.0764
2811,5.624000,0.000000,14.0769
2812,5.626000,0.000000,14.0775
2813,5.628000,0.000000,14.0781
2814,5.630000,0.000000,14.0789
2815,5.632000,0.000000,14.0796
2816,5.634000,0.000000,14.0802
2817,5.636000,0.000000,14.0808
2818,5.638000,0.000000,14.0813
2819,5.640000,0.000000,14.0819
2820,5.642000,0.000000,14.0825
2821,5.644000,0.000000,14.0832
2822,5.646000,0.000000,14.0839
2823,5.648000,0.000000,14.0845
2824,5.650000,0.000000,14.0852
2825,5.652000,0.000000,14.0858
2826,5.654000,0.000000,14.0864
2827,5.656000,0.000000,14.0871
2828,5.658000,0.000000,14.0877
2829,5.660000,0.000000,14.0884
2830,5.662000,0.000000,14.0891
2831,5.664000,0.000000,14.0897
2832,5.666000,0.000000,14.0904
2833,5.668000,0.000000,14.0911
2834,5.670000,0.000000,14.0917
2835,5.672000,0.000000,14.0924
2836,5.674000,0.000000,14.0931
2837,5.676000,0.000000,14.0938
2838,5.678000,0.000000,14.0945
2839,5.680000,0.000000,14.0952
2840,5.682000,0.000000,14.0959
2841,5.684000,0.000000,14.0966
2842,5.686000,0.000000,14.0973
2843,5.688000,0.000000,14.0980
2844,5.690000,0.000000,14.0987
2845,5.692000,0.000000,14.0994
2846,5.694000,0.000000,14.1001
2847,5.696000,0.000000,14.1009
2848,5.698000,0.000000,14.1016
2849,5.700000,0.000000,14.1023
2850,5.702000,0.000000,14.1030
2851,5.704000,0.000000,14.1038
2852,5.706000,0.000000,14.1045
2853,5.708000,0.000000,14.1052
2854,5.710000,0.000000,14.1060
2855,5.712000,0.000000,14.1067
2856,5.714000,0.000000,14.1075
2857,5.716000,0.000000,14.1082
2858,5.718000,0.000000,14.1090
2859,5.720000,0.000000,14.1098
2860,5.722000,0.000000,14.1105
2861,5.724000,0.000000,14.1113
2862,5.726000,0.000000,14.1121
2863,5.728000,0.000000,14.1128
2864,5.730000,0.000000,14.1136
2865,5.732000,0.000000,14.1144
2866,5.734000,0.000000,14.1152
2867,5.736000,0.000000,14.1160
2868,5.738000,0.000000,14.1167
2869,5.740000,0.000000,14.1175
2870,5.742000,0.000000,14.1183
2871,5.744000,0.000000,14.1191
2872,5.746000,0.000000,14.1199
2873,5.748000,0.000000,14.1207
2874,5.750000,0.000000,14.1215
2875,5.752000,0.000000,14.1224
2876,5.754000,0.000000,14.1232
2877,5.756000,0.000000,14.1240
2878,5.758000,0.000000,14.1248
2879,5.760000,0.000000,14.1256
2880,5.762000,0.000000,14.1265
2881,5.764000,0.000000,14.1273
2882,5.766000,0.000000,14.1281
2883,5.768000,0.000000,14.1290
2884,5.770000,0.000000,14.1298
2885,5.772000,0.000000,14.1306
2886,5.774000,0.000000,14.1315
2887,5.776000,0.000000,14.1323
2888,5.778000,0.000000,14.1332
2889,5.780000,0.000000,14.1340
2890,5.782000,0.000000,14.1349
2891,5.784000,0.000000,14.1358
2892,5.786000,0.000000,14.1366
2893,5.788000,0.000000,14.1375
2894,5.790000,0.000000,14.1384
2895,5.792000,0.000000,14.1392
2896,5.794000,0.000000,14.1401
2897,5.796000,0.000000,14.1410
2898,5.798000,0.000000,14.1419
2899,5.800000,0.000000,14.1428
2900,5.802000,0.000000,14.1436
2901,5.804000,0.000000,14.1445
2902,5.806000,0.000000,14.1454
2903,5.808000,0.000000,14.1463
2904,5.810000,0.000000,14.1472
2905,5.812000,0.000000,14.1481
2906,5.814000,0.000000,14.1490
2907,5.816000,0.000000,14.1499
2908,5.818000,0.000000,14.1508
2909,5.820000,0.000000,14.1518
2910,5.822000,0.000000,14.1527
2911,5.824000,0.000000,14.1536
2912,5.826000,0.000000,14.1545
2913,5.828000,0.000000,14.1554
2914,5.830000,0.000000,14.1564
2915,5.832000,0.000000,14.1573
2916,5.834000,0.000000,14.1582
2917,5.836000,0.000000,14.1592
2918,5.838000,0.000000,14.1601
2919,5.840000,0.000000,14.1611
2920,5.842000,0.000000,14.1620
2921,5.844000,0.000000,14.1630
2922,5.846000,0.000000,14.1639
2923,5.848000,0.000000,14.1649
2924,5.850000,0.000000,14.1658
2925,5.852000,0.000000,14.1668
2926,5.854000,0.000000,14.1677
2927,5.856000,0.000000,14.1687
2928,5.858000,0.000000,14.1697
2929,5.860000,0.000000,14.1706
2930,5.862000,0.000000,14.1716
2931,5.864000,0.000000,14.1726
2932,5.866000,0.000000,14.1736
2933,5.868000,0.000000,14.1745
2934,5.870000,0.000000,14.1755
2935,5.872000,0.000000,14.1765
2936,5.874000,0.000000,14.1775
2937,5.876000,0.000000,14.1785
2938,5.878000,0.000000,14.1795
2939,5.880000,0.000000,14.1805
2940,5.882000,0.000000,14.1815
2941,5.884000,0.000000,14.1825
2942,5.886000,0.000000,14.1835
2943,5.888000,0.000000,14.1845
2944,5.890000,0.000000,14.1855
2945,5.892000,0.000000,14.1865
2946,5.894000,0.000000,14.1875
2947,5.896000,0.000000,14.1886
2948,5.898000,0.000000,14.1896
2949,5.900000,0.000000,14.1906
2950,5.902000,0.000000,14.1916
2951,5.904000,0.000000,14.1926
2952,5.906000,0.000000,14.1937
2953,5.908000,0.000000,14.1947
2954,5.910000,0.000000,14.1957
2955,5.912000,0.000000,14.1968
2956,5.914000,0.000000,14.1978
2957,5.916000,0.000000,14.1989
2958,5.918000,0.000000,14.1999
2959,5.920000,0.000000,14.2010
2960,5.922000,0.000000,14.2020
2961,5.924000,0.000000,14.2031
2962,5.926000,0.000000,14.2041
2963,5.928000,0.000000,14.2052
2964,5.930000,0.000000,14.2062
2965,5.932000,0.000000,14.2073
2966,5.934000,0.000000,14.2084
2967,5.936000,0.000000,14.2094
2968,5.938000,0.000000,14.2105
2969,5.940000,0.000000,14.2116
2970,5.942000,0.000000,14.2126
2971,5.944000,0.000000,14.2137
2972,5.946000,0.000000,14.2148
2973,5.948000,0.000000,14.2159
2974,5.950000,0.000000,14.2170
2975,5.952000,0.000000,14.2180
2976,5.954000,0.000000,14.2191
2977,5.956000,0.000000,14.2202
2978,5.958000,0.000000,14.2213
2979,5.960000,0.000000,14.2224
2980,5.962000,0.000000,14.2235
2981,5.964000,0.000000,14.2246
2982,5.966000,0.000000,14.2257
2983,5.968000,0.000000,14.2268
2984,5.970000,0.000000,14.2279
2985,5.972000,0.000000,14.2290
2986,5.974000,0.000000,14.2301
2987,5.976000,0.000000,14.2312
2988,5.978000,0.000000,14.2323
2989,5.980000,0.000000,14.2335
2990,5.982000,0.000000,14.2346
2991,5.984000,0.000000,14.2357
2992,5.986000,0.000000,14.2368
2993,5.988000,0.000000,14.2379
2994,5.990000,0.000000,14.2391
2995,5.992000,0.000000,14.2402
2996,5.994000,0.000000,14.2413
2997,5.996000,0.000000,14.2425
2998,5.998000,0.000000,14.2436
2999,6.000000,0.000000,14.2447
3000,6.002000,0.000000,14.2459
3001,6.004000,0.000000,14.2470
3002,6.006000,0.000000,14.2481
3003,6.008000,0.000000,14.2493
3004,6.010000,0.000000,14.2504
3005,6.012000,0.000000,14.2516
3006,6.014000,0.000000,14.2527
3007,6.016000,0.000000,14.2539
3008,6.018000,0.000000,14.2550
3009,6.020000,0.000000,14.2562
3010,6.022000,0.000000,14.2573
3011,6.024000,0.000000,14.2585
3012,6.026000,0.000000,14.2597
3013,6.028000,0.000000,14.2608
3014,6.030000,0.000000,14.2620
3015,6.032000,0.000000,14.2632
3016,6.034000,0.000000,14.2643
3017,6.036000,0.000000,14.2655
3018,6.038000,0.000000,14.2667
3019,6.040000,0.000000,14.2678
3020,6.042000,0.000000,14.2690
3021,6.044000,0.000000,14.2702
3022,6.046000,0.000000,14.2714
3023,6.048000,0.000000,14.2725
3024,6.050000,0.000000,14.2737
3025,6.052000,0.000000,14.2749
3026,6.054000,0.000000,14.2761
3027,6.056000,0.000000,14.2773
3028,6.058000,0.000000,14.2785
3029,6.060000,0.000000,14.2797
3030,6.062000,0.000000,14.2809
3031,6.064000,0.000000,14.2820
3032,6.066000,0.000000,14.2832
3033,6.068000,0.000000,14.2844
3034,6.070000,0.000000,14.2856
3035,6.072000,0.000000,14.2868
3036,6.074000,0.000000,14.2880
3037,6.076000,0.000000,14.2892
3038,6.078000,0.000000,14.2904
3039,6.080000,0.000000,14.2916
3040,6.082000,0.000000,14.2929
3041,6.084000,0.000000,14.2941
3042,6.086000,0.000000,14.2953
3043,6.088000,0.000000,14.2965
3044,6.090000,0.000000,14.2977
3045,6.092000,0.000000,14.2989
3046,6.094000,0.000000,14.3001
3047,6.096000,0.000000,14.3013
3048,6.098000,0.000000,14.3026
3049,6.100000,0.000000,14.3038
3050,6.102000,0.000000,14.3050
3051,6.104000,0.000000,14.3062
3052,6.106000,0.000000,14.3074
3053,6.108000,0.000000,14.3087
3054,6.110000,0.000000,14.3099
3055,6.112000,0.000000,14.3111
3056,6.114000,0.000000,14.3124
3057,6.116000,0.000000,14.3136
3058,6.118000,0.000000,14.3148
3059,6.120000,0.000000,14.3161
3060,6.122000,0.000000,14.3173
3061,6.124000,0.000000,14.3185
3062,6.126000,0.000000,14.3198
3063,6.128000,0.000000,14.3210
3064,6.130000,0.000000,14.3222
3065,6.132000,0.000000,14.3235
3066,6.134000,0.000000,14.3247
3067,6.136000,0.000000,14.3260
3068,6.138000,0.000000,14.3272
3069,6.140000,0.000000,14.3284
3070,6.142000,0.000000,14.3297
3071,6.144000,0.000000,14.3309
3072,6.146000,0.000000,14.3322
3073,6.148000,0.000000,14.3334
3074,6.150000,0.000000,14.3347
3075,6.152000,0.000000,14.3359
3076,6.154000,0.000000,14.3372
3077,6.156000,0.000000,14.3384
3078,6.158000,0.000000,14.3397
3079,6.160000,0.000000,14.3409
3080,6.162000,0.000000,14.3422
3081,6.164000,0.000000,14.3435
3082,6.166000,0.000000,14.3447
3083,6.168000,0.000000,14.3460
3084,6.170000,0.000000,14.3472
3085,6.172000,0.000000,14.3485
3086,6.174000,0.000000,14.3498
3087,6.176000,0.000000,14.3510
3088,6.178000,0.000000,14.3523
3089,6.180000,0.000000,14.3535
3090,6.182000,0.000000,14.3548
3091,6.184000,0.000000,14.3561
3092,6.186000,0.000000,14.3573
3093,6.188000,0.000000,14.3586
3094,6.190000,0.000000,14.3599
3095,6.192000,0.000000,14.3611
3096,6.194000,0.000000,14.3624
3097,6.196000,0.000000,14.3637
3098,6.198000,0.000000,14.3650
3099,6.200000,0.000000,14.3662
3100,6.202000,0.000000,14.3675
3101,6.204000,0.000000,14.3688
3102,6.206000,0.000000,14.3700
3103,6.208000,0.000000,14.3713
3104,6.210000,0.000000,14.3726
3105,6.212000,0.000000,14.3739
3106,6.214000,0.000000,14.3751
3107,6.216000,0.000000,14.3764
3108,6.218000,0.000000,14.3777
3109,6.220000,0.000000,14.3790
3110,6.222000,0.000000,14.3803
3111,6.224000,0.000000,14.3815
3112,6.226000,0.000000,14.3828
3113,6.228000,0.000000,14.3841
3114,6.230000,0.000000,14.3854
3115,6.232000,0.000000,14.3866
3116,6.234000,0.000000,14.3879
3117,6.236000,0.000000,14.3892
3118,6.238000,0.000000,14.3905
3119,6.240000,0.000000,14.3918
3120,6.242000,0.000000,14.3931
3121,6.244000,0.000000,14.3943
3122,6.246000,0.000000,14.3956
3123,6.248000,0.000000,14.3969
3124,6.250000,0.000000,14.3982
3125,6.252000,0.000000,14.3995
3126,6.254000,0.000000,14.4008
3127,6.256000,0.000000,14.4020
3128,6.258000,0.000000,14.4033
3129,6.260000,0.000000,14.4046
3130,6.262000,0.000000,14.4059
3131,6.264000,0.000000,14.4072
3132,6.266000,0.000000,14.4085
3133,6.268000,0.000000,14.4098
3134,6.270000,0.000000,14.4110
3135,6.272000,0.000000,14.4123
3136,6.274000,0.000000,14.4136
3137,6.276000,0.000000,14.4149
3138,6.278000,0.000000,14.4162
3139,6.280000,0.000000,14.4175
3140,6.282000,0.000000,14.4188
3141,6.284000,0.000000,14.4201
3142,6.286000,0.000000,14.4213
3143,6.288000,0.000000,14.4226
3144,6.290000,0.000000,14.4239
3145,6.292000,0.000000,14.4252
3146,6.294000,0.000000,14.4265
3147,6.296000,0.000000,14.4278
3148,6.298000,0.000000,14.4291
3149,6.300000,0.000000,14.4304
3150,6.302000,0.000000,14.4316
3151,6.304000,0.000000,14.4329
3152,6.306000,0.000000,14.4342
3153,6.308000,0.000000,14.4355
3154,6.310000,0.000000,14.4368
3155,6.312000,0.000000,14.4381
3156,6.314000,0.000000,14.4394
3157,6.316000,0.000000,14.4407
3158,6.318000,0.000000,14.4419
3159,6.320000,0.000000,14.4432
3160,6.322000,0.000000,14.4445
3161,6.324000,0.000000,14.4458
3162,6.326000,0.000000,14.4471
3163,6.328000,0.000000,14.4484
3164,6.330000,0.000000,14.4497
3165,6.332000,0.000000,14.4509
3166,6.334000,0.000000,14.4522
3167,6.336000,0.000000,14.4535
3168,6.338000,0.000000,14.4548
3169,6.340000,0.000000,14.4561
3170,6.342000,0.000000,14.4574
3171,6.344000,0.000000,14.4586
3172,6.346000,0.000000,14.4599
3173,6.348000,0.000000,14.4612
3174,6.350000,0.000000,14.4625
3175,6.352000,0.000000,14.4638
3176,6.354000,0.000000,14.4651
3177,6.356000,0.000000,14.4663
3178,6.358000,0.000000,14.4676
3179,6.360000,0.000000,14.4689
3180,6.362000,0.000000,14.4702
3181,6.364000,0.000000,14.4715
3182,6.366000,0.000000,14.4727
3183,6.368000,0.000000,14.4740
3184,6.370000,0.000000,14.4753
3185,6.372000,0.000000,14.4766
3186,6.374000,0.000000,14.4779
3187,6.376000,0.000000,14.4791
3188,6.378000,0.000000,14.4804
3189,6.380000,0.000000,14.4817
3190,6.382000,0.000000,14.4830
3191,6.384000,0.000000,14.4842
3192,6.386000,0.000000,14.4855
3193,6.388000,0.000000,14.4868
3194,6.390000,0.000000,14.4880
3195,6.392000,0.000000,14.4893
3196,6.394000,0.000000,14.4906
3197,6.396000,0.000000,14.4919
3198,6.398000,0.000000,14.4931
3199,6.400000,0.000000,14.4944
3200,6.402000,0.000000,14.4957
3201,6.404000,0.000000,14.4969
3202,6.406000,0.000000,14.4982
3203,6.408000,0.000000,14.4995
3204,6.410000,0.000000,14.5007
3205,6.412000,0.000000,14.5020
3206,6.414000,0.000000,14.5033
3207,6.416000,0.000000,14.5045
3208,6.418000,0.000000,14.5058
3209,6.420000,0.000000,14.5070
3210,6.422000,0.000000,14.5083
3211,6.424000,0.000000,14.5096
3212,6.426000,0.000000,14.5108
3213,6.428000,0.000000,14.5121
3214,6.430000,0.000000,14.5133
3215,6.432000,0.000000,14.5146
3216,6.434000,0.000000,14.5158
3217,6.436000,0.000000,14.5171
3218,6.438000,0.000000,14.5184
3219,6.440000,0.000000,14.5196
3220,6.442000,0.000000,14.5209
3221,6.444000,0.000000,14.5221
3222,6.446000,0.000000,14.5234
3223,6.448000,0.000000,14.5246
3224,6.450000,0.000000,14.5258
3225,6.452000,0.000000,14.5271
3226,6.454000,0.000000,14.5283
3227,6.456000,0.000000,14.5296
3228,6.458000,0.000000,14.5308
3229,6.460000,0.000000,14.5321
3230,6.462000,0.000000,14.5333
3231,6.464000,0.000000,14.5345
3232,6.466000,0.000000,14.5358
3233,6.468000,0.000000,14.5370
3234,6.470000,0.000000,14.5383
3235,6.472000,0.000000,14.5395
3236,6.474000,0.000000,14.5407
3237,6.476000,0.000000,14.5420
3238,6.478000,0.000000,14.5432
3239,6.480000,0.000000,14.5444
3240,6.482000,0.000000,14.5456
3241,6.484000,0.000000,14.5469
3242,6.486000,0.000000,14.5481
3243,6.488000,0.000000,14.5493
3244,6.490000,0.000000,14.5505
3245,6.492000,0.000000,14.5518
3246,6.494000,0.000000,14.5530
3247,6.496000,0.000000,14.5542
3248,6.498000,0.000000,14.5554
3249,6.500000,0.000000,14.5566
3250,6.502000,0.000000,14.5578
3251,6.504000,0.000000,14.5591
3252,6.506000,0.000000,14.5603
3253,6.508000,0.000000,14.5615
3254,6.510000,0.000000,14.5627
3255,6.512000,0.000000,14.5639
3256,6.514000,0.000000,14.5651
3257,6.516000,0.000000,14.5663
3258,6.518000,0.000000,14.5675
3259,6.520000,0.000000,14.5687
3260,6.522000,0.000000,14.5699
3261,6.524000,0.000000,14.5711
3262,6.526000,0.000000,14.5723
3263,6.528000,0.000000,14.5735
3264,6.530000,0.000000,14.5747
3265,6.532000,0.000000,14.5759
3266,6.534000,0.000000,14.5771
3267,6.536000,0.000000,14.5783
3268,6.538000,0.000000,14.5795
3269,6.540000,0.000000,14.5807
3270,6.542000,0.000000,14.5818
3271,6.544000,0.000000,14.5830
3272,6.546000,0.000000,14.5842
3273,6.548000,0.000000,14.5854
3274,6.550000,0.000000,14.5866
3275,6.552000,0.000000,14.5877
3276,6.554000,0.000000,14.5889
3277,6.556000,0.000000,14.5901
3278,6.558000,0.000000,14.5913
3279,6.560000,0.000000,14.5924
3280,6.562000,0.000000,14.5936
3281,6.564000,0.000000,14.5948
3282,6.566000,0.000000,14.5959
3283,6.568000,0.000000,14.5971
3284,6.570000,0.000000,14.5983
3285,6.572000,0.000000,14.5994
3286,6.574000,0.000000,14.6006
3287,6.576000,0.000000,14.6017
3288,6.578000,0.000000,14.6029
3289,6.580000,0.000000,14.6040
3290,6.582000,0.000000,14.6052
3291,6.584000,0.000000,14.6063
3292,6.586000,0.000000,14.6075
3293,6.588000,0.000000,14.6086
3294,6.590000,0.000000,14.6098
3295,6.592000,0.000000,14.6109
3296,6.594000,0.000000,14.6121
3297,6.596000,0.000000,14.6132
3298,6.598000,0.000000,14.6143
3299,6.600000,0.000000,14.6155
3300,6.602000,0.000000,14.6166
3301,6.604000,0.000000,14.6177
3302,6.606000,0.000000,14.6189
3303,6.608000,0.000000,14.6200
3304,6.610000,0.000000,14.6211
3305,6.612000,0.000000,14.6222
3306,6.614000,0.000000,14.6234
3307,6.616000,0.000000,14.6245
3308,6.618000,0.000000,14.6256
3309,6.620000,0.000000,14.6267
3310,6.622000,0.000000,14.6278
3311,6.624000,0.000000,14.6289
3312,6.626000,0.000000,14.6300
3313,6.628000,0.000000,14.6311
3314,6.630000,0.000000,14.6322
3315,6.632000,0.000000,14.6333
3316,6.634000,0.000000,14.6344
3317,6.636000,0.000000,14.6355
3318,6.638000,0.000000,14.6366
3319,6.640000,0.000000,14.6377
3320,6.642000,0.000000,14.6388
3321,6.644000,0.000000,14.6399
3322,6.646000,0.000000,14.6410
3323,6.648000,0.000000,14.6421
3324,6.650000,0.000000,14.6432
3325,6.652000,0.000000,14.6442
3326,6.654000,0.000000,14.6453
3327,6.656000,0.000000,14.6464
3328,6.658000,0.000000,14.6475
3329,6.660000,0.000000,14.6486
3330,6.662000,0.000000,14.6496
3331,6.664000,0.000000,14.6507
3332,6.666000,0.000000,14.6518
3333,6.668000,0.000000,14.6528
3334,6.670000,0.000000,14.6539
3335,6.672000,0.000000,14.6549
3336,6.674000,0.000000,14.6560
3337,6.676000,0.000000,14.6570
3338,6.678000,0.000000,14.6581
3339,6.680000,0.000000,14.6591
3340,6.682000,0.000000,14.6602
3341,6.684000,0.000000,14.6612
3342,6.686000,0.000000,14.6623
3343,6.688000,0.000000,14.6633
3344,6.690000,0.000000,14.6644
3345,6.692000,0.000000,14.6654
3346,6.694000,0.000000,14.6664
3347,6.696000,0.000000,14.6675
3348,6.698000,0.000000,14.6685
3349,6.700000,0.000000,14.6695
3350,6.702000,0.000000,14.6705
3351,6.704000,0.000000,14.6716
3352,6.706000,0.000000,14.6726
3353,6.708000,0.000000,14.6736
3354,6.710000,0.000000,14.6746
3355,6.712000,0.000000,14.6756
3356,6.714000,0.000000,14.6766
3357,6.716000,0.000000,14.6776
3358,6.718000,0.000000,14.6787
3359,6.720000,0.000000,14.6797
3360,6.722000,0.000000,14.6807
3361,6.724000,0.000000,14.6817
3362,6.726000,0.000000,14.6826
3363,6.728000,0.000000,14.6836
3364,6.730000,0.000000,14.6846
3365,6.732000,0.000000,14.6856
3366,6.734000,0.000000,14.6866
3367,6.736000,0.000000,14.6876
3368,6.738000,0.000000,14.6886
3369,6.740000,0.000000,14.6895
3370,6.742000,0.000000,14.6905
3371,6.744000,0.000000,14.6915
3372,6.746000,0.000000,14.6925
3373,6.748000,0.000000,14.6934
3374,6.750000,0.000000,14.6944
3375,6.752000,0.000000,14.6954
3376,6.754000,0.000000,14.6963
3377,6.756000,0.000000,14.6973
3378,6.758000,0.000000,14.6982
3379,6.760000,0.000000,14.6992
3380,6.762000,0.000000,14.7001
3381,6.764000,0.000000,14.7011
3382,6.766000,0.000000,14.7020
3383,6.768000,0.000000,14.7030
3384,6.770000,0.000000,14.7039
3385,6.772000,0.000000,14.7048
3386,6.774000,0.000000,14.7058
3387,6.776000,0.000000,14.7067
3388,6.778000,0.000000,14.7076
3389,6.780000,0.000000,14.7086
3390,6.782000,0.000000,14.7095
3391,6.784000,0.000000,14.7104
3392,6.786000,0.000000,14.7113
3393,6.788000,0.000000,14.7122
3394,6.790000,0.000000,14.7132
3395,6.792000,0.000000,14.7141
3396,6.794000,0.000000,14.7150
3397,6.796000,0.000000,14.7159
3398,6.798000,0.000000,14.7168
3399,6.800000,0.000000,14.7177
3400,6.802000,0.000000,14.7186
3401,6.804000,0.000000,14.7195
3402,6.806000,0.000000,14.7204
3403,6.808000,0.000000,14.7212
3404,6.810000,0.000000,14.7221
3405,6.812000,0.000000,14.7230
3406,6.814000,0.000000,14.7239
3407,6.816000,0.000000,14.7248
3408,6.818000,0.000000,14.7257
3409,6.820000,0.000000,14.7265
3410,6.822000,0.000000,14.7274
3411,6.824000,0.000000,14.7283
3412,6.826000,0.000000,14.7291
3413,6.828000,0.000000,14.7300
3414,6.830000,0.000000,14.7308
3415,6.832000,0.000000,14.7317
3416,6.834000,0.000000,14.7326
3417,6.836000,0.000000,14.7334
3418,6.838000,0.000000,14.7342
3419,6.840000,0.000000,14.7351
3420,6.842000,0.000000,14.7359
3421,6.844000,0.000000,14.7368
3422,6.846000,0.000000,14.7376
3423,6.848000,0.000000,14.7384
3424,6.850000,0.000000,14.7393
3425,6.852000,0.000000,14.7401
3426,6.854000,0.000000,14.7409
3427,6.856000,0.000000,14.7417
3428,6.858000,0.000000,14.7426
3429,6.860000,0.000000,14.7434
3430,6.862000,0.000000,14.7442
3431,6.864000,0.000000,14.7450
3432,6.866000,0.000000,14.7458
3433,6.868000,0.000000,14.7466
3434,6.870000,0.000000,14.7474
3435,6.872000,0.000000,14.7482
3436,6.874000,0.000000,14.7490
3437,6.876000,0.000000,14.7498
3438,6.878000,0.000000,14.7506
3439,6.880000,0.000000,14.7514
3440,6.882000,0.000000,14.7522
3441,6.884000,0.000000,14.7529
3442,6.886000,0.000000,14.7537
3443,6.888000,0.000000,14.7545
3444,6.890000,0.000000,14.7553
3445,6.892000,0.000000,14.7560
3446,6.894000,0.000000,14.7568
3447,6.896000,0.000000,14.7576
3448,6.898000,0.000000,14.7583
3449,6.900000,0.000000,14.7591
3450,6.902000,0.000000,14.7599
3451,6.904000,0.000000,14.7606
3452,6.906000,0.000000,14.7614
3453,6.908000,0.000000,14.7621
3454,6.910000,0.000000,14.7628
3455,6.912000,0.000000,14.7636
3456,6.914000,0.000000,14.7643
3457,6.916000,0.000000,14.7651
3458,6.918000,0.000000,14.7658
3459,6.920000,0.000000,14.7665
3460,6.922000,0.000000,14.7672
3461,6.924000,0.000000,14.7680
3462,6.926000,0.000000,14.7687
3463,6.928000,0.000000,14.7694
3464,6.930000,0.000000,14.7701
3465,6.932000,0.000000,14.7708
3466,6.934000,0.000000,14.7715
3467,6.936000,0.000000,14.7722
3468,6.938000,0.000000,14.7729
3469,6.940000,0.000000,14.7736
3470,6.942000,0.000000,14.7743
3471,6.944000,0.000000,14.7750
3472,6.946000,0.000000,14.7757
3473,6.948000,0.000000,14.7764
3474,6.950000,0.000000,14.7771
3475,6.952000,0.000000,14.7778
3476,6.954000,0.000000,14.7784
3477,6.956000,0.000000,14.7791
3478,6.958000,0.000000,14.7798
3479,6.960000,0.000000,14.7805
3480,6.962000,0.000000,14.7811
3481,6.964000,0.000000,14.7818
3482,6.966000,0.000000,14.7824
3483,6.968000,0.000000,14.7831
3484,6.970000,0.000000,14.7838
3485,6.972000,0.000000,14.7844
3486,6.974000,0.000000,14.7850
3487,6.976000,0.000000,14.7857
3488,6.978000,0.000000,14.7863
3489,6.980000,0.000000,14.7870
3490,6.982000,0.000000,14.7876
3491,6.984000,0.000000,14.7882
3492,6.986000,0.000000,14.7889
3493,6.988000,0.000000,14.7895
3494,6.990000,0.000000,14.7901
3495,6.992000,0.000000,14.7907
3496,6.994000,0.000000,14.7914
3497,6.996000,0.000000,14.7920
3498,6.998000,0.000000,14.7926
3499,7.000000,0.000000,14.7932
3500,7.002000,0.000000,14.7938
3501,7.004000,0.000000,14.7944
3502,7.006000,0.000000,14.7950
3503,7.008000,0.000000,14.7956
3504,7.010000,0.000000,14.7962
3505,7.012000,0.000000,14.7968
3506,7.014000,0.000000,14.7973
3507,7.016000,0.000000,14.7979
3508,7.018000,0.000000,14.7985
3509,7.020000,0.000000,14.7991
3510,7.022000,0.000000,14.7997
3511,7.024000,0.000000,14.8002
3512,7.026000,0.000000,14.8008
3513,7.028000,0.000000,14.8014
3514,7.030000,0.000000,14.8019
3515,7.032000,0.000000,14.8025
3516,7.034000,0.000000,14.8030
3517,7.036000,0.000000,14.8036
3518,7.038000,0.000000,14.8041
3519,7.040000,0.000000,14.8047
3520,7.042000,0.000000,14.8052
3521,7.044000,0.000000,14.8058
3522,7.046000,0.000000,14.8063
3523,7.048000,0.000000,14.8068
3524,7.050000,0.000000,14.8074
3525,7.052000,0.000000,14.8079
3526,7.054000,0.000000,14.8084
3527,7.056000,0.000000,14.8089
3528,7.058000,0.000000,14.8094
3529,7.060000,0.000000,14.8100
3530,7.062000,0.000000,14.8105
3531,7.064000,0.000000,14.8110
3532,7.066000,0.000000,14.8115
3533,7.068000,0.000000,14.8120
3534,7.070000,0.000000,14.8125
3535,7.072000,0.000000,14.8130
3536,7.074000,0.000000,14.8135
3537,7.076000,0.000000,14.8139
3538,7.078000,0.000000,14.8144
3539,7.080000,0.000000,14.8149
3540,7.082000,0.000000,14.8154
3541,7.084000,0.000000,14.8159
3542,7.086000,0.000000,14.8163
3543,7.088000,0.000000,14.8168
3544,7.090000,0.000000,14.8173
3545,7.092000,0.000000,14.8177
3546,7.094000,0.000000,14.8182
3547,7.096000,0.000000,14.8187
3548,7.098000,0.000000,14.8191
3549,7.100000,0.000000,14.8196
3550,7.102000,0.000000,14.8200
3551,7.104000,0.000000,14.8205
3552,7.106000,0.000000,14.8209
3553,7.108000,0.000000,14.8213
3554,7.110000,0.000000,14.8218
3555,7.112000,0.000000,14.8222
3556,7.114000,0.000000,14.8226
3557,7.116000,0.000000,14.8230
3558,7.118000,0.000000,14.8235
3559,7.120000,0.000000,14.8239
3560,7.122000,0.000000,14.8243
3561,7.124000,0.000000,14.8247
3562,7.126000,0.000000,14.8251
3563,7.128000,0.000000,14.8255
3564,7.130000,0.000000,14.8259
3565,7.132000,0.000000,14.8263
3566,7.134000,0.000000,14.8267
3567,7.136000,0.000000,14.8271
3568,7.138000,0.000000,14.8275
3569,7.140000,0.000000,14.8279
3570,7.142000,0.000000,14.8283
3571,7.144000,0.000000,14.8287
3572,7.146000,0.000000,14.8290
3573,7.148000,0.000000,14.8294
3574,7.150000,0.000000,14.8298
3575,7.152000,0.000000,14.8301
3576,7.154000,0.000000,14.8305
3577,7.156000,0.000000,14.8309
3578,7.158000,0.000000,14.8312
3579,7.160000,0.000000,14.8316
3580,7.162000,0.000000,14.8319
3581,7.164000,0.000000,14.8323
3582,7.166000,0.000000,14.8326
3583,7.168000,0.000000,14.8330
3584,7.170000,0.000000,14.8333
3585,7.172000,0.000000,14.8336
3586,7.174000,0.000000,14.8340
3587,7.176000,0.000000,14.8343
3588,7.178000,0.000000,14.8346
3589,7.180000,0.000000,14.8350
3590,7.182000,0.000000,14.8353
3591,7.184000,0.000000,14.8356
3592,7.186000,0.000000,14.8359
3593,7.188000,0.000000,14.8362
3594,7.190000,0.000000,14.8365
3595,7.192000,0.000000,14.8368
3596,7.194000,0.000000,14.8371
3597,7.196000,0.000000,14.8374
3598,7.198000,0.000000,14.8377
3599,7.200000,0.000000,14.8380
3600,7.202000,0.000000,14.8383
3601,7.204000,0.000000,14.8386
3602,7.206000,0.000000,14.8389
3603,7.208000,0.000000,14.8391
3604,7.210000,0.000000,14.8394
3605,7.212000,0.000000,14.8397
3606,7.214000,0.000000,14.8399
3607,7.216000,0.000000,14.8402
3608,7.218000,0.000000,14.8405
3609,7.220000,0.000000,14.8407
3610,7.222000,0.000000,14.8410
3611,7.224000,0.000000,14.8412
3612,7.226000,0.000000,14.8415
3613,7.228000,0.000000,14.8417
3614,7.230000,0.000000,14.8420
3615,7.232000,0.000000,14.8422
3616,7.234000,0.000000,14.8424
3617,7.236000,0.000000,14.8427
3618,7.238000,0.000000,14.8429
3619,7.240000,0.000000,14.8431
3620,7.242000,0.000000,14.8433
3621,7.244000,0.000000,14.8436
3622,7.246000,0.000000,14.8438
3623,7.248000,0.000000,14.8440
3624,7.250000,0.000000,14.8442
3625,7.252000,0.000000,14.8444
3626,7.254000,0.000000,14.8446
3627,7.256000,0.000000,14.8448
3628,7.258000,0.000000,14.8450
3629,7.260000,0.000000,14.8452
3630,7.262000,0.000000,14.8454
3631,7.264000,0.000000,14.8456
3632,7.266000,0.000000,14.8458
3633,7.268000,0.000000,14.8459
3634,7.270000,0.000000,14.8461
3635,7.272000,0.000000,14.8463
3636,7.274000,0.000000,14.8465
3637,7.276000,0.000000,14.8466
3638,7.278000,0.000000,14.8468
3639,7.280000,0.000000,14.8470
3640,7.282000,0.000000,14.8471
3641,7.284000,0.000000,14.8473
3642,7.286000,0.000000,14.8474
3643,7.288000,0.000000,14.8476
3644,7.290000,0.000000,14.8477
3645,7.292000,0.000000,14.8479
3646,7.294000,0.000000,14.8480
3647,7.296000,0.000000,14.8481
3648,7.298000,0.000000,14.8483
3649,7.300000,0.000000,14.8484
3650,7.302000,0.000000,14.8485
3651,7.304000,0.000000,14.8486
3652,7.306000,0.000000,14.8488
3653,7.308000,0.000000,14.8489
3654,7.310000,0.000000,14.8490
3655,7.312000,0.000000,14.8491
3656,7.314000,0.000000,14.8492
3657,7.316000,0.000000,14.8493
3658,7.318000,0.000000,14.8494
3659,7.320000,0.000000,14.8495
3660,7.322000,0.000000,14.8496
3661,7.324000,0.000000,14.8497
3662,7.326000,0.000000,14.8498
3663,7.328000,0.000000,14.8498
3664,7.330000,0.000000,14.8499
3665,7.332000,0.000000,14.8500
3666,7.334000,0.000000,14.8501
3667,7.336000,0.000000,14.8501
3668,7.338000,0.000000,14.8502
3669,7.340000,0.000000,14.8503
3670,7.342000,0.000000,14.8503
3671,7.344000,0.000000,14.8504
3672,7.346000,0.000000,14.8504
3673,7.348000,0.000000,14.8505
3674,7.350000,0.000000,14.8505
3675,7.352000,0.000000,14.8506
3676,7.354000,0.000000,14.8506
3677,7.356000,0.000000,14.8507
3678,7.358000,0.000000,14.8507
3679,7.360000,0.000000,14.8507
3680,7.362000,0.000000,14.8508
3681,7.364000,0.000000,14.8508
3682,7.366000,0.000000,14.8508
3683,7.368000,0.000000,14.8508
3684,7.370000,0.000000,14.8508
3685,7.372000,0.000000,14.8509
3686,7.374000,0.000000,14.8509
3687,7.376000,0.000000,14.8509
3688,7.378000,0.000000,14.8509
3689,7.380000,0.000000,14.8509
3690,7.382000,0.000000,14.8509
3691,7.384000,0.000000,14.8509
3692,7.386000,0.000000,14.8508
3693,7.388000,0.000000,14.8508
3694,7.390000,0.000000,14.8508
3695,7.392000,0.000000,14.8508
3696,7.394000,0.000000,14.8508
3697,7.396000,0.000000,14.8507
3698,7.398000,0.000000,14.8507
3699,7.400000,0.000000,14.8507
3700,7.402000,0.000000,14.8506
3701,7.404000,0.000000,14.8506
3702,7.406000,0.000000,14.8506
3703,7.408000,0.000000,14.8505
3704,7.410000,0.000000,14.8505
3705,7.412000,0.000000,14.8504
3706,7.414000,0.000000,14.8503
3707,7.416000,0.000000,14.8503
3708,7.418000,0.000000,14.8502
3709,7.420000,0.000000,14.8502
3710,7.422000,0.000000,14.8501
3711,7.424000,0.000000,14.8500
3712,7.426000,0.000000,14.8499
3713,7.428000,0.000000,14.8499
3714,7.430000,0.000000,14.8498
3715,7.432000,0.000000,14.8497
3716,7.434000,0.000000,14.8496
3717,7.436000,0.000000,14.8495
3718,7.438000,0.000000,14.8494
3719,7.440000,0.000000,14.8493
3720,7.442000,0.000000,14.8492
3721,7.444000,0.000000,14.8491
3722,7.446000,0.000000,14.8490
3723,7.448000,0.000000,14.8489
3724,7.450000,0.000000,14.8488
3725,7.452000,0.000000,14.8487
3726,7.454000,0.000000,14.8485
3727,7.456000,0.000000,14.8484
3728,7.458000,0.000000,14.8483
3729,7.460000,0.000000,14.8482
3730,7.462000,0.000000,14.8480
3731,7.464000,0.000000,14.8479
3732,7.466000,0.000000,14.8477
3733,7.468000,0.000000,14.8476
3734,7.470000,0.000000,14.8474
3735,7.472000,0.000000,14.8473
3736,7.474000,0.000000,14.8471
3737,7.476000,0.000000,14.8470
3738,7.478000,0.000000,14.8468
3739,7.480000,0.000000,14.8467
3740,7.482000,0.000000,14.8465
3741,7.484000,0.000000,14.8463
3742,7.486000,0.000000,14.8462
3743,7.488000,0.000000,14.8460
3744,7.490000,0.000000,14.8458
3745,7.492000,0.000000,14.8456
3746,7.494000,0.000000,14.8454
3747,7.496000,0.000000,14.8452
3748,7.498000,0.000000,14.8450
3749,7.500000,0.000000,14.8448
3750,7.502000,0.000000,14.8446
3751,7.504000,0.000000,14.8444
3752,7.506000,0.000000,14.8442
3753,7.508000,0.000000,14.8440
3754,7.510000,0.000000,14.8438
3755,7.512000,0.000000,14.8436
3756,7.514000,0.000000,14.8434
3757,7.516000,0.000000,14.8432
3758,7.518000,0.000000,14.8429
3759,7.520000,0.000000,14.8427
3760,7.522000,0.000000,14.8425
3761,7.524000,0.000000,14.8422
3762,7.526000,0.000000,14.8420
3763,7.528000,0.000000,14.8418
3764,7.530000,0.000000,14.8415
3765,7.532000,0.000000,14.8413
3766,7.534000,0.000000,14.8410
3767,7.536000,0.000000,14.8408
3768,7.538000,0.000000,14.8405
3769,7.540000,0.000000,14.8403
3770,7.542000,0.000000,14.8400
3771,7.544000,0.000000,14.8397
3772,7.546000,0.000000,14.8394
3773,7.548000,0.000000,14.8392
3774,7.550000,0.000000,14.8389
3775,7.552000,0.000000,14.8386
3776,7.554000,0.000000,14.8383
3777,7.556000,0.000000,14.8381
3778,7.558000,0.000000,14.8378
3779,7.560000,0.000000,14.8375
3780,7.562000,0.000000,14.8372
3781,7.564000,0.000000,14.8369
3782,7.566000,0.000000,14.8366
3783,7.568000,0.000000,14.8363
3784,7.570000,0.000000,14.8360
3785,7.572000,0.000000,14.8356
3786,7.574000,0.000000,14.8353
3787,7.576000,0.000000,14.8350
3788,7.578000,0.000000,14.8347
3789,7.580000,0.000000,14.8344
3790,7.582000,0.000000,14.8340
3791,7.584000,0.000000,14.8337
3792,7.586000,0.000000,14.8334
3793,7.588000,0.000000,14.8330
3794,7.590000,0.000000,14.8327
3795,7.592000,0.000000,14.8323
3796,7.594000,0.000000,14.8320
3797,7.596000,0.000000,14.8316
3798,7.598000,0.000000,14.8313
3799,7.600000,0.000000,14.8309
3800,7.602000,0.000000,14.8306
3801,7.604000,0.000000,14.8302
3802,7.606000,0.000000,14.8298
3803,7.608000,0.000000,14.8295
3804,7.610000,0.000000,14.8291
3805,7.612000,0.000000,14.8287
3806,7.614000,0.000000,14.8283
3807,7.616000,0.000000,14.8280
3808,7.618000,0.000000,14.8276
3809,7.620000,0.000000,14.8272
3810,7.622000,0.000000,14.8268
3811,7.624000,0.000000,14.8264
3812,7.626000,0.000000,14.8260
3813,7.628000,0.000000,14.8256
3814,7.630000,0.000000,14.8252
3815,7.632000,0.000000,14.8248
3816,7.634000,0.000000,14.8244
3817,7.636000,0.000000,14.8240
3818,7.638000,0.000000,14.8235
3819,7.640000,0.000000,14.8231
3820,7.642000,0.000000,14.8227
3821,7.644000,0.000000,14.8223
3822,7.646000,0.000000,14.8218
3823,7.648000,0.000000,14.8214
3824,7.650000,0.000000,14.8210
3825,7.652000,0.000000,14.8205
3826,7.654000,0.000000,14.8201
3827,7.656000,0.000000,14.8196
3828,7.658000,0.000000,14.8192
3829,7.660000,0.000000,14.8187
3830,7.662000,0.000000,14.8183
3831,7.664000,0.000000,14.8178
3832,7.666000,0.000000,14.8174
3833,7.668000,0.000000,14.8169
3834,7.670000,0.000000,14.8164
3835,7.672000,0.000000,14.8160
3836,7.674000,0.000000,14.8155
3837,7.676000,0.000000,14.8150
3838,7.678000,0.000000,14.8145
3839,7.680000,0.000000,14.8140
3840,7.682000,0.000000,14.8136
3841,7.684000,0.000000,14.8131
3842,7.686000,0.000000,14.8126
3843,7.688000,0.000000,14.8121
3844,7.690000,0.000000,14.8116
3845,7.692000,0.000000,14.8111
3846,7.694000,0.000000,14.8106
3847,7.696000,0.000000,14.8101
3848,7.698000,0.000000,14.8095
3849,7.700000,0.000000,14.8090
3850,7.702000,0.000000,14.8085
3851,7.704000,0.000000,14.8080
3852,7.706000,0.000000,14.8075
3853,7.708000,0.000000,14.8069
3854,7.710000,0.000000,14.8064
3855,7.712000,0.000000,14.8059
3856,7.714000,0.000000,14.8053
3857,7.716000,0.000000,14.8048
3858,7.718000,0.000000,14.8042
3859,7.720000,0.000000,14.8037
3860,7.722000,0.000000,14.8031
3861,7.724000,0.000000,14.8026
3862,7.726000,0.000000,14.8020
3863,7.728000,0.000000,14.8015
3864,7.730000,0.000000,14.8009
3865,7.732000,0.000000,14.8003
3866,7.734000,0.000000,14.7998
3867,7.736000,0.000000,14.7992
3868,7.738000,0.000000,14.7986
3869,7.740000,0.000000,14.7981
3870,7.742000,0.000000,14.7975
3871,7.744000,0.000000,14.7969
3872,7.746000,0.000000,14.7963
3873,7.748000,0.000000,14.7957
3874,7.750000,0.000000,14.7951
3875,7.752000,0.000000,14.7945
3876,7.754000,0.000000,14.7939
3877,7.756000,0.000000,14.7933
3878,7.758000,0.000000,14.7927
3879,7.760000,0.000000,14.7921
3880,7.762000,0.000000,14.7915
3881,7.764000,0.000000,14.7909
3882,7.766000,0.000000,14.7903
3883,7.768000,0.000000,14.7896
3884,7.770000,0.000000,14.7890
3885,7.772000,0.000000,14.7884
3886,7.774000,0.000000,14.7878
3887,7.776000,0.000000,14.7871
3888,7.778000,0.000000,14.7865
3889,7.780000,0.000000,14.7858
3890,7.782000,0.000000,14.7852
3891,7.784000,0.000000,14.7846
3892,7.786000,0.000000,14.7839
3893,7.788000,0.000000,14.7833
3894,7.790000,0.000000,14.7826
3895,7.792000,0.000000,14.7819
3896,7.794000,0.000000,14.7813
3897,7.796000,0.000000,14.7806
3898,7.798000,0.000000,14.7799
3899,7.800000,0.000000,14.7793
3900,7.802000,0.000000,14.7786
3901,7.804000,0.000000,14.7779
3902,7.806000,0.000000,14.7772
3903,7.808000,0.000000,14.7766
3904,7.810000,0.000000,14.7759
3905,7.812000,0.000000,14.7752
3906,7.814000,0.000000,14.7745
3907,7.816000,0.000000,14.7738
3908,7.818000,0.000000,14.7731
3909,7.820000,0.000000,14.7724
3910,7.822000,0.000000,14.7717
3911,7.824000,0.000000,14.7710
3912,7.826000,0.000000,14.7703
3913,7.828000,0.000000,14.7696
3914,7.830000,0.000000,14.7689
3915,7.832000,0.000000,14.7681
3916,7.834000,0.000000,14.7674
3917,7.836000,0.000000,14.7667
3918,7.838000,0.000000,14.7660
3919,7.840000,0.000000,14.7652
3920,7.842000,0.000000,14.7645
3921,7.844000,0.000000,14.7638
3922,7.846000,0.000000,14.7630
3923,7.848000,0.000000,14.7623
3924,7.850000,0.000000,14.7615
3925,7.852000,0.000000,14.7608
3926,7.854000,0.000000,14.7600
3927,7.856000,0.000000,14.7593
3928,7.858000,0.000000,14.7585
3929,7.860000,0.000000,14.7578
3930,7.862000,0.000000,14.7570
3931,7.864000,0.000000,14.7563
3932,7.866000,0.000000,14.7555
3933,7.868000,0.000000,14.7547
3934,7.870000,0.000000,14.7539
3935,7.872000,0.000000,14.7532
3936,7.874000,0.000000,14.7524
3937,7.876000,0.000000,14.7516
3938,7.878000,0.000000,14.7508
3939,7.880000,0.000000,14.7500
3940,7.882000,0.000000,14.7492
3941,7.884000,0.000000,14.7484
3942,7.886000,0.000000,14.7476
3943,7.888000,0.000000,14.7468
3944,7.890000,0.000000,14.7460
3945,7.892000,0.000000,14.7452
3946,7.894000,0.000000,14.7444
3947,7.896000,0.000000,14.7436
3948,7.898000,0.000000,14.7428
3949,7.900000,0.000000,14.7420
3950,7.902000,0.000000,14.7412
3951,7.904000,0.000000,14.7403
3952,7.906000,0.000000,14.7395
3953,7.908000,0.000000,14.7387
3954,7.910000,0.000000,14.7379
3955,7.912000,0.000000,14.7370
3956,7.914000,0.000000,14.7362
3957,7.916000,0.000000,14.7353
3958,7.918000,0.000000,14.7345
3959,7.920000,0.000000,14.7337
3960,7.922000,0.000000,14.7328
3961,7.924000,0.000000,14.7320
3962,7.926000,0.000000,14.7311
3963,7.928000,0.000000,14.7302
3964,7.930000,0.000000,14.7294
3965,7.932000,0.000000,14.7285
3966,7.934000,0.000000,14.7277
3967,7.936000,0.000000,14.7268
3968,7.938000,0.000000,14.7259
3969,7.940000,0.000000,14.7250
3970,7.942000,0.000000,14.7242
3971,7.944000,0.000000,14.7233
3972,7.946000,0.000000,14.7224
3973,7.948000,0.000000,14.7215
3974,7.950000,0.000000,14.7206
3975,7.952000,0.000000,14.7198
3976,7.954000,0.000000,14.7189
3977,7.956000,0.000000,14.7180
3978,7.958000,0.000000,14.7171
3979,7.960000,0.000000,14.7162
3980,7.962000,0.000000,14.7153
3981,7.964000,0.000000,14.7144
3982,7.966000,0.000000,14.7135
3983,7.968000,0.000000,14.7125
3984,7.970000,0.000000,14.7116
3985,7.972000,0.000000,14.7107
3986,7.974000,0.000000,14.7098
3987,7.976000,0.000000,14.7089
3988,7.978000,0.000000,14.7079
3989,7.980000,0.000000,14.7070
3990,7.982000,0.000000,14.7061
3991,7.984000,0.000000,14.7052
3992,7.986000,0.000000,14.7042
3993,7.988000,0.000000,14.7033
3994,7.990000,0.000000,14.7023
3995,7.992000,0.000000,14.7014
3996,7.994000,0.000000,14.7005
3997,7.996000,0.000000,14.6995
3998,7.998000,0.000000,14.6986
3999,8.000000,0.000000,14.6976
4000,8.002000,0.000000,14.6967
4001,8.004000,0.000000,14.6957
4002,8.006000,0.000000,14.6947
4003,8.008000,0.000000,14.6938
4004,8.010000,0.000000,14.6928
4005,8.012000,0.000000,14.6918
4006,8.014000,0.000000,14.6909
4007,8.016000,0.000000,14.6899
4008,8.018000,0.000000,14.6889
4009,8.020000,0.000000,14.6879
4010,8.022000,0.000000,14.6870
4011,8.024000,0.000000,14.6860
4012,8.026000,0.000000,14.6850
4013,8.028000,0.000000,14.6840
4014,8.030000,0.000000,14.6830
4015,8.032000,0.000000,14.6820
4016,8.034000,0.000000,14.6810
4017,8.036000,0.000000,14.6800
4018,8.038000,0.000000,14.6790
4019,8.040000,0.000000,14.6780
4020,8.042000,0.000000,14.6770
4021,8.044000,0.000000,14.6760
4022,8.046000,0.000000,14.6750
4023,8.048000,0.000000,14.6740
4024,8.050000,0.000000,14.6730
4025,8.052000,0.000000,14.6720
4026,8.054000,0.000000,14.6709
4027,8.056000,0.000000,14.6699
4028,8.058000,0.000000,14.6689
4029,8.060000,0.000000,14.6679
4030,8.062000,0.000000,14.6668
4031,8.064000,0.000000,14.6658
4032,8.066000,0.000000,14.6648
4033,8.068000,0.000000,14.6637
4034,8.070000,0.000000,14.6627
4035,8.072000,0.000000,14.6617
4036,8.074000,0.000000,14.6606
4037,8.076000,0.000000,14.6596
4038,8.078000,0.000000,14.6585
4039,8.080000,0.000000,14.6575
4040,8.082000,0.000000,14.6564
4041,8.084000,0.000000,14.6554
4042,8.086000,0.000000,14.6543
4043,8.088000,0.000000,14.6533
4044,8.090000,0.000000,14.6522
4045,8.092000,0.000000,14.6511
4046,8.094000,0.000000,14.6501
4047,8.096000,0.000000,14.6490
4048,8.098000,0.000000,14.6479
4049,8.100000,0.000000,14.6469
4050,8.102000,0.000000,14.6458
4051,8.104000,0.000000,14.6447
4052,8.106000,0.000000,14.6436
4053,8.108000,0.000000,14.6426
4054,8.110000,0.000000,14.6415
4055,8.112000,0.000000,14.6404
4056,8.114000,0.000000,14.6393
4057,8.116000,0.000000,14.6382
4058,8.118000,0.000000,14.6371
4059,8.120000,0.000000,14.6360
4060,8.122000,0.000000,14.6349
4061,8.124000,0.000000,14.6338
4062,8.126000,0.000000,14.6327
4063,8.128000,0.000000,14.6316
4064,8.130000,0.000000,14.6305
4065,8.132000,0.000000,14.6294
4066,8.134000,0.000000,14.6283
4067,8.136000,0.000000,14.6272
4068,8.138000,0.000000,14.6261
4069,8.140000,0.000000,14.6250
4070,8.142000,0.000000,14.6239
4071,8.144000,0.000000,14.6228
4072,8.146000,0.000000,14.6216
4073,8.148000,0.000000,14.6205
4074,8.150000,0.000000,14.6194
4075,8.152000,0.000000,14.6183
4076,8.154000,0.000000,14.6171
4077,8.156000,0.000000,14.6160
4078,8.158000,0.000000,14.6149
4079,8.160000,0.000000,14.6138
4080,8.162000,0.000000,14.6126
4081,8.164000,0.000000,14.6115
4082,8.166000,0.000000,14.6103
4083,8.168000,0.000000,14.6092
4084,8.170000,0.000000,14.6081
4085,8.172000,0.000000,14.6069
4086,8.174000,0.000000,14.6058
4087,8.176000,0.000000,14.6046
4088,8.178000,0.000000,14.6035
4089,8.180000,0.000000,14.6023
4090,8.182000,0.000000,14.6012
4091,8.184000,0.000000,14.6000
4092,8.186000,0.000000,14.5989
4093,8.188000,0.000000,14.5977
4094,8.190000,0.000000,14.5965
4095,8.192000,0.000000,14.5954
4096,8.194000,0.000000,14.5942
4097,8.196000,0.000000,14.5931
4098,8.198000,0.000000,14.5919
4099,8.200000,0.000000,14.5907
4100,8.202000,0.000000,14.5896
4101,8.204000,0.000000,14.5884
4102,8.206000,0.000000,14.5872
4103,8.208000,0.000000,14.5860
4104,8.210000,0.000000,14.5849
4105,8.212000,0.000000,14.5837
4106,8.214000,0.000000,14.5825
4107,8.216000,0.000000,14.5813
4108,8.218000,0.000000,14.5801
4109,8.220000,0.000000,14.5789
4110,8.222000,0.000000,14.5778
4111,8.224000,0.000000,14.5766
4112,8.226000,0.000000,14.5754
4113,8.228000,0.000000,14.5742
4114,8.230000,0.000000,14.5730
4115,8.232000,0.000000,14.5718
4116,8.234000,0.000000,14.5706
4117,8.236000,0.000000,14.5694
4118,8.238000,0.000000,14.5682
4119,8.240000,0.000000,14.5670
4120,8.242000,0.000000,14.5658
4121,8.244000,0.000000,14.5646
4122,8.246000,0.000000,14.5634
4123,8.248000,0.000000,14.5622
4124,8.250000,0.000000,14.5610
4125,8.252000,0.000000,14.5598
4126,8.254000,0.000000,14.5586
4127,8.256000,0.000000,14.5574
4128,8.258000,0.000000,14.5562
4129,8.260000,0.000000,14.5549
4130,8.262000,0.000000,14.5537
4131,8.264000,0.000000,14.5525
4132,8.266000,0.000000,14.5513
4133,8.268000,0.000000,14.5501
4134,8.270000,0.000000,14.5489
4135,8.272000,0.000000,14.5476
4136,8.274000,0.000000,14.5464
4137,8.276000,0.000000,14.5452
4138,8.278000,0.000000,14.5440
4139,8.280000,0.000000,14.5427
4140,8.282000,0.000000,14.5415
4141,8.284000,0.000000,14.5403
4142,8.286000,0.000000,14.5390
4143,8.288000,0.000000,14.5378
4144,8.290000,0.000000,14.5366
4145,8.292000,0.000000,14.5353
4146,8.294000,0.000000,14.5341
4147,8.296000,0.000000,14.5329
4148,8.298000,0.000000,14.5316
4149,8.300000,0.000000,14.5304
4150,8.302000,0.000000,14.5292
4151,8.304000,0.000000,14.5279
4152,8.306000,0.000000,14.5267
4153,8.308000,0.000000,14.5254
4154,8.310000,0.000000,14.5242
4155,8.312000,0.000000,14.5229
4156,8.314000,0.000000,14.5217
4157,8.316000,0.000000,14.5205
4158,8.318000,0.000000,14.5192
4159,8.320000,0.000000,14.5180
4160,8.322000,0.000000,14.5167
4161,8.324000,0.000000,14.5155
4162,8.326000,0.000000,14.5142
4163,8.328000,0.000000,14.5130
4164,8.330000,0.000000,14.5117
4165,8.332000,0.000000,14.5104
4166,8.334000,0.000000,14.5092
4167,8.336000,0.000000,14.5079
4168,8.338000,0.000000,14.5067
4169,8.340000,0.000000,14.5054
4170,8.342000,0.000000,14.5042
4171,8.344000,0.000000,14.5029
4172,8.346000,0.000000,14.5016
4173,8.348000,0.000000,14.5004
4174,8.350000,0.000000,14.4991
4175,8.352000,0.000000,14.4979
4176,8.354000,0.000000,14.4966
4177,8.356000,0.000000,14.4953
4178,8.358000,0.000000,14.4941
4179,8.360000,0.000000,14.4928
4180,8.362000,0.000000,14.4915
4181,8.364000,0.000000,14.4903
4182,8.366000,0.000000,14.4890
4183,8.368000,0.000000,14.4877
4184,8.370000,0.000000,14.4865
4185,8.372000,0.000000,14.4852
4186,8.374000,0.000000,14.4839
4187,8.376000,0.000000,14.4827
4188,8.378000,0.000000,14.4814
4189,8.380000,0.000000,14.4801
4190,8.382000,0.000000,14.4788
4191,8.384000,0.000000,14.4776
4192,8.386000,0.000000,14.4763
4193,8.388000,0.000000,14.4750
4194,8.390000,0.000000,14.4737
4195,8.392000,0.000000,14.4725
4196,8.394000,0.000000,14.4712
4197,8.396000,0.000000,14.4699
4198,8.398000,0.000000,14.4686
4199,8.400000,0.000000,14.4674
4200,8.402000,0.000000,14.4661
4201,8.404000,0.000000,14.4648
4202,8.406000,0.000000,14.4635
4203,8.408000,0.000000,14.4623
4204,8.410000,0.000000,14.4610
4205,8.412000,0.000000,14.4597
4206,8.414000,0.000000,14.4584
4207,8.416000,0.000000,14.4571
4208,8.418000,0.000000,14.4559
4209,8.420000,0.000000,14.4546
4210,8.422000,0.000000,14.4533
4211,8.424000,0.000000,14.4520
4212,8.426000,0.000000,14.4507
4213,8.428000,0.000000,14.4495
4214,8.430000,0.000000,14.4482
4215,8.432000,0.000000,14.4469
4216,8.434000,0.000000,14.4456
4217,8.436000,0.000000,14.4443
4218,8.438000,0.000000,14.4430
4219,8.440000,0.000000,14.4418
4220,8.442000,0.000000,14.4405
4221,8.444000,0.000000,14.4392
4222,8.446000,0.000000,14.4379
4223,8.448000,0.000000,14.4366
4224,8.450000,0.000000,14.4354
4225,8.452000,0.000000,14.4341
4226,8.454000,0.000000,14.4328
4227,8.456000,0.000000,14.4315
4228,8.458000,0.000000,14.4302
4229,8.460000,0.000000,14.4289
4230,8.462000,0.000000,14.4277
4231,8.464000,0.000000,14.4264
4232,8.466000,0.000000,14.4251
4233,8.468000,0.000000,14.4238
4234,8.470000,0.000000,14.4225
4235,8.472000,0.000000,14.4212
4236,8.474000,0.000000,14.4200
4237,8.476000,0.000000,14.4187
4238,8.478000,0.000000,14.4174
4239,8.480000,0.000000,14.4161
4240,8.482000,0.000000,14.4148
4241,8.484000,0.000000,14.4135
4242,8.486000,0.000000,14.4123
4243,8.488000,0.000000,14.4110
4244,8.490000,0.000000,14.4097
4245,8.492000,0.000000,14.4084
4246,8.494000,0.000000,14.4071
4247,8.496000,0.000000,14.4058
4248,8.498000,0.000000,14.4046
4249,8.500000,0.000000,14.4033
4250,8.502000,0.000000,14.4020
4251,8.504000,0.000000,14.4007
4252,8.506000,0.000000,14.3994
4253,8.508000,0.000000,14.3982
4254,8.510000,0.000000,14.3969
4255,8.512000,0.000000,14.3956
4256,8.514000,0.000000,14.3943
4257,8.516000,0.000000,14.3930
4258,8.518000,0.000000,14.3918
4259,8.520000,0.000000,14.3905
4260,8.522000,0.000000,14.3892
4261,8.524000,0.000000,14.3879
4262,8.526000,0.000000,14.3867
4263,8.528000,0.000000,14.3854
4264,8.530000,0.000000,14.3841
4265,8.532000,0.000000,14.3828
4266,8.534000,0.000000,14.3816
4267,8.536000,0.000000,14.3803
4268,8.538000,0.000000,14.3790
4269,8.540000,0.000000,14.3777
4270,8.542000,0.000000,14.3765
4271,8.544000,0.000000,14.3752
4272,8.546000,0.000000,14.3739
4273,8.548000,0.000000,14.3727
4274,8.550000,0.000000,14.3714
4275,8.552000,0.000000,14.3701
4276,8.554000,0.000000,14.3688
4277,8.556000,0.000000,14.3676
4278,8.558000,0.000000,14.3663
4279,8.560000,0.000000,14.3650
4280,8.562000,0.000000,14.3638
4281,8.564000,0.000000,14.3625
4282,8.566000,0.000000,14.3612
4283,8.568000,0.000000,14.3600
4284,8.570000,0.000000,14.3587
4285,8.572000,0.000000,14.3575
4286,8.574000,0.000000,14.3562
4287,8.576000,0.000000,14.3549
4288,8.578000,0.000000,14.3537
4289,8.580000,0.000000,14.3524
4290,8.582000,0.000000,14.3512
4291,8.584000,0.000000,14.3499
4292,8.586000,0.000000,14.3486
4293,8.588000,0.000000,14.3474
4294,8.590000,0.000000,14.3461
4295,8.592000,0.000000,14.3449
4296,8.594000,0.000000,14.3436
4297,8.596000,0.000000,14.3424
4298,8.598000,0.000000,14.3411
4299,8.600000,0.000000,14.3399
4300,8.602000,0.000000,14.3386
4301,8.604000,0.000000,14.3374
4302,8.606000,0.000000,14.3361
4303,8.608000,0.000000,14.3349
4304,8.610000,0.000000,14.3336
4305,8.612000,0.000000,14.3324
4306,8.614000,0.000000,14.3311
4307,8.616000,0.000000,14.3299
4308,8.618000,0.000000,14.3287
4309,8.620000,0.000000,14.3274
4310,8.622000,0.000000,14.3262
4311,8.624000,0.000000,14.3249
4312,8.626000,0.000000,14.3237
4313,8.628000,0.000000,14.3225
4314,8.630000,0.000000,14.3212
4315,8.632000,0.000000,14.3200
4316,8.634000,0.000000,14.3188
4317,8.636000,0.000000,14.3175
4318,8.638000,0.000000,14.3163
4319,8.640000,0.000000,14.3151
4320,8.642000,0.000000,14.3139
4321,8.644000,0.000000,14.3126
4322,8.646000,0.000000,14.3114
4323,8.648000,0.000000,14.3102
4324,8.650000,0.000000,14.3090
4325,8.652000,0.000000,14.3077
4326,8.654000,0.000000,14.3065
4327,8.656000,0.000000,14.3053
4328,8.658000,0.000000,14.3041
4329,8.660000,0.000000,14.3029
4330,8.662000,0.000000,14.3017
4331,8.664000,0.000000,14.3004
4332,8.666000,0.000000,14.2992
4333,8.668000,0.000000,14.2980
4334,8.670000,0.000000,14.2968
4335,8.672000,0.000000,14.2956
4336,8.674000,0.000000,14.2944
4337,8.676000,0.000000,14.2932
4338,8.678000,0.000000,14.2920
4339,8.680000,0.000000,14.2908
4340,8.682000,0.000000,14.2896
4341,8.684000,0.000000,14.2884
4342,8.686000,0.000000,14.2872
4343,8.688000,0.000000,14.2860
4344,8.690000,0.000000,14.2848
4345,8.692000,0.000000,14.2836
4346,8.694000,0.000000,14.2824
4347,8.696000,0.000000,14.2812
4348,8.698000,0.000000,14.2800
4349,8.700000,0.000000,14.2789
4350,8.702000,0.000000,14.2777
4351,8.704000,0.000000,14.2765
4352,8.706000,0.000000,14.2753
4353,8.708000,0.000000,14.2741
4354,8.710000,0.000000,14.2730
4355,8.712000,0.000000,14.2718
4356,8.714000,0.000000,14.2706
4357,8.716000,0.000000,14.2694
4358,8.718000,0.000000,14.2683
4359,8.720000,0.000000,14.2671
4360,8.722000,0.000000,14.2659
4361,8.724000,0.000000,14.2648
4362,8.726000,0.000000,14.2636
4363,8.728000,0.000000,14.2624
4364,8.730000,0.000000,14.2613
4365,8.732000,0.000000,14.2601
4366,8.734000,0.000000,14.2590
4367,8.736000,0.000000,14.2578
4368,8.738000,0.000000,14.2566
4369,8.740000,0.000000,14.2555
4370,8.742000,0.000000,14.2543
4371,8.744000,0.000000,14.2532
4372,8.746000,0.000000,14.2520
4373,8.748000,0.000000,14.2509
4374,8.750000,0.000000,14.2498
4375,8.752000,0.000000,14.2486
4376,8.754000,0.000000,14.2475
4377,8.756000,0.000000,14.2463
4378,8.758000,0.000000,14.2452
4379,8.760000,0.000000,14.2441
4380,8.762000,0.000000,14.2430
4381,8.764000,0.000000,14.2418
4382,8.766000,0.000000,14.2407
4383,8.768000,0.000000,14.2396
4384,8.770000,0.000000,14.2385
4385,8.772000,0.000000,14.2373
4386,8.774000,0.000000,14.2362
4387,8.776000,0.000000,14.2351
4388,8.778000,0.000000,14.2340
4389,8.780000,0.000000,14.2329
4390,8.782000,0.000000,14.2318
4391,8.784000,0.000000,14.2307
4392,8.786000,0.000000,14.2295
4393,8.788000,0.000000,14.2284
4394,8.790000,0.000000,14.2273
4395,8.792000,0.000000,14.2262
4396,8.794000,0.000000,14.2251
4397,8.796000,0.000000,14.2240
4398,8.798000,0.000000,14.2230
4399,8.800000,0.000000,14.2219
4400,8.802000,0.000000,14.2208
4401,8.804000,0.000000,14.2197
4402,8.806000,0.000000,14.2186
4403,8.808000,0.000000,14.2175
4404,8.810000,0.000000,14.2164
4405,8.812000,0.000000,14.2154
4406,8.814000,0.000000,14.2143
4407,8.816000,0.000000,14.2132
4408,8.818000,0.000000,14.2121
4409,8.820000,0.000000,14.2111
4410,8.822000,0.000000,14.2100
4411,8.824000,0.000000,14.2090
4412,8.826000,0.000000,14.2079
4413,8.828000,0.000000,14.2068
4414,8.830000,0.000000,14.2058
4415,8.832000,0.000000,14.2047
4416,8.834000,0.000000,14.2037
4417,8.836000,0.000000,14.2026
4418,8.838000,0.000000,14.2016
4419,8.840000,0.000000,14.2005
4420,8.842000,0.000000,14.1995
4421,8.844000,0.000000,14.1984
4422,8.846000,0.000000,14.1974
4423,8.848000,0.000000,14.1964
4424,8.850000,0.000000,14.1953
4425,8.852000,0.000000,14.1943
4426,8.854000,0.000000,14.1933
4427,8.856000,0.000000,14.1923
4428,8.858000,0.000000,14.1912
4429,8.860000,0.000000,14.1902
4430,8.862000,0.000000,14.1892
4431,8.864000,0.000000,14.1882
4432,8.866000,0.000000,14.1872
4433,8.868000,0.000000,14.1862
4434,8.870000,0.000000,14.1851
4435,8.872000,0.000000,14.1841
4436,8.874000,0.000000,14.1831
4437,8.876000,0.000000,14.1821
4438,8.878000,0.000000,14.1811
4439,8.880000,0.000000,14.1801
4440,8.882000,0.000000,14.1792
4441,8.884000,0.000000,14.1782
4442,8.886000,0.000000,14.1772
4443,8.888000,0.000000,14.1762
4444,8.890000,0.000000,14.1752
4445,8.892000,0.000000,14.1742
4446,8.894000,0.000000,14.1733
4447,8.896000,0.000000,14.1723
4448,8.898000,0.000000,14.1713
4449,8.900000,0.000000,14.1703
4450,8.902000,0.000000,14.1694
4451,8.904000,0.000000,14.1684
4452,8.906000,0.000000,14.1675
4453,8.908000,0.000000,14.1665
4454,8.910000,0.000000,14.1655
4455,8.912000,0.000000,14.1646
4456,8.914000,0.000000,14.1636
4457,8.916000,0.000000,14.1627
4458,8.918000,0.000000,14.1618
4459,8.920000,0.000000,14.1608
4460,8.922000,0.000000,14.1599
4461,8.924000,0.000000,14.1589
4462,8.926000,0.000000,14.1580
4463,8.928000,0.000000,14.1571
4464,8.930000,0.000000,14.1561
4465,8.932000,0.000000,14.1552
4466,8.934000,0.000000,14.1543
4467,8.936000,0.000000,14.1534
4468,8.938000,0.000000,14.1525
4469,8.940000,0.000000,14.1516
4470,8.942000,0.000000,14.1506
4471,8.944000,0.000000,14.1497
4472,8.946000,0.000000,14.1488
4473,8.948000,0.000000,14.1479
4474,8.950000,0.000000,14.1470
4475,8.952000,0.000000,14.1461
4476,8.954000,0.000000,14.1452
4477,8.956000,0.000000,14.1444
4478,8.958000,0.000000,14.1435
4479,8.960000,0.000000,14.1426
4480,8.962000,0.000000,14.1417
4481,8.964000,0.000000,14.1408
4482,8.966000,0.000000,14.1399
4483,8.968000,0.000000,14.1391
4484,8.970000,0.000000,14.1382
4485,8.972000,0.000000,14.1373
4486,8.974000,0.000000,14.1365
4487,8.976000,0.000000,14.1356
4488,8.978000,0.000000,14.1348
4489,8.980000,0.000000,14.1339
4490,8.982000,0.000000,14.1331
4491,8.984000,0.000000,14.1322
4492,8.986000,0.000000,14.1314
4493,8.988000,0.000000,14.1305
4494,8.990000,0.000000,14.1297
4495,8.992000,0.000000,14.1288
4496,8.994000,0.000000,14.1280
4497,8.996000,0.000000,14.1272
4498,8.998000,0.000000,14.1263
4499,9.000000,0.000000,14.1255
4500,9.002000,0.000000,14.1247
4501,9.004000,0.000000,14.1239
4502,9.006000,0.000000,14.1231
4503,9.008000,0.000000,14.1223
4504,9.010000,0.000000,14.1215
4505,9.012000,0.000000,14.1206
4506,9.014000,0.000000,14.1198
4507,9.016000,0.000000,14.1190
4508,9.018000,0.000000,14.1183
4509,9.020000,0.000000,14.1175
4510,9.022000,0.000000,14.1167
4511,9.024000,0.000000,14.1159
4512,9.026000,0.000000,14.1151
4513,9.028000,0.000000,14.1143
4514,9.030000,0.000000,14.1135
4515,9.032000,0.000000,14.1128
4516,9.034000,0.000000,14.1120
4517,9.036000,0.000000,14.1112
4518,9.038000,0.000000,14.1105
4519,9.040000,0.000000,14.1097
4520,9.042000,0.000000,14.1089
4521,9.044000,0.000000,14.1082
4522,9.046000,0.000000,14.1074
4523,9.048000,0.000000,14.1067
4524,9.050000,0.000000,14.1060
4525,9.052000,0.000000,14.1052
4526,9.054000,0.000000,14.1045
4527,9.056000,0.000000,14.1037
4528,9.058000,0.000000,14.1030
4529,9.060000,0.000000,14.1023
4530,9.062000,0.000000,14.1016
4531,9.064000,0.000000,14.1008
4532,9.066000,0.000000,14.1001
4533,9.068000,0.000000,14.0994
4534,9.070000,0.000000,14.0987
4535,9.072000,0.000000,14.0980
4536,9.074000,0.000000,14.0973
4537,9.076000,0.000000,14.0966
4538,9.078000,0.000000,14.0959
4539,9.080000,0.000000,14.0952
4540,9.082000,0.000000,14.0945
4541,9.084000,0.000000,14.0938
4542,9.086000,0.000000,14.0931
4543,9.088000,0.000000,14.0924
4544,9.090000,0.000000,14.0917
4545,9.092000,0.000000,14.0911
4546,9.094000,0.000000,14.0904
4547,9.096000,0.000000,14.0897
4548,9.098000,0.000000,14.0891
4549,9.100000,0.000000,14.0884
4550,9.102000,0.000000,14.0878
4551,9.104000,0.000000,14.0871
4552,9.106000,0.000000,14.0864
4553,9.108000,0.000000,14.0858
4554,9.110000,0.000000,14.0852
4555,9.112000,0.000000,14.0845
4556,9.114000,0.000000,14.0839
4557,9.116000,0.000000,14.0832
4558,9.118000,0.000000,14.0826
4559,9.120000,0.000000,14.0820
4560,9.122000,0.000000,14.0814
4561,9.124000,0.000000,14.0807
4562,9.126000,0.000000,14.0801
4563,9.128000,0.000000,14.0795
4564,9.130000,0.000000,14.0789
4565,9.132000,0.000000,14.0783
4566,9.134000,0.000000,14.0777
4567,9.136000,0.000000,14.0771
4568,9.138000,0.000000,14.0765
4569,9.140000,0.000000,14.0759
4570,9.142000,0.000000,14.0753
4571,9.144000,0.000000,14.0747
4572,9.146000,0.000000,14.0741
4573,9.148000,0.000000,14.0736
4574,9.150000,0.000000,14.0730
4575,9.152000,0.000000,14.0724
4576,9.154000,0.000000,14.0718
4577,9.156000,0.000000,14.0713
4578,9.158000,0.000000,14.0707
4579,9.160000,0.000000,14.0702
4580,9.162000,0.000000,14.0696
4581,9.164000,0.000000,14.0691
4582,9.166000,0.000000,14.0685
4583,9.168000,0.000000,14.0680
4584,9.170000,0.000000,14.0674
4585,9.172000,0.000000,14.0669
4586,9.174000,0.000000,14.0664
4587,9.176000,0.000000,14.0658
4588,9.178000,0.000000,14.0653
4589,9.180000,0.000000,14.0648
4590,9.182000,0.000000,14.0643
4591,9.184000,0.000000,14.0638
4592,9.186000,0.000000,14.0632
4593,9.188000,0.000000,14.0627
4594,9.190000,0.000000,14.0622
4595,9.192000,0.000000,14.0617
4596,9.194000,0.000000,14.0612
4597,9.196000,0.000000,14.0607
4598,9.198000,0.000000,14.0602
4599,9.200000,0.000000,14.0598
4600,9.202000,0.000000,14.0593
4601,9.204000,0.000000,14.0588
4602,9.206000,0.000000,14.0583
4603,9.208000,0.000000,14.0579
4604,9.210000,0.000000,14.0574
4605,9.212000,0.000000,14.0569
4606,9.214000,0.321547,14.0413
4607,9.216000,0.734378,14.0184
4608,9.218000,1.329354,13.9941
4609,9.220000,2.074549,13.9701
4610,9.222000,2.946849,13.9413
4611,9.224000,3.926393,13.9014
4612,9.226000,4.989212,13.8486
4613,9.228000,6.092655,13.7883
4614,9.230000,7.163641,13.7336
4615,9.232000,8.139045,13.6938
4616,9.234000,8.998711,13.6661
4617,9.236000,9.767207,13.6396
4618,9.238000,10.470229,13.6068
4619,9.240000,11.094898,13.5728
4620,9.242000,11.615631,13.5482
4621,9.244000,12.033895,13.5367
4622,9.246000,12.381086,13.5335
4623,9.248000,12.711262,13.5294
4624,9.250000,13.071042,13.5186
4625,9.252000,13.477484,13.5024
4626,9.254000,13.926634,13.4862
4627,9.256000,14.412552,13.4736
4628,9.258000,14.940460,13.4634
4629,9.260000,15.532845,13.4507
4630,9.262000,16.215061,13.4307
4631,9.264000,17.213057,13.3937
4632,9.266000,18.358909,13.3531
4633,9.268000,19.645599,13.3190
4634,9.270000,21.076798,13.2874
4635,9.272000,22.771429,13.2390
4636,9.274000,24.830850,13.1621
4637,9.276000,27.164952,13.0736
4638,9.278000,29.556904,13.0026
4639,9.280000,31.985943,12.9460
4640,9.282000,34.708548,12.8687
4641,9.284000,37.946551,12.7479
4642,9.286000,41.422350,12.6222
4643,9.288000,44.635605,12.5450
4644,9.290000,47.829491,12.4808
4645,9.292000,51.657096,12.3582
4646,9.294000,56.186901,12.1805
4647,9.296000,60.208308,12.0751
4648,9.298000,63.590504,12.0395
4649,9.300000,67.790447,11.9261
4650,9.302000,73.463419,11.6860
4651,9.304000,78.064793,11.5712
4652,9.306000,81.050520,11.6015
4653,9.308000,85.745492,11.4726
4654,9.310000,92.887612,11.1402
4655,9.312000,97.205161,11.0867
4656,9.314000,99.197514,11.2118
4657,9.316000,105.480629,10.9665
4658,9.318000,113.601923,10.5949
4659,9.320000,115.575670,10.7401
4660,9.322000,117.525212,10.8577
4661,9.324000,127.145982,10.3533
4662,9.326000,135.112981,10.0700
4663,9.328000,133.745913,10.4698
4664,9.330000,134.409572,10.6392
4665,9.332000,144.524022,10.0625
4666,9.334000,153.273202,9.7107
4667,9.336000,159.041317,9.6924
4668,9.338000,156.596180,10.1439
4669,9.340000,161.865630,9.9882
4670,9.342000,171.720659,9.5145
4671,9.344000,181.002937,9.2217
4672,9.346000,175.253836,9.8493
4673,9.348000,186.240806,9.3759
4674,9.350000,195.864106,9.0436
4675,9.352000,189.425632,9.6671
4676,9.354000,201.318885,9.1465
4677,9.356000,211.277956,8.8202
4678,9.358000,206.068283,9.3832
4679,9.360000,218.302825,8.8921
4680,9.362000,228.745059,8.5812
4681,9.364000,217.601285,9.4047
4682,9.366000,230.803041,8.8166
4683,9.368000,241.596353,8.4569
4684,9.370000,252.984780,8.2311
4685,9.372000,241.731666,9.0813
4686,9.374000,255.526685,8.5214
4687,9.376000,266.845749,8.1763
4688,9.378000,267.019850,8.4743
4689,9.380000,274.908645,8.3329
4690,9.382000,286.666696,8.0104
4691,9.384000,275.925449,8.7156
4692,9.386000,290.049517,8.1577
4693,9.388000,301.945261,7.8248
4694,9.390000,314.505702,7.6201
4695,9.392000,287.547224,8.9781
4696,9.394000,303.127195,8.2563
4697,9.396000,314.947516,7.8446
4698,9.398000,327.839620,7.6105
4699,9.400000,341.114225,7.4630
4700,9.402000,308.757276,8.9571
4701,9.404000,324.793521,8.2224
4702,9.406000,336.656223,7.8131
4703,9.408000,349.719545,7.5895
4704,9.410000,363.152803,7.4574
4705,9.412000,371.079990,7.5534
4706,9.414000,328.918298,9.1791
4707,9.416000,344.777000,8.3693
4708,9.418000,356.063904,7.9369
4709,9.420000,368.949001,7.7177
4710,9.422000,382.325705,7.6041
4711,9.424000,395.502608,7.5411
4712,9.426000,408.071033,7.5026
4713,9.428000,348.167614,9.5043
4714,9.430000,364.033833,8.6754
4715,9.432000,374.271214,8.2493
4716,9.434000,386.538463,8.0486
4717,9.436000,399.442287,7.9610
4718,9.438000,412.145831,7.9285
4719,9.440000,424.163724,7.9234
4720,9.442000,435.203776,7.9336
4721,9.444000,445.082950,7.9548
4722,9.446000,440.607262,8.3147
4723,9.448000,448.704157,8.2182
4724,9.450000,454.809190,8.1984
4725,9.452000,460.290698,8.2261
4726,9.454000,464.811650,8.2830
4727,9.456000,468.195932,8.3596
4728,9.458000,470.379581,8.4510
4729,9.460000,471.368377,8.5546
4730,9.462000,471.213036,8.6687
4731,9.464000,469.994656,8.7921
4732,9.466000,467.815639,8.9235
4733,9.468000,464.793572,9.0620
4734,9.470000,461.056773,9.2064
4735,9.472000,456.740856,9.3554
4736,9.474000,451.986016,9.5080
4737,9.476000,446.934821,9.6629
4738,9.478000,441.730390,9.8190
4739,9.480000,436.514809,9.9752
4740,9.482000,431.427623,10.1305
4741,9.484000,426.604215,10.2841
4742,9.486000,422.173854,10.4352
4743,9.488000,418.257172,10.5833
4744,9.490000,414.962818,10.7279
4745,9.492000,412.383044,10.8690
4746,9.494000,410.588050,11.0067
4747,9.496000,409.618995,11.1413
4748,9.498000,409.479816,11.2735
4749,9.500000,410.128325,11.4044
4750,9.502000,411.467593,11.5351
4751,9.504000,413.339328,11.6669
4752,9.506000,415.521802,11.8013
4753,9.508000,417.735682,11.9395
4754,9.510000,419.661432,12.0825
4755,9.512000,420.971182,12.2308
4756,9.514000,421.375226,12.3840
4757,9.516000,420.677986,12.5412
4758,9.518000,418.830721,12.7008
4759,9.520000,415.960665,12.8610
4760,9.522000,412.353941,13.0202
4761,9.524000,408.379813,13.1773
4762,9.526000,404.372189,13.3326
4763,9.528000,400.522866,13.4866
4764,9.530000,396.856102,13.6404
4765,9.532000,393.301983,13.7943
4766,9.534000,389.792342,13.9482
4767,9.536000,386.293059,14.1020
4768,9.538000,382.786349,14.2552
4769,9.540000,379.257890,14.4077
4770,9.542000,375.695915,14.5593
4771,9.544000,372.091581,14.7097
4772,9.546000,368.438667,14.8587
4773,9.548000,364.733142,15.0062
4774,9.550000,360.972735,15.1520
4775,9.552000,357.156561,15.2960
4776,9.554000,353.284797,15.4379
4777,9.556000,349.358417,15.5777
4778,9.558000,345.378972,15.7153
4779,9.560000,341.348416,15.8504
4780,9.562000,337.268964,15.9830
4781,9.564000,333.142990,16.1129
4782,9.566000,328.972941,16.2400
4783,9.568000,324.761277,16.3641
4784,9.570000,320.510426,16.4852
4785,9.572000,316.222752,16.6031
4786,9.574000,311.900529,16.7178
4787,9.576000,307.545933,16.8290
4788,9.578000,303.161025,16.9367
4789,9.580000,298.747752,17.0409
4790,9.582000,294.307941,17.1413
4791,9.584000,289.843300,17.2379
4792,9.586000,285.355422,17.3306
4793,9.588000,280.845785,17.4193
4794,9.590000,276.315759,17.5039
4795,9.592000,271.766607,17.5843
4796,9.594000,267.199492,17.6605
4797,9.596000,262.615491,17.7324
4798,9.598000,258.015594,17.7998
4799,9.600000,253.400700,17.8627
4800,9.602000,248.771621,17.9211
4801,9.604000,244.129084,17.9748
4802,9.606000,239.473732,18.0238
4803,9.608000,234.806133,18.0681
4804,9.610000,230.126781,18.1075
4805,9.612000,225.436340,18.1420
4806,9.614000,220.735794,18.1716
4807,9.616000,216.025864,18.1962
4808,9.618000,210.208114,18.1742
4809,9.620000,194.878234,17.7959
4810,9.622000,188.271944,17.8370
4811,9.624000,184.400488,17.9818
4812,9.626000,180.359788,18.0465
4813,9.628000,176.454595,18.0666
4814,9.630000,172.580387,18.0633
4815,9.632000,168.684185,18.0480
4816,9.634000,164.743452,18.0260
4817,9.636000,160.750357,17.9998
4818,9.638000,156.703634,17.9702
4819,9.640000,152.604641,17.9372
4820,9.642000,148.455066,17.9005
4821,9.644000,144.256071,17.8599
4822,9.646000,140.008224,17.8147
4823,9.648000,135.711527,17.7646
4824,9.650000,131.365595,17.7094
4825,9.652000,126.969839,17.6486
4826,9.654000,122.523624,17.5821
4827,9.656000,118.026406,17.5097
4828,9.658000,113.477833,17.4313
4829,9.660000,108.877815,17.3466
4830,9.662000,104.226578,17.2557
4831,9.664000,99.524691,17.1585
4832,9.666000,94.773087,17.0550
4833,9.668000,89.973061,16.9451
4834,9.670000,85.126276,16.8289
4835,9.672000,80.234746,16.7063
4836,9.674000,75.300826,16.5776
4837,9.676000,70.327198,16.4427
4838,9.678000,65.316853,16.3017
4839,9.680000,60.273078,16.1547
4840,9.682000,55.199436,16.0020
4841,9.684000,50.099759,15.8436
4842,9.686000,44.978133,15.6798
4843,9.688000,39.838892,15.5107
4844,9.690000,34.686611,15.3366
4845,9.692000,29.526105,15.1576
4846,9.694000,24.362429,14.9742
4847,9.696000,19.200888,14.7864
4848,9.698000,14.047062,14.5948
4849,9.700000,8.976657,14.4027
4850,9.702000,4.124627,14.2173
4851,9.704000,0.000000,14.0631
4852,9.706000,0.000000,14.1011
4853,9.708000,0.000000,14.1846
4854,9.710000,0.296840,14.2263
4855,9.712000,1.272391,14.2489
4856,9.714000,2.245426,14.2624
4857,9.716000,3.146600,14.2957
4858,9.718000,3.799670,14.3207
4859,9.720000,4.136917,14.2949
4860,9.722000,4.195724,14.2457
4861,9.724000,3.979799,14.2047
4862,9.726000,3.443677,14.1656
4863,9.728000,2.660016,14.1363
4864,9.730000,1.749445,14.1283
4865,9.732000,0.697859,14.1159
4866,9.734000,0.000000,14.1036
4867,9.736000,0.000000,14.1083
4868,9.738000,0.000000,14.0848
4869,9.740000,0.000000,14.0480
4870,9.742000,0.000000,14.0278
4871,9.744000,0.000000,14.0176
4872,9.746000,0.000000,14.0211
4873,9.748000,0.000000,14.0413
4874,9.750000,0.000000,14.0670
4875,9.752000,0.000000,14.0813
4876,9.754000,0.000000,14.0768
4877,9.756000,0.000000,14.0619
4878,9.758000,0.000000,14.0499
4879,9.760000,0.000000,14.0462
4880,9.762000,0.000000,14.0502
4881,9.764000,0.000000,14.0588
4882,9.766000,0.000000,14.0670
4883,9.768000,0.000000,14.0705
4884,9.770000,0.000000,14.0684
4885,9.772000,0.000000,14.0637
4886,9.774000,0.000000,14.0601
4887,9.776000,0.000000,14.0595
4888,9.778000,0.000000,14.0618
4889,9.780000,0.000000,14.0653
4890,9.782000,0.000000,14.0682
4891,9.784000,0.000000,14.0693
4892,9.786000,0.000000,14.0687
4893,9.788000,0.000000,14.0674
4894,9.790000,0.000000,14.0667
4895,9.792000,0.000000,14.0671
4896,9.794000,0.000000,14.0683
4897,9.796000,0.000000,14.0699
4898,9.798000,0.000000,14.0712
4899,9.800000,0.000000,14.0718
4900,9.802000,0.000000,14.0719
4901,9.804000,0.000000,14.0719
4902,9.806000,0.000000,14.0721
4903,9.808000,0.000000,14.0727
4904,9.810000,0.000000,14.0735
4905,9.812000,0.000000,14.0745
4906,9.814000,0.000000,14.0752
4907,9.816000,0.000000,14.0758
4908,9.818000,0.000000,14.0762
4909,9.820000,0.000000,14.0766
4910,9.822000,0.000000,14.0771
4911,9.824000,0.000000,14.0777
4912,9.826000,0.000000,14.0785
4913,9.828000,0.000000,14.0792
4914,9.830000,0.000000,14.0798
4915,9.832000,0.000000,14.0804
4916,9.834000,0.000000,14.0810
4917,9.836000,0.000000,14.0816
4918,9.838000,0.000000,14.0822
4919,9.840000,0.000000,14.0828
4920,9.842000,0.000000,14.0835
4921,9.844000,0.000000,14.0841
4922,9.846000,0.000000,14.0848
4923,9.848000,0.000000,14.0854
4924,9.850000,0.000000,14.0861
4925,9.852000,0.000000,14.0867
4926,9.854000,0.000000,14.0873
4927,9.856000,0.000000,14.0880
4928,9.858000,0.000000,14.0887
4929,9.860000,0.000000,14.0894
4930,9.862000,0.000000,14.0900
4931,9.864000,0.000000,14.0907
4932,9.866000,0.000000,14.0914
4933,9.868000,0.000000,14.0920
4934,9.870000,0.000000,14.0927
4935,9.872000,0.000000,14.0934
4936,9.874000,0.000000,14.0941
4937,9.876000,0.000000,14.0948
4938,9.878000,0.000000,14.0955
4939,9.880000,0.000000,14.0962
4940,9.882000,0.000000,14.0969
4941,9.884000,0.000000,14.0976
4942,9.886000,0.000000,14.0983
4943,9.888000,0.000000,14.0990
4944,9.890000,0.000000,14.0997
4945,9.892000,0.000000,14.1004
4946,9.894000,0.000000,14.1012
4947,9.896000,0.000000,14.1019
4948,9.898000,0.000000,14.1026
4949,9.900000,0.000000,14.1034
4950,9.902000,0.000000,14.1041
4951,9.904000,0.000000,14.1048
4952,9.906000,0.000000,14.1056
4953,9.908000,0.000000,14.1063
4954,9.910000,0.000000,14.1071
4955,9.912000,0.000000,14.1078
4956,9.914000,0.000000,14.1086
4957,9.916000,0.000000,14.1093
4958,9.918000,0.000000,14.1101
4959,9.920000,0.000000,14.1109
4960,9.922000,0.000000,14.1116
4961,9.924000,0.000000,14.1124
4962,9.926000,0.000000,14.1132
4963,9.928000,0.000000,14.1139
4964,9.930000,0.000000,14.1147
4965,9.932000,0.000000,14.1155
4966,9.934000,0.000000,14.1163
4967,9.936000,0.000000,14.1171
4968,9.938000,0.000000,14.1179
4969,9.940000,0.000000,14.1187
4970,9.942000,0.000000,14.1195
4971,9.944000,0.000000,14.1203
4972,9.946000,0.000000,14.1211
4973,9.948000,0.000000,14.1219
4974,9.950000,0.000000,14.1227
4975,9.952000,0.000000,14.1235
4976,9.954000,0.000000,14.1243
4977,9.956000,0.000000,14.1252
4978,9.958000,0.000000,14.1260
4979,9.960000,0.000000,14.1268
4980,9.962000,0.000000,14.1277
4981,9.964000,0.000000,14.1285
4982,9.966000,0.000000,14.1293
4983,9.968000,0.000000,14.1302
4984,9.970000,0.000000,14.1310
4985,9.972000,0.000000,14.1319
4986,9.974000,0.000000,14.1327
4987,9.976000,0.000000,14.1336
4988,9.978000,0.000000,14.1344
4989,9.980000,0.000000,14.1353
4990,9.982000,0.000000,14.1361
4991,9.984000,0.000000,14.1370
4992,9.986000,0.000000,14.1379
4993,9.988000,0.000000,14.1387
4994,9.990000,0.000000,14.1396
4995,9.992000,0.000000,14.1405
4996,9.994000,0.000000,14.1414
4997,9.996000,0.000000,14.1423
4998,9.998000,0.000000,14.1431
4999,10.000000,0.000000,14.1440
5000,10.002000,0.000000,14.1449
5001,10.004000,0.000000,14.1458
5002,10.006000,0.000000,14.1467
5003,10.008000,0.000000,14.1476
5004,10.010000,0.000000,14.1485
5005,10.012000,0.000000,14.1494
5006,10.014000,0.000000,14.1503
5007,10.016000,0.000000,14.1513
5008,10.018000,0.000000,14.1522
5009,10.020000,0.000000,14.1531
5010,10.022000,0.000000,14.1540
5011,10.024000,0.000000,14.1549
5012,10.026000,0.000000,14.1559
5013,10.028000,0.000000,14.1568
5014,10.030000,0.000000,14.1577
5015,10.032000,0.000000,14.1587
5016,10.034000,0.000000,14.1596
5017,10.036000,0.000000,14.1605
5018,10.038000,0.000000,14.1615
5019,10.040000,0.000000,14.1624
5020,10.042000,0.000000,14.1634
5021,10.044000,0.000000,14.1643
5022,10.046000,0.000000,14.1653
5023,10.048000,0.000000,14.1662
5024,10.050000,0.000000,14.1672
5025,10.052000,0.000000,14.1682
5026,10.054000,0.000000,14.1691
5027,10.056000,0.000000,14.1701
5028,10.058000,0.000000,14.1711
5029,10.060000,0.000000,14.1720
5030,10.062000,0.000000,14.1730
5031,10.064000,0.000000,14.1740
5032,10.066000,0.000000,14.1750
5033,10.068000,0.000000,14.1760
5034,10.070000,0.000000,14.1769
5035,10.072000,0.000000,14.1779
5036,10.074000,0.000000,14.1789
5037,10.076000,0.000000,14.1799
5038,10.078000,0.000000,14.1809
5039,10.080000,0.000000,14.1819
5040,10.082000,0.000000,14.1829
5041,10.084000,0.000000,14.1839
5042,10.086000,0.000000,14.1849
5043,10.088000,0.000000,14.1860
5044,10.090000,0.000000,14.1870
5045,10.092000,0.000000,14.1880
5046,10.094000,0.000000,14.1890
5047,10.096000,0.000000,14.1900
5048,10.098000,0.000000,14.1910
5049,10.100000,0.000000,14.1921
5050,10.102000,0.000000,14.1931
5051,10.104000,0.000000,14.1941
5052,10.106000,0.000000,14.1952
5053,10.108000,0.000000,14.1962
5054,10.110000,0.000000,14.1972
5055,10.112000,0.000000,14.1983
5056,10.114000,0.000000,14.1993
5057,10.116000,0.000000,14.2004
5058,10.118000,0.000000,14.2014
5059,10.120000,0.000000,14.2025
5060,10.122000,0.000000,14.2035
5061,10.124000,0.000000,14.2046
5062,10.126000,0.000000,14.2056
5063,10.128000,0.000000,14.2067
5064,10.130000,0.000000,14.2078
5065,10.132000,0.000000,14.2088
5066,10.134000,0.000000,14.2099
5067,10.136000,0.000000,14.2110
5068,10.138000,0.000000,14.2120
5069,10.140000,0.000000,14.2131
5070,10.142000,0.000000,14.2142
5071,10.144000,0.000000,14.2153
5072,10.146000,0.000000,14.2163
5073,10.148000,0.000000,14.2174
5074,10.150000,0.000000,14.2185
5075,10.152000,0.000000,14.2196
5076,10.154000,0.000000,14.2207
5077,10.156000,0.000000,14.2218
5078,10.158000,0.000000,14.2229
5079,10.160000,0.000000,14.2240
5080,10.162000,0.000000,14.2251
5081,10.164000,0.000000,14.2262
5082,10.166000,0.000000,14.2273
5083,10.168000,0.000000,14.2284
5084,10.170000,0.000000,14.2295
5085,10.172000,0.000000,14.2306
5086,10.174000,0.000000,14.2317
5087,10.176000,0.000000,14.2328
5088,10.178000,0.000000,14.2339
5089,10.180000,0.000000,14.2351
5090,10.182000,0.000000,14.2362
5091,10.184000,0.000000,14.2373
5092,10.186000,0.000000,14.2384
5093,10.188000,0.000000,14.2396
5094,10.190000,0.000000,14.2407
5095,10.192000,0.000000,14.2418
5096,10.194000,0.000000,14.2430
5097,10.196000,0.000000,14.2441
5098,10.198000,0.000000,14.2452
5099,10.200000,0.000000,14.2464
5100,10.202000,0.000000,14.2475
5101,10.204000,0.000000,14.2486
5102,10.206000,0.000000,14.2498
5103,10.208000,0.000000,14.2509
5104,10.210000,0.000000,14.2521
5105,10.212000,0.000000,14.2532
5106,10.214000,0.000000,14.2544
5107,10.216000,0.000000,14.2555
5108,10.218000,0.000000,14.2567
5109,10.220000,0.000000,14.2579
5110,10.222000,0.000000,14.2590
5111,10.224000,0.000000,14.2602
5112,10.226000,0.000000,14.2613
5113,10.228000,0.000000,14.2625
5114,10.230000,0.000000,14.2637
5115,10.232000,0.000000,14.2648
5116,10.234000,0.000000,14.2660
5117,10.236000,0.000000,14.2672
5118,10.238000,0.000000,14.2684
5119,10.240000,0.000000,14.2695
5120,10.242000,0.000000,14.2707
5121,10.244000,0.000000,14.2719
5122,10.246000,0.000000,14.2731
5123,10.248000,0.000000,14.2742
5124,10.250000,0.000000,14.2754
5125,10.252000,0.000000,14.2766
5126,10.254000,0.000000,14.2778
5127,10.256000,0.000000,14.2790
5128,10.258000,0.000000,14.2802
5129,10.260000,0.000000,14.2814
5130,10.262000,0.000000,14.2826
5131,10.264000,0.000000,14.2838
5132,10.266000,0.000000,14.2850
5133,10.268000,0.000000,14.2862
5134,10.270000,0.000000,14.2874
5135,10.272000,0.000000,14.2886
5136,10.274000,0.000000,14.2898
5137,10.276000,0.000000,14.2910
5138,10.278000,0.000000,14.2922
5139,10.280000,0.000000,14.2934
5140,10.282000,0.000000,14.2946
5141,10.284000,0.000000,14.2958
5142,10.286000,0.000000,14.2970
5143,10.288000,0.000000,14.2982
5144,10.290000,0.000000,14.2994
5145,10.292000,0.000000,14.3007
5146,10.294000,0.000000,14.3019
5147,10.296000,0.000000,14.3031
5148,10.298000,0.000000,14.3043
5149,10.300000,0.000000,14.3055
5150,10.302000,0.000000,14.3068
5151,10.304000,0.000000,14.3080
5152,10.306000,0.000000,14.3092
5153,10.308000,0.000000,14.3104
5154,10.310000,0.000000,14.3117
5155,10.312000,0.000000,14.3129
5156,10.314000,0.000000,14.3141
5157,10.316000,0.000000,14.3154
5158,10.318000,0.000000,14.3166
5159,10.320000,0.000000,14.3178
5160,10.322000,0.000000,14.3191
5161,10.324000,0.000000,14.3203
5162,10.326000,0.000000,14.3215
5163,10.328000,0.000000,14.3228
5164,10.330000,0.000000,14.3240
5165,10.332000,0.000000,14.3253
5166,10.334000,0.000000,14.3265
5167,10.336000,0.000000,14.3278
5168,10.338000,0.000000,14.3290
5169,10.340000,0.000000,14.3302
5170,10.342000,0.000000,14.3315
5171,10.344000,0.000000,14.3327
5172,10.346000,0.000000,14.3340
5173,10.348000,0.000000,14.3352
5174,10.350000,0.000000,14.3365
5175,10.352000,0.000000,14.3377
5176,10.354000,0.000000,14.3390
5177,10.356000,0.000000,14.3402
5178,10.358000,0.000000,14.3415
5179,10.360000,0.000000,14.3428
5180,10.362000,0.000000,14.3440
5181,10.364000,0.000000,14.3453
5182,10.366000,0.000000,14.3465
5183,10.368000,0.000000,14.3478
5184,10.370000,0.000000,14.3491
5185,10.372000,0.000000,14.3503
5186,10.374000,0.000000,14.3516
5187,10.376000,0.000000,14.3528
5188,10.378000,0.000000,14.3541
5189,10.380000,0.000000,14.3554
5190,10.382000,0.000000,14.3566
5191,10.384000,0.000000,14.3579
5192,10.386000,0.000000,14.3592
5193,10.388000,0.000000,14.3604
5194,10.390000,0.000000,14.3617
5195,10.392000,0.000000,14.3630
5196,10.394000,0.000000,14.3642
5197,10.396000,0.000000,14.3655
5198,10.398000,0.000000,14.3668
5199,10.400000,0.000000,14.3681
5200,10.402000,0.000000,14.3693
5201,10.404000,0.000000,14.3706
5202,10.406000,0.000000,14.3719
5203,10.408000,0.000000,14.3732
5204,10.410000,0.000000,14.3744
5205,10.412000,0.000000,14.3757
5206,10.414000,0.000000,14.3770
5207,10.416000,0.000000,14.3783
5208,10.418000,0.000000,14.3795
5209,10.420000,0.000000,14.3808
5210,10.422000,0.000000,14.3821
5211,10.424000,0.000000,14.3834
5212,10.426000,0.000000,14.3847
5213,10.428000,0.000000,14.3859
5214,10.430000,0.000000,14.3872
5215,10.432000,0.000000,14.3885
5216,10.434000,0.000000,14.3898
5217,10.436000,0.000000,14.3911
5218,10.438000,0.000000,14.3923
5219,10.440000,0.000000,14.3936
5220,10.442000,0.000000,14.3949
5221,10.444000,0.000000,14.3962
5222,10.446000,0.000000,14.3975
5223,10.448000,0.000000,14.3988
5224,10.450000,0.000000,14.4000
5225,10.452000,0.000000,14.4013
5226,10.454000,0.000000,14.4026
5227,10.456000,0.000000,14.4039
5228,10.458000,0.000000,14.4052
5229,10.460000,0.000000,14.4065
5230,10.462000,0.000000,14.4078
5231,10.464000,0.000000,14.4090
5232,10.466000,0.000000,14.4103
5233,10.468000,0.000000,14.4116
5234,10.470000,0.000000,14.4129
5235,10.472000,0.000000,14.4142
5236,10.474000,0.000000,14.4155
5237,10.476000,0.000000,14.4168
5238,10.478000,0.000000,14.4180
5239,10.480000,0.000000,14.4193
5240,10.482000,0.000000,14.4206
5241,10.484000,0.000000,14.4219
5242,10.486000,0.000000,14.4232
5243,10.488000,0.000000,14.4245
5244,10.490000,0.000000,14.4258
5245,10.492000,0.000000,14.4271
5246,10.494000,0.000000,14.4283
5247,10.496000,0.000000,14.4296
5248,10.498000,0.000000,14.4309
5249,10.500000,0.000000,14.4322
5250,10.502000,0.000000,14.4335
5251,10.504000,0.000000,14.4348
5252,10.506000,0.000000,14.4361
5253,10.508000,0.000000,14.4374
5254,10.510000,0.000000,14.4386
5255,10.512000,0.000000,14.4399
5256,10.514000,0.000000,14.4412
5257,10.516000,0.000000,14.4425
5258,10.518000,0.000000,14.4438
5259,10.520000,0.000000,14.4451
5260,10.522000,0.000000,14.4464
5261,10.524000,0.000000,14.4477
5262,10.526000,0.000000,14.4489
5263,10.528000,0.000000,14.4502
5264,10.530000,0.000000,14.4515
5265,10.532000,0.000000,14.4528
5266,10.534000,0.000000,14.4541
5267,10.536000,0.000000,14.4554
5268,10.538000,0.000000,14.4566
5269,10.540000,0.000000,14.4579
5270,10.542000,0.000000,14.4592
5271,10.544000,0.000000,14.4605
5272,10.546000,0.000000,14.4618
5273,10.548000,0.000000,14.4631
5274,10.550000,0.000000,14.4643
5275,10.552000,0.000000,14.4656
5276,10.554000,0.000000,14.4669
5277,10.556000,0.000000,14.4682
5278,10.558000,0.000000,14.4695
5279,10.560000,0.000000,14.4707
5280,10.562000,0.000000,14.4720
5281,10.564000,0.000000,14.4733
5282,10.566000,0.000000,14.4746
5283,10.568000,0.000000,14.4759
5284,10.570000,0.000000,14.4771
5285,10.572000,0.000000,14.4784
5286,10.574000,0.000000,14.4797
5287,10.576000,0.000000,14.4810
5288,10.578000,0.000000,14.4822
5289,10.580000,0.000000,14.4835
5290,10.582000,0.000000,14.4848
5291,10.584000,0.000000,14.4861
5292,10.586000,0.000000,14.4873
5293,10.588000,0.000000,14.4886
5294,10.590000,0.000000,14.4899
5295,10.592000,0.000000,14.4912
5296,10.594000,0.000000,14.4924
5297,10.596000,0.000000,14.4937
5298,10.598000,0.000000,14.4950
5299,10.600000,0.000000,14.4962
5300,10.602000,0.000000,14.4975
5301,10.604000,0.000000,14.4988
5302,10.606000,0.000000,14.5000
5303,10.608000,0.000000,14.5013
5304,10.610000,0.000000,14.5026
5305,10.612000,0.000000,14.5038
5306,10.614000,0.000000,14.5051
5307,10.616000,0.000000,14.5063
5308,10.618000,0.000000,14.5076
5309,10.620000,0.000000,14.5089
5310,10.622000,0.000000,14.5101
5311,10.624000,0.000000,14.5114
5312,10.626000,0.000000,14.5126
5313,10.628000,0.000000,14.5139
5314,10.630000,0.000000,14.5151
5315,10.632000,0.000000,14.5164
5316,10.634000,0.000000,14.5177
5317,10.636000,0.000000,14.5189
5318,10.638000,0.000000,14.5202
5319,10.640000,0.000000,14.5214
5320,10.642000,0.000000,14.5227
5321,10.644000,0.000000,14.5239
5322,10.646000,0.000000,14.5252
5323,10.648000,0.000000,14.5264
5324,10.650000,0.000000,14.5276
5325,10.652000,0.000000,14.5289
5326,10.654000,0.000000,14.5301
5327,10.656000,0.000000,14.5314
5328,10.658000,0.000000,14.5326
5329,10.660000,0.000000,14.5339
5330,10.662000,0.000000,14.5351
5331,10.664000,0.000000,14.5363
5332,10.666000,0.000000,14.5376
5333,10.668000,0.000000,14.5388
5334,10.670000,0.000000,14.5400
5335,10.672000,0.000000,14.5413
5336,10.674000,0.000000,14.5425
5337,10.676000,0.000000,14.5437
5338,10.678000,0.000000,14.5450
5339,10.680000,0.000000,14.5462
5340,10.682000,0.000000,14.5474
5341,10.684000,0.000000,14.5486
5342,10.686000,0.000000,14.5499
5343,10.688000,0.000000,14.5511
5344,10.690000,0.000000,14.5523
5345,10.692000,0.000000,14.5535
5346,10.694000,0.000000,14.5547
5347,10.696000,0.000000,14.5560
5348,10.698000,0.000000,14.5572
5349,10.700000,0.000000,14.5584
5350,10.702000,0.000000,14.5596
5351,10.704000,0.000000,14.5608
5352,10.706000,0.000000,14.5620
5353,10.708000,0.000000,14.5632
5354,10.710000,0.000000,14.5644
5355,10.712000,0.000000,14.5656
5356,10.714000,0.000000,14.5668
5357,10.716000,0.000000,14.5680
5358,10.718000,0.000000,14.5693
5359,10.720000,0.000000,14.5705
5360,10.722000,0.000000,14.5716
5361,10.724000,0.000000,14.5728
5362,10.726000,0.000000,14.5740
5363,10.728000,0.000000,14.5752
5364,10.730000,0.000000,14.5764
5365,10.732000,0.000000,14.5776
5366,10.734000,0.000000,14.5788
5367,10.736000,0.000000,14.5800
5368,10.738000,0.000000,14.5812
5369,10.740000,0.000000,14.5824
5370,10.742000,0.000000,14.5835
5371,10.744000,0.000000,14.5847
5372,10.746000,0.000000,14.5859
5373,10.748000,0.000000,14.5871
5374,10.750000,0.000000,14.5883
5375,10.752000,0.000000,14.5894
5376,10.754000,0.000000,14.5906
5377,10.756000,0.000000,14.5918
5378,10.758000,0.000000,14.5930
5379,10.760000,0.000000,14.5941
5380,10.762000,0.000000,14.5953
5381,10.764000,0.000000,14.5965
5382,10.766000,0.000000,14.5976
5383,10.768000,0.000000,14.5988
5384,10.770000,0.000000,14.5999
5385,10.772000,0.000000,14.6011
5386,10.774000,0.000000,14.6022
5387,10.776000,0.000000,14.6034
5388,10.778000,0.000000,14.6046
5389,10.780000,0.000000,14.6057
5390,10.782000,0.000000,14.6068
5391,10.784000,0.000000,14.6080
5392,10.786000,0.000000,14.6091
5393,10.788000,0.000000,14.6103
5394,10.790000,0.000000,14.6114
5395,10.792000,0.000000,14.6126
5396,10.794000,0.000000,14.6137
5397,10.796000,0.000000,14.6148
5398,10.798000,0.000000,14.6160
5399,10.800000,0.000000,14.6171
5400,10.802000,0.000000,14.6182
5401,10.804000,0.000000,14.6194
5402,10.806000,0.000000,14.6205
5403,10.808000,0.000000,14.6216
5404,10.810000,0.000000,14.6227
5405,10.812000,0.000000,14.6238
5406,10.814000,0.000000,14.6250
5407,10.816000,0.000000,14.6261
5408,10.818000,0.000000,14.6272
5409,10.820000,0.000000,14.6283
5410,10.822000,0.000000,14.6294
5411,10.824000,0.000000,14.6305
5412,10.826000,0.000000,14.6316
5413,10.828000,0.000000,14.6327
5414,10.830000,0.000000,14.6338
5415,10.832000,0.000000,14.6349
5416,10.834000,0.000000,14.6360
5417,10.836000,0.000000,14.6371
5418,10.838000,0.000000,14.6382
5419,10.840000,0.000000,14.6393
5420,10.842000,0.000000,14.6404
5421,10.844000,0.000000,14.6415
5422,10.846000,0.000000,14.6426
5423,10.848000,0.000000,14.6436
5424,10.850000,0.000000,14.6447
5425,10.852000,0.000000,14.6458
5426,10.854000,0.000000,14.6469
5427,10.856000,0.000000,14.6480
5428,10.858000,0.000000,14.6490
5429,10.860000,0.000000,14.6501
5430,10.862000,0.000000,14.6512
5431,10.864000,0.000000,14.6522
5432,10.866000,0.000000,14.6533
5433,10.868000,0.000000,14.6543
5434,10.870000,0.000000,14.6554
5435,10.872000,0.000000,14.6565
5436,10.874000,0.000000,14.6575
5437,10.876000,0.000000,14.6586
5438,10.878000,0.000000,14.6596
5439,10.880000,0.000000,14.6607
5440,10.882000,0.000000,14.6617
5441,10.884000,0.000000,14.6627
5442,10.886000,0.000000,14.6638
5443,10.888000,0.000000,14.6648
5444,10.890000,0.000000,14.6659
5445,10.892000,0.000000,14.6669
5446,10.894000,0.000000,14.6679
5447,10.896000,0.000000,14.6689
5448,10.898000,0.000000,14.6700
5449,10.900000,0.000000,14.6710
5450,10.902000,0.000000,14.6720
5451,10.904000,0.000000,14.6730
5452,10.906000,0.000000,14.6741
5453,10.908000,0.000000,14.6751
5454,10.910000,0.000000,14.6761
5455,10.912000,0.000000,14.6771
5456,10.914000,0.000000,14.6781
5457,10.916000,0.000000,14.6791
5458,10.918000,0.000000,14.6801
5459,10.920000,0.000000,14.6811
5460,10.922000,0.000000,14.6821
5461,10.924000,0.000000,14.6831
5462,10.926000,0.000000,14.6841
5463,10.928000,0.000000,14.6851
5464,10.930000,0.000000,14.6861
5465,10.932000,0.000000,14.6870
5466,10.934000,0.000000,14.6880
5467,10.936000,0.000000,14.6890
5468,10.938000,0.000000,14.6900
5469,10.940000,0.000000,14.6909
5470,10.942000,0.000000,14.6919
5471,10.944000,0.000000,14.6929
5472,10.946000,0.000000,14.6939
5473,10.948000,0.000000,14.6948
5474,10.950000,0.000000,14.6958
5475,10.952000,0.000000,14.6967
5476,10.954000,0.000000,14.6977
5477,10.956000,0.000000,14.6987
5478,10.958000,0.000000,14.6996
5479,10.960000,0.000000,14.7006
5480,10.962000,0.000000,14.7015
5481,10.964000,0.000000,14.7024
5482,10.966000,0.000000,14.7034
5483,10.968000,0.000000,14.7043
5484,10.970000,0.000000,14.7053
5485,10.972000,0.000000,14.7062
5486,10.974000,0.000000,14.7071
5487,10.976000,0.000000,14.7080
5488,10.978000,0.000000,14.7090
5489,10.980000,0.000000,14.7099
5490,10.982000,0.000000,14.7108
5491,10.984000,0.000000,14.7117
5492,10.986000,0.000000,14.7126
5493,10.988000,0.000000,14.7136
5494,10.990000,0.000000,14.7145
5495,10.992000,0.000000,14.7154
5496,10.994000,0.000000,14.7163
5497,10.996000,0.000000,14.7172
5498,10.998000,0.000000,14.7181
5499,11.000000,0.000000,14.7190
5500,11.002000,0.000000,14.7199
5501,11.004000,0.000000,14.7208
5502,11.006000,0.000000,14.7216
5503,11.008000,0.000000,14.7225
5504,11.010000,0.000000,14.7234
5505,11.012000,0.000000,14.7243
5506,11.014000,0.000000,14.7252
5507,11.016000,0.000000,14.7260
5508,11.018000,0.000000,14.7269
5509,11.020000,0.000000,14.7278
5510,11.022000,0.000000,14.7286
5511,11.024000,0.000000,14.7295
5512,11.026000,0.000000,14.7304
5513,11.028000,0.000000,14.7312
5514,11.030000,0.000000,14.7321
5515,11.032000,0.000000,14.7329
5516,11.034000,0.000000,14.7338
5517,11.036000,0.000000,14.7346
5518,11.038000,0.000000,14.7355
5519,11.040000,0.000000,14.7363
5520,11.042000,0.000000,14.7371
5521,11.044000,0.000000,14.7380
5522,11.046000,0.000000,14.7388
5523,11.048000,0.000000,14.7396
5524,11.050000,0.000000,14.7405
5525,11.052000,0.000000,14.7413
5526,11.054000,0.000000,14.7421
5527,11.056000,0.000000,14.7429
5528,11.058000,0.000000,14.7437
5529,11.060000,0.000000,14.7446
5530,11.062000,0.000000,14.7454
5531,11.064000,0.000000,14.7462
5532,11.066000,0.000000,14.7470
5533,11.068000,0.000000,14.7478
5534,11.070000,0.000000,14.7486
5535,11.072000,0.000000,14.7494
5536,11.074000,0.000000,14.7502
5537,11.076000,0.000000,14.7509
5538,11.078000,0.000000,14.7517
5539,11.080000,0.000000,14.7525
5540,11.082000,0.000000,14.7533
5541,11.084000,0.000000,14.7541
5542,11.086000,0.000000,14.7548
5543,11.088000,0.000000,14.7556
5544,11.090000,0.000000,14.7564
5545,11.092000,0.000000,14.7571
5546,11.094000,0.000000,14.7579
5547,11.096000,0.000000,14.7587
5548,11.098000,0.000000,14.7594
5549,11.100000,0.000000,14.7602
5550,11.102000,0.000000,14.7609
5551,11.104000,0.000000,14.7617
5552,11.106000,0.000000,14.7624
5553,11.108000,0.000000,14.7632
5554,11.110000,0.000000,14.7639
5555,11.112000,0.000000,14.7646
5556,11.114000,0.000000,14.7654
5557,11.116000,0.000000,14.7661
5558,11.118000,0.000000,14.7668
5559,11.120000,0.000000,14.7676
5560,11.122000,0.000000,14.7683
5561,11.124000,0.000000,14.7690
5562,11.126000,0.000000,14.7697
5563,11.128000,0.000000,14.7704
5564,11.130000,0.000000,14.7711
5565,11.132000,0.000000,14.7718
5566,11.134000,0.000000,14.7725
5567,11.136000,0.000000,14.7732
5568,11.138000,0.000000,14.7739
5569,11.140000,0.000000,14.7746
5570,11.142000,0.000000,14.7753
5571,11.144000,0.000000,14.7760
5572,11.146000,0.000000,14.7767
5573,11.148000,0.000000,14.7774
5574,11.150000,0.000000,14.7781
5575,11.152000,0.000000,14.7787
5576,11.154000,0.000000,14.7794
5577,11.156000,0.000000,14.7801
5578,11.158000,0.000000,14.7807
5579,11.160000,0.000000,14.7814
5580,11.162000,0.000000,14.7821
5581,11.164000,0.000000,14.7827
5582,11.166000,0.000000,14.7834
5583,11.168000,0.000000,14.7840
5584,11.170000,0.000000,14.7847
5585,11.172000,0.000000,14.7853
5586,11.174000,0.000000,14.7860
5587,11.176000,0.000000,14.7866
5588,11.178000,0.000000,14.7873
5589,11.180000,0.000000,14.7879
5590,11.182000,0.000000,14.7885
5591,11.184000,0.000000,14.7891
5592,11.186000,0.000000,14.7898
5593,11.188000,0.000000,14.7904
5594,11.190000,0.000000,14.7910
5595,11.192000,0.000000,14.7916
5596,11.194000,0.000000,14.7922
5597,11.196000,0.000000,14.7928
5598,11.198000,0.000000,14.7934
5599,11.200000,0.000000,14.7941
5600,11.202000,0.000000,14.7947
5601,11.204000,0.000000,14.7952
5602,11.206000,0.000000,14.7958
5603,11.208000,0.000000,14.7964
5604,11.210000,0.000000,14.7970
5605,11.212000,0.000000,14.7976
5606,11.214000,0.000000,14.7982
5607,11.216000,0.000000,14.7988
5608,11.218000,0.000000,14.7993
5609,11.220000,0.000000,14.7999
5610,11.222000,0.000000,14.8005
5611,11.224000,0.000000,14.8010
5612,11.226000,0.000000,14.8016
5613,11.228000,0.000000,14.8022
5614,11.230000,0.000000,14.8027
5615,11.232000,0.000000,14.8033
5616,11.234000,0.000000,14.8038
5617,11.236000,0.000000,14.8044
5618,11.238000,0.000000,14.8049
5619,11.240000,0.000000,14.8055
5620,11.242000,0.000000,14.8060
5621,11.244000,0.000000,14.8065
5622,11.246000,0.000000,14.8071
5623,11.248000,0.000000,14.8076
5624,11.250000,0.000000,14.8081
5625,11.252000,0.000000,14.8086
5626,11.254000,0.000000,14.8091
5627,11.256000,0.000000,14.8097
5628,11.258000,0.000000,14.8102
5629,11.260000,0.000000,14.8107
5630,11.262000,0.000000,14.8112
5631,11.264000,0.000000,14.8117
5632,11.266000,0.000000,14.8122
5633,11.268000,0.000000,14.8127
5634,11.270000,0.000000,14.8132
5635,11.272000,0.000000,14.8137
5636,11.274000,0.000000,14.8142
5637,11.276000,0.000000,14.8146
5638,11.278000,0.000000,14.8151
5639,11.280000,0.000000,14.8156
5640,11.282000,0.000000,14.8161
5641,11.284000,0.000000,14.8165
5642,11.286000,0.000000,14.8170
5643,11.288000,0.000000,14.8175
5644,11.290000,0.000000,14.8179
5645,11.292000,0.000000,14.8184
5646,11.294000,0.000000,14.8189
5647,11.296000,0.000000,14.8193
5648,11.298000,0.000000,14.8198
5649,11.300000,0.000000,14.8202
5650,11.302000,0.000000,14.8206
5651,11.304000,0.000000,14.8211
5652,11.306000,0.000000,14.8215
5653,11.308000,0.000000,14.8220
5654,11.310000,0.000000,14.8224
5655,11.312000,0.000000,14.8228
5656,11.314000,0.000000,14.8232
5657,11.316000,0.000000,14.8237
5658,11.318000,0.000000,14.8241
5659,11.320000,0.000000,14.8245
5660,11.322000,0.000000,14.8249
5661,11.324000,0.000000,14.8253
5662,11.326000,0.000000,14.8257
5663,11.328000,0.000000,14.8261
5664,11.330000,0.000000,14.8265
5665,11.332000,0.000000,14.8269
5666,11.334000,0.000000,14.8273
5667,11.336000,0.000000,14.8277
5668,11.338000,0.000000,14.8281
5669,11.340000,0.000000,14.8284
5670,11.342000,0.000000,14.8288
5671,11.344000,0.000000,14.8292
5672,11.346000,0.000000,14.8296
5673,11.348000,0.000000,14.8299
5674,11.350000,0.000000,14.8303
5675,11.352000,0.000000,14.8307
5676,11.354000,0.000000,14.8310
5677,11.356000,0.000000,14.8314
5678,11.358000,0.000000,14.8317
5679,11.360000,0.000000,14.8321
5680,11.362000,0.000000,14.8324
5681,11.364000,0.000000,14.8328
5682,11.366000,0.000000,14.8331
5683,11.368000,0.000000,14.8335
5684,11.370000,0.000000,14.8338
5685,11.372000,0.000000,14.8341
5686,11.374000,0.000000,14.8344
5687,11.376000,0.000000,14.8348
5688,11.378000,0.000000,14.8351
5689,11.380000,0.000000,14.8354
5690,11.382000,0.000000,14.8357
5691,11.384000,0.000000,14.8360
5692,11.386000,0.000000,14.8363
5693,11.388000,0.000000,14.8367
5694,11.390000,0.000000,14.8370
5695,11.392000,0.000000,14.8373
5696,11.394000,0.000000,14.8375
5697,11.396000,0.000000,14.8378
5698,11.398000,0.000000,14.8381
5699,11.400000,0.000000,14.8384
5700,11.402000,0.000000,14.8387
5701,11.404000,0.000000,14.8390
5702,11.406000,0.000000,14.8393
5703,11.408000,0.000000,14.8395
5704,11.410000,0.000000,14.8398
5705,11.412000,0.000000,14.8401
5706,11.414000,0.000000,14.8403
5707,11.416000,0.000000,14.8406
5708,11.418000,0.000000,14.8408
5709,11.420000,0.000000,14.8411
5710,11.422000,0.000000,14.8413
5711,11.424000,0.000000,14.8416
5712,11.426000,0.000000,14.8418
5713,11.428000,0.000000,14.8421
5714,11.430000,0.000000,14.8423
5715,11.432000,0.000000,14.8425
5716,11.434000,0.000000,14.8428
5717,11.436000,0.000000,14.8430
5718,11.438000,0.000000,14.8432
5719,11.440000,0.000000,14.8434
5720,11.442000,0.000000,14.8437
5721,11.444000,0.000000,14.8439
5722,11.446000,0.000000,14.8441
5723,11.448000,0.000000,14.8443
5724,11.450000,0.000000,14.8445
5725,11.452000,0.000000,14.8447
5726,11.454000,0.000000,14.8449
5727,11.456000,0.000000,14.8451
5728,11.458000,0.000000,14.8453
5729,11.460000,0.000000,14.8455
5730,11.462000,0.000000,14.8457
5731,11.464000,0.000000,14.8458
5732,11.466000,0.000000,14.8460
5733,11.468000,0.000000,14.8462
5734,11.470000,0.000000,14.8464
5735,11.472000,0.000000,14.8465
5736,11.474000,0.000000,14.8467
5737,11.476000,0.000000,14.8469
5738,11.478000,0.000000,14.8470
5739,11.480000,0.000000,14.8472
5740,11.482000,0.000000,14.8473
5741,11.484000,0.000000,14.8475
5742,11.486000,0.000000,14.8476
5743,11.488000,0.000000,14.8478
5744,11.490000,0.000000,14.8479
5745,11.492000,0.000000,14.8481
5746,11.494000,0.000000,14.8482
5747,11.496000,0.000000,14.8483
5748,11.498000,0.000000,14.8484
5749,11.500000,0.000000,14.8486
5750,11.502000,0.000000,14.8487
5751,11.504000,0.000000,14.8488
5752,11.506000,0.000000,14.8489
5753,11.508000,0.000000,14.8490
5754,11.510000,0.000000,14.8491
5755,11.512000,0.000000,14.8492
5756,11.514000,0.000000,14.8493
5757,11.516000,0.000000,14.8494
5758,11.518000,0.000000,14.8495
5759,11.520000,0.000000,14.8496
5760,11.522000,0.000000,14.8497
5761,11.524000,0.000000,14.8498
5762,11.526000,0.000000,14.8499
5763,11.528000,0.000000,14.8500
5764,11.530000,0.000000,14.8500
5765,11.532000,0.000000,14.8501
5766,11.534000,0.000000,14.8502
5767,11.536000,0.000000,14.8502
5768,11.538000,0.000000,14.8503
5769,11.540000,0.000000,14.8504
5770,11.542000,0.000000,14.8504
5771,11.544000,0.000000,14.8505
5772,11.546000,0.000000,14.8505
5773,11.548000,0.000000,14.8506
5774,11.550000,0.000000,14.8506
5775,11.552000,0.000000,14.8506
5776,11.554000,0.000000,14.8507
5777,11.556000,0.000000,14.8507
5778,11.558000,0.000000,14.8507
5779,11.560000,0.000000,14.8508
5780,11.562000,0.000000,14.8508
5781,11.564000,0.000000,14.8508
5782,11.566000,0.000000,14.8508
5783,11.568000,0.000000,14.8508
5784,11.570000,0.000000,14.8509
5785,11.572000,0.000000,14.8509
5786,11.574000,0.000000,14.8509
5787,11.576000,0.000000,14.8509
5788,11.578000,0.000000,14.8509
5789,11.580000,0.000000,14.8509
5790,11.582000,0.000000,14.8508
5791,11.584000,0.000000,14.8508
5792,11.586000,0.000000,14.8508
5793,11.588000,0.000000,14.8508
5794,11.590000,0.000000,14.8508
5795,11.592000,0.000000,14.8508
5796,11.594000,0.000000,14.8507
5797,11.596000,0.000000,14.8507
5798,11.598000,0.000000,14.8507
5799,11.600000,0.000000,14.8506
5800,11.602000,0.000000,14.8506
5801,11.604000,0.000000,14.8505
5802,11.606000,0.000000,14.8505
5803,11.608000,0.000000,14.8504
5804,11.610000,0.000000,14.8504
5805,11.612000,0.000000,14.8503
5806,11.614000,0.000000,14.8503
5807,11.616000,0.000000,14.8502
5808,11.618000,0.000000,14.8501
5809,11.620000,0.000000,14.8501
5810,11.622000,0.000000,14.8500
5811,11.624000,0.000000,14.8499
5812,11.626000,0.000000,14.8498
5813,11.628000,0.000000,14.8497
5814,11.630000,0.000000,14.8497
5815,11.632000,0.000000,14.8496
5816,11.634000,0.000000,14.8495
5817,11.636000,0.000000,14.8494
5818,11.638000,0.000000,14.8493
5819,11.640000,0.000000,14.8492
5820,11.642000,0.000000,14.8491
5821,11.644000,0.000000,14.8490
5822,11.646000,0.000000,14.8488
5823,11.648000,0.000000,14.8487
5824,11.650000,0.000000,14.8486
5825,11.652000,0.000000,14.8485
5826,11.654000,0.000000,14.8484
5827,11.656000,0.000000,14.8482
5828,11.658000,0.000000,14.8481
5829,11.660000,0.000000,14.8480
5830,11.662000,0.000000,14.8478
5831,11.664000,0.000000,14.8477
5832,11.666000,0.000000,14.8475
5833,11.668000,0.000000,14.8474
5834,11.670000,0.000000,14.8472
5835,11.672000,0.000000,14.8471
5836,11.674000,0.000000,14.8469
5837,11.676000,0.000000,14.8468
5838,11.678000,0.000000,14.8466
5839,11.680000,0.000000,14.8464
5840,11.682000,0.000000,14.8462
5841,11.684000,0.000000,14.8461
5842,11.686000,0.000000,14.8459
5843,11.688000,0.000000,14.8457
5844,11.690000,0.000000,14.8455
5845,11.692000,0.000000,14.8453
5846,11.694000,0.000000,14.8452
5847,11.696000,0.000000,14.8450
5848,11.698000,0.000000,14.8448
5849,11.700000,0.000000,14.8446
5850,11.702000,0.000000,14.8444
5851,11.704000,0.000000,14.8441
5852,11.706000,0.000000,14.8439
5853,11.708000,0.000000,14.8437
5854,11.710000,0.000000,14.8435
5855,11.712000,0.000000,14.8433
5856,11.714000,0.000000,14.8431
5857,11.716000,0.000000,14.8428
5858,11.718000,0.000000,14.8426
5859,11.720000,0.000000,14.8424
5860,11.722000,0.000000,14.8421
5861,11.724000,0.000000,14.8419
5862,11.726000,0.000000,14.8417
5863,11.728000,0.000000,14.8414
5864,11.730000,0.000000,14.8412
5865,11.732000,0.000000,14.8409
5866,11.734000,0.000000,14.8407
5867,11.736000,0.000000,14.8404
5868,11.738000,0.000000,14.8401
5869,11.740000,0.000000,14.8399
5870,11.742000,0.000000,14.8396
5871,11.744000,0.000000,14.8393
5872,11.746000,0.000000,14.8391
5873,11.748000,0.000000,14.8388
5874,11.750000,0.000000,14.8385
5875,11.752000,0.000000,14.8382
5876,11.754000,0.000000,14.8379
5877,11.756000,0.000000,14.8376
5878,11.758000,0.000000,14.8373
5879,11.760000,0.000000,14.8370
5880,11.762000,0.000000,14.8367
5881,11.764000,0.000000,14.8364
5882,11.766000,0.000000,14.8361
5883,11.768000,0.000000,14.8358
5884,11.770000,0.000000,14.8355
5885,11.772000,0.000000,14.8352
5886,11.774000,0.000000,14.8349
5887,11.776000,0.000000,14.8345
5888,11.778000,0.000000,14.8342
5889,11.780000,0.000000,14.8339
5890,11.782000,0.000000,14.8336
5891,11.784000,0.000000,14.8332
5892,11.786000,0.000000,14.8329
5893,11.788000,0.000000,14.8325
5894,11.790000,0.000000,14.8322
5895,11.792000,0.000000,14.8318
5896,11.794000,0.000000,14.8315
5897,11.796000,0.000000,14.8311
5898,11.798000,0.000000,14.8308
5899,11.800000,0.000000,14.8304
5900,11.802000,0.000000,14.8301
5901,11.804000,0.000000,14.8297
5902,11.806000,0.000000,14.8293
5903,11.808000,0.000000,14.8289
5904,11.810000,0.000000,14.8286
5905,11.812000,0.000000,14.8282
5906,11.814000,0.000000,14.8278
5907,11.816000,0.000000,14.8274
5908,11.818000,0.000000,14.8270
5909,11.820000,0.000000,14.8266
5910,11.822000,0.000000,14.8262
5911,11.824000,0.000000,14.8258
5912,11.826000,0.000000,14.8254
5913,11.828000,0.000000,14.8250
5914,11.830000,0.000000,14.8246
5915,11.832000,0.000000,14.8242
5916,11.834000,0.000000,14.8238
5917,11.836000,0.000000,14.8234
5918,11.838000,0.000000,14.8229
5919,11.840000,0.000000,14.8225
5920,11.842000,0.000000,14.8221
5921,11.844000,0.000000,14.8217
5922,11.846000,0.000000,14.8212
5923,11.848000,0.000000,14.8208
5924,11.850000,0.000000,14.8203
5925,11.852000,0.000000,14.8199
5926,11.854000,0.000000,14.8194
5927,11.856000,0.000000,14.8190
5928,11.858000,0.000000,14.8185
5929,11.860000,0.000000,14.8181
5930,11.862000,0.000000,14.8176
5931,11.864000,0.000000,14.8172
5932,11.866000,0.000000,14.8167
5933,11.868000,0.000000,14.8162
5934,11.870000,0.000000,14.8158
5935,11.872000,0.000000,14.8153
5936,11.874000,0.000000,14.8148
5937,11.876000,0.000000,14.8143
5938,11.878000,0.000000,14.8138
5939,11.880000,0.000000,14.8133
5940,11.882000,0.000000,14.8128
5941,11.884000,0.000000,14.8124
5942,11.886000,0.000000,14.8119
5943,11.888000,0.000000,14.8114
5944,11.890000,0.000000,14.8108
5945,11.892000,0.000000,14.8103
5946,11.894000,0.000000,14.8098
5947,11.896000,0.000000,14.8093
5948,11.898000,0.000000,14.8088
5949,11.900000,0.000000,14.8083
5950,11.902000,0.000000,14.8078
5951,11.904000,0.000000,14.8072
5952,11.906000,0.000000,14.8067
5953,11.908000,0.000000,14.8062
5954,11.910000,0.000000,14.8056
5955,11.912000,0.000000,14.8051
5956,11.914000,0.000000,14.8045
5957,11.916000,0.000000,14.8040
5958,11.918000,0.000000,14.8035
5959,11.920000,0.000000,14.8029
5960,11.922000,0.000000,14.8023
5961,11.924000,0.000000,14.8018
5962,11.926000,0.000000,14.8012
5963,11.928000,0.000000,14.8007
5964,11.930000,0.000000,14.8001
5965,11.932000,0.000000,14.7995
5966,11.934000,0.000000,14.7990
5967,11.936000,0.000000,14.7984
5968,11.938000,0.000000,14.7978
5969,11.940000,0.000000,14.7972
5970,11.942000,0.000000,14.7966
5971,11.944000,0.000000,14.7960
5972,11.946000,0.000000,14.7954
5973,11.948000,0.000000,14.7949
5974,11.950000,0.000000,14.7943
5975,11.952000,0.000000,14.7937
5976,11.954000,0.000000,14.7930
5977,11.956000,0.000000,14.7924
5978,11.958000,0.000000,14.7918
5979,11.960000,0.000000,14.7912
5980,11.962000,0.000000,14.7906
5981,11.964000,0.000000,14.7900
5982,11.966000,0.000000,14.7894
5983,11.968000,0.000000,14.7887
5984,11.970000,0.000000,14.7881
5985,11.972000,0.000000,14.7875
5986,11.974000,0.000000,14.7868
5987,11.976000,0.000000,14.7862
5988,11.978000,0.000000,14.7856
5989,11.980000,0.000000,14.7849
5990,11.982000,0.000000,14.7843
5991,11.984000,0.000000,14.7836
5992,11.986000,0.000000,14.7830
5993,11.988000,0.000000,14.7823
5994,11.990000,0.000000,14.7816
5995,11.992000,0.000000,14.7810
5996,11.994000,0.000000,14.7803
5997,11.996000,0.000000,14.7797
5998,11.998000,0.000000,14.7790
5999,12.000000,0.000000,14.7783
6000,12.002000,0.000000,14.7776
6001,12.004000,0.000000,14.7769
6002,12.006000,0.000000,14.7763
6003,12.008000,0.000000,14.7756
6004,12.010000,0.000000,14.7749
6005,12.012000,0.000000,14.7742
6006,12.014000,0.000000,14.7735
6007,12.016000,0.000000,14.7728
6008,12.018000,0.000000,14.7721
6009,12.020000,0.000000,14.7714
6010,12.022000,0.000000,14.7707
6011,12.024000,0.000000,14.7700
6012,12.026000,0.000000,14.7693
6013,12.028000,0.000000,14.7685
6014,12.030000,0.000000,14.7678
6015,12.032000,0.000000,14.7671
6016,12.034000,0.000000,14.7664
6017,12.036000,0.000000,14.7656
6018,12.038000,0.000000,14.7649
6019,12.040000,0.000000,14.7642
6020,12.042000,0.000000,14.7634
6021,12.044000,0.000000,14.7627
6022,12.046000,0.000000,14.7620
6023,12.048000,0.000000,14.7612
6024,12.050000,0.000000,14.7605
6025,12.052000,0.000000,14.7597
6026,12.054000,0.000000,14.7590
6027,12.056000,0.000000,14.7582
6028,12.058000,0.000000,14.7574
6029,12.060000,0.000000,14.7567
6030,12.062000,0.000000,14.7559
6031,12.064000,0.000000,14.7551
6032,12.066000,0.000000,14.7544
6033,12.068000,0.000000,14.7536
6034,12.070000,0.000000,14.7528
6035,12.072000,0.000000,14.7520
6036,12.074000,0.000000,14.7513
6037,12.076000,0.000000,14.7505
6038,12.078000,0.000000,14.7497
6039,12.080000,0.000000,14.7489
6040,12.082000,0.000000,14.7481
6041,12.084000,0.000000,14.7473
6042,12.086000,0.000000,14.7465
6043,12.088000,0.000000,14.7457
6044,12.090000,0.000000,14.7449
6045,12.092000,0.000000,14.7441
6046,12.094000,0.000000,14.7433
6047,12.096000,0.000000,14.7424
6048,12.098000,0.000000,14.7416
6049,12.100000,0.000000,14.7408
6050,12.102000,0.000000,14.7400
6051,12.104000,0.000000,14.7391
6052,12.106000,0.000000,14.7383
6053,12.108000,0.000000,14.7375
6054,12.110000,0.000000,14.7366
6055,12.112000,0.000000,14.7358
6056,12.114000,0.000000,14.7350
6057,12.116000,0.000000,14.7341
6058,12.118000,0.000000,14.7333
6059,12.120000,0.000000,14.7324
6060,12.122000,0.000000,14.7316
6061,12.124000,0.000000,14.7307
6062,12.126000,0.000000,14.7299
6063,12.128000,0.000000,14.7290
6064,12.130000,0.000000,14.7281
6065,12.132000,0.000000,14.7273
6066,12.134000,0.000000,14.7264
6067,12.136000,0.000000,14.7255
6068,12.138000,0.000000,14.7247
6069,12.140000,0.000000,14.7238
6070,12.142000,0.000000,14.7229
6071,12.144000,0.000000,14.7220
6072,12.146000,0.000000,14.7211
6073,12.148000,0.000000,14.7202
6074,12.150000,0.000000,14.7194
6075,12.152000,0.000000,14.7185
6076,12.154000,0.000000,14.7176
6077,12.156000,0.000000,14.7167
6078,12.158000,0.000000,14.7158
6079,12.160000,0.000000,14.7149
6080,12.162000,0.000000,14.7140
6081,12.164000,0.000000,14.7130
6082,12.166000,0.000000,14.7121
6083,12.168000,0.000000,14.7112
6084,12.170000,0.000000,14.7103
6085,12.172000,0.000000,14.7094
6086,12.174000,0.000000,14.7085
6087,12.176000,0.000000,14.7075
6088,12.178000,0.000000,14.7066
6089,12.180000,0.000000,14.7057
6090,12.182000,0.000000,14.7047
6091,12.184000,0.000000,14.7038
6092,12.186000,0.000000,14.7029
6093,12.188000,0.000000,14.7019
6094,12.190000,0.000000,14.7010
6095,12.192000,0.000000,14.7000
6096,12.194000,0.000000,14.6991
6097,12.196000,0.000000,14.6981
6098,12.198000,0.000000,14.6972
6099,12.200000,0.000000,14.6962
6100,12.202000,0.000000,14.6953
6101,12.204000,0.000000,14.6943
6102,12.206000,0.000000,14.6933
6103,12.208000,0.000000,14.6924
6104,12.210000,0.000000,14.6914
6105,12.212000,0.000000,14.6904
6106,12.214000,0.000000,14.6895
6107,12.216000,0.000000,14.6885
6108,12.218000,0.000000,14.6875
6109,12.220000,0.000000,14.6865
6110,12.222000,0.000000,14.6855
6111,12.224000,0.000000,14.6846
6112,12.226000,0.000000,14.6836
6113,12.228000,0.000000,14.6826
6114,12.230000,0.000000,14.6816
6115,12.232000,0.000000,14.6806
6116,12.234000,0.000000,14.6796
6117,12.236000,0.000000,14.6786
6118,12.238000,0.000000,14.6776
6119,12.240000,0.000000,14.6766
6120,12.242000,0.000000,14.6756
6121,12.244000,0.000000,14.6746
6122,12.246000,0.000000,14.6735
6123,12.248000,0.000000,14.6725
6124,12.250000,0.000000,14.6715
6125,12.252000,0.000000,14.6705
6126,12.254000,0.000000,14.6695
6127,12.256000,0.000000,14.6684
6128,12.258000,0.000000,14.6674
6129,12.260000,0.000000,14.6664
6130,12.262000,0.000000,14.6654
6131,12.264000,0.000000,14.6643
6132,12.266000,0.000000,14.6633
6133,12.268000,0.000000,14.6623
6134,12.270000,0.000000,14.6612
6135,12.272000,0.000000,14.6602
6136,12.274000,0.000000,14.6591
6137,12.276000,0.000000,14.6581
6138,12.278000,0.000000,14.6570
6139,12.280000,0.000000,14.6560
6140,12.282000,0.000000,14.6549
6141,12.284000,0.000000,14.6539
6142,12.286000,0.000000,14.6528
6143,12.288000,0.000000,14.6517
6144,12.290000,0.000000,14.6507
6145,12.292000,0.000000,14.6496
6146,12.294000,0.000000,14.6485
6147,12.296000,0.000000,14.6475
6148,12.298000,0.000000,14.6464
6149,12.300000,0.000000,14.6453
6150,12.302000,0.000000,14.6442
6151,12.304000,0.000000,14.6432
6152,12.306000,0.000000,14.6421
6153,12.308000,0.000000,14.6410
6154,12.310000,0.000000,14.6399
6155,12.312000,0.000000,14.6388
6156,12.314000,0.000000,14.6377
6157,12.316000,0.000000,14.6366
6158,12.318000,0.000000,14.6356
6159,12.320000,0.000000,14.6345
6160,12.322000,0.000000,14.6334
6161,12.324000,0.000000,14.6323
6162,12.326000,0.000000,14.6312
6163,12.328000,0.000000,14.6301
6164,12.330000,0.000000,14.6289
6165,12.332000,0.000000,14.6278
6166,12.334000,0.000000,14.6267
6167,12.336000,0.000000,14.6256
6168,12.338000,0.000000,14.6245
6169,12.340000,0.000000,14.6234
6170,12.342000,0.000000,14.6223
6171,12.344000,0.000000,14.6212
6172,12.346000,0.000000,14.6200
6173,12.348000,0.000000,14.6189
6174,12.350000,0.000000,14.6178
6175,12.352000,0.000000,14.6167
6176,12.354000,0.000000,14.6155
6177,12.356000,0.000000,14.6144
6178,12.358000,0.000000,14.6133
6179,12.360000,0.000000,14.6121
6180,12.362000,0.000000,14.6110
6181,12.364000,0.000000,14.6098
6182,12.366000,0.000000,14.6087
6183,12.368000,0.000000,14.6076
6184,12.370000,0.000000,14.6064
6185,12.372000,0.000000,14.6053
6186,12.374000,0.000000,14.6041
6187,12.376000,0.000000,14.6030
6188,12.378000,0.000000,14.6018
6189,12.380000,0.000000,14.6007
6190,12.382000,0.000000,14.5995
6191,12.384000,0.000000,14.5984
6192,12.386000,0.000000,14.5972
6193,12.388000,0.000000,14.5960
6194,12.390000,0.000000,14.5949
6195,12.392000,0.000000,14.5937
6196,12.394000,0.000000,14.5925
6197,12.396000,0.000000,14.5914
6198,12.398000,0.000000,14.5902
6199,12.400000,0.000000,14.5890
6200,12.402000,0.000000,14.5879
6201,12.404000,0.000000,14.5867
6202,12.406000,0.000000,14.5855
6203,12.408000,0.000000,14.5843
6204,12.410000,0.000000,14.5832
6205,12.412000,0.000000,14.5820
6206,12.414000,0.000000,14.5808
6207,12.416000,0.000000,14.5796
6208,12.418000,0.000000,14.5784
6209,12.420000,0.000000,14.5772
6210,12.422000,0.000000,14.5760
6211,12.424000,0.000000,14.5749
6212,12.426000,0.000000,14.5737
6213,12.428000,0.000000,14.5725
6214,12.430000,0.000000,14.5713
6215,12.432000,0.000000,14.5701
6216,12.434000,0.000000,14.5689
6217,12.436000,0.000000,14.5677
6218,12.438000,0.000000,14.5665
6219,12.440000,0.000000,14.5653
6220,12.442000,0.000000,14.5641
6221,12.444000,0.000000,14.5629
6222,12.446000,0.000000,14.5617
6223,12.448000,0.000000,14.5605
6224,12.450000,0.000000,14.5593
6225,12.452000,0.000000,14.5580
6226,12.454000,0.000000,14.5568
6227,12.456000,0.000000,14.5556
6228,12.458000,0.000000,14.5544
6229,12.460000,0.000000,14.5532
6230,12.462000,0.000000,14.5520
6231,12.464000,0.000000,14.5508
6232,12.466000,0.000000,14.5495
6233,12.468000,0.000000,14.5483
6234,12.470000,0.000000,14.5471
6235,12.472000,0.000000,14.5459
6236,12.474000,0.000000,14.5446
6237,12.476000,0.000000,14.5434
6238,12.478000,0.000000,14.5422
6239,12.480000,0.000000,14.5410
6240,12.482000,0.000000,14.5397
6241,12.484000,0.000000,14.5385
6242,12.486000,0.000000,14.5373
6243,12.488000,0.000000,14.5360
6244,12.490000,0.000000,14.5348
6245,12.492000,0.000000,14.5336
6246,12.494000,0.000000,14.5323
6247,12.496000,0.000000,14.5311
6248,12.498000,0.000000,14.5299
6249,12.500000,0.000000,14.5286
6250,12.502000,0.000000,14.5274
6251,12.504000,0.000000,14.5261
6252,12.506000,0.000000,14.5249
6253,12.508000,0.000000,14.5236
6254,12.510000,0.000000,14.5224
6255,12.512000,0.000000,14.5212
6256,12.514000,0.000000,14.5199
6257,12.516000,0.000000,14.5187
6258,12.518000,0.000000,14.5174
6259,12.520000,0.000000,14.5162
6260,12.522000,0.000000,14.5149
6261,12.524000,0.000000,14.5137
6262,12.526000,0.000000,14.5124
6263,12.528000,0.000000,14.5111
6264,12.530000,0.000000,14.5099
6265,12.532000,0.000000,14.5086
6266,12.534000,0.000000,14.5074
6267,12.536000,0.000000,14.5061
6268,12.538000,0.000000,14.5049
6269,12.540000,0.000000,14.5036
6270,12.542000,0.000000,14.5023
6271,12.544000,0.000000,14.5011
6272,12.546000,0.000000,14.4998
6273,12.548000,0.000000,14.4986
6274,12.550000,0.000000,14.4973
6275,12.552000,0.000000,14.4960
6276,12.554000,0.000000,14.4948
6277,12.556000,0.000000,14.4935
6278,12.558000,0.000000,14.4922
6279,12.560000,0.000000,14.4910
6280,12.562000,0.000000,14.4897
6281,12.564000,0.000000,14.4884
6282,12.566000,0.000000,14.4872
6283,12.568000,0.000000,14.4859
6284,12.570000,0.000000,14.4846
6285,12.572000,0.000000,14.4834
6286,12.574000,0.000000,14.4821
6287,12.576000,0.000000,14.4808
6288,12.578000,0.000000,14.4796
6289,12.580000,0.000000,14.4783
6290,12.582000,0.000000,14.4770
6291,12.584000,0.000000,14.4757
6292,12.586000,0.000000,14.4745
6293,12.588000,0.000000,14.4732
6294,12.590000,0.000000,14.4719
6295,12.592000,0.000000,14.4706
6296,12.594000,0.000000,14.4694
6297,12.596000,0.000000,14.4681
6298,12.598000,0.000000,14.4668
6299,12.600000,0.000000,14.4655
6300,12.602000,0.000000,14.4643
6301,12.604000,0.000000,14.4630
6302,12.606000,0.000000,14.4617
6303,12.608000,0.000000,14.4604
6304,12.610000,0.000000,14.4591
6305,12.612000,0.000000,14.4579
6306,12.614000,0.000000,14.4566
6307,12.616000,0.000000,14.4553
6308,12.618000,0.000000,14.4540
6309,12.620000,0.000000,14.4527
6310,12.622000,0.000000,14.4515
6311,12.624000,0.000000,14.4502
6312,12.626000,0.000000,14.4489
6313,12.628000,0.000000,14.4476
6314,12.630000,0.000000,14.4463
6315,12.632000,0.000000,14.4450
6316,12.634000,0.000000,14.4438
6317,12.636000,0.000000,14.4425
6318,12.638000,0.000000,14.4412
6319,12.640000,0.000000,14.4399
6320,12.642000,0.000000,14.4386
6321,12.644000,0.000000,14.4374
6322,12.646000,0.000000,14.4361
6323,12.648000,0.000000,14.4348
6324,12.650000,0.000000,14.4335
6325,12.652000,0.000000,14.4322
6326,12.654000,0.000000,14.4309
6327,12.656000,0.000000,14.4297
6328,12.658000,0.000000,14.4284
6329,12.660000,0.000000,14.4271
6330,12.662000,0.000000,14.4258
6331,12.664000,0.000000,14.4245
6332,12.666000,0.000000,14.4232
6333,12.668000,0.000000,14.4220
6334,12.670000,0.000000,14.4207
6335,12.672000,0.000000,14.4194
6336,12.674000,0.000000,14.4181
6337,12.676000,0.000000,14.4168
6338,12.678000,0.000000,14.4155
6339,12.680000,0.000000,14.4143
6340,12.682000,0.000000,14.4130
6341,12.684000,0.000000,14.4117
6342,12.686000,0.000000,14.4104
6343,12.688000,0.000000,14.4091
6344,12.690000,0.000000,14.4078
6345,12.692000,0.000000,14.4066
6346,12.694000,0.000000,14.4053
6347,12.696000,0.000000,14.4040
6348,12.698000,0.000000,14.4027
6349,12.700000,0.000000,14.4014
6350,12.702000,0.000000,14.4002
6351,12.704000,0.000000,14.3989
6352,12.706000,0.000000,14.3976
6353,12.708000,0.000000,14.3963
6354,12.710000,0.000000,14.3950
6355,12.712000,0.000000,14.3938
6356,12.714000,0.000000,14.3925
6357,12.716000,0.000000,14.3912
6358,12.718000,0.000000,14.3899
6359,12.720000,0.000000,14.3886
6360,12.722000,0.000000,14.3874
6361,12.724000,0.000000,14.3861
6362,12.726000,0.000000,14.3848
6363,12.728000,0.000000,14.3835
6364,12.730000,0.000000,14.3823
6365,12.732000,0.000000,14.3810
6366,12.734000,0.000000,14.3797
6367,12.736000,0.000000,14.3784
6368,12.738000,0.000000,14.3772
6369,12.740000,0.000000,14.3759
6370,12.742000,0.000000,14.3746
6371,12.744000,0.000000,14.3734
6372,12.746000,0.000000,14.3721
6373,12.748000,0.000000,14.3708
6374,12.750000,0.000000,14.3696
6375,12.752000,0.000000,14.3683
6376,12.754000,0.000000,14.3670
6377,12.756000,0.000000,14.3657
6378,12.758000,0.000000,14.3645
6379,12.760000,0.000000,14.3632
6380,12.762000,0.000000,14.3620
6381,12.764000,0.000000,14.3607
6382,12.766000,0.000000,14.3594
6383,12.768000,0.000000,14.3582
6384,12.770000,0.000000,14.3569
6385,12.772000,0.000000,14.3556
6386,12.774000,0.000000,14.3544
6387,12.776000,0.000000,14.3531
6388,12.778000,0.000000,14.3519
6389,12.780000,0.000000,14.3506
6390,12.782000,0.000000,14.3493
6391,12.784000,0.000000,14.3481
6392,12.786000,0.000000,14.3468
6393,12.788000,0.000000,14.3456
6394,12.790000,0.000000,14.3443
6395,12.792000,0.000000,14.3431
6396,12.794000,0.000000,14.3418
6397,12.796000,0.000000,14.3406
6398,12.798000,0.000000,14.3393
6399,12.800000,0.000000,14.3381
6400,12.802000,0.000000,14.3368
6401,12.804000,0.000000,14.3356
6402,12.806000,0.000000,14.3343
6403,12.808000,0.000000,14.3331
6404,12.810000,0.000000,14.3318
6405,12.812000,0.000000,14.3306
6406,12.814000,0.000000,14.3294
6407,12.816000,0.000000,14.3281
6408,12.818000,0.000000,14.3269
6409,12.820000,0.000000,14.3256
6410,12.822000,0.000000,14.3244
6411,12.824000,0.000000,14.3232
6412,12.826000,0.000000,14.3219
6413,12.828000,0.000000,14.3207
6414,12.830000,0.000000,14.3195
6415,12.832000,0.000000,14.3182
6416,12.834000,0.000000,14.3170
6417,12.836000,0.000000,14.3158
6418,12.838000,0.000000,14.3145
6419,12.840000,0.000000,14.3133
6420,12.842000,0.000000,14.3121
6421,12.844000,0.000000,14.3109
6422,12.846000,0.000000,14.3096
6423,12.848000,0.000000,14.3084
6424,12.850000,0.000000,14.3072
6425,12.852000,0.000000,14.3060
6426,12.854000,0.000000,14.3048
6427,12.856000,0.000000,14.3035
6428,12.858000,0.000000,14.3023
6429,12.860000,0.000000,14.3011
6430,12.862000,0.000000,14.2999
6431,12.864000,0.000000,14.2987
6432,12.866000,0.000000,14.2975
6433,12.868000,0.000000,14.2963
6434,12.870000,0.000000,14.2951
6435,12.872000,0.000000,14.2939
6436,12.874000,0.000000,14.2927
6437,12.876000,0.000000,14.2915
6438,12.878000,0.000000,14.2903
6439,12.880000,0.000000,14.2891
6440,12.882000,0.000000,14.2879
6441,12.884000,0.000000,14.2867
6442,12.886000,0.000000,14.2855
6443,12.888000,0.000000,14.2843
6444,12.890000,0.000000,14.2831
6445,12.892000,0.000000,14.2819
6446,12.894000,0.000000,14.2807
6447,12.896000,0.000000,14.2795
6448,12.898000,0.000000,14.2783
6449,12.900000,0.000000,14.2772
6450,12.902000,0.000000,14.2760
6451,12.904000,0.000000,14.2748
6452,12.906000,0.000000,14.2736
6453,12.908000,0.000000,14.2724
6454,12.910000,0.000000,14.2713
6455,12.912000,0.000000,14.2701
6456,12.914000,0.000000,14.2689
6457,12.916000,0.000000,14.2677
6458,12.918000,0.000000,14.2666
6459,12.920000,0.000000,14.2654
6460,12.922000,0.000000,14.2642
6461,12.924000,0.000000,14.2631
6462,12.926000,0.000000,14.2619
6463,12.928000,0.000000,14.2608
6464,12.930000,0.000000,14.2596
6465,12.932000,0.000000,14.2584
6466,12.934000,0.000000,14.2573
6467,12.936000,0.000000,14.2561
6468,12.938000,0.000000,14.2550
6469,12.940000,0.000000,14.2538
6470,12.942000,0.000000,14.2527
6471,12.944000,0.000000,14.2515
6472,12.946000,0.000000,14.2504
6473,12.948000,0.000000,14.2493
6474,12.950000,0.000000,14.2481
6475,12.952000,0.000000,14.2470
6476,12.954000,0.000000,14.2458
6477,12.956000,0.000000,14.2447
6478,12.958000,0.000000,14.2436
6479,12.960000,0.000000,14.2425
6480,12.962000,0.000000,14.2413
6481,12.964000,0.000000,14.2402
6482,12.966000,0.000000,14.2391
6483,12.968000,0.000000,14.2380
6484,12.970000,0.000000,14.2368
6485,12.972000,0.000000,14.2357
6486,12.974000,0.000000,14.2346
6487,12.976000,0.000000,14.2335
6488,12.978000,0.000000,14.2324
6489,12.980000,0.000000,14.2313
6490,12.982000,0.000000,14.2302
6491,12.984000,0.000000,14.2291
6492,12.986000,0.000000,14.2280
6493,12.988000,0.000000,14.2269
6494,12.990000,0.000000,14.2258
6495,12.992000,0.000000,14.2247
6496,12.994000,0.000000,14.2236
6497,12.996000,0.000000,14.2225
6498,12.998000,0.000000,14.2214
6499,13.000000,0.000000,14.2203
6500,13.002000,0.000000,14.2192
6501,13.004000,0.000000,14.2181
6502,13.006000,0.000000,14.2170
6503,13.008000,0.000000,14.2160
6504,13.010000,0.000000,14.2149
6505,13.012000,0.000000,14.2138
6506,13.014000,0.000000,14.2127
6507,13.016000,0.000000,14.2117
6508,13.018000,0.000000,14.2106
6509,13.020000,0.000000,14.2095
6510,13.022000,0.000000,14.2085
6511,13.024000,0.000000,14.2074
6512,13.026000,0.000000,14.2064
6513,13.028000,0.000000,14.2053
6514,13.030000,0.000000,14.2043
6515,13.032000,0.000000,14.2032
6516,13.034000,0.000000,14.2022
6517,13.036000,0.000000,14.2011
6518,13.038000,0.000000,14.2001
6519,13.040000,0.000000,14.1990
6520,13.042000,0.000000,14.1980
6521,13.044000,0.000000,14.1969
6522,13.046000,0.000000,14.1959
6523,13.048000,0.000000,14.1949
6524,13.050000,0.000000,14.1939
6525,13.052000,0.000000,14.1928
6526,13.054000,0.000000,14.1918
6527,13.056000,0.000000,14.1908
6528,13.058000,0.000000,14.1898
6529,13.060000,0.000000,14.1887
6530,13.062000,0.000000,14.1877
6531,13.064000,0.000000,14.1867
6532,13.066000,0.000000,14.1857
6533,13.068000,0.000000,14.1847
6534,13.070000,0.000000,14.1837
6535,13.072000,0.000000,14.1827
6536,13.074000,0.000000,14.1817
6537,13.076000,0.000000,14.1807
6538,13.078000,0.000000,14.1797
6539,13.080000,0.000000,14.1787
6540,13.082000,0.000000,14.1777
6541,13.084000,0.000000,14.1767
6542,13.086000,0.000000,14.1758
6543,13.088000,0.000000,14.1748
6544,13.090000,0.000000,14.1738
6545,13.092000,0.000000,14.1728
6546,13.094000,0.000000,14.1719
6547,13.096000,0.000000,14.1709
6548,13.098000,0.000000,14.1699
6549,13.100000,0.000000,14.1690
6550,13.102000,0.000000,14.1680
6551,13.104000,0.000000,14.1670
6552,13.106000,0.000000,14.1661
6553,13.108000,0.000000,14.1651
6554,13.110000,0.000000,14.1642
6555,13.112000,0.000000,14.1632
6556,13.114000,0.000000,14.1623
6557,13.116000,0.000000,14.1613
6558,13.118000,0.000000,14.1604
6559,13.120000,0.000000,14.1595
6560,13.122000,0.000000,14.1585
6561,13.124000,0.000000,14.1576
6562,13.126000,0.000000,14.1567
6563,13.128000,0.000000,14.1557
6564,13.130000,0.000000,14.1548
6565,13.132000,0.000000,14.1539
6566,13.134000,0.000000,14.1530
6567,13.136000,0.000000,14.1521
6568,13.138000,0.000000,14.1511
6569,13.140000,0.000000,14.1502
6570,13.142000,0.000000,14.1493
6571,13.144000,0.000000,14.1484
6572,13.146000,0.000000,14.1475
6573,13.148000,0.000000,14.1466
6574,13.150000,0.000000,14.1457
6575,13.152000,0.000000,14.1448
6576,13.154000,0.000000,14.1440
6577,13.156000,0.000000,14.1431
6578,13.158000,0.000000,14.1422
6579,13.160000,0.000000,14.1413
6580,13.162000,0.000000,14.1404
6581,13.164000,0.000000,14.1396
6582,13.166000,0.000000,14.1387
6583,13.168000,0.000000,14.1378
6584,13.170000,0.000000,14.1370
6585,13.172000,0.000000,14.1361
6586,13.174000,0.000000,14.1352
6587,13.176000,0.000000,14.1344
6588,13.178000,0.000000,14.1335
6589,13.180000,0.000000,14.1327
6590,13.182000,0.000000,14.1318
6591,13.184000,0.000000,14.1310
6592,13.186000,0.000000,14.1301
6593,13.188000,0.000000,14.1293
6594,13.190000,0.000000,14.1285
6595,13.192000,0.000000,14.1276
6596,13.194000,0.000000,14.1268
6597,13.196000,0.000000,14.1260
6598,13.198000,0.000000,14.1252
6599,13.200000,0.000000,14.1243
6600,13.202000,0.000000,14.1235
6601,13.204000,0.000000,14.1227
6602,13.206000,0.000000,14.1219
6603,13.208000,0.000000,14.1211
6604,13.210000,0.000000,14.1203
6605,13.212000,0.000000,14.1195
6606,13.214000,0.000000,14.1187
6607,13.216000,0.000000,14.1179
6608,13.218000,0.000000,14.1171
6609,13.220000,0.000000,14.1163
6610,13.222000,0.000000,14.1155
6611,13.224000,0.000000,14.1148
6612,13.226000,0.000000,14.1140
6613,13.228000,0.000000,14.1132
6614,13.230000,0.000000,14.1124
6615,13.232000,0.000000,14.1117
6616,13.234000,0.000000,14.1109
6617,13.236000,0.000000,14.1101
6618,13.238000,0.000000,14.1094
6619,13.240000,0.000000,14.1086
6620,13.242000,0.000000,14.1079
6621,13.244000,0.000000,14.1071
6622,13.246000,0.000000,14.1064
6623,13.248000,0.000000,14.1056
6624,13.250000,0.000000,14.1049
6625,13.252000,0.000000,14.1041
6626,13.254000,0.000000,14.1034
6627,13.256000,0.000000,14.1027
6628,13.258000,0.000000,14.1020
6629,13.260000,0.000000,14.1012
6630,13.262000,0.000000,14.1005
6631,13.264000,0.000000,14.0998
6632,13.266000,0.000000,14.0991
6633,13.268000,0.000000,14.0984
6634,13.270000,0.000000,14.0977
6635,13.272000,0.000000,14.0970
6636,13.274000,0.000000,14.0963
6637,13.276000,0.000000,14.0956
6638,13.278000,0.000000,14.0949
6639,13.280000,0.000000,14.0942
6640,13.282000,0.000000,14.0935
6641,13.284000,0.000000,14.0928
6642,13.286000,0.000000,14.0921
6643,13.288000,0.000000,14.0915
6644,13.290000,0.000000,14.0908
6645,13.292000,0.000000,14.0901
6646,13.294000,0.000000,14.0894
6647,13.296000,0.000000,14.0888
6648,13.298000,0.000000,14.0881
6649,13.300000,0.000000,14.0875
6650,13.302000,0.000000,14.0868
6651,13.304000,0.000000,14.0862
6652,13.306000,0.000000,14.0855
6653,13.308000,0.000000,14.0849
6654,13.310000,0.000000,14.0842
6655,13.312000,0.000000,14.0836
6656,13.314000,0.000000,14.0830
6657,13.316000,0.000000,14.0823
6658,13.318000,0.000000,14.0817
6659,13.320000,0.000000,14.0811
6660,13.322000,0.000000,14.0805
6661,13.324000,0.000000,14.0798
6662,13.326000,0.000000,14.0792
6663,13.328000,0.000000,14.0786
6664,13.330000,0.000000,14.0780
6665,13.332000,0.000000,14.0774
6666,13.334000,0.000000,14.0768
6667,13.336000,0.000000,14.0762
6668,13.338000,0.000000,14.0756
6669,13.340000,0.000000,14.0750
6670,13.342000,0.000000,14.0745
6671,13.344000,0.000000,14.0739
6672,13.346000,0.000000,14.0733
6673,13.348000,0.000000,14.0727
6674,13.350000,0.000000,14.0722
6675,13.352000,0.000000,14.0716
6676,13.354000,0.000000,14.0710
6677,13.356000,0.000000,14.0705
6678,13.358000,0.000000,14.0699
6679,13.360000,0.000000,14.0694
6680,13.362000,0.000000,14.0688
6681,13.364000,0.000000,14.0683
6682,13.366000,0.000000,14.0677
6683,13.368000,0.000000,14.0672
6684,13.370000,0.000000,14.0667
6685,13.372000,0.000000,14.0661
6686,13.374000,0.000000,14.0656
6687,13.376000,0.000000,14.0651
6688,13.378000,0.000000,14.0646
6689,13.380000,0.000000,14.0640
6690,13.382000,0.000000,14.0635
6691,13.384000,0.000000,14.0630
6692,13.386000,0.000000,14.0625
6693,13.388000,0.000000,14.0620
6694,13.390000,0.000000,14.0615
6695,13.392000,0.000000,14.0610
6696,13.394000,0.000000,14.0605
6697,13.396000,0.000000,14.0600
6698,13.398000,0.000000,14.0595
6699,13.400000,0.000000,14.0591
6700,13.402000,0.000000,14.0586
6701,13.404000,0.000000,14.0581
6702,13.406000,0.000000,14.0576
6703,13.408000,0.000000,14.0572
6704,13.410000,0.000000,14.0567
6705,13.412000,0.328226,14.0408
6706,13.414000,0.749955,14.0175
6707,13.416000,1.357226,13.9929
6708,13.418000,2.117160,13.9686
6709,13.420000,3.006608,13.9393
6710,13.422000,4.005409,13.8988
6711,13.424000,5.089453,13.8450
6712,13.426000,6.215787,13.7836
6713,13.428000,7.309495,13.7281
6714,13.430000,8.305789,13.6876
6715,13.432000,9.184912,13.6596
6716,13.434000,9.974052,13.6325
6717,13.436000,10.700991,13.5985
6718,13.438000,11.352057,13.5632
6719,13.440000,11.900001,13.5376
6720,13.442000,12.343423,13.5256
6721,13.444000,12.714373,13.5221
6722,13.446000,13.069186,13.5173
6723,13.448000,13.455249,13.5052
6724,13.450000,13.886793,13.4876
6725,13.452000,14.355961,13.4707
6726,13.454000,14.854531,13.4581
6727,13.456000,15.388319,13.4484
6728,13.458000,15.982838,13.4360
6729,13.460000,16.880623,13.4062
6730,13.462000,17.946111,13.3676
6731,13.464000,19.183894,13.3302
6732,13.466000,20.568539,13.2962
6733,13.468000,22.161941,13.2540
6734,13.470000,24.068996,13.1892
6735,13.472000,26.285220,13.1060
6736,13.474000,28.657868,13.0272
6737,13.476000,31.071943,12.9643
6738,13.478000,33.670461,12.8954
6739,13.480000,36.678620,12.7936
6740,13.482000,40.056318,12.6689
6741,13.484000,43.376325,12.5715
6742,13.486000,46.558121,12.5032
6743,13.488000,50.086685,12.4071
6744,13.490000,54.345725,12.2485
6745,13.492000,58.599850,12.1105
6746,13.494000,62.145921,12.0549
6747,13.496000,65.953567,11.9768
6748,13.498000,71.150452,11.7742
6749,13.500000,76.209928,11.6070
6750,13.502000,79.531514,11.6056
6751,13.504000,83.534236,11.5378
6752,13.506000,90.233164,11.2364
6753,13.508000,95.470920,11.0970
6754,13.510000,97.524684,11.2180
6755,13.512000,102.475777,11.0827
6756,13.514000,110.865555,10.6694
6757,13.516000,115.024153,10.6538
6758,13.518000,115.665712,10.8831
6759,13.520000,123.276406,10.5429
6760,13.522000,131.871430,10.1658
6761,13.524000,131.887083,10.4509
6762,13.526000,134.738437,10.4962
6763,13.528000,144.447784,10.0026
6764,13.530000,153.143357,9.6950
6765,13.532000,149.877630,10.2035
6766,13.534000,153.319422,10.1892
6767,13.536000,163.230158,9.6831
6768,13.538000,172.248866,9.3713
6769,13.540000,170.060985,9.8122
6770,13.542000,176.475335,9.6459
6771,13.544000,186.429767,9.2413
6772,13.546000,190.402896,9.2922
6773,13.548000,186.758398,9.7311
6774,13.550000,198.212569,9.1839
6775,13.552000,208.004707,8.8470
6776,13.554000,214.715432,8.8200
6777,13.556000,205.151605,9.5821
6778,13.558000,217.746906,8.9772
6779,13.560000,228.026923,8.6088
6780,13.562000,238.914798,8.3786
6781,13.564000,226.957920,9.2730
6782,13.566000,240.380307,8.6943
6783,13.568000,251.257463,8.3390
6784,13.570000,260.395133,8.2254
6785,13.572000,244.639349,9.2144
6786,13.574000,258.821119,8.5573
6787,13.576000,270.151820,8.1662
6788,13.578000,282.287958,7.9289
6789,13.580000,269.740971,8.8019
6790,13.582000,284.286099,8.2410
6791,13.584000,296.247927,7.9022
6792,13.586000,308.881888,7.6917
6793,13.588000,284.274640,8.9728
6794,13.590000,299.844680,8.2730
6795,13.592000,311.831232,7.8696
6796,13.594000,324.828811,7.6360
6797,13.596000,338.189246,7.4852
6798,13.598000,307.884138,8.9151
6799,13.600000,323.865688,8.1996
6800,13.602000,335.826530,7.7975
6801,13.604000,348.917171,7.5743
6802,13.606000,362.343274,7.4394
6803,13.608000,343.272798,8.4362
6804,13.610000,358.101129,7.9179
6805,13.612000,369.813618,7.6287
6806,13.614000,382.187790,7.4711
6807,13.616000,394.519502,7.3803
6808,13.618000,353.960842,8.9246
6809,13.620000,368.544250,8.2397
6810,13.622000,378.724862,7.8818
6811,13.624000,390.278888,7.7092
6812,13.626000,402.125385,7.6299
6813,13.628000,413.602820,7.5969
6814,13.630000,424.332044,7.5877
6815,13.632000,434.092210,7.5927
6816,13.634000,414.985736,8.3682
6817,13.636000,424.242172,8.0792
6818,13.638000,430.820663,7.9509
6819,13.640000,437.689887,7.9163
6820,13.642000,444.174612,7.9323
6821,13.644000,449.888430,7.9770
6822,13.646000,454.638781,8.0396
6823,13.648000,458.344506,8.1151
6824,13.650000,460.989713,8.2011
6825,13.652000,462.598667,8.2964
6826,13.654000,463.221885,8.4003
6827,13.656000,462.928064,8.5121
6828,13.658000,461.799068,8.6312
6829,13.660000,459.926499,8.7570
6830,13.662000,457.409144,8.8885
6831,13.664000,454.350940,9.0251
6832,13.666000,450.859286,9.1657
6833,13.668000,447.043608,9.3094
6834,13.670000,443.014128,9.4553
6835,13.672000,438.880753,9.6024
6836,13.674000,434.752035,9.7500
6837,13.676000,430.734088,9.8972
6838,13.678000,426.929388,10.0433
6839,13.680000,423.435304,10.1877
6840,13.682000,420.342262,10.3298
6841,13.684000,417.731400,10.4695
6842,13.686000,415.671595,10.6065
6843,13.688000,414.215776,10.7409
6844,13.690000,413.396495,10.8729
6845,13.692000,413.220817,11.0031
6846,13.694000,413.664776,11.1320
6847,13.696000,414.667855,11.2606
6848,13.698000,416.128293,11.3899
6849,13.700000,417.900411,11.5210
6850,13.702000,419.795572,11.6549
6851,13.704000,421.588718,11.7927
6852,13.706000,423.032459,11.9351
6853,13.708000,423.880077,12.0822
6854,13.710000,423.917253,12.2340
6855,13.712000,422.999469,12.3896
6856,13.714000,421.088019,12.5477
6857,13.716000,418.273238,12.7069
6858,13.718000,414.770958,12.8657
6859,13.720000,410.880997,13.0231
6860,13.722000,406.908738,13.1788
6861,13.724000,403.073713,13.3333
6862,13.726000,399.452239,13.4873
6863,13.728000,395.996388,13.6414
6864,13.730000,392.616210,13.7958
6865,13.732000,389.249528,13.9502
6866,13.734000,385.868646,14.1044
6867,13.736000,382.458281,14.2579
6868,13.738000,379.006246,14.4106
6869,13.740000,375.503408,14.5624
6870,13.742000,371.943673,14.7128
6871,13.744000,368.323429,14.8620
6872,13.746000,364.640987,15.0095
6873,13.748000,360.896115,15.1553
6874,13.750000,357.089649,15.2993
6875,13.752000,353.223192,15.4412
6876,13.754000,349.298876,15.5810
6877,13.756000,345.319173,15.7185
6878,13.758000,341.286758,15.8536
6879,13.760000,337.204404,15.9861
6880,13.762000,333.074904,16.1160
6881,13.764000,328.901016,16.2430
6882,13.766000,324.685425,16.3670
6883,13.768000,320.430716,16.4881
6884,13.770000,316.139357,16.6059
6885,13.772000,311.813690,16.7204
6886,13.774000,307.455927,16.8316
6887,13.776000,303.068145,16.9392
6888,13.778000,298.652293,17.0433
6889,13.780000,294.210188,17.1436
6890,13.782000,289.743524,17.2401
6891,13.784000,285.253872,17.3327
6892,13.786000,280.742692,17.4213
6893,13.788000,276.211328,17.5058
6894,13.790000,271.661023,17.5862
6895,13.792000,267.092918,17.6622
6896,13.794000,262.508072,17.7340
6897,13.796000,257.907455,17.8013
6898,13.798000,253.291951,17.8641
6899,13.800000,248.662355,17.9223
6900,13.802000,244.019380,17.9760
6901,13.804000,239.363660,18.0249
6902,13.806000,234.695749,18.0690
6903,13.808000,230.016132,18.1083
6904,13.810000,225.325483,18.1427
6905,13.812000,220.624770,18.1722
6906,13.814000,215.914709,18.1967
6907,13.816000,210.016711,18.1715
6908,13.818000,194.156199,17.7741
6909,13.820000,189.188657,17.8872
6910,13.822000,185.121778,18.0102
6911,13.824000,181.065848,18.0634
6912,13.826000,177.120444,18.0782
6913,13.828000,173.194245,18.0730
6914,13.830000,169.242651,18.0571
6915,13.832000,165.247054,18.0352
6916,13.834000,161.201264,18.0091
6917,13.836000,157.104575,17.9795
6918,13.838000,152.958424,17.9463
6919,13.840000,148.764406,17.9094
6920,13.842000,144.523538,17.8683
6921,13.844000,140.236244,17.8225
6922,13.846000,135.902406,17.7718
6923,13.848000,131.521540,17.7158
6924,13.850000,127.092971,17.6543
6925,13.852000,122.615995,17.5870
6926,13.854000,118.090001,17.5138
6927,13.856000,113.514572,17.4346
6928,13.858000,108.889555,17.3491
6929,13.860000,104.215106,17.2575
6930,13.862000,99.491726,17.1595
6931,13.864000,94.720273,17.0552
6932,13.866000,89.901969,16.9447
6933,13.868000,85.038399,16.8277
6934,13.870000,80.131500,16.7046
6935,13.872000,75.183550,16.5752
6936,13.874000,70.197155,16.4397
6937,13.876000,65.175233,16.2981
6938,13.878000,60.120997,16.1507
6939,13.880000,55.037944,15.9974
6940,13.882000,49.929840,15.8386
6941,13.884000,44.800710,15.6743
6942,13.886000,39.654832,15.5047
6943,13.888000,34.496728,15.3302
6944,13.890000,29.331166,15.1509
6945,13.892000,24.163158,14.9671
6946,13.894000,18.997970,14.7791
6947,13.896000,13.841148,14.5871
6948,13.898000,8.775436,14.3951
6949,13.900000,3.931340,14.2100
6950,13.902000,0.000000,14.0645
6951,13.904000,0.000000,14.1050
6952,13.906000,0.000000,14.1862
6953,13.908000,0.325698,14.2267
6954,13.910000,1.296539,14.2487
6955,13.912000,2.261616,14.2618
6956,13.914000,3.153393,14.2957
6957,13.916000,3.794158,14.3200
6958,13.918000,4.117732,14.2927
6959,13.920000,4.165955,14.2434
6960,13.922000,3.939101,14.2023
6961,13.924000,3.394255,14.1632
6962,13.926000,2.607199,14.1347
6963,13.928000,1.696236,14.1272
6964,13.930000,0.644172,14.1144
6965,13.932000,0.000000,14.1039
6966,13.934000,0.000000,14.1084
6967,13.936000,0.000000,14.0829
6968,13.938000,0.000000,14.0468
6969,13.940000,0.000000,14.0271
6970,13.942000,0.000000,14.0175
6971,13.944000,0.000000,14.0219
6972,13.946000,0.000000,14.0426
6973,13.948000,0.000000,14.0680
6974,13.950000,0.000000,14.0815
6975,13.952000,0.000000,14.0762
6976,13.954000,0.000000,14.0612
6977,13.956000,0.000000,14.0496
6978,13.958000,0.000000,14.0462
6979,13.960000,0.000000,14.0505
6980,13.962000,0.000000,14.0592
6981,13.964000,0.000000,14.0673
6982,13.966000,0.000000,14.0705
6983,13.968000,0.000000,14.0681
6984,13.970000,0.000000,14.0635
6985,13.972000,0.000000,14.0600
6986,13.974000,0.000000,14.0596
6987,13.976000,0.000000,14.0619
6988,13.978000,0.000000,14.0655
6989,13.980000,0.000000,14.0683
6990,13.982000,0.000000,14.0693
6991,13.984000,0.000000,14.0686
6992,13.986000,0.000000,14.0674
6993,13.988000,0.000000,14.0667
6994,13.990000,0.000000,14.0671
6995,13.992000,0.000000,14.0684
6996,13.994000,0.000000,14.0700
6997,13.996000,0.000000,14.0713
6998,13.998000,0.000000,14.0719
6999,14.000000,0.000000,14.0719
7000,14.002000,0.000000,14.0719
7001,14.004000,0.000000,14.0721
7002,14.006000,0.000000,14.0727
7003,14.008000,0.000000,14.0736
7004,14.010000,0.000000,14.0745
7005,14.012000,0.000000,14.0753
7006,14.014000,0.000000,14.0758
7007,14.016000,0.000000,14.0762
7008,14.018000,0.000000,14.0766
7009,14.020000,0.000000,14.0771
7010,14.022000,0.000000,14.0778
7011,14.024000,0.000000,14.0785
7012,14.026000,0.000000,14.0792
7013,14.028000,0.000000,14.0799
7014,14.030000,0.000000,14.0805
7015,14.032000,0.000000,14.0810
7016,14.034000,0.000000,14.0816
7017,14.036000,0.000000,14.0822
7018,14.038000,0.000000,14.0828
7019,14.040000,0.000000,14.0835
7020,14.042000,0.000000,14.0842
7021,14.044000,0.000000,14.0848
7022,14.046000,0.000000,14.0855
7023,14.048000,0.000000,14.0861
7024,14.050000,0.000000,14.0867
7025,14.052000,0.000000,14.0874
7026,14.054000,0.000000,14.0880
7027,14.056000,0.000000,14.0887
7028,14.058000,0.000000,14.0894
7029,14.060000,0.000000,14.0901
7030,14.062000,0.000000,14.0907
7031,14.064000,0.000000,14.0914
7032,14.066000,0.000000,14.0921
7033,14.068000,0.000000,14.0927
7034,14.070000,0.000000,14.0934
7035,14.072000,0.000000,14.0941
7036,14.074000,0.000000,14.0948
7037,14.076000,0.000000,14.0955
7038,14.078000,0.000000,14.0962
7039,14.080000,0.000000,14.0969
7040,14.082000,0.000000,14.0976
7041,14.084000,0.000000,14.0983
7042,14.086000,0.000000,14.0990
7043,14.088000,0.000000,14.0998
7044,14.090000,0.000000,14.1005
7045,14.092000,0.000000,14.1012
7046,14.094000,0.000000,14.1019
7047,14.096000,0.000000,14.1027
7048,14.098000,0.000000,14.1034
7049,14.100000,0.000000,14.1041
7050,14.102000,0.000000,14.1049
7051,14.104000,0.000000,14.1056
7052,14.106000,0.000000,14.1063
7053,14.108000,0.000000,14.1071
7054,14.110000,0.000000,14.1078
7055,14.112000,0.000000,14.1086
7056,14.114000,0.000000,14.1094
7057,14.116000,0.000000,14.1101
7058,14.118000,0.000000,14.1109
7059,14.120000,0.000000,14.1117
7060,14.122000,0.000000,14.1124
7061,14.124000,0.000000,14.1132
7062,14.126000,0.000000,14.1140
7063,14.128000,0.000000,14.1148
7064,14.130000,0.000000,14.1155
7065,14.132000,0.000000,14.1163
7066,14.134000,0.000000,14.1171
7067,14.136000,0.000000,14.1179
7068,14.138000,0.000000,14.1187
7069,14.140000,0.000000,14.1195
7070,14.142000,0.000000,14.1203
7071,14.144000,0.000000,14.1211
7072,14.146000,0.000000,14.1219
7073,14.148000,0.000000,14.1227
7074,14.150000,0.000000,14.1236
7075,14.152000,0.000000,14.1244
7076,14.154000,0.000000,14.1252
7077,14.156000,0.000000,14.1260
7078,14.158000,0.000000,14.1269
7079,14.160000,0.000000,14.1277
7080,14.162000,0.000000,14.1285
7081,14.164000,0.000000,14.1294
7082,14.166000,0.000000,14.1302
7083,14.168000,0.000000,14.1310
7084,14.170000,0.000000,14.1319
7085,14.172000,0.000000,14.1327
7086,14.174000,0.000000,14.1336
7087,14.176000,0.000000,14.1345
7088,14.178000,0.000000,14.1353
7089,14.180000,0.000000,14.1362
7090,14.182000,0.000000,14.1370
7091,14.184000,0.000000,14.1379
7092,14.186000,0.000000,14.1388
7093,14.188000,0.000000,14.1397
7094,14.190000,0.000000,14.1405
7095,14.192000,0.000000,14.1414
7096,14.194000,0.000000,14.1423
7097,14.196000,0.000000,14.1432
7098,14.198000,0.000000,14.1441
7099,14.200000,0.000000,14.1450
7100,14.202000,0.000000,14.1459
7101,14.204000,0.000000,14.1468
7102,14.206000,0.000000,14.1477
7103,14.208000,0.000000,14.1486
7104,14.210000,0.000000,14.1495
7105,14.212000,0.000000,14.1504
7106,14.214000,0.000000,14.1513
7107,14.216000,0.000000,14.1522
7108,14.218000,0.000000,14.1531
7109,14.220000,0.000000,14.1540
7110,14.222000,0.000000,14.1550
7111,14.224000,0.000000,14.1559
7112,14.226000,0.000000,14.1568
7113,14.228000,0.000000,14.1578
7114,14.230000,0.000000,14.1587
7115,14.232000,0.000000,14.1596
7116,14.234000,0.000000,14.1606
7117,14.236000,0.000000,14.1615
7118,14.238000,0.000000,14.1625
7119,14.240000,0.000000,14.1634
7120,14.242000,0.000000,14.1644
7121,14.244000,0.000000,14.1653
7122,14.246000,0.000000,14.1663
7123,14.248000,0.000000,14.1672
7124,14.250000,0.000000,14.1682
7125,14.252000,0.000000,14.1692
7126,14.254000,0.000000,14.1701
7127,14.256000,0.000000,14.1711
7128,14.258000,0.000000,14.1721
7129,14.260000,0.000000,14.1731
7130,14.262000,0.000000,14.1740
7131,14.264000,0.000000,14.1750
7132,14.266000,0.000000,14.1760
7133,14.268000,0.000000,14.1770
7134,14.270000,0.000000,14.1780
7135,14.272000,0.000000,14.1790
7136,14.274000,0.000000,14.1800
7137,14.276000,0.000000,14.1810
7138,14.278000,0.000000,14.1820
7139,14.280000,0.000000,14.1830
7140,14.282000,0.000000,14.1840
7141,14.284000,0.000000,14.1850
7142,14.286000,0.000000,14.1860
7143,14.288000,0.000000,14.1870
7144,14.290000,0.000000,14.1880
7145,14.292000,0.000000,14.1890
7146,14.294000,0.000000,14.1901
7147,14.296000,0.000000,14.1911
7148,14.298000,0.000000,14.1921
7149,14.300000,0.000000,14.1931
7150,14.302000,0.000000,14.1942
7151,14.304000,0.000000,14.1952
7152,14.306000,0.000000,14.1962
7153,14.308000,0.000000,14.1973
7154,14.310000,0.000000,14.1983
7155,14.312000,0.000000,14.1994
7156,14.314000,0.000000,14.2004
7157,14.316000,0.000000,14.2015
7158,14.318000,0.000000,14.2025
7159,14.320000,0.000000,14.2036
7160,14.322000,0.000000,14.2046
7161,14.324000,0.000000,14.2057
7162,14.326000,0.000000,14.2067
7163,14.328000,0.000000,14.2078
7164,14.330000,0.000000,14.2089
7165,14.332000,0.000000,14.2099
7166,14.334000,0.000000,14.2110
7167,14.336000,0.000000,14.2121
7168,14.338000,0.000000,14.2131
7169,14.340000,0.000000,14.2142
7170,14.342000,0.000000,14.2153
7171,14.344000,0.000000,14.2164
7172,14.346000,0.000000,14.2175
7173,14.348000,0.000000,14.2186
7174,14.350000,0.000000,14.2196
7175,14.352000,0.000000,14.2207
7176,14.354000,0.000000,14.2218
7177,14.356000,0.000000,14.2229
7178,14.358000,0.000000,14.2240
7179,14.360000,0.000000,14.2251
7180,14.362000,0.000000,14.2262
7181,14.364000,0.000000,14.2273
7182,14.366000,0.000000,14.2284
7183,14.368000,0.000000,14.2295
7184,14.370000,0.000000,14.2306
7185,14.372000,0.000000,14.2318
7186,14.374000,0.000000,14.2329
7187,14.376000,0.000000,14.2340
7188,14.378000,0.000000,14.2351
7189,14.380000,0.000000,14.2362
7190,14.382000,0.000000,14.2373
7191,14.384000,0.000000,14.2385
7192,14.386000,0.000000,14.2396
7193,14.388000,0.000000,14.2407
7194,14.390000,0.000000,14.2419
7195,14.392000,0.000000,14.2430
7196,14.394000,0.000000,14.2441
7197,14.396000,0.000000,14.2453
7198,14.398000,0.000000,14.2464
7199,14.400000,0.000000,14.2475
7200,14.402000,0.000000,14.2487
7201,14.404000,0.000000,14.2498
7202,14.406000,0.000000,14.2510
7203,14.408000,0.000000,14.2521
7204,14.410000,0.000000,14.2533
7205,14.412000,0.000000,14.2544
7206,14.414000,0.000000,14.2556
7207,14.416000,0.000000,14.2567
7208,14.418000,0.000000,14.2579
7209,14.420000,0.000000,14.2591
7210,14.422000,0.000000,14.2602
7211,14.424000,0.000000,14.2614
7212,14.426000,0.000000,14.2625
7213,14.428000,0.000000,14.2637
7214,14.430000,0.000000,14.2649
7215,14.432000,0.000000,14.2661
7216,14.434000,0.000000,14.2672
7217,14.436000,0.000000,14.2684
7218,14.438000,0.000000,14.2696
7219,14.440000,0.000000,14.2708
7220,14.442000,0.000000,14.2719
7221,14.444000,0.000000,14.2731
7222,14.446000,0.000000,14.2743
7223,14.448000,0.000000,14.2755
7224,14.450000,0.000000,14.2767
7225,14.452000,0.000000,14.2779
7226,14.454000,0.000000,14.2790
7227,14.456000,0.000000,14.2802
7228,14.458000,0.000000,14.2814
7229,14.460000,0.000000,14.2826
7230,14.462000,0.000000,14.2838
7231,14.464000,0.000000,14.2850
7232,14.466000,0.000000,14.2862
7233,14.468000,0.000000,14.2874
7234,14.470000,0.000000,14.2886
7235,14.472000,0.000000,14.2898
7236,14.474000,0.000000,14.2910
7237,14.476000,0.000000,14.2922
7238,14.478000,0.000000,14.2934
7239,14.480000,0.000000,14.2946
7240,14.482000,0.000000,14.2959
7241,14.484000,0.000000,14.2971
7242,14.486000,0.000000,14.2983
7243,14.488000,0.000000,14.2995
7244,14.490000,0.000000,14.3007
7245,14.492000,0.000000,14.3019
7246,14.494000,0.000000,14.3031
7247,14.496000,0.000000,14.3044
7248,14.498000,0.000000,14.3056
7249,14.500000,0.000000,14.3068
7250,14.502000,0.000000,14.3080
7251,14.504000,0.000000,14.3093
7252,14.506000,0.000000,14.3105
7253,14.508000,0.000000,14.3117
7254,14.510000,0.000000,14.3129
7255,14.512000,0.000000,14.3142
7256,14.514000,0.000000,14.3154
7257,14.516000,0.000000,14.3166
7258,14.518000,0.000000,14.3179
7259,14.520000,0.000000,14.3191
7260,14.522000,0.000000,14.3204
7261,14.524000,0.000000,14.3216
7262,14.526000,0.000000,14.3228
7263,14.528000,0.000000,14.3241
7264,14.530000,0.000000,14.3253
7265,14.532000,0.000000,14.3266
7266,14.534000,0.000000,14.3278
7267,14.536000,0.000000,14.3290
7268,14.538000,0.000000,14.3303
7269,14.540000,0.000000,14.3315
7270,14.542000,0.000000,14.3328
7271,14.544000,0.000000,14.3340
7272,14.546000,0.000000,14.3353
7273,14.548000,0.000000,14.3365
7274,14.550000,0.000000,14.3378
7275,14.552000,0.000000,14.3390
7276,14.554000,0.000000,14.3403
7277,14.556000,0.000000,14.3416
7278,14.558000,0.000000,14.3428
7279,14.560000,0.000000,14.3441
7280,14.562000,0.000000,14.3453
7281,14.564000,0.000000,14.3466
7282,14.566000,0.000000,14.3478
7283,14.568000,0.000000,14.3491
7284,14.570000,0.000000,14.3504
7285,14.572000,0.000000,14.3516
7286,14.574000,0.000000,14.3529
7287,14.576000,0.000000,14.3542
7288,14.578000,0.000000,14.3554
7289,14.580000,0.000000,14.3567
7290,14.582000,0.000000,14.3580
7291,14.584000,0.000000,14.3592
7292,14.586000,0.000000,14.3605
7293,14.588000,0.000000,14.3618
7294,14.590000,0.000000,14.3630
7295,14.592000,0.000000,14.3643
7296,14.594000,0.000000,14.3656
7297,14.596000,0.000000,14.3668
7298,14.598000,0.000000,14.3681
7299,14.600000,0.000000,14.3694
7300,14.602000,0.000000,14.3707
7301,14.604000,0.000000,14.3719
7302,14.606000,0.000000,14.3732
7303,14.608000,0.000000,14.3745
7304,14.610000,0.000000,14.3758
7305,14.612000,0.000000,14.3770
7306,14.614000,0.000000,14.3783
7307,14.616000,0.000000,14.3796
7308,14.618000,0.000000,14.3809
7309,14.620000,0.000000,14.3821
7310,14.622000,0.000000,14.3834
7311,14.624000,0.000000,14.3847
7312,14.626000,0.000000,14.3860
7313,14.628000,0.000000,14.3873
7314,14.630000,0.000000,14.3885
7315,14.632000,0.000000,14.3898
7316,14.634000,0.000000,14.3911
7317,14.636000,0.000000,14.3924
7318,14.638000,0.000000,14.3937
7319,14.640000,0.000000,14.3950
7320,14.642000,0.000000,14.3962
7321,14.644000,0.000000,14.3975
7322,14.646000,0.000000,14.3988
7323,14.648000,0.000000,14.4001
7324,14.650000,0.000000,14.4014
7325,14.652000,0.000000,14.4027
7326,14.654000,0.000000,14.4039
7327,14.656000,0.000000,14.4052
7328,14.658000,0.000000,14.4065
7329,14.660000,0.000000,14.4078
7330,14.662000,0.000000,14.4091
7331,14.664000,0.000000,14.4104
7332,14.666000,0.000000,14.4117
7333,14.668000,0.000000,14.4129
7334,14.670000,0.000000,14.4142
7335,14.672000,0.000000,14.4155
7336,14.674000,0.000000,14.4168
7337,14.676000,0.000000,14.4181
7338,14.678000,0.000000,14.4194
7339,14.680000,0.000000,14.4207
7340,14.682000,0.000000,14.4220
7341,14.684000,0.000000,14.4232
7342,14.686000,0.000000,14.4245
7343,14.688000,0.000000,14.4258
7344,14.690000,0.000000,14.4271
7345,14.692000,0.000000,14.4284
7346,14.694000,0.000000,14.4297
7347,14.696000,0.000000,14.4310
7348,14.698000,0.000000,14.4323
7349,14.700000,0.000000,14.4335
7350,14.702000,0.000000,14.4348
7351,14.704000,0.000000,14.4361
7352,14.706000,0.000000,14.4374
7353,14.708000,0.000000,14.4387
7354,14.710000,0.000000,14.4400
7355,14.712000,0.000000,14.4413
7356,14.714000,0.000000,14.4426
7357,14.716000,0.000000,14.4438
7358,14.718000,0.000000,14.4451
7359,14.720000,0.000000,14.4464
7360,14.722000,0.000000,14.4477
7361,14.724000,0.000000,14.4490
7362,14.726000,0.000000,14.4503
7363,14.728000,0.000000,14.4516
7364,14.730000,0.000000,14.4528
7365,14.732000,0.000000,14.4541
7366,14.734000,0.000000,14.4554
7367,14.736000,0.000000,14.4567
7368,14.738000,0.000000,14.4580
7369,14.740000,0.000000,14.4593
7370,14.742000,0.000000,14.4605
7371,14.744000,0.000000,14.4618
7372,14.746000,0.000000,14.4631
7373,14.748000,0.000000,14.4644
7374,14.750000,0.000000,14.4657
7375,14.752000,0.000000,14.4670
7376,14.754000,0.000000,14.4682
7377,14.756000,0.000000,14.4695
7378,14.758000,0.000000,14.4708
7379,14.760000,0.000000,14.4721
7380,14.762000,0.000000,14.4734
7381,14.764000,0.000000,14.4746
7382,14.766000,0.000000,14.4759
7383,14.768000,0.000000,14.4772
7384,14.770000,0.000000,14.4785
7385,14.772000,0.000000,14.4797
7386,14.774000,0.000000,14.4810
7387,14.776000,0.000000,14.4823
7388,14.778000,0.000000,14.4836
7389,14.780000,0.000000,14.4848
7390,14.782000,0.000000,14.4861
7391,14.784000,0.000000,14.4874
7392,14.786000,0.000000,14.4887
7393,14.788000,0.000000,14.4899
7394,14.790000,0.000000,14.4912
7395,14.792000,0.000000,14.4925
7396,14.794000,0.000000,14.4937
7397,14.796000,0.000000,14.4950
7398,14.798000,0.000000,14.4963
7399,14.800000,0.000000,14.4975
7400,14.802000,0.000000,14.4988
7401,14.804000,0.000000,14.5001
7402,14.806000,0.000000,14.5013
7403,14.808000,0.000000,14.5026
7404,14.810000,0.000000,14.5039
7405,14.812000,0.000000,14.5051
7406,14.814000,0.000000,14.5064
7407,14.816000,0.000000,14.5076
7408,14.818000,0.000000,14.5089
7409,14.820000,0.000000,14.5102
7410,14.822000,0.000000,14.5114
7411,14.824000,0.000000,14.5127
7412,14.826000,0.000000,14.5139
7413,14.828000,0.000000,14.5152
7414,14.830000,0.000000,14.5164
7415,14.832000,0.000000,14.5177
7416,14.834000,0.000000,14.5190
7417,14.836000,0.000000,14.5202
7418,14.838000,0.000000,14.5215
7419,14.840000,0.000000,14.5227
7420,14.842000,0.000000,14.5239
7421,14.844000,0.000000,14.5252
7422,14.846000,0.000000,14.5264
7423,14.848000,0.000000,14.5277
7424,14.850000,0.000000,14.5289
7425,14.852000,0.000000,14.5302
7426,14.854000,0.000000,14.5314
7427,14.856000,0.000000,14.5327
7428,14.858000,0.000000,14.5339
7429,14.860000,0.000000,14.5351
7430,14.862000,0.000000,14.5364
7431,14.864000,0.000000,14.5376
7432,14.866000,0.000000,14.5388
7433,14.868000,0.000000,14.5401
7434,14.870000,0.000000,14.5413
7435,14.872000,0.000000,14.5425
7436,14.874000,0.000000,14.5438
7437,14.876000,0.000000,14.5450
7438,14.878000,0.000000,14.5462
7439,14.880000,0.000000,14.5475
7440,14.882000,0.000000,14.5487
7441,14.884000,0.000000,14.5499
7442,14.886000,0.000000,14.5511
7443,14.888000,0.000000,14.5523
7444,14.890000,0.000000,14.5536
7445,14.892000,0.000000,14.5548
7446,14.894000,0.000000,14.5560
7447,14.896000,0.000000,14.5572
7448,14.898000,0.000000,14.5584
7449,14.900000,0.000000,14.5596
7450,14.902000,0.000000,14.5609
7451,14.904000,0.000000,14.5621
7452,14.906000,0.000000,14.5633
7453,14.908000,0.000000,14.5645
7454,14.910000,0.000000,14.5657
7455,14.912000,0.000000,14.5669
7456,14.914000,0.000000,14.5681
7457,14.916000,0.000000,14.5693
7458,14.918000,0.000000,14.5705
7459,14.920000,0.000000,14.5717
7460,14.922000,0.000000,14.5729
7461,14.924000,0.000000,14.5741
7462,14.926000,0.000000,14.5753
7463,14.928000,0.000000,14.5765
7464,14.930000,0.000000,14.5777
7465,14.932000,0.000000,14.5789
7466,14.934000,0.000000,14.5800
7467,14.936000,0.000000,14.5812
7468,14.938000,0.000000,14.5824
7469,14.940000,0.000000,14.5836
7470,14.942000,0.000000,14.5848
7471,14.944000,0.000000,14.5860
7472,14.946000,0.000000,14.5871
7473,14.948000,0.000000,14.5883
7474,14.950000,0.000000,14.5895
7475,14.952000,0.000000,14.5907
7476,14.954000,0.000000,14.5918
7477,14.956000,0.000000,14.5930
7478,14.958000,0.000000,14.5942
7479,14.960000,0.000000,14.5953
7480,14.962000,0.000000,14.5965
7481,14.964000,0.000000,14.5977
7482,14.966000,0.000000,14.5988
7483,14.968000,0.000000,14.6000
7484,14.970000,0.000000,14.6011
7485,14.972000,0.000000,14.6023
7486,14.974000,0.000000,14.6034
7487,14.976000,0.000000,14.6046
7488,14.978000,0.000000,14.6057
7489,14.980000,0.000000,14.6069
7490,14.982000,0.000000,14.6080
7491,14.984000,0.000000,14.6092
7492,14.986000,0.000000,14.6103
7493,14.988000,0.000000,14.6115
7494,14.990000,0.000000,14.6126
7495,14.992000,0.000000,14.6137
7496,14.994000,0.000000,14.6149
7497,14.996000,0.000000,14.6160
7498,14.998000,0.000000,14.6171
7499,15.000000,0.000000,14.6183
7500,15.002000,0.000000,14.6194
7501,15.004000,0.000000,14.6205
7502,15.006000,0.000000,14.6216
7503,15.008000,0.000000,14.6228
7504,15.010000,0.000000,14.6239
7505,15.012000,0.000000,14.6250
7506,15.014000,0.000000,14.6261
7507,15.016000,0.000000,14.6272
7508,15.018000,0.000000,14.6283
7509,15.020000,0.000000,14.6295
7510,15.022000,0.000000,14.6306
7511,15.024000,0.000000,14.6317
7512,15.026000,0.000000,14.6328
7513,15.028000,0.000000,14.6339
7514,15.030000,0.000000,14.6350
7515,15.032000,0.000000,14.6361
7516,15.034000,0.000000,14.6372
7517,15.036000,0.000000,14.6383
7518,15.038000,0.000000,14.6393
7519,15.040000,0.000000,14.6404
7520,15.042000,0.000000,14.6415
7521,15.044000,0.000000,14.6426
7522,15.046000,0.000000,14.6437
7523,15.048000,0.000000,14.6448
7524,15.050000,0.000000,14.6458
7525,15.052000,0.000000,14.6469
7526,15.054000,0.000000,14.6480
7527,15.056000,0.000000,14.6491
7528,15.058000,0.000000,14.6501
7529,15.060000,0.000000,14.6512
7530,15.062000,0.000000,14.6523
7531,15.064000,0.000000,14.6533
7532,15.066000,0.000000,14.6544
7533,15.068000,0.000000,14.6554
7534,15.070000,0.000000,14.6565
7535,15.072000,0.000000,14.6576
7536,15.074000,0.000000,14.6586
7537,15.076000,0.000000,14.6597
7538,15.078000,0.000000,14.6607
7539,15.080000,0.000000,14.6617
7540,15.082000,0.000000,14.6628
7541,15.084000,0.000000,14.6638
7542,15.086000,0.000000,14.6649
7543,15.088000,0.000000,14.6659
7544,15.090000,0.000000,14.6669
7545,15.092000,0.000000,14.6680
7546,15.094000,0.000000,14.6690
7547,15.096000,0.000000,14.6700
7548,15.098000,0.000000,14.6710
7549,15.100000,0.000000,14.6721
7550,15.102000,0.000000,14.6731
7551,15.104000,0.000000,14.6741
7552,15.106000,0.000000,14.6751
7553,15.108000,0.000000,14.6761
7554,15.110000,0.000000,14.6771
7555,15.112000,0.000000,14.6781
7556,15.114000,0.000000,14.6791
7557,15.116000,0.000000,14.6801
7558,15.118000,0.000000,14.6811
7559,15.120000,0.000000,14.6821
7560,15.122000,0.000000,14.6831
7561,15.124000,0.000000,14.6841
7562,15.126000,0.000000,14.6851
7563,15.128000,0.000000,14.6861
7564,15.130000,0.000000,14.6871
7565,15.132000,0.000000,14.6881
7566,15.134000,0.000000,14.6890
7567,15.136000,0.000000,14.6900
7568,15.138000,0.000000,14.6910
7569,15.140000,0.000000,14.6920
7570,15.142000,0.000000,14.6929
7571,15.144000,0.000000,14.6939
7572,15.146000,0.000000,14.6949
7573,15.148000,0.000000,14.6958
7574,15.150000,0.000000,14.6968
7575,15.152000,0.000000,14.6977
7576,15.154000,0.000000,14.6987
7577,15.156000,0.000000,14.6996
7578,15.158000,0.000000,14.7006
7579,15.160000,0.000000,14.7015
7580,15.162000,0.000000,14.7025
7581,15.164000,0.000000,14.7034
7582,15.166000,0.000000,14.7044
7583,15.168000,0.000000,14.7053
7584,15.170000,0.000000,14.7062
7585,15.172000,0.000000,14.7072
7586,15.174000,0.000000,14.7081
7587,15.176000,0.000000,14.7090
7588,15.178000,0.000000,14.7099
7589,15.180000,0.000000,14.7108
7590,15.182000,0.000000,14.7118
7591,15.184000,0.000000,14.7127
7592,15.186000,0.000000,14.7136
7593,15.188000,0.000000,14.7145
7594,15.190000,0.000000,14.7154
7595,15.192000,0.000000,14.7163
7596,15.194000,0.000000,14.7172
7597,15.196000,0.000000,14.7181
7598,15.198000,0.000000,14.7190
7599,15.200000,0.000000,14.7199
7600,15.202000,0.000000,14.7208
7601,15.204000,0.000000,14.7217
7602,15.206000,0.000000,14.7226
7603,15.208000,0.000000,14.7234
7604,15.210000,0.000000,14.7243
7605,15.212000,0.000000,14.7252
7606,15.214000,0.000000,14.7261
7607,15.216000,0.000000,14.7269
7608,15.218000,0.000000,14.7278
7609,15.220000,0.000000,14.7287
7610,15.222000,0.000000,14.7295
7611,15.224000,0.000000,14.7304
7612,15.226000,0.000000,14.7313
7613,15.228000,0.000000,14.7321
7614,15.230000,0.000000,14.7330
7615,15.232000,0.000000,14.7338
7616,15.234000,0.000000,14.7347
7617,15.236000,0.000000,14.7355
7618,15.238000,0.000000,14.7363
7619,15.240000,0.000000,14.7372
7620,15.242000,0.000000,14.7380
7621,15.244000,0.000000,14.7388
7622,15.246000,0.000000,14.7397
7623,15.248000,0.000000,14.7405
7624,15.250000,0.000000,14.7413
7625,15.252000,0.000000,14.7421
7626,15.254000,0.000000,14.7430
7627,15.256000,0.000000,14.7438
7628,15.258000,0.000000,14.7446
7629,15.260000,0.000000,14.7454
7630,15.262000,0.000000,14.7462
7631,15.264000,0.000000,14.7470
7632,15.266000,0.000000,14.7478
7633,15.268000,0.000000,14.7486
7634,15.270000,0.000000,14.7494
7635,15.272000,0.000000,14.7502
7636,15.274000,0.000000,14.7510
7637,15.276000,0.000000,14.7518
7638,15.278000,0.000000,14.7525
7639,15.280000,0.000000,14.7533
7640,15.282000,0.000000,14.7541
7641,15.284000,0.000000,14.7549
7642,15.286000,0.000000,14.7556
7643,15.288000,0.000000,14.7564
7644,15.290000,0.000000,14.7572
7645,15.292000,0.000000,14.7579
7646,15.294000,0.000000,14.7587
7647,15.296000,0.000000,14.7595
7648,15.298000,0.000000,14.7602
7649,15.300000,0.000000,14.7610
7650,15.302000,0.000000,14.7617
7651,15.304000,0.000000,14.7625
7652,15.306000,0.000000,14.7632
7653,15.308000,0.000000,14.7639
7654,15.310000,0.000000,14.7647
7655,15.312000,0.000000,14.7654
7656,15.314000,0.000000,14.7661
7657,15.316000,0.000000,14.7669
7658,15.318000,0.000000,14.7676
7659,15.320000,0.000000,14.7683
7660,15.322000,0.000000,14.7690
7661,15.324000,0.000000,14.7697
7662,15.326000,0.000000,14.7705
7663,15.328000,0.000000,14.7712
7664,15.330000,0.000000,14.7719
7665,15.332000,0.000000,14.7726
7666,15.334000,0.000000,14.7733
7667,15.336000,0.000000,14.7740
7668,15.338000,0.000000,14.7747
7669,15.340000,0.000000,14.7754
7670,15.342000,0.000000,14.7760
7671,15.344000,0.000000,14.7767
7672,15.346000,0.000000,14.7774
7673,15.348000,0.000000,14.7781
7674,15.350000,0.000000,14.7788
7675,15.352000,0.000000,14.7794
7676,15.354000,0.000000,14.7801
7677,15.356000,0.000000,14.7808
7678,15.358000,0.000000,14.7814
7679,15.360000,0.000000,14.7821
7680,15.362000,0.000000,14.7828
7681,15.364000,0.000000,14.7834
7682,15.366000,0.000000,14.7841
7683,15.368000,0.000000,14.7847
7684,15.370000,0.000000,14.7854
7685,15.372000,0.000000,14.7860
7686,15.374000,0.000000,14.7866
7687,15.376000,0.000000,14.7873
7688,15.378000,0.000000,14.7879
7689,15.380000,0.000000,14.7885
7690,15.382000,0.000000,14.7892
7691,15.384000,0.000000,14.7898
7692,15.386000,0.000000,14.7904
7693,15.388000,0.000000,14.7910
7694,15.390000,0.000000,14.7916
7695,15.392000,0.000000,14.7923
7696,15.394000,0.000000,14.7929
7697,15.396000,0.000000,14.7935
7698,15.398000,0.000000,14.7941
7699,15.400000,0.000000,14.7947
7700,15.402000,0.000000,14.7953
7701,15.404000,0.000000,14.7959
7702,15.406000,0.000000,14.7965
7703,15.408000,0.000000,14.7970
7704,15.410000,0.000000,14.7976
7705,15.412000,0.000000,14.7982
7706,15.414000,0.000000,14.7988
7707,15.416000,0.000000,14.7994
7708,15.418000,0.000000,14.7999
7709,15.420000,0.000000,14.8005
7710,15.422000,0.000000,14.8011
7711,15.424000,0.000000,14.8016
7712,15.426000,0.000000,14.8022
7713,15.428000,0.000000,14.8027
7714,15.430000,0.000000,14.8033
7715,15.432000,0.000000,14.8038
7716,15.434000,0.000000,14.8044
7717,15.436000,0.000000,14.8049
7718,15.438000,0.000000,14.8055
7719,15.440000,0.000000,14.8060
7720,15.442000,0.000000,14.8065
7721,15.444000,0.000000,14.8071
7722,15.446000,0.000000,14.8076
7723,15.448000,0.000000,14.8081
7724,15.450000,0.000000,14.8087
7725,15.452000,0.000000,14.8092
7726,15.454000,0.000000,14.8097
7727,15.456000,0.000000,14.8102
7728,15.458000,0.000000,14.8107
7729,15.460000,0.000000,14.8112
7730,15.462000,0.000000,14.8117
7731,15.464000,0.000000,14.8122
7732,15.466000,0.000000,14.8127
7733,15.468000,0.000000,14.8132
7734,15.470000,0.000000,14.8137
7735,15.472000,0.000000,14.8142
7736,15.474000,0.000000,14.8147
7737,15.476000,0.000000,14.8151
7738,15.478000,0.000000,14.8156
7739,15.480000,0.000000,14.8161
7740,15.482000,0.000000,14.8166
7741,15.484000,0.000000,14.8170
7742,15.486000,0.000000,14.8175
7743,15.488000,0.000000,14.8180
7744,15.490000,0.000000,14.8184
7745,15.492000,0.000000,14.8189
7746,15.494000,0.000000,14.8193
7747,15.496000,0.000000,14.8198
7748,15.498000,0.000000,14.8202
7749,15.500000,0.000000,14.8207
7750,15.502000,0.000000,14.8211
7751,15.504000,0.000000,14.8215
7752,15.506000,0.000000,14.8220
7753,15.508000,0.000000,14.8224
7754,15.510000,0.000000,14.8228
7755,15.512000,0.000000,14.8232
7756,15.514000,0.000000,14.8237
7757,15.516000,0.000000,14.8241
7758,15.518000,0.000000,14.8245
7759,15.520000,0.000000,14.8249
7760,15.522000,0.000000,14.8253
7761,15.524000,0.000000,14.8257
7762,15.526000,0.000000,14.8261
7763,15.528000,0.000000,14.8265
7764,15.530000,0.000000,14.8269
7765,15.532000,0.000000,14.8273
7766,15.534000,0.000000,14.8277
7767,15.536000,0.000000,14.8281
7768,15.538000,0.000000,14.8285
7769,15.540000,0.000000,14.8288
7770,15.542000,0.000000,14.8292
7771,15.544000,0.000000,14.8296
7772,15.546000,0.000000,14.8300
7773,15.548000,0.000000,14.8303
7774,15.550000,0.000000,14.8307
7775,15.552000,0.000000,14.8310
7776,15.554000,0.000000,14.8314
7777,15.556000,0.000000,14.8318
7778,15.558000,0.000000,14.8321
7779,15.560000,0.000000,14.8325
7780,15.562000,0.000000,14.8328
7781,15.564000,0.000000,14.8331
7782,15.566000,0.000000,14.8335
7783,15.568000,0.000000,14.8338
7784,15.570000,0.000000,14.8341
7785,15.572000,0.000000,14.8345
7786,15.574000,0.000000,14.8348
7787,15.576000,0.000000,14.8351
7788,15.578000,0.000000,14.8354
7789,15.580000,0.000000,14.8357
7790,15.582000,0.000000,14.8361
7791,15.584000,0.000000,14.8364
7792,15.586000,0.000000,14.8367
7793,15.588000,0.000000,14.8370
7794,15.590000,0.000000,14.8373
7795,15.592000,0.000000,14.8376
7796,15.594000,0.000000,14.8378
7797,15.596000,0.000000,14.8381
7798,15.598000,0.000000,14.8384
7799,15.600000,0.000000,14.8387
7800,15.602000,0.000000,14.8390
7801,15.604000,0.000000,14.8393
7802,15.606000,0.000000,14.8395
7803,15.608000,0.000000,14.8398
7804,15.610000,0.000000,14.8401
7805,15.612000,0.000000,14.8403
7806,15.614000,0.000000,14.8406
7807,15.616000,0.000000,14.8408
7808,15.618000,0.000000,14.8411
7809,15.620000,0.000000,14.8414
7810,15.622000,0.000000,14.8416
7811,15.624000,0.000000,14.8418
7812,15.626000,0.000000,14.8421
7813,15.628000,0.000000,14.8423
7814,15.630000,0.000000,14.8426
7815,15.632000,0.000000,14.8428
7816,15.634000,0.000000,14.8430
7817,15.636000,0.000000,14.8432
7818,15.638000,0.000000,14.8435
7819,15.640000,0.000000,14.8437
7820,15.642000,0.000000,14.8439
7821,15.644000,0.000000,14.8441
7822,15.646000,0.000000,14.8443
7823,15.648000,0.000000,14.8445
7824,15.650000,0.000000,14.8447
7825,15.652000,0.000000,14.8449
7826,15.654000,0.000000,14.8451
7827,15.656000,0.000000,14.8453
7828,15.658000,0.000000,14.8455
7829,15.660000,0.000000,14.8457
7830,15.662000,0.000000,14.8459
7831,15.664000,0.000000,14.8460
7832,15.666000,0.000000,14.8462
7833,15.668000,0.000000,14.8464
7834,15.670000,0.000000,14.8465
7835,15.672000,0.000000,14.8467
7836,15.674000,0.000000,14.8469
7837,15.676000,0.000000,14.8470
7838,15.678000,0.000000,14.8472
7839,15.680000,0.000000,14.8473
7840,15.682000,0.000000,14.8475
7841,15.684000,0.000000,14.8476
7842,15.686000,0.000000,14.8478
7843,15.688000,0.000000,14.8479
7844,15.690000,0.000000,14.8481
7845,15.692000,0.000000,14.8482
7846,15.694000,0.000000,14.8483
7847,15.696000,0.000000,14.8484
7848,15.698000,0.000000,14.8486
7849,15.700000,0.000000,14.8487
7850,15.702000,0.000000,14.8488
7851,15.704000,0.000000,14.8489
7852,15.706000,0.000000,14.8490
7853,15.708000,0.000000,14.8491
7854,15.710000,0.000000,14.8492
7855,15.712000,0.000000,14.8493
7856,15.714000,0.000000,14.8494
7857,15.716000,0.000000,14.8495
7858,15.718000,0.000000,14.8496
7859,15.720000,0.000000,14.8497
7860,15.722000,0.000000,14.8498
7861,15.724000,0.000000,14.8499
7862,15.726000,0.000000,14.8500
7863,15.728000,0.000000,14.8500
7864,15.730000,0.000000,14.8501
7865,15.732000,0.000000,14.8502
7866,15.734000,0.000000,14.8502
7867,15.736000,0.000000,14.8503
7868,15.738000,0.000000,14.8504
7869,15.740000,0.000000,14.8504
7870,15.742000,0.000000,14.8505
7871,15.744000,0.000000,14.8505
7872,15.746000,0.000000,14.8506
7873,15.748000,0.000000,14.8506
7874,15.750000,0.000000,14.8506
7875,15.752000,0.000000,14.8507
7876,15.754000,0.000000,14.8507
7877,15.756000,0.000000,14.8507
7878,15.758000,0.000000,14.8508
7879,15.760000,0.000000,14.8508
7880,15.762000,0.000000,14.8508
7881,15.764000,0.000000,14.8508
7882,15.766000,0.000000,14.8508
7883,15.768000,0.000000,14.8509
7884,15.770000,0.000000,14.8509
7885,15.772000,0.000000,14.8509
7886,15.774000,0.000000,14.8509
7887,15.776000,0.000000,14.8509
7888,15.778000,0.000000,14.8509
7889,15.780000,0.000000,14.8508
7890,15.782000,0.000000,14.8508
7891,15.784000,0.000000,14.8508
7892,15.786000,0.000000,14.8508
7893,15.788000,0.000000,14.8508
7894,15.790000,0.000000,14.8508
7895,15.792000,0.000000,14.8507
7896,15.794000,0.000000,14.8507
7897,15.796000,0.000000,14.8507
7898,15.798000,0.000000,14.8506
7899,15.800000,0.000000,14.8506
7900,15.802000,0.000000,14.8505
7901,15.804000,0.000000,14.8505
7902,15.806000,0.000000,14.8504
7903,15.808000,0.000000,14.8504
7904,15.810000,0.000000,14.8503
7905,15.812000,0.000000,14.8503
7906,15.814000,0.000000,14.8502
7907,15.816000,0.000000,14.8501
7908,15.818000,0.000000,14.8501
7909,15.820000,0.000000,14.8500
7910,15.822000,0.000000,14.8499
7911,15.824000,0.000000,14.8498
7912,15.826000,0.000000,14.8497
7913,15.828000,0.000000,14.8496
7914,15.830000,0.000000,14.8496
7915,15.832000,0.000000,14.8495
7916,15.834000,0.000000,14.8494
7917,15.836000,0.000000,14.8493
7918,15.838000,0.000000,14.8492
7919,15.840000,0.000000,14.8491
7920,15.842000,0.000000,14.8489
7921,15.844000,0.000000,14.8488
7922,15.846000,0.000000,14.8487
7923,15.848000,0.000000,14.8486
7924,15.850000,0.000000,14.8485
7925,15.852000,0.000000,14.8483
7926,15.854000,0.000000,14.8482
7927,15.856000,0.000000,14.8481
7928,15.858000,0.000000,14.8480
7929,15.860000,0.000000,14.8478
7930,15.862000,0.000000,14.8477
7931,15.864000,0.000000,14.8475
7932,15.866000,0.000000,14.8474
7933,15.868000,0.000000,14.8472
7934,15.870000,0.000000,14.8471
7935,15.872000,0.000000,14.8469
7936,15.874000,0.000000,14.8467
7937,15.876000,0.000000,14.8466
7938,15.878000,0.000000,14.8464
7939,15.880000,0.000000,14.8462
7940,15.882000,0.000000,14.8461
7941,15.884000,0.000000,14.8459
7942,15.886000,0.000000,14.8457
7943,15.888000,0.000000,14.8455
7944,15.890000,0.000000,14.8453
7945,15.892000,0.000000,14.8451
7946,15.894000,0.000000,14.8450
7947,15.896000,0.000000,14.8448
7948,15.898000,0.000000,14.8446
7949,15.900000,0.000000,14.8443
7950,15.902000,0.000000,14.8441
7951,15.904000,0.000000,14.8439
7952,15.906000,0.000000,14.8437
7953,15.908000,0.000000,14.8435
7954,15.910000,0.000000,14.8433
7955,15.912000,0.000000,14.8431
7956,15.914000,0.000000,14.8428
7957,15.916000,0.000000,14.8426
7958,15.918000,0.000000,14.8424
7959,15.920000,0.000000,14.8421
7960,15.922000,0.000000,14.8419
7961,15.924000,0.000000,14.8416
7962,15.926000,0.000000,14.8414
7963,15.928000,0.000000,14.8412
7964,15.930000,0.000000,14.8409
7965,15.932000,0.000000,14.8406
7966,15.934000,0.000000,14.8404
7967,15.936000,0.000000,14.8401
7968,15.938000,0.000000,14.8399
7969,15.940000,0.000000,14.8396
7970,15.942000,0.000000,14.8393
7971,15.944000,0.000000,14.8390
7972,15.946000,0.000000,14.8388
7973,15.948000,0.000000,14.8385
7974,15.950000,0.000000,14.8382
7975,15.952000,0.000000,14.8379
7976,15.954000,0.000000,14.8376
7977,15.956000,0.000000,14.8373
7978,15.958000,0.000000,14.8370
7979,15.960000,0.000000,14.8367
7980,15.962000,0.000000,14.8364
7981,15.964000,0.000000,14.8361
7982,15.966000,0.000000,14.8358
7983,15.968000,0.000000,14.8355
7984,15.970000,0.000000,14.8352
7985,15.972000,0.000000,14.8349
7986,15.974000,0.000000,14.8345
7987,15.976000,0.000000,14.8342
7988,15.978000,0.000000,14.8339
7989,15.980000,0.000000,14.8335
7990,15.982000,0.000000,14.8332
7991,15.984000,0.000000,14.8329
7992,15.986000,0.000000,14.8325
7993,15.988000,0.000000,14.8322
7994,15.990000,0.000000,14.8318
7995,15.992000,0.000000,14.8315
7996,15.994000,0.000000,14.8311
7997,15.996000,0.000000,14.8308
7998,15.998000,0.000000,14.8304
7999,16.000000,0.000000,14.8300
8000,16.002000,0.000000,14.8297
8001,16.004000,0.000000,14.8293
8002,16.006000,0.000000,14.8289
8003,16.008000,0.000000,14.8285
8004,16.010000,0.000000,14.8282
8005,16.012000,0.000000,14.8278
8006,16.014000,0.000000,14.8274
8007,16.016000,0.000000,14.8270
8008,16.018000,0.000000,14.8266
8009,16.020000,0.000000,14.8262
8010,16.022000,0.000000,14.8258
8011,16.024000,0.000000,14.8254
8012,16.026000,0.000000,14.8250
8013,16.028000,0.000000,14.8246
8014,16.030000,0.000000,14.8242
8015,16.032000,0.000000,14.8238
8016,16.034000,0.000000,14.8233
8017,16.036000,0.000000,14.8229
8018,16.038000,0.000000,14.8225
8019,16.040000,0.000000,14.8221
8020,16.042000,0.000000,14.8216
8021,16.044000,0.000000,14.8212
8022,16.046000,0.000000,14.8208
8023,16.048000,0.000000,14.8203
8024,16.050000,0.000000,14.8199
8025,16.052000,0.000000,14.8194
8026,16.054000,0.000000,14.8190
8027,16.056000,0.000000,14.8185
8028,16.058000,0.000000,14.8181
8029,16.060000,0.000000,14.8176
8030,16.062000,0.000000,14.8171
8031,16.064000,0.000000,14.8167
8032,16.066000,0.000000,14.8162
8033,16.068000,0.000000,14.8157
8034,16.070000,0.000000,14.8153
8035,16.072000,0.000000,14.8148
8036,16.074000,0.000000,14.8143
8037,16.076000,0.000000,14.8138
8038,16.078000,0.000000,14.8133
8039,16.080000,0.000000,14.8128
8040,16.082000,0.000000,14.8123
8041,16.084000,0.000000,14.8118
8042,16.086000,0.000000,14.8113
8043,16.088000,0.000000,14.8108
8044,16.090000,0.000000,14.8103
8045,16.092000,0.000000,14.8098
8046,16.094000,0.000000,14.8093
8047,16.096000,0.000000,14.8088
8048,16.098000,0.000000,14.8083
8049,16.100000,0.000000,14.8077
8050,16.102000,0.000000,14.8072
8051,16.104000,0.000000,14.8067
8052,16.106000,0.000000,14.8061
8053,16.108000,0.000000,14.8056
8054,16.110000,0.000000,14.8051
8055,16.112000,0.000000,14.8045
8056,16.114000,0.000000,14.8040
8057,16.116000,0.000000,14.8034
8058,16.118000,0.000000,14.8029
8059,16.120000,0.000000,14.8023
8060,16.122000,0.000000,14.8018
8061,16.124000,0.000000,14.8012
8062,16.126000,0.000000,14.8006
8063,16.128000,0.000000,14.8001
8064,16.130000,0.000000,14.7995
8065,16.132000,0.000000,14.7989
8066,16.134000,0.000000,14.7984
8067,16.136000,0.000000,14.7978
8068,16.138000,0.000000,14.7972
8069,16.140000,0.000000,14.7966
8070,16.142000,0.000000,14.7960
8071,16.144000,0.000000,14.7954
8072,16.146000,0.000000,14.7948
8073,16.148000,0.000000,14.7942
8074,16.150000,0.000000,14.7936
8075,16.152000,0.000000,14.7930
8076,16.154000,0.000000,14.7924
8077,16.156000,0.000000,14.7918
8078,16.158000,0.000000,14.7912
8079,16.160000,0.000000,14.7906
8080,16.162000,0.000000,14.7900
8081,16.164000,0.000000,14.7893
8082,16.166000,0.000000,14.7887
8083,16.168000,0.000000,14.7881
8084,16.170000,0.000000,14.7874
8085,16.172000,0.000000,14.7868
8086,16.174000,0.000000,14.7862
8087,16.176000,0.000000,14.7855
8088,16.178000,0.000000,14.7849
8089,16.180000,0.000000,14.7842
8090,16.182000,0.000000,14.7836
8091,16.184000,0.000000,14.7829
8092,16.186000,0.000000,14.7823
8093,16.188000,0.000000,14.7816
8094,16.190000,0.000000,14.7810
8095,16.192000,0.000000,14.7803
8096,16.194000,0.000000,14.7796
8097,16.196000,0.000000,14.7790
8098,16.198000,0.000000,14.7783
8099,16.200000,0.000000,14.7776
8100,16.202000,0.000000,14.7769
8101,16.204000,0.000000,14.7762
8102,16.206000,0.000000,14.7756
8103,16.208000,0.000000,14.7749
8104,16.210000,0.000000,14.7742
8105,16.212000,0.000000,14.7735
8106,16.214000,0.000000,14.7728
8107,16.216000,0.000000,14.7721
8108,16.218000,0.000000,14.7714
8109,16.220000,0.000000,14.7707
8110,16.222000,0.000000,14.7699
8111,16.224000,0.000000,14.7692
8112,16.226000,0.000000,14.7685
8113,16.228000,0.000000,14.7678
8114,16.230000,0.000000,14.7671
8115,16.232000,0.000000,14.7664
8116,16.234000,0.000000,14.7656
8117,16.236000,0.000000,14.7649
8118,16.238000,0.000000,14.7642
8119,16.240000,0.000000,14.7634
8120,16.242000,0.000000,14.7627
8121,16.244000,0.000000,14.7619
8122,16.246000,0.000000,14.7612
8123,16.248000,0.000000,14.7604
8124,16.250000,0.000000,14.7597
8125,16.252000,0.000000,14.7589
8126,16.254000,0.000000,14.7582
8127,16.256000,0.000000,14.7574
8128,16.258000,0.000000,14.7566
8129,16.260000,0.000000,14.7559
8130,16.262000,0.000000,14.7551
8131,16.264000,0.000000,14.7543
8132,16.266000,0.000000,14.7536
8133,16.268000,0.000000,14.7528
8134,16.270000,0.000000,14.7520
8135,16.272000,0.000000,14.7512
8136,16.274000,0.000000,14.7504
8137,16.276000,0.000000,14.7496
8138,16.278000,0.000000,14.7489
8139,16.280000,0.000000,14.7481
8140,16.282000,0.000000,14.7473
8141,16.284000,0.000000,14.7465
8142,16.286000,0.000000,14.7457
8143,16.288000,0.000000,14.7448
8144,16.290000,0.000000,14.7440
8145,16.292000,0.000000,14.7432
8146,16.294000,0.000000,14.7424
8147,16.296000,0.000000,14.7416
8148,16.298000,0.000000,14.7408
8149,16.300000,0.000000,14.7399
8150,16.302000,0.000000,14.7391
8151,16.304000,0.000000,14.7383
8152,16.306000,0.000000,14.7375
8153,16.308000,0.000000,14.7366
8154,16.310000,0.000000,14.7358
8155,16.312000,0.000000,14.7349
8156,16.314000,0.000000,14.7341
8157,16.316000,0.000000,14.7332
8158,16.318000,0.000000,14.7324
8159,16.320000,0.000000,14.7315
8160,16.322000,0.000000,14.7307
8161,16.324000,0.000000,14.7298
8162,16.326000,0.000000,14.7290
8163,16.328000,0.000000,14.7281
8164,16.330000,0.000000,14.7272
8165,16.332000,0.000000,14.7264
8166,16.334000,0.000000,14.7255
8167,16.336000,0.000000,14.7246
8168,16.338000,0.000000,14.7238
8169,16.340000,0.000000,14.7229
8170,16.342000,0.000000,14.7220
8171,16.344000,0.000000,14.7211
8172,16.346000,0.000000,14.7202
8173,16.348000,0.000000,14.7193
8174,16.350000,0.000000,14.7184
8175,16.352000,0.000000,14.7175
8176,16.354000,0.000000,14.7166
8177,16.356000,0.000000,14.7157
8178,16.358000,0.000000,14.7148
8179,16.360000,0.000000,14.7139
8180,16.362000,0.000000,14.7130
8181,16.364000,0.000000,14.7121
8182,16.366000,0.000000,14.7112
8183,16.368000,0.000000,14.7103
8184,16.370000,0.000000,14.7094
8185,16.372000,0.000000,14.7084
8186,16.374000,0.000000,14.7075
8187,16.376000,0.000000,14.7066
8188,16.378000,0.000000,14.7056
8189,16.380000,0.000000,14.7047
8190,16.382000,0.000000,14.7038
8191,16.384000,0.000000,14.7028
8192,16.386000,0.000000,14.7019
8193,16.388000,0.000000,14.7010
8194,16.390000,0.000000,14.7000
8195,16.392000,0.000000,14.6991
8196,16.394000,0.000000,14.6981
8197,16.396000,0.000000,14.6972
8198,16.398000,0.000000,14.6962
8199,16.400000,0.000000,14.6952
8200,16.402000,0.000000,14.6943
8201,16.404000,0.000000,14.6933
8202,16.406000,0.000000,14.6923
8203,16.408000,0.000000,14.6914
8204,16.410000,0.000000,14.6904
8205,16.412000,0.000000,14.6894
8206,16.414000,0.000000,14.6885
8207,16.416000,0.000000,14.6875
8208,16.418000,0.000000,14.6865
8209,16.420000,0.000000,14.6855
8210,16.422000,0.000000,14.6845
8211,16.424000,0.000000,14.6835
8212,16.426000,0.000000,14.6825
8213,16.428000,0.000000,14.6816
8214,16.430000,0.000000,14.6806
8215,16.432000,0.000000,14.6796
8216,16.434000,0.000000,14.6786
8217,16.436000,0.000000,14.6776
8218,16.438000,0.000000,14.6765
8219,16.440000,0.000000,14.6755
8220,16.442000,0.000000,14.6745
8221,16.444000,0.000000,14.6735
8222,16.446000,0.000000,14.6725
8223,16.448000,0.000000,14.6715
8224,16.450000,0.000000,14.6705
8225,16.452000,0.000000,14.6694
8226,16.454000,0.000000,14.6684
8227,16.456000,0.000000,14.6674
8228,16.458000,0.000000,14.6664
8229,16.460000,0.000000,14.6653
8230,16.462000,0.000000,14.6643
8231,16.464000,0.000000,14.6633
8232,16.466000,0.000000,14.6622
8233,16.468000,0.000000,14.6612
8234,16.470000,0.000000,14.6601
8235,16.472000,0.000000,14.6591
8236,16.474000,0.000000,14.6580
8237,16.476000,0.000000,14.6570
8238,16.478000,0.000000,14.6559
8239,16.480000,0.000000,14.6549
8240,16.482000,0.000000,14.6538
8241,16.484000,0.000000,14.6528
8242,16.486000,0.000000,14.6517
8243,16.488000,0.000000,14.6506
8244,16.490000,0.000000,14.6496
8245,16.492000,0.000000,14.6485
8246,16.494000,0.000000,14.6474
8247,16.496000,0.000000,14.6464
8248,16.498000,0.000000,14.6453
8249,16.500000,0.000000,14.6442
8250,16.502000,0.000000,14.6431
8251,16.504000,0.000000,14.6420
8252,16.506000,0.000000,14.6410
8253,16.508000,0.000000,14.6399
8254,16.510000,0.000000,14.6388
8255,16.512000,0.000000,14.6377
8256,16.514000,0.000000,14.6366
8257,16.516000,0.000000,14.6355
8258,16.518000,0.000000,14.6344
8259,16.520000,0.000000,14.6333
8260,16.522000,0.000000,14.6322
8261,16.524000,0.000000,14.6311
8262,16.526000,0.000000,14.6300
8263,16.528000,0.000000,14.6289
8264,16.530000,0.000000,14.6278
8265,16.532000,0.000000,14.6267
8266,16.534000,0.000000,14.6256
8267,16.536000,0.000000,14.6245
8268,16.538000,0.000000,14.6233
8269,16.540000,0.000000,14.6222
8270,16.542000,0.000000,14.6211
8271,16.544000,0.000000,14.6200
8272,16.546000,0.000000,14.6189
8273,16.548000,0.000000,14.6177
8274,16.550000,0.000000,14.6166
8275,16.552000,0.000000,14.6155
8276,16.554000,0.000000,14.6143
8277,16.556000,0.000000,14.6132
8278,16.558000,0.000000,14.6121
8279,16.560000,0.000000,14.6109
8280,16.562000,0.000000,14.6098
8281,16.564000,0.000000,14.6087
8282,16.566000,0.000000,14.6075
8283,16.568000,0.000000,14.6064
8284,16.570000,0.000000,14.6052
8285,16.572000,0.000000,14.6041
8286,16.574000,0.000000,14.6029
8287,16.576000,0.000000,14.6018
8288,16.578000,0.000000,14.6006
8289,16.580000,0.000000,14.5995
8290,16.582000,0.000000,14.5983
8291,16.584000,0.000000,14.5972
8292,16.586000,0.000000,14.5960
8293,16.588000,0.000000,14.5948
8294,16.590000,0.000000,14.5937
8295,16.592000,0.000000,14.5925
8296,16.594000,0.000000,14.5913
8297,16.596000,0.000000,14.5902
8298,16.598000,0.000000,14.5890
8299,16.600000,0.000000,14.5878
8300,16.602000,0.000000,14.5866
8301,16.604000,0.000000,14.5855
8302,16.606000,0.000000,14.5843
8303,16.608000,0.000000,14.5831
8304,16.610000,0.000000,14.5819
8305,16.612000,0.000000,14.5807
8306,16.614000,0.000000,14.5796
8307,16.616000,0.000000,14.5784
8308,16.618000,0.000000,14.5772
8309,16.620000,0.000000,14.5760
8310,16.622000,0.000000,14.5748
8311,16.624000,0.000000,14.5736
8312,16.626000,0.000000,14.5724
8313,16.628000,0.000000,14.5712
8314,16.630000,0.000000,14.5700
8315,16.632000,0.000000,14.5688
8316,16.634000,0.000000,14.5676
8317,16.636000,0.000000,14.5664
8318,16.638000,0.000000,14.5652
8319,16.640000,0.000000,14.5640
8320,16.642000,0.000000,14.5628
8321,16.644000,0.000000,14.5616
8322,16.646000,0.000000,14.5604
8323,16.648000,0.000000,14.5592
8324,16.650000,0.000000,14.5580
8325,16.652000,0.000000,14.5568
8326,16.654000,0.000000,14.5556
8327,16.656000,0.000000,14.5544
8328,16.658000,0.000000,14.5531
8329,16.660000,0.000000,14.5519
8330,16.662000,0.000000,14.5507
8331,16.664000,0.000000,14.5495
8332,16.666000,0.000000,14.5483
8333,16.668000,0.000000,14.5470
8334,16.670000,0.000000,14.5458
8335,16.672000,0.000000,14.5446
8336,16.674000,0.000000,14.5434
8337,16.676000,0.000000,14.5421
8338,16.678000,0.000000,14.5409
8339,16.680000,0.000000,14.5397
8340,16.682000,0.000000,14.5385
8341,16.684000,0.000000,14.5372
8342,16.686000,0.000000,14.5360
8343,16.688000,0.000000,14.5348
8344,16.690000,0.000000,14.5335
8345,16.692000,0.000000,14.5323
8346,16.694000,0.000000,14.5310
8347,16.696000,0.000000,14.5298
8348,16.698000,0.000000,14.5286
8349,16.700000,0.000000,14.5273
8350,16.702000,0.000000,14.5261
8351,16.704000,0.000000,14.5248
8352,16.706000,0.000000,14.5236
8353,16.708000,0.000000,14.5224
8354,16.710000,0.000000,14.5211
8355,16.712000,0.000000,14.5199
8356,16.714000,0.000000,14.5186
8357,16.716000,0.000000,14.5174
8358,16.718000,0.000000,14.5161
8359,16.720000,0.000000,14.5149
8360,16.722000,0.000000,14.5136
8361,16.724000,0.000000,14.5124
8362,16.726000,0.000000,14.5111
8363,16.728000,0.000000,14.5098
8364,16.730000,0.000000,14.5086
8365,16.732000,0.000000,14.5073
8366,16.734000,0.000000,14.5061
8367,16.736000,0.000000,14.5048
8368,16.738000,0.000000,14.5036
8369,16.740000,0.000000,14.5023
8370,16.742000,0.000000,14.5010
8371,16.744000,0.000000,14.4998
8372,16.746000,0.000000,14.4985
8373,16.748000,0.000000,14.4973
8374,16.750000,0.000000,14.4960
8375,16.752000,0.000000,14.4947
8376,16.754000,0.000000,14.4935
8377,16.756000,0.000000,14.4922
8378,16.758000,0.000000,14.4909
8379,16.760000,0.000000,14.4897
8380,16.762000,0.000000,14.4884
8381,16.764000,0.000000,14.4871
8382,16.766000,0.000000,14.4859
8383,16.768000,0.000000,14.4846
8384,16.770000,0.000000,14.4833
8385,16.772000,0.000000,14.4820
8386,16.774000,0.000000,14.4808
8387,16.776000,0.000000,14.4795
8388,16.778000,0.000000,14.4782
8389,16.780000,0.000000,14.4770
8390,16.782000,0.000000,14.4757
8391,16.784000,0.000000,14.4744
8392,16.786000,0.000000,14.4731
8393,16.788000,0.000000,14.4719
8394,16.790000,0.000000,14.4706
8395,16.792000,0.000000,14.4693
8396,16.794000,0.000000,14.4680
8397,16.796000,0.000000,14.4668
8398,16.798000,0.000000,14.4655
8399,16.800000,0.000000,14.4642
8400,16.802000,0.000000,14.4629
8401,16.804000,0.000000,14.4616
8402,16.806000,0.000000,14.4604
8403,16.808000,0.000000,14.4591
8404,16.810000,0.000000,14.4578
8405,16.812000,0.000000,14.4565
8406,16.814000,0.000000,14.4552
8407,16.816000,0.000000,14.4540
8408,16.818000,0.000000,14.4527
8409,16.820000,0.000000,14.4514
8410,16.822000,0.000000,14.4501
8411,16.824000,0.000000,14.4488
8412,16.826000,0.000000,14.4476
8413,16.828000,0.000000,14.4463
8414,16.830000,0.000000,14.4450
8415,16.832000,0.000000,14.4437
8416,16.834000,0.000000,14.4424
8417,16.836000,0.000000,14.4412
8418,16.838000,0.000000,14.4399
8419,16.840000,0.000000,14.4386
8420,16.842000,0.000000,14.4373
8421,16.844000,0.000000,14.4360
8422,16.846000,0.000000,14.4347
8423,16.848000,0.000000,14.4335
8424,16.850000,0.000000,14.4322
8425,16.852000,0.000000,14.4309
8426,16.854000,0.000000,14.4296
8427,16.856000,0.000000,14.4283
8428,16.858000,0.000000,14.4270
8429,16.860000,0.000000,14.4258
8430,16.862000,0.000000,14.4245
8431,16.864000,0.000000,14.4232
8432,16.866000,0.000000,14.4219
8433,16.868000,0.000000,14.4206
8434,16.870000,0.000000,14.4193
8435,16.872000,0.000000,14.4181
8436,16.874000,0.000000,14.4168
8437,16.876000,0.000000,14.4155
8438,16.878000,0.000000,14.4142
8439,16.880000,0.000000,14.4129
8440,16.882000,0.000000,14.4116
8441,16.884000,0.000000,14.4104
8442,16.886000,0.000000,14.4091
8443,16.888000,0.000000,14.4078
8444,16.890000,0.000000,14.4065
8445,16.892000,0.000000,14.4052
8446,16.894000,0.000000,14.4040
8447,16.896000,0.000000,14.4027
8448,16.898000,0.000000,14.4014
8449,16.900000,0.000000,14.4001
8450,16.902000,0.000000,14.3988
8451,16.904000,0.000000,14.3975
8452,16.906000,0.000000,14.3963
8453,16.908000,0.000000,14.3950
8454,16.910000,0.000000,14.3937
8455,16.912000,0.000000,14.3924
8456,16.914000,0.000000,14.3912
8457,16.916000,0.000000,14.3899
8458,16.918000,0.000000,14.3886
8459,16.920000,0.000000,14.3873
8460,16.922000,0.000000,14.3860
8461,16.924000,0.000000,14.3848
8462,16.926000,0.000000,14.3835
8463,16.928000,0.000000,14.3822
8464,16.930000,0.000000,14.3809
8465,16.932000,0.000000,14.3797
8466,16.934000,0.000000,14.3784
8467,16.936000,0.000000,14.3771
8468,16.938000,0.000000,14.3759
8469,16.940000,0.000000,14.3746
8470,16.942000,0.000000,14.3733
8471,16.944000,0.000000,14.3720
8472,16.946000,0.000000,14.3708
8473,16.948000,0.000000,14.3695
8474,16.950000,0.000000,14.3682
8475,16.952000,0.000000,14.3670
8476,16.954000,0.000000,14.3657
8477,16.956000,0.000000,14.3644
8478,16.958000,0.000000,14.3632
8479,16.960000,0.000000,14.3619
8480,16.962000,0.000000,14.3606
8481,16.964000,0.000000,14.3594
8482,16.966000,0.000000,14.3581
8483,16.968000,0.000000,14.3569
8484,16.970000,0.000000,14.3556
8485,16.972000,0.000000,14.3543
8486,16.974000,0.000000,14.3531
8487,16.976000,0.000000,14.3518
8488,16.978000,0.000000,14.3506
8489,16.980000,0.000000,14.3493
8490,16.982000,0.000000,14.3480
8491,16.984000,0.000000,14.3468
8492,16.986000,0.000000,14.3455
8493,16.988000,0.000000,14.3443
8494,16.990000,0.000000,14.3430
8495,16.992000,0.000000,14.3418
8496,16.994000,0.000000,14.3405
8497,16.996000,0.000000,14.3393
8498,16.998000,0.000000,14.3380
8499,17.000000,0.000000,14.3368
8500,17.002000,0.000000,14.3355
8501,17.004000,0.000000,14.3343
8502,17.006000,0.000000,14.3330
8503,17.008000,0.000000,14.3318
8504,17.010000,0.000000,14.3306
8505,17.012000,0.000000,14.3293
8506,17.014000,0.000000,14.3281
8507,17.016000,0.000000,14.3268
8508,17.018000,0.000000,14.3256
8509,17.020000,0.000000,14.3244
8510,17.022000,0.000000,14.3231
8511,17.024000,0.000000,14.3219
8512,17.026000,0.000000,14.3206
8513,17.028000,0.000000,14.3194
8514,17.030000,0.000000,14.3182
8515,17.032000,0.000000,14.3170
8516,17.034000,0.000000,14.3157
8517,17.036000,0.000000,14.3145
8518,17.038000,0.000000,14.3133
8519,17.040000,0.000000,14.3120
8520,17.042000,0.000000,14.3108
8521,17.044000,0.000000,14.3096
8522,17.046000,0.000000,14.3084
8523,17.048000,0.000000,14.3072
8524,17.050000,0.000000,14.3059
8525,17.052000,0.000000,14.3047
8526,17.054000,0.000000,14.3035
8527,17.056000,0.000000,14.3023
8528,17.058000,0.000000,14.3011
8529,17.060000,0.000000,14.2999
8530,17.062000,0.000000,14.2986
8531,17.064000,0.000000,14.2974
8532,17.066000,0.000000,14.2962
8533,17.068000,0.000000,14.2950
8534,17.070000,0.000000,14.2938
8535,17.072000,0.000000,14.2926
8536,17.074000,0.000000,14.2914
8537,17.076000,0.000000,14.2902
8538,17.078000,0.000000,14.2890
8539,17.080000,0.000000,14.2878
8540,17.082000,0.000000,14.2866
8541,17.084000,0.000000,14.2854
8542,17.086000,0.000000,14.2842
8543,17.088000,0.000000,14.2830
8544,17.090000,0.000000,14.2819
8545,17.092000,0.000000,14.2807
8546,17.094000,0.000000,14.2795
8547,17.096000,0.000000,14.2783
8548,17.098000,0.000000,14.2771
8549,17.100000,0.000000,14.2759
8550,17.102000,0.000000,14.2747
8551,17.104000,0.000000,14.2736
8552,17.106000,0.000000,14.2724
8553,17.108000,0.000000,14.2712
8554,17.110000,0.000000,14.2700
8555,17.112000,0.000000,14.2689
8556,17.114000,0.000000,14.2677
8557,17.116000,0.000000,14.2665
8558,17.118000,0.000000,14.2654
8559,17.120000,0.000000,14.2642
8560,17.122000,0.000000,14.2630
8561,17.124000,0.000000,14.2619
8562,17.126000,0.000000,14.2607
8563,17.128000,0.000000,14.2596
8564,17.130000,0.000000,14.2584
8565,17.132000,0.000000,14.2572
8566,17.134000,0.000000,14.2561
8567,17.136000,0.000000,14.2549
8568,17.138000,0.000000,14.2538
8569,17.140000,0.000000,14.2526
8570,17.142000,0.000000,14.2515
8571,17.144000,0.000000,14.2504
8572,17.146000,0.000000,14.2492
8573,17.148000,0.000000,14.2481
8574,17.150000,0.000000,14.2469
8575,17.152000,0.000000,14.2458
8576,17.154000,0.000000,14.2447
8577,17.156000,0.000000,14.2435
8578,17.158000,0.000000,14.2424
8579,17.160000,0.000000,14.2413
8580,17.162000,0.000000,14.2402
8581,17.164000,0.000000,14.2390
8582,17.166000,0.000000,14.2379
8583,17.168000,0.000000,14.2368
8584,17.170000,0.000000,14.2357
8585,17.172000,0.000000,14.2346
8586,17.174000,0.000000,14.2334
8587,17.176000,0.000000,14.2323
8588,17.178000,0.000000,14.2312
8589,17.180000,0.000000,14.2301
8590,17.182000,0.000000,14.2290
8591,17.184000,0.000000,14.2279
8592,17.186000,0.000000,14.2268
8593,17.188000,0.000000,14.2257
8594,17.190000,0.000000,14.2246
8595,17.192000,0.000000,14.2235
8596,17.194000,0.000000,14.2224
8597,17.196000,0.000000,14.2213
8598,17.198000,0.000000,14.2203
8599,17.200000,0.000000,14.2192
8600,17.202000,0.000000,14.2181
8601,17.204000,0.000000,14.2170
8602,17.206000,0.000000,14.2159
8603,17.208000,0.000000,14.2149
8604,17.210000,0.000000,14.2138
8605,17.212000,0.000000,14.2127
8606,17.214000,0.000000,14.2116
8607,17.216000,0.000000,14.2106
8608,17.218000,0.000000,14.2095
8609,17.220000,0.000000,14.2084
8610,17.222000,0.000000,14.2074
8611,17.224000,0.000000,14.2063
8612,17.226000,0.000000,14.2053
8613,17.228000,0.000000,14.2042
8614,17.230000,0.000000,14.2032
8615,17.232000,0.000000,14.2021
8616,17.234000,0.000000,14.2011
8617,17.236000,0.000000,14.2000
8618,17.238000,0.000000,14.1990
8619,17.240000,0.000000,14.1979
8620,17.242000,0.000000,14.1969
8621,17.244000,0.000000,14.1959
8622,17.246000,0.000000,14.1948
8623,17.248000,0.000000,14.1938
8624,17.250000,0.000000,14.1928
8625,17.252000,0.000000,14.1918
8626,17.254000,0.000000,14.1907
8627,17.256000,0.000000,14.1897
8628,17.258000,0.000000,14.1887
8629,17.260000,0.000000,14.1877
8630,17.262000,0.000000,14.1867
8631,17.264000,0.000000,14.1857
8632,17.266000,0.000000,14.1847
8633,17.268000,0.000000,14.1837
8634,17.270000,0.000000,14.1827
8635,17.272000,0.000000,14.1817
8636,17.274000,0.000000,14.1807
8637,17.276000,0.000000,14.1797
8638,17.278000,0.000000,14.1787
8639,17.280000,0.000000,14.1777
8640,17.282000,0.000000,14.1767
8641,17.284000,0.000000,14.1757
8642,17.286000,0.000000,14.1747
8643,17.288000,0.000000,14.1738
8644,17.290000,0.000000,14.1728
8645,17.292000,0.000000,14.1718
8646,17.294000,0.000000,14.1708
8647,17.296000,0.000000,14.1699
8648,17.298000,0.000000,14.1689
8649,17.300000,0.000000,14.1680
8650,17.302000,0.000000,14.1670
8651,17.304000,0.000000,14.1660
8652,17.306000,0.000000,14.1651
8653,17.308000,0.000000,14.1641
8654,17.310000,0.000000,14.1632
8655,17.312000,0.000000,14.1622
8656,17.314000,0.000000,14.1613
8657,17.316000,0.000000,14.1604
8658,17.318000,0.000000,14.1594
8659,17.320000,0.000000,14.1585
8660,17.322000,0.000000,14.1576
8661,17.324000,0.000000,14.1566
8662,17.326000,0.000000,14.1557
8663,17.328000,0.000000,14.1548
8664,17.330000,0.000000,14.1539
8665,17.332000,0.000000,14.1529
8666,17.334000,0.000000,14.1520
8667,17.336000,0.000000,14.1511
8668,17.338000,0.000000,14.1502
8669,17.340000,0.000000,14.1493
8670,17.342000,0.000000,14.1484
8671,17.344000,0.000000,14.1475
8672,17.346000,0.000000,14.1466
8673,17.348000,0.000000,14.1457
8674,17.350000,0.000000,14.1448
8675,17.352000,0.000000,14.1439
8676,17.354000,0.000000,14.1430
8677,17.356000,0.000000,14.1422
8678,17.358000,0.000000,14.1413
8679,17.360000,0.000000,14.1404
8680,17.362000,0.000000,14.1395
8681,17.364000,0.000000,14.1387
8682,17.366000,0.000000,14.1378
8683,17.368000,0.000000,14.1369
8684,17.370000,0.000000,14.1361
8685,17.372000,0.000000,14.1352
8686,17.374000,0.000000,14.1343
8687,17.376000,0.000000,14.1335
8688,17.378000,0.000000,14.1326
8689,17.380000,0.000000,14.1318
8690,17.382000,0.000000,14.1310
8691,17.384000,0.000000,14.1301
8692,17.386000,0.000000,14.1293
8693,17.388000,0.000000,14.1284
8694,17.390000,0.000000,14.1276
8695,17.392000,0.000000,14.1268
8696,17.394000,0.000000,14.1260
8697,17.396000,0.000000,14.1251
8698,17.398000,0.000000,14.1243
8699,17.400000,0.000000,14.1235
8700,17.402000,0.000000,14.1227
8701,17.404000,0.000000,14.1219
8702,17.406000,0.000000,14.1211
8703,17.408000,0.000000,14.1203
8704,17.410000,0.000000,14.1195
8705,17.412000,0.000000,14.1187
8706,17.414000,0.000000,14.1179
8707,17.416000,0.000000,14.1171
8708,17.418000,0.000000,14.1163
8709,17.420000,0.000000,14.1155
8710,17.422000,0.000000,14.1147
8711,17.424000,0.000000,14.1139
8712,17.426000,0.000000,14.1132
8713,17.428000,0.000000,14.1124
8714,17.430000,0.000000,14.1116
8715,17.432000,0.000000,14.1109
8716,17.434000,0.000000,14.1101
8717,17.436000,0.000000,14.1093
8718,17.438000,0.000000,14.1086
8719,17.440000,0.000000,14.1078
8720,17.442000,0.000000,14.1071
8721,17.444000,0.000000,14.1063
8722,17.446000,0.000000,14.1056
8723,17.448000,0.000000,14.1049
8724,17.450000,0.000000,14.1041
8725,17.452000,0.000000,14.1034
8726,17.454000,0.000000,14.1027
8727,17.456000,0.000000,14.1019
8728,17.458000,0.000000,14.1012
8729,17.460000,0.000000,14.1005
8730,17.462000,0.000000,14.0998
8731,17.464000,0.000000,14.0991
8732,17.466000,0.000000,14.0983
8733,17.468000,0.000000,14.0976
8734,17.470000,0.000000,14.0969
8735,17.472000,0.000000,14.0962
8736,17.474000,0.000000,14.0955
8737,17.476000,0.000000,14.0948
8738,17.478000,0.000000,14.0942
8739,17.480000,0.000000,14.0935
8740,17.482000,0.000000,14.0928
8741,17.484000,0.000000,14.0921
8742,17.486000,0.000000,14.0914
8743,17.488000,0.000000,14.0908
8744,17.490000,0.000000,14.0901
8745,17.492000,0.000000,14.0894
8746,17.494000,0.000000,14.0888
8747,17.496000,0.000000,14.0881
8748,17.498000,0.000000,14.0874
8749,17.500000,0.000000,14.0868
8750,17.502000,0.000000,14.0861
8751,17.504000,0.000000,14.0855
8752,17.506000,0.000000,14.0848
8753,17.508000,0.000000,14.0842
8754,17.510000,0.000000,14.0836
8755,17.512000,0.000000,14.0829
8756,17.514000,0.000000,14.0823
8757,17.516000,0.000000,14.0817
8758,17.518000,0.000000,14.0811
8759,17.520000,0.000000,14.0804
8760,17.522000,0.000000,14.0798
8761,17.524000,0.000000,14.0792
8762,17.526000,0.000000,14.0786
8763,17.528000,0.000000,14.0780
8764,17.530000,0.000000,14.0774
8765,17.532000,0.000000,14.0768
8766,17.534000,0.000000,14.0762
8767,17.536000,0.000000,14.0756
8768,17.538000,0.000000,14.0750
8769,17.540000,0.000000,14.0744
8770,17.542000,0.000000,14.0739
8771,17.544000,0.000000,14.0733
8772,17.546000,0.000000,14.0727
8773,17.548000,0.000000,14.0721
8774,17.550000,0.000000,14.0716
8775,17.552000,0.000000,14.0710
8776,17.554000,0.000000,14.0705
8777,17.556000,0.000000,14.0699
8778,17.558000,0.000000,14.0693
8779,17.560000,0.000000,14.0688
8780,17.562000,0.000000,14.0683
8781,17.564000,0.000000,14.0677
8782,17.566000,0.000000,14.0672
8783,17.568000,0.000000,14.0666
8784,17.570000,0.000000,14.0661
8785,17.572000,0.000000,14.0656
8786,17.574000,0.000000,14.0651
8787,17.576000,0.000000,14.0645
8788,17.578000,0.000000,14.0640
8789,17.580000,0.000000,14.0635
8790,17.582000,0.000000,14.0630
8791,17.584000,0.000000,14.0625
8792,17.586000,0.000000,14.0620
8793,17.588000,0.000000,14.0615
8794,17.590000,0.000000,14.0610
8795,17.592000,0.000000,14.0605
8796,17.594000,0.000000,14.0600
8797,17.596000,0.000000,14.0595
8798,17.598000,0.000000,14.0591
8799,17.600000,0.000000,14.0586
8800,17.602000,0.000000,14.0581
8801,17.604000,0.000000,14.0576
8802,17.606000,0.000000,14.0572
8803,17.608000,0.000000,14.0567
8804,17.610000,0.328793,14.0407
8805,17.612000,0.751279,14.0175
8806,17.614000,1.359595,13.9928
8807,17.616000,2.120785,13.9685
8808,17.618000,3.011698,13.9392
8809,17.620000,4.012145,13.8986
8810,17.622000,5.098007,13.8447
8811,17.624000,6.226308,13.7832
8812,17.626000,7.321976,13.7276
8813,17.628000,8.320080,13.6871
8814,17.630000,9.200895,13.6591
8815,17.632000,9.991836,13.6319
8816,17.634000,10.720865,13.5978
8817,17.636000,11.374239,13.5624
8818,17.638000,11.924555,13.5367
8819,17.640000,12.370136,13.5247
8820,17.642000,12.743113,13.5211
8821,17.644000,13.100022,13.5163
8822,17.646000,13.488315,13.5040
8823,17.648000,13.921965,13.4864
8824,17.650000,14.392770,13.4694
8825,17.652000,14.892320,13.4568
8826,17.654000,15.426501,13.4472
8827,17.656000,16.021103,13.4347
8828,17.658000,16.919940,13.4049
8829,17.660000,17.986426,13.3662
8830,17.662000,19.224837,13.3289
8831,17.664000,20.609594,13.2950
8832,17.666000,22.203531,13.2528
8833,17.668000,24.112600,13.1879
8834,17.670000,26.331646,13.1046
8835,17.672000,28.706013,13.0258
8836,17.674000,31.120309,12.9631
8837,17.676000,33.720144,12.8943
8838,17.678000,36.732807,12.7921
8839,17.680000,40.115518,12.6672
8840,17.682000,43.436063,12.5700
8841,17.684000,46.617266,12.5021
8842,17.686000,50.150327,12.4057
8843,17.688000,54.419053,12.2464
8844,17.690000,58.674940,12.1087
8845,17.692000,62.215930,12.0539
8846,17.694000,66.027812,11.9755
8847,17.696000,71.241922,11.7716
8848,17.698000,76.302094,11.6048
8849,17.700000,79.610180,11.6049
8850,17.702000,83.620234,11.5365
8851,17.704000,90.346139,11.2331
8852,17.706000,95.577008,11.0948
8853,17.708000,97.614167,11.2174
8854,17.710000,102.572482,11.0816
8855,17.712000,110.985641,10.6666
8856,17.714000,115.153453,10.6508
8857,17.716000,115.780116,10.8815
8858,17.718000,123.366351,10.5436
8859,17.720000,131.989310,10.1641
8860,17.722000,132.061832,10.4456
8861,17.724000,134.844975,10.4962
8862,17.726000,144.574551,10.0015
8863,17.728000,153.281351,9.6931
8864,17.730000,150.006555,10.2020
8865,17.732000,153.541236,10.1822
8866,17.734000,163.452182,9.6781
8867,17.736000,172.484150,9.3674
8868,17.738000,169.908029,9.8291
8869,17.740000,177.071733,9.6136
8870,17.742000,186.942580,9.2230
8871,17.744000,188.328997,9.4198
8872,17.746000,191.411379,9.4754
8873,17.748000,202.135640,9.0362
8874,17.750000,210.858512,8.8220
8875,17.752000,201.353143,9.5859
8876,17.754000,213.763709,9.0074
8877,17.756000,223.904291,8.6526
8878,17.758000,234.013559,8.4585
8879,17.760000,224.467332,9.2433
8880,17.762000,237.454817,8.6965
8881,17.764000,248.148127,8.3572
8882,17.766000,245.831823,8.7644
8883,17.768000,258.241606,8.3544
8884,17.770000,264.799757,8.2936
8885,17.772000,256.118360,8.9193
8886,17.774000,269.577638,8.3423
8887,17.776000,280.984120,7.9970
8888,17.778000,293.064651,7.7842
8889,17.780000,270.927214,9.0126
8890,17.782000,285.934309,8.3285
8891,17.784000,297.543999,7.9304
8892,17.786000,310.095610,7.6970
8893,17.788000,323.006479,7.5439
8894,17.790000,302.285288,8.6817
8895,17.792000,317.305986,8.0696
8896,17.794000,329.063078,7.7147
8897,17.796000,341.655801,7.5080
8898,17.798000,346.274040,7.6788
8899,17.800000,327.260733,8.5936
8900,17.802000,341.472566,7.9779
8901,17.804000,352.874145,7.6369
8902,17.806000,365.193189,7.4522
8903,17.808000,377.671228,7.3451
8904,17.810000,377.207743,7.7000
8905,17.812000,388.919256,7.4919
8906,17.814000,397.096784,7.4348
8907,17.816000,394.294440,7.7501
8908,17.818000,404.769261,7.5157
8909,17.820000,413.706695,7.3965
8910,17.822000,422.471920,7.3444
8911,17.824000,430.648455,7.3293
8912,17.826000,437.811253,7.3416
8913,17.828000,442.596561,7.4085
8914,17.830000,448.035389,7.4224
8915,17.832000,452.363811,7.4574
8916,17.834000,455.764970,7.5087
8917,17.836000,458.225061,7.5730
8918,17.838000,459.764267,7.6486
8919,17.840000,460.427172,7.7344
8920,17.842000,460.274521,7.8295
8921,17.844000,459.377982,7.9331
8922,17.846000,457.816694,8.0445
8923,17.848000,455.674838,8.1627
8924,17.850000,453.039815,8.2869
8925,17.852000,450.000830,8.4161
8926,17.854000,446.647769,8.5495
8927,17.856000,443.070294,8.6860
8928,17.858000,439.357108,8.8249
8929,17.860000,435.595328,8.9651
8930,17.862000,431.869931,9.1060
8931,17.864000,428.263200,9.2465
8932,17.866000,424.854125,9.3862
8933,17.868000,421.717692,9.5243
8934,17.870000,418.924000,9.6604
8935,17.872000,416.537148,9.7939
8936,17.874000,414.613842,9.9247
8937,17.876000,413.201659,10.0527
8938,17.878000,412.336965,10.1777
8939,17.880000,412.042447,10.3001
8940,17.882000,412.324321,10.4202
8941,17.884000,413.169288,10.5384
8942,17.886000,414.541402,10.6556
8943,17.888000,416.379124,10.7725
8944,17.890000,418.592938,10.8900
8945,17.892000,421.064087,11.0093
8946,17.894000,423.645072,11.1312
8947,17.896000,426.162744,11.2570
8948,17.898000,428.424780,11.3872
8949,17.900000,430.230280,11.5227
8950,17.902000,431.384833,11.6636
8951,17.904000,431.719777,11.8099
8952,17.906000,431.114353,11.9611
8953,17.908000,429.518094,12.1160
8954,17.910000,426.969246,12.2736
8955,17.912000,423.603612,12.4323
8956,17.914000,419.647419,12.5908
8957,17.916000,415.388779,12.7480
8958,17.918000,411.126228,12.9036
8959,17.920000,407.101581,13.0577
8960,17.922000,403.437674,13.2112
8961,17.924000,400.113409,13.3648
8962,17.926000,397.002154,13.5193
8963,17.928000,393.959209,13.6744
8964,17.930000,390.893647,13.8298
8965,17.932000,387.772192,13.9850
8966,17.934000,384.583779,14.1397
8967,17.936000,381.320358,14.2936
8968,17.938000,377.976439,14.4465
8969,17.940000,374.549805,14.5982
8970,17.942000,371.040733,14.7486
8971,17.944000,367.451178,14.8975
8972,17.946000,363.784159,15.0447
8973,17.948000,360.043329,15.1902
8974,17.950000,356.232669,15.3337
8975,17.952000,352.356277,15.4752
8976,17.954000,348.418227,15.6145
8977,17.956000,344.422479,15.7514
8978,17.958000,340.372820,15.8859
8979,17.960000,336.272838,16.0178
8980,17.962000,332.125906,16.1469
8981,17.964000,327.935177,16.2732
8982,17.966000,323.703595,16.3966
8983,17.968000,319.433895,16.5168
8984,17.970000,315.128624,16.6338
8985,17.972000,310.790144,16.7476
8986,17.974000,306.420648,16.8579
8987,17.976000,302.022170,16.9646
8988,17.978000,297.596599,17.0678
8989,17.980000,293.145682,17.1672
8990,17.982000,288.671038,17.2627
8991,17.984000,284.174167,17.3544
8992,17.986000,279.656452,17.4420
8993,17.988000,275.119171,17.5255
8994,17.990000,270.563497,17.6048
8995,17.992000,265.990516,17.6798
8996,17.994000,261.401231,17.7505
8997,17.996000,256.796559,17.8167
8998,17.998000,252.177337,17.8784
8999,18.000000,247.544318,17.9356
9000,18.002000,242.898173,17.9881
9001,18.004000,238.239499,18.0358
9002,18.006000,233.568819,18.0788
9003,18.008000,228.886588,18.1169
9004,18.010000,224.193626,18.1502
9005,18.012000,219.490809,18.1785
9006,18.014000,214.778825,18.2018
9007,18.016000,207.917005,18.1385
9008,18.018000,186.270028,17.5352
9009,18.020000,183.860408,17.8101
9010,18.022000,179.802967,17.9465
9011,18.024000,176.048018,18.0025
9012,18.026000,172.405509,18.0168
9013,18.028000,168.771363,18.0100
9014,18.030000,165.098306,17.9928
9015,18.032000,161.367316,17.9702
9016,18.034000,157.572501,17.9443
9017,18.036000,153.713651,17.9155
9018,18.038000,149.792581,17.8837
9019,18.040000,145.810975,17.8486
9020,18.042000,141.770006,17.8096
9021,18.044000,137.670221,17.7661
9022,18.046000,133.511655,17.7177
9023,18.048000,129.294026,17.6641
9024,18.050000,125.016928,17.6050
9025,18.052000,120.679982,17.5400
9026,18.054000,116.282968,17.4689
9027,18.056000,111.825912,17.3918
9028,18.058000,107.309150,17.3083
9029,18.060000,102.733370,17.2184
9030,18.062000,98.099627,17.1221
9031,18.064000,93.409355,17.0193
9032,18.066000,88.664360,16.9100
9033,18.068000,83.866812,16.7943
9034,18.070000,79.019228,16.6722
9035,18.072000,74.124452,16.5437
9036,18.074000,69.185641,16.4090
9037,18.076000,64.206240,16.2681
9038,18.078000,59.189967,16.1212
9039,18.080000,54.140796,15.9685
9040,18.082000,49.062945,15.8100
9041,18.084000,43.960860,15.6460
9042,18.086000,38.839213,15.4767
9043,18.088000,33.702893,15.3023
9044,18.090000,28.557009,15.1232
9045,18.092000,23.406887,14.9394
9046,18.094000,18.258095,14.7514
9047,18.096000,13.116444,14.5595
9048,18.098000,8.088905,14.3685
9049,18.100000,3.290355,14.1852
9050,18.102000,0.000000,14.0687
9051,18.104000,0.000000,14.1169
9052,18.106000,0.000000,14.1904
9053,18.108000,0.416328,14.2271
9054,18.110000,1.366205,14.2470
9055,18.112000,2.298779,14.2587
9056,18.114000,3.153998,14.2943
9057,18.116000,3.749480,14.3162
9058,18.118000,4.022989,14.2843
9059,18.120000,4.030489,14.2343
9060,18.122000,3.763898,14.1927
9061,18.124000,3.189306,14.1539
9062,18.126000,2.393016,14.1281
9063,18.128000,1.482588,14.1221
9064,18.130000,0.431853,14.1081
9065,18.132000,0.000000,14.1048
9066,18.134000,0.000000,14.1080
9067,18.136000,0.000000,14.0760
9068,18.138000,0.000000,14.0425
9069,18.140000,0.000000,14.0248
9070,18.142000,0.000000,14.0171
9071,18.144000,0.000000,14.0247
9072,18.146000,0.000000,14.0474
9073,18.148000,0.000000,14.0717
9074,18.150000,0.000000,14.0817
9075,18.152000,0.000000,14.0737
9076,18.154000,0.000000,14.0587
9077,18.156000,0.000000,14.0484
9078,18.158000,0.000000,14.0466
9079,18.160000,0.000000,14.0519
9080,18.162000,0.000000,14.0609
9081,18.164000,0.000000,14.0683
9082,18.166000,0.000000,14.0703
9083,18.168000,0.000000,14.0673
9084,18.170000,0.000000,14.0627
9085,18.172000,0.000000,14.0597
9086,18.174000,0.000000,14.0598
9087,18.176000,0.000000,14.0625
9088,18.178000,0.000000,14.0660
9089,18.180000,0.000000,14.0686
9090,18.182000,0.000000,14.0693
9091,18.184000,0.000000,14.0684
9092,18.186000,0.000000,14.0672
9093,18.188000,0.000000,14.0667
9094,18.190000,0.000000,14.0673
9095,18.192000,0.000000,14.0687
9096,18.194000,0.000000,14.0703
9097,18.196000,0.000000,14.0714
9098,18.198000,0.000000,14.0719
9099,18.200000,0.000000,14.0719
9100,18.202000,0.000000,14.0719
9101,18.204000,0.000000,14.0722
9102,18.206000,0.000000,14.0728
9103,18.208000,0.000000,14.0737
9104,18.210000,0.000000,14.0746
9105,18.212000,0.000000,14.0754
9106,18.214000,0.000000,14.0759
9107,18.216000,0.000000,14.0763
9108,18.218000,0.000000,14.0767
9109,18.220000,0.000000,14.0772
9110,18.222000,0.000000,14.0779
9111,18.224000,0.000000,14.0786
9112,18.226000,0.000000,14.0793
9113,18.228000,0.000000,14.0800
9114,18.230000,0.000000,14.0806
9115,18.232000,0.000000,14.0811
9116,18.234000,0.000000,14.0817
9117,18.236000,0.000000,14.0823
9118,18.238000,0.000000,14.0829
9119,18.240000,0.000000,14.0836
9120,18.242000,0.000000,14.0843
9121,18.244000,0.000000,14.0849
9122,18.246000,0.000000,14.0856
9123,18.248000,0.000000,14.0862
9124,18.250000,0.000000,14.0868
9125,18.252000,0.000000,14.0875
9126,18.254000,0.000000,14.0881
9127,18.256000,0.000000,14.0888
9128,18.258000,0.000000,14.0895
9129,18.260000,0.000000,14.0902
9130,18.262000,0.000000,14.0908
9131,18.264000,0.000000,14.0915
9132,18.266000,0.000000,14.0922
9133,18.268000,0.000000,14.0929
9134,18.270000,0.000000,14.0935
9135,18.272000,0.000000,14.0942
9136,18.274000,0.000000,14.0949
9137,18.276000,0.000000,14.0956
9138,18.278000,0.000000,14.0963
9139,18.280000,0.000000,14.0970
9140,18.282000,0.000000,14.0977
9141,18.284000,0.000000,14.0984
9142,18.286000,0.000000,14.0992
9143,18.288000,0.000000,14.0999
9144,18.290000,0.000000,14.1006
9145,18.292000,0.000000,14.1013
9146,18.294000,0.000000,14.1020
9147,18.296000,0.000000,14.1028
9148,18.298000,0.000000,14.1035
9149,18.300000,0.000000,14.1042
9150,18.302000,0.000000,14.1050
9151,18.304000,0.000000,14.1057
9152,18.306000,0.000000,14.1065
9153,18.308000,0.000000,14.1072
9154,18.310000,0.000000,14.1080
9155,18.312000,0.000000,14.1087
9156,18.314000,0.000000,14.1095
9157,18.316000,0.000000,14.1102
9158,18.318000,0.000000,14.1110
9159,18.320000,0.000000,14.1118
9160,18.322000,0.000000,14.1125
9161,18.324000,0.000000,14.1133
9162,18.326000,0.000000,14.1141
9163,18.328000,0.000000,14.1149
9164,18.330000,0.000000,14.1157
9165,18.332000,0.000000,14.1165
9166,18.334000,0.000000,14.1172
9167,18.336000,0.000000,14.1180
9168,18.338000,0.000000,14.1188
9169,18.340000,0.000000,14.1196
9170,18.342000,0.000000,14.1204
9171,18.344000,0.000000,14.1213
9172,18.346000,0.000000,14.1221
9173,18.348000,0.000000,14.1229
9174,18.350000,0.000000,14.1237
9175,18.352000,0.000000,14.1245
9176,18.354000,0.000000,14.1253
9177,18.356000,0.000000,14.1262
9178,18.358000,0.000000,14.1270
9179,18.360000,0.000000,14.1278
9180,18.362000,0.000000,14.1287
9181,18.364000,0.000000,14.1295
9182,18.366000,0.000000,14.1303
9183,18.368000,0.000000,14.1312
9184,18.370000,0.000000,14.1320
9185,18.372000,0.000000,14.1329
9186,18.374000,0.000000,14.1337
9187,18.376000,0.000000,14.1346
9188,18.378000,0.000000,14.1354
9189,18.380000,0.000000,14.1363
9190,18.382000,0.000000,14.1372
9191,18.384000,0.000000,14.1380
9192,18.386000,0.000000,14.1389
9193,18.388000,0.000000,14.1398
9194,18.390000,0.000000,14.1407
9195,18.392000,0.000000,14.1415
9196,18.394000,0.000000,14.1424
9197,18.396000,0.000000,14.1433
9198,18.398000,0.000000,14.1442
9199,18.400000,0.000000,14.1451
9200,18.402000,0.000000,14.1460
9201,18.404000,0.000000,14.1469
9202,18.406000,0.000000,14.1478
9203,18.408000,0.000000,14.1487
9204,18.410000,0.000000,14.1496
9205,18.412000,0.000000,14.1505
9206,18.414000,0.000000,14.1514
9207,18.416000,0.000000,14.1523
9208,18.418000,0.000000,14.1533
9209,18.420000,0.000000,14.1542
9210,18.422000,0.000000,14.1551
9211,18.424000,0.000000,14.1560
9212,18.426000,0.000000,14.1570
9213,18.428000,0.000000,14.1579
9214,18.430000,0.000000,14.1588
9215,18.432000,0.000000,14.1598
9216,18.434000,0.000000,14.1607
9217,18.436000,0.000000,14.1617
9218,18.438000,0.000000,14.1626
9219,18.440000,0.000000,14.1636
9220,18.442000,0.000000,14.1645
9221,18.444000,0.000000,14.1655
9222,18.446000,0.000000,14.1664
9223,18.448000,0.000000,14.1674
9224,18.450000,0.000000,14.1684
9225,18.452000,0.000000,14.1693
9226,18.454000,0.000000,14.1703
9227,18.456000,0.000000,14.1713
9228,18.458000,0.000000,14.1722
9229,18.460000,0.000000,14.1732
9230,18.462000,0.000000,14.1742
9231,18.464000,0.000000,14.1752
9232,18.466000,0.000000,14.1762
9233,18.468000,0.000000,14.1771
9234,18.470000,0.000000,14.1781
9235,18.472000,0.000000,14.1791
9236,18.474000,0.000000,14.1801
9237,18.476000,0.000000,14.1811
9238,18.478000,0.000000,14.1821
9239,18.480000,0.000000,14.1831
9240,18.482000,0.000000,14.1841
9241,18.484000,0.000000,14.1851
9242,18.486000,0.000000,14.1862
9243,18.488000,0.000000,14.1872
9244,18.490000,0.000000,14.1882
9245,18.492000,0.000000,14.1892
9246,18.494000,0.000000,14.1902
9247,18.496000,0.000000,14.1912
9248,18.498000,0.000000,14.1923
9249,18.500000,0.000000,14.1933
9250,18.502000,0.000000,14.1943
9251,18.504000,0.000000,14.1954
9252,18.506000,0.000000,14.1964
9253,18.508000,0.000000,14.1974
9254,18.510000,0.000000,14.1985
9255,18.512000,0.000000,14.1995
9256,18.514000,0.000000,14.2006
9257,18.516000,0.000000,14.2016
9258,18.518000,0.000000,14.2027
9259,18.520000,0.000000,14.2037
9260,18.522000,0.000000,14.2048
9261,18.524000,0.000000,14.2058
9262,18.526000,0.000000,14.2069
9263,18.528000,0.000000,14.2080
9264,18.530000,0.000000,14.2090
9265,18.532000,0.000000,14.2101
9266,18.534000,0.000000,14.2112
9267,18.536000,0.000000,14.2122
9268,18.538000,0.000000,14.2133
9269,18.540000,0.000000,14.2144
9270,18.542000,0.000000,14.2155
9271,18.544000,0.000000,14.2166
9272,18.546000,0.000000,14.2176
9273,18.548000,0.000000,14.2187
9274,18.550000,0.000000,14.2198
9275,18.552000,0.000000,14.2209
9276,18.554000,0.000000,14.2220
9277,18.556000,0.000000,14.2231
9278,18.558000,0.000000,14.2242
9279,18.560000,0.000000,14.2253
9280,18.562000,0.000000,14.2264
9281,18.564000,0.000000,14.2275
9282,18.566000,0.000000,14.2286
9283,18.568000,0.000000,14.2297
9284,18.570000,0.000000,14.2308
9285,18.572000,0.000000,14.2319
9286,18.574000,0.000000,14.2331
9287,18.576000,0.000000,14.2342
9288,18.578000,0.000000,14.2353
9289,18.580000,0.000000,14.2364
9290,18.582000,0.000000,14.2375
9291,18.584000,0.000000,14.2387
9292,18.586000,0.000000,14.2398
9293,18.588000,0.000000,14.2409
9294,18.590000,0.000000,14.2420
9295,18.592000,0.000000,14.2432
9296,18.594000,0.000000,14.2443
9297,18.596000,0.000000,14.2454
9298,18.598000,0.000000,14.2466
9299,18.600000,0.000000,14.2477
9300,18.602000,0.000000,14.2489
9301,18.604000,0.000000,14.2500
9302,18.606000,0.000000,14.2512
9303,18.608000,0.000000,14.2523
9304,18.610000,0.000000,14.2535
9305,18.612000,0.000000,14.2546
9306,18.614000,0.000000,14.2558
9307,18.616000,0.000000,14.2569
9308,18.618000,0.000000,14.2581
9309,18.620000,0.000000,14.2592
9310,18.622000,0.000000,14.2604
9311,18.624000,0.000000,14.2616
9312,18.626000,0.000000,14.2627
9313,18.628000,0.000000,14.2639
9314,18.630000,0.000000,14.2651
9315,18.632000,0.000000,14.2662
9316,18.634000,0.000000,14.2674
9317,18.636000,0.000000,14.2686
9318,18.638000,0.000000,14.2698
9319,18.640000,0.000000,14.2709
9320,18.642000,0.000000,14.2721
9321,18.644000,0.000000,14.2733
9322,18.646000,0.000000,14.2745
9323,18.648000,0.000000,14.2757
9324,18.650000,0.000000,14.2769
9325,18.652000,0.000000,14.2780
9326,18.654000,0.000000,14.2792
9327,18.656000,0.000000,14.2804
9328,18.658000,0.000000,14.2816
9329,18.660000,0.000000,14.2828
9330,18.662000,0.000000,14.2840
9331,18.664000,0.000000,14.2852
9332,18.666000,0.000000,14.2864
9333,18.668000,0.000000,14.2876
9334,18.670000,0.000000,14.2888
9335,18.672000,0.000000,14.2900
9336,18.674000,0.000000,14.2912
9337,18.676000,0.000000,14.2924
9338,18.678000,0.000000,14.2936
9339,18.680000,0.000000,14.2948
9340,18.682000,0.000000,14.2960
9341,18.684000,0.000000,14.2973
9342,18.686000,0.000000,14.2985
9343,18.688000,0.000000,14.2997
9344,18.690000,0.000000,14.3009
9345,18.692000,0.000000,14.3021
9346,18.694000,0.000000,14.3033
9347,18.696000,0.000000,14.3046
9348,18.698000,0.000000,14.3058
9349,18.700000,0.000000,14.3070
9350,18.702000,0.000000,14.3082
9351,18.704000,0.000000,14.3095
9352,18.706000,0.000000,14.3107
9353,18.708000,0.000000,14.3119
9354,18.710000,0.000000,14.3131
9355,18.712000,0.000000,14.3144
9356,18.714000,0.000000,14.3156
9357,18.716000,0.000000,14.3168
9358,18.718000,0.000000,14.3181
9359,18.720000,0.000000,14.3193
9360,18.722000,0.000000,14.3206
9361,18.724000,0.000000,14.3218
9362,18.726000,0.000000,14.3230
9363,18.728000,0.000000,14.3243
9364,18.730000,0.000000,14.3255
9365,18.732000,0.000000,14.3268
9366,18.734000,0.000000,14.3280
9367,18.736000,0.000000,14.3292
9368,18.738000,0.000000,14.3305
9369,18.740000,0.000000,14.3317
9370,18.742000,0.000000,14.3330
9371,18.744000,0.000000,14.3342
9372,18.746000,0.000000,14.3355
9373,18.748000,0.000000,14.3367
9374,18.750000,0.000000,14.3380
9375,18.752000,0.000000,14.3392
9376,18.754000,0.000000,14.3405
9377,18.756000,0.000000,14.3418
9378,18.758000,0.000000,14.3430
9379,18.760000,0.000000,14.3443
9380,18.762000,0.000000,14.3455
9381,18.764000,0.000000,14.3468
9382,18.766000,0.000000,14.3480
9383,18.768000,0.000000,14.3493
9384,18.770000,0.000000,14.3506
9385,18.772000,0.000000,14.3518
9386,18.774000,0.000000,14.3531
9387,18.776000,0.000000,14.3544
9388,18.778000,0.000000,14.3556
9389,18.780000,0.000000,14.3569
9390,18.782000,0.000000,14.3582
9391,18.784000,0.000000,14.3594
9392,18.786000,0.000000,14.3607
9393,18.788000,0.000000,14.3620
9394,18.790000,0.000000,14.3632
9395,18.792000,0.000000,14.3645
9396,18.794000,0.000000,14.3658
9397,18.796000,0.000000,14.3670
9398,18.798000,0.000000,14.3683
9399,18.800000,0.000000,14.3696
9400,18.802000,0.000000,14.3709
9401,18.804000,0.000000,14.3721
9402,18.806000,0.000000,14.3734
9403,18.808000,0.000000,14.3747
9404,18.810000,0.000000,14.3760
9405,18.812000,0.000000,14.3772
9406,18.814000,0.000000,14.3785
9407,18.816000,0.000000,14.3798
9408,18.818000,0.000000,14.3811
9409,18.820000,0.000000,14.3823
9410,18.822000,0.000000,14.3836
9411,18.824000,0.000000,14.3849
9412,18.826000,0.000000,14.3862
9413,18.828000,0.000000,14.3875
9414,18.830000,0.000000,14.3887
9415,18.832000,0.000000,14.3900
9416,18.834000,0.000000,14.3913
9417,18.836000,0.000000,14.3926
9418,18.838000,0.000000,14.3939
9419,18.840000,0.000000,14.3952
9420,18.842000,0.000000,14.3964
9421,18.844000,0.000000,14.3977
9422,18.846000,0.000000,14.3990
9423,18.848000,0.000000,14.4003
9424,18.850000,0.000000,14.4016
9425,18.852000,0.000000,14.4029
9426,18.854000,0.000000,14.4042
9427,18.856000,0.000000,14.4054
9428,18.858000,0.000000,14.4067
9429,18.860000,0.000000,14.4080
9430,18.862000,0.000000,14.4093
9431,18.864000,0.000000,14.4106
9432,18.866000,0.000000,14.4119
9433,18.868000,0.000000,14.4132
9434,18.870000,0.000000,14.4144
9435,18.872000,0.000000,14.4157
9436,18.874000,0.000000,14.4170
9437,18.876000,0.000000,14.4183
9438,18.878000,0.000000,14.4196
9439,18.880000,0.000000,14.4209
9440,18.882000,0.000000,14.4222
9441,18.884000,0.000000,14.4235
9442,18.886000,0.000000,14.4247
9443,18.888000,0.000000,14.4260
9444,18.890000,0.000000,14.4273
9445,18.892000,0.000000,14.4286
9446,18.894000,0.000000,14.4299
9447,18.896000,0.000000,14.4312
9448,18.898000,0.000000,14.4325
9449,18.900000,0.000000,14.4338
9450,18.902000,0.000000,14.4350
9451,18.904000,0.000000,14.4363
9452,18.906000,0.000000,14.4376
9453,18.908000,0.000000,14.4389
9454,18.910000,0.000000,14.4402
9455,18.912000,0.000000,14.4415
9456,18.914000,0.000000,14.4428
9457,18.916000,0.000000,14.4440
9458,18.918000,0.000000,14.4453
9459,18.920000,0.000000,14.4466
9460,18.922000,0.000000,14.4479
9461,18.924000,0.000000,14.4492
9462,18.926000,0.000000,14.4505
9463,18.928000,0.000000,14.4518
9464,18.930000,0.000000,14.4530
9465,18.932000,0.000000,14.4543
9466,18.934000,0.000000,14.4556
9467,18.936000,0.000000,14.4569
9468,18.938000,0.000000,14.4582
9469,18.940000,0.000000,14.4595
9470,18.942000,0.000000,14.4608
9471,18.944000,0.000000,14.4620
9472,18.946000,0.000000,14.4633
9473,18.948000,0.000000,14.4646
9474,18.950000,0.000000,14.4659
9475,18.952000,0.000000,14.4672
9476,18.954000,0.000000,14.4684
9477,18.956000,0.000000,14.4697
9478,18.958000,0.000000,14.4710
9479,18.960000,0.000000,14.4723
9480,18.962000,0.000000,14.4736
9481,18.964000,0.000000,14.4748
9482,18.966000,0.000000,14.4761
9483,18.968000,0.000000,14.4774
9484,18.970000,0.000000,14.4787
9485,18.972000,0.000000,14.4799
9486,18.974000,0.000000,14.4812
9487,18.976000,0.000000,14.4825
9488,18.978000,0.000000,14.4838
9489,18.980000,0.000000,14.4850
9490,18.982000,0.000000,14.4863
9491,18.984000,0.000000,14.4876
9492,18.986000,0.000000,14.4889
9493,18.988000,0.000000,14.4901
9494,18.990000,0.000000,14.4914
9495,18.992000,0.000000,14.4927
9496,18.994000,0.000000,14.4939
9497,18.996000,0.000000,14.4952
9498,18.998000,0.000000,14.4965
9499,19.000000,0.000000,14.4977
9500,19.002000,0.000000,14.4990
9501,19.004000,0.000000,14.5003
9502,19.006000,0.000000,14.5015
9503,19.008000,0.000000,14.5028
9504,19.010000,0.000000,14.5041
9505,19.012000,0.000000,14.5053
9506,19.014000,0.000000,14.5066
9507,19.016000,0.000000,14.5078
9508,19.018000,0.000000,14.5091
9509,19.020000,0.000000,14.5104
9510,19.022000,0.000000,14.5116
9511,19.024000,0.000000,14.5129
9512,19.026000,0.000000,14.5141
9513,19.028000,0.000000,14.5154
9514,19.030000,0.000000,14.5166
9515,19.032000,0.000000,14.5179
9516,19.034000,0.000000,14.5192
9517,19.036000,0.000000,14.5204
9518,19.038000,0.000000,14.5217
9519,19.040000,0.000000,14.5229
9520,19.042000,0.000000,14.5241
9521,19.044000,0.000000,14.5254
9522,19.046000,0.000000,14.5266
9523,19.048000,0.000000,14.5279
9524,19.050000,0.000000,14.5291
9525,19.052000,0.000000,14.5304
9526,19.054000,0.000000,14.5316
9527,19.056000,0.000000,14.5329
9528,19.058000,0.000000,14.5341
9529,19.060000,0.000000,14.5353
9530,19.062000,0.000000,14.5366
9531,19.064000,0.000000,14.5378
9532,19.066000,0.000000,14.5390
9533,19.068000,0.000000,14.5403
9534,19.070000,0.000000,14.5415
9535,19.072000,0.000000,14.5427
9536,19.074000,0.000000,14.5440
9537,19.076000,0.000000,14.5452
9538,19.078000,0.000000,14.5464
9539,19.080000,0.000000,14.5476
9540,19.082000,0.000000,14.5489
9541,19.084000,0.000000,14.5501
9542,19.086000,0.000000,14.5513
9543,19.088000,0.000000,14.5525
9544,19.090000,0.000000,14.5538
9545,19.092000,0.000000,14.5550
9546,19.094000,0.000000,14.5562
9547,19.096000,0.000000,14.5574
9548,19.098000,0.000000,14.5586
9549,19.100000,0.000000,14.5598
9550,19.102000,0.000000,14.5610
9551,19.104000,0.000000,14.5623
9552,19.106000,0.000000,14.5635
9553,19.108000,0.000000,14.5647
9554,19.110000,0.000000,14.5659
9555,19.112000,0.000000,14.5671
9556,19.114000,0.000000,14.5683
9557,19.116000,0.000000,14.5695
9558,19.118000,0.000000,14.5707
9559,19.120000,0.000000,14.5719
9560,19.122000,0.000000,14.5731
9561,19.124000,0.000000,14.5743
9562,19.126000,0.000000,14.5755
9563,19.128000,0.000000,14.5767
9564,19.130000,0.000000,14.5779
9565,19.132000,0.000000,14.5790
9566,19.134000,0.000000,14.5802
9567,19.136000,0.000000,14.5814
9568,19.138000,0.000000,14.5826
9569,19.140000,0.000000,14.5838
9570,19.142000,0.000000,14.5850
9571,19.144000,0.000000,14.5861
9572,19.146000,0.000000,14.5873
9573,19.148000,0.000000,14.5885
9574,19.150000,0.000000,14.5897
9575,19.152000,0.000000,14.5908
9576,19.154000,0.000000,14.5920
9577,19.156000,0.000000,14.5932
9578,19.158000,0.000000,14.5944
9579,19.160000,0.000000,14.5955
9580,19.162000,0.000000,14.5967
9581,19.164000,0.000000,14.5978
9582,19.166000,0.000000,14.5990
9583,19.168000,0.000000,14.6002
9584,19.170000,0.000000,14.6013
9585,19.172000,0.000000,14.6025
9586,19.174000,0.000000,14.6036
9587,19.176000,0.000000,14.6048
9588,19.178000,0.000000,14.6059
9589,19.180000,0.000000,14.6071
9590,19.182000,0.000000,14.6082
9591,19.184000,0.000000,14.6094
9592,19.186000,0.000000,14.6105
9593,19.188000,0.000000,14.6116
9594,19.190000,0.000000,14.6128
9595,19.192000,0.000000,14.6139
9596,19.194000,0.000000,14.6151
9597,19.196000,0.000000,14.6162
9598,19.198000,0.000000,14.6173
9599,19.200000,0.000000,14.6185
9600,19.202000,0.000000,14.6196
9601,19.204000,0.000000,14.6207
9602,19.206000,0.000000,14.6218
9603,19.208000,0.000000,14.6229
9604,19.210000,0.000000,14.6241
9605,19.212000,0.000000,14.6252
9606,19.214000,0.000000,14.6263
9607,19.216000,0.000000,14.6274
9608,19.218000,0.000000,14.6285
9609,19.220000,0.000000,14.6296
9610,19.222000,0.000000,14.6307
9611,19.224000,0.000000,14.6318
9612,19.226000,0.000000,14.6329
9613,19.228000,0.000000,14.6340
9614,19.230000,0.000000,14.6351
9615,19.232000,0.000000,14.6362
9616,19.234000,0.000000,14.6373
9617,19.236000,0.000000,14.6384
9618,19.238000,0.000000,14.6395
9619,19.240000,0.000000,14.6406
9620,19.242000,0.000000,14.6417
9621,19.244000,0.000000,14.6428
9622,19.246000,0.000000,14.6439
9623,19.248000,0.000000,14.6449
9624,19.250000,0.000000,14.6460
9625,19.252000,0.000000,14.6471
9626,19.254000,0.000000,14.6482
9627,19.256000,0.000000,14.6492
9628,19.258000,0.000000,14.6503
9629,19.260000,0.000000,14.6514
9630,19.262000,0.000000,14.6524
9631,19.264000,0.000000,14.6535
9632,19.266000,0.000000,14.6546
9633,19.268000,0.000000,14.6556
9634,19.270000,0.000000,14.6567
9635,19.272000,0.000000,14.6577
9636,19.274000,0.000000,14.6588
9637,19.276000,0.000000,14.6598
9638,19.278000,0.000000,14.6609
9639,19.280000,0.000000,14.6619
9640,19.282000,0.000000,14.6630
9641,19.284000,0.000000,14.6640
9642,19.286000,0.000000,14.6650
9643,19.288000,0.000000,14.6661
9644,19.290000,0.000000,14.6671
9645,19.292000,0.000000,14.6681
9646,19.294000,0.000000,14.6692
9647,19.296000,0.000000,14.6702
9648,19.298000,0.000000,14.6712
9649,19.300000,0.000000,14.6722
9650,19.302000,0.000000,14.6732
9651,19.304000,0.000000,14.6743
9652,19.306000,0.000000,14.6753
9653,19.308000,0.000000,14.6763
9654,19.310000,0.000000,14.6773
9655,19.312000,0.000000,14.6783
9656,19.314000,0.000000,14.6793
9657,19.316000,0.000000,14.6803
9658,19.318000,0.000000,14.6813
9659,19.320000,0.000000,14.6823
9660,19.322000,0.000000,14.6833
9661,19.324000,0.000000,14.6843
9662,19.326000,0.000000,14.6853
9663,19.328000,0.000000,14.6862
9664,19.330000,0.000000,14.6872
9665,19.332000,0.000000,14.6882
9666,19.334000,0.000000,14.6892
9667,19.336000,0.000000,14.6902
9668,19.338000,0.000000,14.6911
9669,19.340000,0.000000,14.6921
9670,19.342000,0.000000,14.6931
9671,19.344000,0.000000,14.6940
9672,19.346000,0.000000,14.6950
9673,19.348000,0.000000,14.6960
9674,19.350000,0.000000,14.6969
9675,19.352000,0.000000,14.6979
9676,19.354000,0.000000,14.6988
9677,19.356000,0.000000,14.6998
9678,19.358000,0.000000,14.7007
9679,19.360000,0.000000,14.7017
9680,19.362000,0.000000,14.7026
9681,19.364000,0.000000,14.7036
9682,19.366000,0.000000,14.7045
9683,19.368000,0.000000,14.7054
9684,19.370000,0.000000,14.7064
9685,19.372000,0.000000,14.7073
9686,19.374000,0.000000,14.7082
9687,19.376000,0.000000,14.7092
9688,19.378000,0.000000,14.7101
9689,19.380000,0.000000,14.7110
9690,19.382000,0.000000,14.7119
9691,19.384000,0.000000,14.7128
9692,19.386000,0.000000,14.7137
9693,19.388000,0.000000,14.7146
9694,19.390000,0.000000,14.7155
9695,19.392000,0.000000,14.7165
9696,19.394000,0.000000,14.7174
9697,19.396000,0.000000,14.7183
9698,19.398000,0.000000,14.7191
9699,19.400000,0.000000,14.7200
9700,19.402000,0.000000,14.7209
9701,19.404000,0.000000,14.7218
9702,19.406000,0.000000,14.7227
9703,19.408000,0.000000,14.7236
9704,19.410000,0.000000,14.7245
9705,19.412000,0.000000,14.7253
9706,19.414000,0.000000,14.7262
9707,19.416000,0.000000,14.7271
9708,19.418000,0.000000,14.7279
9709,19.420000,0.000000,14.7288
9710,19.422000,0.000000,14.7297
9711,19.424000,0.000000,14.7305
9712,19.426000,0.000000,14.7314
9713,19.428000,0.000000,14.7322
9714,19.430000,0.000000,14.7331
9715,19.432000,0.000000,14.7339
9716,19.434000,0.000000,14.7348
9717,19.436000,0.000000,14.7356
9718,19.438000,0.000000,14.7365
9719,19.440000,0.000000,14.7373
9720,19.442000,0.000000,14.7381
9721,19.444000,0.000000,14.7390
9722,19.446000,0.000000,14.7398
9723,19.448000,0.000000,14.7406
9724,19.450000,0.000000,14.7414
9725,19.452000,0.000000,14.7423
9726,19.454000,0.000000,14.7431
9727,19.456000,0.000000,14.7439
9728,19.458000,0.000000,14.7447
9729,19.460000,0.000000,14.7455
9730,19.462000,0.000000,14.7463
9731,19.464000,0.000000,14.7471
9732,19.466000,0.000000,14.7479
9733,19.468000,0.000000,14.7487
9734,19.470000,0.000000,14.7495
9735,19.472000,0.000000,14.7503
9736,19.474000,0.000000,14.7511
9737,19.476000,0.000000,14.7519
9738,19.478000,0.000000,14.7527
9739,19.480000,0.000000,14.7534
9740,19.482000,0.000000,14.7542
9741,19.484000,0.000000,14.7550
9742,19.486000,0.000000,14.7558
9743,19.488000,0.000000,14.7565
9744,19.490000,0.000000,14.7573
9745,19.492000,0.000000,14.7581
9746,19.494000,0.000000,14.7588
9747,19.496000,0.000000,14.7596
9748,19.498000,0.000000,14.7603
9749,19.500000,0.000000,14.7611
9750,19.502000,0.000000,14.7618
9751,19.504000,0.000000,14.7626
9752,19.506000,0.000000,14.7633
9753,19.508000,0.000000,14.7641
9754,19.510000,0.000000,14.7648
9755,19.512000,0.000000,14.7655
9756,19.514000,0.000000,14.7663
9757,19.516000,0.000000,14.7670
9758,19.518000,0.000000,14.7677
9759,19.520000,0.000000,14.7684
9760,19.522000,0.000000,14.7691
9761,19.524000,0.000000,14.7699
9762,19.526000,0.000000,14.7706
9763,19.528000,0.000000,14.7713
9764,19.530000,0.000000,14.7720
9765,19.532000,0.000000,14.7727
9766,19.534000,0.000000,14.7734
9767,19.536000,0.000000,14.7741
9768,19.538000,0.000000,14.7748
9769,19.540000,0.000000,14.7755
9770,19.542000,0.000000,14.7762
9771,19.544000,0.000000,14.7768
9772,19.546000,0.000000,14.7775
9773,19.548000,0.000000,14.7782
9774,19.550000,0.000000,14.7789
9775,19.552000,0.000000,14.7795
9776,19.554000,0.000000,14.7802
9777,19.556000,0.000000,14.7809
9778,19.558000,0.000000,14.7815
9779,19.560000,0.000000,14.7822
9780,19.562000,0.000000,14.7829
9781,19.564000,0.000000,14.7835
9782,19.566000,0.000000,14.7842
9783,19.568000,0.000000,14.7848
9784,19.570000,0.000000,14.7855
9785,19.572000,0.000000,14.7861
9786,19.574000,0.000000,14.7867
9787,19.576000,0.000000,14.7874
9788,19.578000,0.000000,14.7880
9789,19.580000,0.000000,14.7886
9790,19.582000,0.000000,14.7893
9791,19.584000,0.000000,14.7899
9792,19.586000,0.000000,14.7905
9793,19.588000,0.000000,14.7911
9794,19.590000,0.000000,14.7917
9795,19.592000,0.000000,14.7924
9796,19.594000,0.000000,14.7930
9797,19.596000,0.000000,14.7936
9798,19.598000,0.000000,14.7942
9799,19.600000,0.000000,14.7948
9800,19.602000,0.000000,14.7954
9801,19.604000,0.000000,14.7960
9802,19.606000,0.000000,14.7965
9803,19.608000,0.000000,14.7971
9804,19.610000,0.000000,14.7977
9805,19.612000,0.000000,14.7983
9806,19.614000,0.000000,14.7989
9807,19.616000,0.000000,14.7995
9808,19.618000,0.000000,14.8000
9809,19.620000,0.000000,14.8006
9810,19.622000,0.000000,14.8012
9811,19.624000,0.000000,14.8017
9812,19.626000,0.000000,14.8023
9813,19.628000,0.000000,14.8028
9814,19.630000,0.000000,14.8034
9815,19.632000,0.000000,14.8039
9816,19.634000,0.000000,14.8045
9817,19.636000,0.000000,14.8050
9818,19.638000,0.000000,14.8056
9819,19.640000,0.000000,14.8061
9820,19.642000,0.000000,14.8066
9821,19.644000,0.000000,14.8072
9822,19.646000,0.000000,14.8077
9823,19.648000,0.000000,14.8082
9824,19.650000,0.000000,14.8087
9825,19.652000,0.000000,14.8093
9826,19.654000,0.000000,14.8098
9827,19.656000,0.000000,14.8103
9828,19.658000,0.000000,14.8108
9829,19.660000,0.000000,14.8113
9830,19.662000,0.000000,14.8118
9831,19.664000,0.000000,14.8123
9832,19.666000,0.000000,14.8128
9833,19.668000,0.000000,14.8133
9834,19.670000,0.000000,14.8138
9835,19.672000,0.000000,14.8143
9836,19.674000,0.000000,14.8147
9837,19.676000,0.000000,14.8152
9838,19.678000,0.000000,14.8157
9839,19.680000,0.000000,14.8162
9840,19.682000,0.000000,14.8166
9841,19.684000,0.000000,14.8171
9842,19.686000,0.000000,14.8176
9843,19.688000,0.000000,14.8180
9844,19.690000,0.000000,14.8185
9845,19.692000,0.000000,14.8189
9846,19.694000,0.000000,14.8194
9847,19.696000,0.000000,14.8198
9848,19.698000,0.000000,14.8203
9849,19.700000,0.000000,14.8207
9850,19.702000,0.000000,14.8212
9851,19.704000,0.000000,14.8216
9852,19.706000,0.000000,14.8220
9853,19.708000,0.000000,14.8225
9854,19.710000,0.000000,14.8229
9855,19.712000,0.000000,14.8233
9856,19.714000,0.000000,14.8237
9857,19.716000,0.000000,14.8242
9858,19.718000,0.000000,14.8246
9859,19.720000,0.000000,14.8250
9860,19.722000,0.000000,14.8254
9861,19.724000,0.000000,14.8258
9862,19.726000,0.000000,14.8262
9863,19.728000,0.000000,14.8266
9864,19.730000,0.000000,14.8270
9865,19.732000,0.000000,14.8274
9866,19.734000,0.000000,14.8278
9867,19.736000,0.000000,14.8281
9868,19.738000,0.000000,14.8285
9869,19.740000,0.000000,14.8289
9870,19.742000,0.000000,14.8293
9871,19.744000,0.000000,14.8296
9872,19.746000,0.000000,14.8300
9873,19.748000,0.000000,14.8304
9874,19.750000,0.000000,14.8307
9875,19.752000,0.000000,14.8311
9876,19.754000,0.000000,14.8315
9877,19.756000,0.000000,14.8318
9878,19.758000,0.000000,14.8322
9879,19.760000,0.000000,14.8325
9880,19.762000,0.000000,14.8328
9881,19.764000,0.000000,14.8332
9882,19.766000,0.000000,14.8335
9883,19.768000,0.000000,14.8339
9884,19.770000,0.000000,14.8342
9885,19.772000,0.000000,14.8345
9886,19.774000,0.000000,14.8348
9887,19.776000,0.000000,14.8352
9888,19.778000,0.000000,14.8355
9889,19.780000,0.000000,14.8358
9890,19.782000,0.000000,14.8361
9891,19.784000,0.000000,14.8364
9892,19.786000,0.000000,14.8367
9893,19.788000,0.000000,14.8370
9894,19.790000,0.000000,14.8373
9895,19.792000,0.000000,14.8376
9896,19.794000,0.000000,14.8379
9897,19.796000,0.000000,14.8382
9898,19.798000,0.000000,14.8385
9899,19.800000,0.000000,14.8388
9900,19.802000,0.000000,14.8390
9901,19.804000,0.000000,14.8393
9902,19.806000,0.000000,14.8396
9903,19.808000,0.000000,14.8398
9904,19.810000,0.000000,14.8401
9905,19.812000,0.000000,14.8404
9906,19.814000,0.000000,14.8406
9907,19.816000,0.000000,14.8409
9908,19.818000,0.000000,14.8411
9909,19.820000,0.000000,14.8414
9910,19.822000,0.000000,14.8416
9911,19.824000,0.000000,14.8419
9912,19.826000,0.000000,14.8421
9913,19.828000,0.000000,14.8424
9914,19.830000,0.000000,14.8426
9915,19.832000,0.000000,14.8428
9916,19.834000,0.000000,14.8430
9917,19.836000,0.000000,14.8433
9918,19.838000,0.000000,14.8435
9919,19.840000,0.000000,14.8437
9920,19.842000,0.000000,14.8439
9921,19.844000,0.000000,14.8441
9922,19.846000,0.000000,14.8443
9923,19.848000,0.000000,14.8445
9924,19.850000,0.000000,14.8447
9925,19.852000,0.000000,14.8449
9926,19.854000,0.000000,14.8451
9927,19.856000,0.000000,14.8453
9928,19.858000,0.000000,14.8455
9929,19.860000,0.000000,14.8457
9930,19.862000,0.000000,14.8459
9931,19.864000,0.000000,14.8461
9932,19.866000,0.000000,14.8462
9933,19.868000,0.000000,14.8464
9934,19.870000,0.000000,14.8466
9935,19.872000,0.000000,14.8467
9936,19.874000,0.000000,14.8469
9937,19.876000,0.000000,14.8471
9938,19.878000,0.000000,14.8472
9939,19.880000,0.000000,14.8474
9940,19.882000,0.000000,14.8475
9941,19.884000,0.000000,14.8477
9942,19.886000,0.000000,14.8478
9943,19.888000,0.000000,14.8479
9944,19.890000,0.000000,14.8481
9945,19.892000,0.000000,14.8482
9946,19.894000,0.000000,14.8483
9947,19.896000,0.000000,14.8485
9948,19.898000,0.000000,14.8486
9949,19.900000,0.000000,14.8487
9950,19.902000,0.000000,14.8488
9951,19.904000,0.000000,14.8489
9952,19.906000,0.000000,14.8491
9953,19.908000,0.000000,14.8492
9954,19.910000,0.000000,14.8493
9955,19.912000,0.000000,14.8494
9956,19.914000,0.000000,14.8495
9957,19.916000,0.000000,14.8496
9958,19.918000,0.000000,14.8496
9959,19.920000,0.000000,14.8497
9960,19.922000,0.000000,14.8498
9961,19.924000,0.000000,14.8499
9962,19.926000,0.000000,14.8500
9963,19.928000,0.000000,14.8501
9964,19.930000,0.000000,14.8501
9965,19.932000,0.000000,14.8502
9966,19.934000,0.000000,14.8503
9967,19.936000,0.000000,14.8503
9968,19.938000,0.000000,14.8504
9969,19.940000,0.000000,14.8504
9970,19.942000,0.000000,14.8505
9971,19.944000,0.000000,14.8505
9972,19.946000,0.000000,14.8506
9973,19.948000,0.000000,14.8506
9974,19.950000,0.000000,14.8507
9975,19.952000,0.000000,14.8507
9976,19.954000,0.000000,14.8507
9977,19.956000,0.000000,14.8508
9978,19.958000,0.000000,14.8508
9979,19.960000,0.000000,14.8508
9980,19.962000,0.000000,14.8508
9981,19.964000,0.000000,14.8508
9982,19.966000,0.000000,14.8508
9983,19.968000,0.000000,14.8509
9984,19.970000,0.000000,14.8509
9985,19.972000,0.000000,14.8509
9986,19.974000,0.000000,14.8509
9987,19.976000,0.000000,14.8509
9988,19.978000,0.000000,14.8509
9989,19.980000,0.000000,14.8508
9990,19.982000,0.000000,14.8508
9991,19.984000,0.000000,14.8508
9992,19.986000,0.000000,14.8508
9993,19.988000,0.000000,14.8508
9994,19.990000,0.000000,14.8507
9995,19.992000,0.000000,14.8507
9996,19.994000,0.000000,14.8507
9997,19.996000,0.000000,14.8507
9998,19.998000,0.000000,14.8506
9999,20.000000,0.000000,14.8506
